speaker,sentence,channel,r
fsew0,fsew0_001,TDX,0.9238091188885689
fsew0,fsew0_001,TDY,0.8652088169353774
fsew0,fsew0_001,TBX,0.9353271118857995
fsew0,fsew0_001,TBY,0.8814569497368926
fsew0,fsew0_001,TTX,0.9457789978096872
fsew0,fsew0_001,TTY,0.4525199778278564
fsew0,fsew0_001,LIX,0.5650994354492384
fsew0,fsew0_001,LIY,0.5611224819662073
fsew0,fsew0_001,ULX,0.677479528718475
fsew0,fsew0_001,ULY,0.7457802675348163
fsew0,fsew0_001,LLX,0.31510049774342186
fsew0,fsew0_001,LLY,0.7800030217154967
fsew0,fsew0_002,TDX,0.5389667542376264
fsew0,fsew0_002,TDY,0.9021654117799542
fsew0,fsew0_002,TBX,0.45697397009427165
fsew0,fsew0_002,TBY,0.8889581414045318
fsew0,fsew0_002,TTX,0.6731171725058187
fsew0,fsew0_002,TTY,0.004197246103185938
fsew0,fsew0_002,LIX,0.870835080434493
fsew0,fsew0_002,LIY,0.852284389612089
fsew0,fsew0_002,ULX,0.33933476015058706
fsew0,fsew0_002,ULY,0.6194560004971316
fsew0,fsew0_002,LLX,0.8364207416836477
fsew0,fsew0_002,LLY,0.8720577565390483
fsew0,fsew0_003,TDX,0.8477621996804748
fsew0,fsew0_003,TDY,0.8038172356297817
fsew0,fsew0_003,TBX,0.8871304715052083
fsew0,fsew0_003,TBY,0.9195127904293338
fsew0,fsew0_003,TTX,0.8622675156919835
fsew0,fsew0_003,TTY,0.7275482112853707
fsew0,fsew0_003,LIX,0.12231571501342832
fsew0,fsew0_003,LIY,0.8314411016932001
fsew0,fsew0_003,ULX,0.48703872148700783
fsew0,fsew0_003,ULY,0.8502043834536874
fsew0,fsew0_003,LLX,0.332171171105681
fsew0,fsew0_003,LLY,0.8224349601548705
fsew0,fsew0_004,TDX,0.7157233272207995
fsew0,fsew0_004,TDY,0.9145575274054569
fsew0,fsew0_004,TBX,0.8028812989043449
fsew0,fsew0_004,TBY,0.9203279505780916
fsew0,fsew0_004,TTX,0.631017721614056
fsew0,fsew0_004,TTY,0.824758576603098
fsew0,fsew0_004,LIX,0.15212869031902707
fsew0,fsew0_004,LIY,0.7780202090003128
fsew0,fsew0_004,ULX,0.4682581695157972
fsew0,fsew0_004,ULY,0.8868710788417277
fsew0,fsew0_004,LLX,0.1980885317417374
fsew0,fsew0_004,LLY,0.8156839118830714
fsew0,fsew0_005,TDX,0.20791367017419374
fsew0,fsew0_005,TDY,0.8461202915286806
fsew0,fsew0_005,TBX,0.5612155236360271
fsew0,fsew0_005,TBY,0.6350070653307966
fsew0,fsew0_005,TTX,0.6108281587095509
fsew0,fsew0_005,TTY,0.7058183510744923
fsew0,fsew0_005,LIX,0.47999539418383247
fsew0,fsew0_005,LIY,0.8016280858364998
fsew0,fsew0_005,ULX,0.3894918803822518
fsew0,fsew0_005,ULY,0.843984991954119
fsew0,fsew0_005,LLX,0.17952772536873848
fsew0,fsew0_005,LLY,0.8881030074194426
fsew0,fsew0_006,TDX,0.5518692344088855
fsew0,fsew0_006,TDY,0.5872851639878235
fsew0,fsew0_006,TBX,0.740599036300198
fsew0,fsew0_006,TBY,0.7307367919146914
fsew0,fsew0_006,TTX,0.894737152450752
fsew0,fsew0_006,TTY,0.8005079215618304
fsew0,fsew0_006,LIX,0.6578981506913354
fsew0,fsew0_006,LIY,0.8604748435934718
fsew0,fsew0_006,ULX,0.516245399866095
fsew0,fsew0_006,ULY,0.7623743457330961
fsew0,fsew0_006,LLX,0.5718862631669253
fsew0,fsew0_006,LLY,0.8152100693214095
fsew0,fsew0_007,TDX,0.17560459201114656
fsew0,fsew0_007,TDY,0.8344669315826249
fsew0,fsew0_007,TBX,0.25282236082561993
fsew0,fsew0_007,TBY,0.9035108132332883
fsew0,fsew0_007,TTX,0.4178628071837349
fsew0,fsew0_007,TTY,0.43203211909717176
fsew0,fsew0_007,LIX,0.2595187387888642
fsew0,fsew0_007,LIY,0.8590524601154417
fsew0,fsew0_007,ULX,-0.543837123176634
fsew0,fsew0_007,ULY,-0.5071384298289747
fsew0,fsew0_007,LLX,0.26211938288793063
fsew0,fsew0_007,LLY,0.7885804695560532
fsew0,fsew0_008,TDX,0.9271536559321726
fsew0,fsew0_008,TDY,0.808223651542216
fsew0,fsew0_008,TBX,0.9238630782898557
fsew0,fsew0_008,TBY,0.8820858164931693
fsew0,fsew0_008,TTX,0.9038410490302491
fsew0,fsew0_008,TTY,0.7685801207897849
fsew0,fsew0_008,LIX,0.537611394435702
fsew0,fsew0_008,LIY,0.8771904114849373
fsew0,fsew0_008,ULX,0.5871072784391687
fsew0,fsew0_008,ULY,0.8624044006443187
fsew0,fsew0_008,LLX,0.2315791217721198
fsew0,fsew0_008,LLY,0.8633366567916787
fsew0,fsew0_009,TDX,0.918263584788803
fsew0,fsew0_009,TDY,0.8344771048059848
fsew0,fsew0_009,TBX,0.9076473149863798
fsew0,fsew0_009,TBY,0.9116548760321243
fsew0,fsew0_009,TTX,0.9344650310545672
fsew0,fsew0_009,TTY,0.6765246237955509
fsew0,fsew0_009,LIX,0.43896710015344076
fsew0,fsew0_009,LIY,0.6634526576323425
fsew0,fsew0_009,ULX,0.41137001001977785
fsew0,fsew0_009,ULY,0.8228399750871674
fsew0,fsew0_009,LLX,0.6776385925424155
fsew0,fsew0_009,LLY,0.8368050676731643
fsew0,fsew0_010,TDX,0.7761863465646661
fsew0,fsew0_010,TDY,0.7778940574425186
fsew0,fsew0_010,TBX,0.8325065193845684
fsew0,fsew0_010,TBY,0.8408976502293727
fsew0,fsew0_010,TTX,0.8349294928871613
fsew0,fsew0_010,TTY,0.8224847384980434
fsew0,fsew0_010,LIX,0.6360625325377506
fsew0,fsew0_010,LIY,0.7766264532934312
fsew0,fsew0_010,ULX,0.777351216054402
fsew0,fsew0_010,ULY,0.8731943801865154
fsew0,fsew0_010,LLX,0.42900376203924473
fsew0,fsew0_010,LLY,0.7991146224984983
fsew0,fsew0_011,TDX,0.8028495194900643
fsew0,fsew0_011,TDY,0.8421340028871268
fsew0,fsew0_011,TBX,0.8183462526738255
fsew0,fsew0_011,TBY,0.9188188377510887
fsew0,fsew0_011,TTX,0.9056563391792546
fsew0,fsew0_011,TTY,0.778798957007629
fsew0,fsew0_011,LIX,0.7439605046341184
fsew0,fsew0_011,LIY,0.9164748644451337
fsew0,fsew0_011,ULX,0.7872177425686544
fsew0,fsew0_011,ULY,0.8227350875713112
fsew0,fsew0_011,LLX,0.7671224360060284
fsew0,fsew0_011,LLY,0.9624547556187593
fsew0,fsew0_012,TDX,0.7970269101298934
fsew0,fsew0_012,TDY,0.8958176243254516
fsew0,fsew0_012,TBX,0.8110310048431802
fsew0,fsew0_012,TBY,0.896959398390536
fsew0,fsew0_012,TTX,0.8714671798169533
fsew0,fsew0_012,TTY,0.4075736164656341
fsew0,fsew0_012,LIX,0.17573443047078158
fsew0,fsew0_012,LIY,0.8430770471851826
fsew0,fsew0_012,ULX,0.8338799960119057
fsew0,fsew0_012,ULY,0.9009959894983798
fsew0,fsew0_012,LLX,0.6022547266301707
fsew0,fsew0_012,LLY,0.9125700336850767
fsew0,fsew0_013,TDX,0.8229629380865611
fsew0,fsew0_013,TDY,0.8740716290962598
fsew0,fsew0_013,TBX,0.8655841921821613
fsew0,fsew0_013,TBY,0.9184232761614469
fsew0,fsew0_013,TTX,0.8327976219711433
fsew0,fsew0_013,TTY,0.8081750563291021
fsew0,fsew0_013,LIX,0.7467252392878039
fsew0,fsew0_013,LIY,0.8779059520740465
fsew0,fsew0_013,ULX,0.8115075013267331
fsew0,fsew0_013,ULY,0.8957343793748199
fsew0,fsew0_013,LLX,0.7757107227752439
fsew0,fsew0_013,LLY,0.8223457576455045
fsew0,fsew0_014,TDX,0.8960877600178204
fsew0,fsew0_014,TDY,0.8644614454937275
fsew0,fsew0_014,TBX,0.8927734342822433
fsew0,fsew0_014,TBY,0.883461061387815
fsew0,fsew0_014,TTX,0.8905951418150209
fsew0,fsew0_014,TTY,0.7758637613111379
fsew0,fsew0_014,LIX,0.3434318219551174
fsew0,fsew0_014,LIY,0.7702945287704532
fsew0,fsew0_014,ULX,0.47246846589185976
fsew0,fsew0_014,ULY,0.8055616867854057
fsew0,fsew0_014,LLX,-0.18178151400169243
fsew0,fsew0_014,LLY,0.8878119268289465
fsew0,fsew0_015,TDX,0.7396619162061736
fsew0,fsew0_015,TDY,0.9246809986291828
fsew0,fsew0_015,TBX,0.7925269580386513
fsew0,fsew0_015,TBY,0.9013412481847733
fsew0,fsew0_015,TTX,0.792734516915353
fsew0,fsew0_015,TTY,0.8104361417712287
fsew0,fsew0_015,LIX,0.5329133188252154
fsew0,fsew0_015,LIY,0.861626421704637
fsew0,fsew0_015,ULX,0.4574818213370735
fsew0,fsew0_015,ULY,0.8081323816603496
fsew0,fsew0_015,LLX,0.425403739618328
fsew0,fsew0_015,LLY,0.7345851431275546
fsew0,fsew0_016,TDX,0.8592051708397804
fsew0,fsew0_016,TDY,0.651444714327738
fsew0,fsew0_016,TBX,0.879503048242712
fsew0,fsew0_016,TBY,0.8712770269994392
fsew0,fsew0_016,TTX,0.8831226851000358
fsew0,fsew0_016,TTY,0.8519166669917894
fsew0,fsew0_016,LIX,-0.0881040538520147
fsew0,fsew0_016,LIY,0.6277027482506667
fsew0,fsew0_016,ULX,0.8402379604024309
fsew0,fsew0_016,ULY,0.681409214189593
fsew0,fsew0_016,LLX,0.6135950618577015
fsew0,fsew0_016,LLY,0.8712046515309699
fsew0,fsew0_017,TDX,0.7405670524949971
fsew0,fsew0_017,TDY,0.6195176722845037
fsew0,fsew0_017,TBX,0.7749339246928844
fsew0,fsew0_017,TBY,0.8000223954552383
fsew0,fsew0_017,TTX,0.6646022524469517
fsew0,fsew0_017,TTY,0.6810090664599477
fsew0,fsew0_017,LIX,0.7048257188203594
fsew0,fsew0_017,LIY,0.8454986116125639
fsew0,fsew0_017,ULX,0.18900914143901673
fsew0,fsew0_017,ULY,0.3598902623931653
fsew0,fsew0_017,LLX,0.30252523627341654
fsew0,fsew0_017,LLY,0.8863783914920274
fsew0,fsew0_018,TDX,0.7779514579496497
fsew0,fsew0_018,TDY,0.7684527118603153
fsew0,fsew0_018,TBX,0.7708442265124592
fsew0,fsew0_018,TBY,0.8694338276227529
fsew0,fsew0_018,TTX,0.6369057785066342
fsew0,fsew0_018,TTY,0.5996486537471367
fsew0,fsew0_018,LIX,0.4100620845679896
fsew0,fsew0_018,LIY,0.7138895553749867
fsew0,fsew0_018,ULX,0.6393734270272119
fsew0,fsew0_018,ULY,0.6050187583751608
fsew0,fsew0_018,LLX,0.15906476921893048
fsew0,fsew0_018,LLY,0.9450883279729034
fsew0,fsew0_019,TDX,0.4719529351140329
fsew0,fsew0_019,TDY,0.8346352850241121
fsew0,fsew0_019,TBX,0.5192645604049064
fsew0,fsew0_019,TBY,0.9031488591967686
fsew0,fsew0_019,TTX,0.7146503484638428
fsew0,fsew0_019,TTY,0.6593671127727656
fsew0,fsew0_019,LIX,0.5577273536065623
fsew0,fsew0_019,LIY,0.8044575162505601
fsew0,fsew0_019,ULX,0.559008337927183
fsew0,fsew0_019,ULY,0.6245493061053162
fsew0,fsew0_019,LLX,0.334258648910194
fsew0,fsew0_019,LLY,0.8988989373507285
fsew0,fsew0_020,TDX,0.9117559911368183
fsew0,fsew0_020,TDY,0.8632360472342884
fsew0,fsew0_020,TBX,0.939747972770896
fsew0,fsew0_020,TBY,0.9041332523728965
fsew0,fsew0_020,TTX,0.9205304575700026
fsew0,fsew0_020,TTY,0.8683303316747735
fsew0,fsew0_020,LIX,0.23471173880099697
fsew0,fsew0_020,LIY,0.7521167564856059
fsew0,fsew0_020,ULX,0.6948059618105
fsew0,fsew0_020,ULY,0.8032485432731395
fsew0,fsew0_020,LLX,0.08444273308275065
fsew0,fsew0_020,LLY,0.7531225323779002
fsew0,fsew0_021,TDX,0.8628812504559831
fsew0,fsew0_021,TDY,0.9072844593177268
fsew0,fsew0_021,TBX,0.8889415522890526
fsew0,fsew0_021,TBY,0.8470148775244875
fsew0,fsew0_021,TTX,0.7409688642286874
fsew0,fsew0_021,TTY,0.6017985004139141
fsew0,fsew0_021,LIX,0.27036732459157947
fsew0,fsew0_021,LIY,0.5330173599088757
fsew0,fsew0_021,ULX,0.6999667062651542
fsew0,fsew0_021,ULY,0.24946639842851734
fsew0,fsew0_021,LLX,0.004061499609886916
fsew0,fsew0_021,LLY,0.9008093825274924
fsew0,fsew0_022,TDX,0.8313380826108063
fsew0,fsew0_022,TDY,0.883361077194566
fsew0,fsew0_022,TBX,0.8469800179882583
fsew0,fsew0_022,TBY,0.8994598286197719
fsew0,fsew0_022,TTX,0.8495975091015238
fsew0,fsew0_022,TTY,0.8122232915780453
fsew0,fsew0_022,LIX,0.08770082472020993
fsew0,fsew0_022,LIY,0.7739175743414487
fsew0,fsew0_022,ULX,0.4006125202772075
fsew0,fsew0_022,ULY,0.8063872113840597
fsew0,fsew0_022,LLX,0.3672207683706633
fsew0,fsew0_022,LLY,0.8121298803168473
fsew0,fsew0_023,TDX,0.718337257803633
fsew0,fsew0_023,TDY,0.8945045030309359
fsew0,fsew0_023,TBX,0.7555992512249289
fsew0,fsew0_023,TBY,0.9412538796724824
fsew0,fsew0_023,TTX,0.7269528613854306
fsew0,fsew0_023,TTY,0.8426605791143816
fsew0,fsew0_023,LIX,0.6390839011514379
fsew0,fsew0_023,LIY,0.9170596537239899
fsew0,fsew0_023,ULX,0.7155350859125317
fsew0,fsew0_023,ULY,0.893852483044838
fsew0,fsew0_023,LLX,0.452707387362877
fsew0,fsew0_023,LLY,0.9035272678933547
fsew0,fsew0_024,TDX,0.8515062510583485
fsew0,fsew0_024,TDY,0.9054729652869236
fsew0,fsew0_024,TBX,0.8392790621588044
fsew0,fsew0_024,TBY,0.8996906795640732
fsew0,fsew0_024,TTX,0.8504706308623512
fsew0,fsew0_024,TTY,0.7097917512702828
fsew0,fsew0_024,LIX,0.460527190632792
fsew0,fsew0_024,LIY,0.7571202180052029
fsew0,fsew0_024,ULX,0.7391497673245869
fsew0,fsew0_024,ULY,0.8774489887451045
fsew0,fsew0_024,LLX,0.2741460612573839
fsew0,fsew0_024,LLY,0.806589867872402
fsew0,fsew0_025,TDX,0.508958191873505
fsew0,fsew0_025,TDY,0.4913114051730408
fsew0,fsew0_025,TBX,0.4177732083559765
fsew0,fsew0_025,TBY,0.7346617511086129
fsew0,fsew0_025,TTX,0.4277657341014681
fsew0,fsew0_025,TTY,0.7838448449487644
fsew0,fsew0_025,LIX,0.38984847562432484
fsew0,fsew0_025,LIY,0.9277155879111627
fsew0,fsew0_025,ULX,0.7598138271450219
fsew0,fsew0_025,ULY,0.8524040613378204
fsew0,fsew0_025,LLX,0.5255165403326459
fsew0,fsew0_025,LLY,0.8771183143097231
fsew0,fsew0_026,TDX,0.7667360782675161
fsew0,fsew0_026,TDY,0.8346786545013601
fsew0,fsew0_026,TBX,0.8321274627457793
fsew0,fsew0_026,TBY,0.8212409140380145
fsew0,fsew0_026,TTX,0.9005389438777296
fsew0,fsew0_026,TTY,0.6235183255422663
fsew0,fsew0_026,LIX,0.5827101328157591
fsew0,fsew0_026,LIY,0.8220176788594038
fsew0,fsew0_026,ULX,0.7319476078858655
fsew0,fsew0_026,ULY,0.8056868317719337
fsew0,fsew0_026,LLX,0.4267286319005224
fsew0,fsew0_026,LLY,0.9347821409200607
fsew0,fsew0_027,TDX,0.12836668646441224
fsew0,fsew0_027,TDY,0.9177335574184675
fsew0,fsew0_027,TBX,0.2669702678594125
fsew0,fsew0_027,TBY,0.8788630917034038
fsew0,fsew0_027,TTX,0.5344095406441393
fsew0,fsew0_027,TTY,0.7036603574279894
fsew0,fsew0_027,LIX,0.5440414142337296
fsew0,fsew0_027,LIY,0.914935229293672
fsew0,fsew0_027,ULX,0.7539052553324375
fsew0,fsew0_027,ULY,0.7647761743559616
fsew0,fsew0_027,LLX,0.6438502953072266
fsew0,fsew0_027,LLY,0.8554884340706389
fsew0,fsew0_028,TDX,0.5542165519558764
fsew0,fsew0_028,TDY,0.8323778606055913
fsew0,fsew0_028,TBX,0.7520579974070988
fsew0,fsew0_028,TBY,0.8580546913818379
fsew0,fsew0_028,TTX,0.749112026858191
fsew0,fsew0_028,TTY,0.8616570568197686
fsew0,fsew0_028,LIX,0.5681757085200368
fsew0,fsew0_028,LIY,0.9381704445939212
fsew0,fsew0_028,ULX,0.8242272027053386
fsew0,fsew0_028,ULY,0.5258946370077966
fsew0,fsew0_028,LLX,0.703384234978566
fsew0,fsew0_028,LLY,0.9104438490934832
fsew0,fsew0_029,TDX,0.3444726090591524
fsew0,fsew0_029,TDY,0.9124190136896896
fsew0,fsew0_029,TBX,0.407067611254789
fsew0,fsew0_029,TBY,0.888283021962851
fsew0,fsew0_029,TTX,0.5937525570474785
fsew0,fsew0_029,TTY,0.8322391799666212
fsew0,fsew0_029,LIX,0.5113149003541013
fsew0,fsew0_029,LIY,0.8494574861121793
fsew0,fsew0_029,ULX,0.8419807349588722
fsew0,fsew0_029,ULY,0.7515913709759652
fsew0,fsew0_029,LLX,0.5868663896868046
fsew0,fsew0_029,LLY,0.9016713062000534
fsew0,fsew0_030,TDX,0.5660658108851208
fsew0,fsew0_030,TDY,0.867377820689442
fsew0,fsew0_030,TBX,0.7215108083187984
fsew0,fsew0_030,TBY,0.8434188606901545
fsew0,fsew0_030,TTX,0.8521288343244235
fsew0,fsew0_030,TTY,0.7667936248240419
fsew0,fsew0_030,LIX,0.6336746341873953
fsew0,fsew0_030,LIY,0.907527229113088
fsew0,fsew0_030,ULX,0.7201002265763724
fsew0,fsew0_030,ULY,0.35274442245367027
fsew0,fsew0_030,LLX,0.8844991097207431
fsew0,fsew0_030,LLY,0.9573583795540404
fsew0,fsew0_031,TDX,0.6665103386583502
fsew0,fsew0_031,TDY,0.7884594255172328
fsew0,fsew0_031,TBX,0.7435839878873861
fsew0,fsew0_031,TBY,0.8888752722708042
fsew0,fsew0_031,TTX,0.8361475969011611
fsew0,fsew0_031,TTY,0.8471382571695002
fsew0,fsew0_031,LIX,0.22194460923353515
fsew0,fsew0_031,LIY,0.8729183379572674
fsew0,fsew0_031,ULX,0.43204477746986236
fsew0,fsew0_031,ULY,0.802153747432487
fsew0,fsew0_031,LLX,0.24265307925591953
fsew0,fsew0_031,LLY,0.9262783713425451
fsew0,fsew0_032,TDX,0.6842783174903629
fsew0,fsew0_032,TDY,0.9261495403006673
fsew0,fsew0_032,TBX,0.7042736183166622
fsew0,fsew0_032,TBY,0.9512110848815537
fsew0,fsew0_032,TTX,0.3272979550055928
fsew0,fsew0_032,TTY,0.772442516058041
fsew0,fsew0_032,LIX,0.4079914178522436
fsew0,fsew0_032,LIY,0.7284995902230659
fsew0,fsew0_032,ULX,0.44037992423671596
fsew0,fsew0_032,ULY,0.8558763071570149
fsew0,fsew0_032,LLX,0.01794256953933176
fsew0,fsew0_032,LLY,0.6787658937303668
fsew0,fsew0_033,TDX,0.34175550767513296
fsew0,fsew0_033,TDY,0.9204290884532096
fsew0,fsew0_033,TBX,0.47807850591291634
fsew0,fsew0_033,TBY,0.928641644800957
fsew0,fsew0_033,TTX,0.6873141885753428
fsew0,fsew0_033,TTY,0.7978056611220941
fsew0,fsew0_033,LIX,0.5804796034793103
fsew0,fsew0_033,LIY,0.8711822600382251
fsew0,fsew0_033,ULX,0.09473565568696778
fsew0,fsew0_033,ULY,0.6684580039249525
fsew0,fsew0_033,LLX,0.34063717326952975
fsew0,fsew0_033,LLY,0.8512512972805313
fsew0,fsew0_034,TDX,0.813774794307326
fsew0,fsew0_034,TDY,0.7021225471857604
fsew0,fsew0_034,TBX,0.754693480500205
fsew0,fsew0_034,TBY,0.8192278265116052
fsew0,fsew0_034,TTX,0.8727091355093255
fsew0,fsew0_034,TTY,0.7456406887393809
fsew0,fsew0_034,LIX,0.7397912441244588
fsew0,fsew0_034,LIY,0.8632697659352875
fsew0,fsew0_034,ULX,0.7075602267313256
fsew0,fsew0_034,ULY,0.7388073691756684
fsew0,fsew0_034,LLX,0.6883272750288928
fsew0,fsew0_034,LLY,0.8149549407272384
fsew0,fsew0_035,TDX,0.8355784474221283
fsew0,fsew0_035,TDY,0.7887638196657608
fsew0,fsew0_035,TBX,0.8940233997113254
fsew0,fsew0_035,TBY,0.8776398175587861
fsew0,fsew0_035,TTX,0.9119119544801076
fsew0,fsew0_035,TTY,0.727872530394216
fsew0,fsew0_035,LIX,0.6189318542683591
fsew0,fsew0_035,LIY,0.8801246331902958
fsew0,fsew0_035,ULX,0.8123362245872884
fsew0,fsew0_035,ULY,0.8712569861354709
fsew0,fsew0_035,LLX,0.7293121909299687
fsew0,fsew0_035,LLY,0.7406944374443866
fsew0,fsew0_036,TDX,0.5933484767036423
fsew0,fsew0_036,TDY,0.8204884978252559
fsew0,fsew0_036,TBX,0.7291367666459735
fsew0,fsew0_036,TBY,0.8488949308404024
fsew0,fsew0_036,TTX,0.814640468359497
fsew0,fsew0_036,TTY,0.8177501419780674
fsew0,fsew0_036,LIX,0.204761324860459
fsew0,fsew0_036,LIY,0.8693534381232778
fsew0,fsew0_036,ULX,0.1625480763073875
fsew0,fsew0_036,ULY,0.6207413536318317
fsew0,fsew0_036,LLX,0.2674241209002326
fsew0,fsew0_036,LLY,0.8747326240029978
fsew0,fsew0_037,TDX,0.3167359067027437
fsew0,fsew0_037,TDY,0.8894784715209788
fsew0,fsew0_037,TBX,0.4202298127835543
fsew0,fsew0_037,TBY,0.9036658155647191
fsew0,fsew0_037,TTX,0.6989589757847198
fsew0,fsew0_037,TTY,0.7458155467022223
fsew0,fsew0_037,LIX,0.2384925336638288
fsew0,fsew0_037,LIY,0.8693008355084775
fsew0,fsew0_037,ULX,0.6343482953782694
fsew0,fsew0_037,ULY,0.901023462939318
fsew0,fsew0_037,LLX,0.02534459688091569
fsew0,fsew0_037,LLY,0.7479038322035336
fsew0,fsew0_038,TDX,0.6875103565492104
fsew0,fsew0_038,TDY,0.8630931666186246
fsew0,fsew0_038,TBX,0.6352152035950345
fsew0,fsew0_038,TBY,0.8971332054009366
fsew0,fsew0_038,TTX,0.7577516106409636
fsew0,fsew0_038,TTY,0.7576315368895689
fsew0,fsew0_038,LIX,0.3825300693428187
fsew0,fsew0_038,LIY,0.8537806869302675
fsew0,fsew0_038,ULX,0.6820943657581752
fsew0,fsew0_038,ULY,0.8965373509864454
fsew0,fsew0_038,LLX,0.4732378522065683
fsew0,fsew0_038,LLY,0.831983200049483
fsew0,fsew0_039,TDX,0.512966347559877
fsew0,fsew0_039,TDY,0.9167450727178492
fsew0,fsew0_039,TBX,0.5820448359890106
fsew0,fsew0_039,TBY,0.9128022997946235
fsew0,fsew0_039,TTX,0.8205226307691745
fsew0,fsew0_039,TTY,0.8094922161669966
fsew0,fsew0_039,LIX,0.397807269156051
fsew0,fsew0_039,LIY,0.8945150331347494
fsew0,fsew0_039,ULX,0.6731889453477287
fsew0,fsew0_039,ULY,0.659566505203829
fsew0,fsew0_039,LLX,0.21338352624247306
fsew0,fsew0_039,LLY,0.8938245511035242
fsew0,fsew0_040,TDX,0.7383203457646851
fsew0,fsew0_040,TDY,0.8159024380970754
fsew0,fsew0_040,TBX,0.8014662544033805
fsew0,fsew0_040,TBY,0.8316403446107918
fsew0,fsew0_040,TTX,0.8296563909391655
fsew0,fsew0_040,TTY,0.7661501699988882
fsew0,fsew0_040,LIX,0.40643067484368955
fsew0,fsew0_040,LIY,0.8930353024158958
fsew0,fsew0_040,ULX,0.4870986839510232
fsew0,fsew0_040,ULY,0.7232950249568069
fsew0,fsew0_040,LLX,0.5229438092650238
fsew0,fsew0_040,LLY,0.8324678835916243
fsew0,fsew0_041,TDX,0.5642288024521674
fsew0,fsew0_041,TDY,0.8638954243335933
fsew0,fsew0_041,TBX,0.7484206809478346
fsew0,fsew0_041,TBY,0.7594973288913776
fsew0,fsew0_041,TTX,0.8063149018101251
fsew0,fsew0_041,TTY,0.7615498423681472
fsew0,fsew0_041,LIX,0.5048605238578489
fsew0,fsew0_041,LIY,0.9002026349650853
fsew0,fsew0_041,ULX,0.6666055457681407
fsew0,fsew0_041,ULY,0.8575340162297101
fsew0,fsew0_041,LLX,0.6666837538401024
fsew0,fsew0_041,LLY,0.8054440485258986
fsew0,fsew0_042,TDX,0.19011439218008597
fsew0,fsew0_042,TDY,0.877063028606534
fsew0,fsew0_042,TBX,0.5147533092929432
fsew0,fsew0_042,TBY,0.9096324665064879
fsew0,fsew0_042,TTX,0.7284944111274435
fsew0,fsew0_042,TTY,0.7137369898103165
fsew0,fsew0_042,LIX,0.5471833922702736
fsew0,fsew0_042,LIY,0.8520240614415033
fsew0,fsew0_042,ULX,0.7949906807182838
fsew0,fsew0_042,ULY,0.8625248475500115
fsew0,fsew0_042,LLX,0.556326037056886
fsew0,fsew0_042,LLY,0.8708246007905026
fsew0,fsew0_043,TDX,0.6626622567092396
fsew0,fsew0_043,TDY,0.8062269663296628
fsew0,fsew0_043,TBX,0.729995765864427
fsew0,fsew0_043,TBY,0.9220007339953491
fsew0,fsew0_043,TTX,0.7341534480359972
fsew0,fsew0_043,TTY,0.8284484688446087
fsew0,fsew0_043,LIX,0.21305349226277887
fsew0,fsew0_043,LIY,0.7478445691355037
fsew0,fsew0_043,ULX,0.24884602399843636
fsew0,fsew0_043,ULY,0.7760864533830097
fsew0,fsew0_043,LLX,-0.01849344487881804
fsew0,fsew0_043,LLY,0.809878326264787
fsew0,fsew0_044,TDX,0.7905705943519242
fsew0,fsew0_044,TDY,0.8935422739422926
fsew0,fsew0_044,TBX,0.8527130335253426
fsew0,fsew0_044,TBY,0.8896513725267672
fsew0,fsew0_044,TTX,0.7985967835464277
fsew0,fsew0_044,TTY,0.7222213411648547
fsew0,fsew0_044,LIX,0.2789509105810758
fsew0,fsew0_044,LIY,0.8229844434635459
fsew0,fsew0_044,ULX,0.591923449958271
fsew0,fsew0_044,ULY,0.8846469871811603
fsew0,fsew0_044,LLX,0.6747155862287197
fsew0,fsew0_044,LLY,0.8556879792920355
fsew0,fsew0_045,TDX,0.5627309814709441
fsew0,fsew0_045,TDY,0.8029419677427561
fsew0,fsew0_045,TBX,0.7042154532587332
fsew0,fsew0_045,TBY,0.8525827547134621
fsew0,fsew0_045,TTX,0.8289396892934611
fsew0,fsew0_045,TTY,0.7423465404825333
fsew0,fsew0_045,LIX,0.729148075069587
fsew0,fsew0_045,LIY,0.9403826693803832
fsew0,fsew0_045,ULX,0.3470921860085361
fsew0,fsew0_045,ULY,0.35241481051906304
fsew0,fsew0_045,LLX,0.4650866954198012
fsew0,fsew0_045,LLY,0.8856483990057797
fsew0,fsew0_046,TDX,0.7815456533899644
fsew0,fsew0_046,TDY,0.8826533686562849
fsew0,fsew0_046,TBX,0.8131670286740079
fsew0,fsew0_046,TBY,0.849019265195742
fsew0,fsew0_046,TTX,0.8289461131681165
fsew0,fsew0_046,TTY,0.9257165973369696
fsew0,fsew0_046,LIX,0.30018589936127826
fsew0,fsew0_046,LIY,0.870900276608734
fsew0,fsew0_046,ULX,0.8082952452694329
fsew0,fsew0_046,ULY,0.8260433417927348
fsew0,fsew0_046,LLX,0.7657046364684351
fsew0,fsew0_046,LLY,0.8996625182697817
fsew0,fsew0_047,TDX,0.5989214746047432
fsew0,fsew0_047,TDY,0.8679813731324753
fsew0,fsew0_047,TBX,0.6433220825020064
fsew0,fsew0_047,TBY,0.855701996044498
fsew0,fsew0_047,TTX,0.7137775253571623
fsew0,fsew0_047,TTY,0.7684887738524504
fsew0,fsew0_047,LIX,0.47825309545052586
fsew0,fsew0_047,LIY,0.9071852702774028
fsew0,fsew0_047,ULX,0.7461565351108389
fsew0,fsew0_047,ULY,0.6766928709522926
fsew0,fsew0_047,LLX,0.7304046898774766
fsew0,fsew0_047,LLY,0.8639008984452786
fsew0,fsew0_048,TDX,0.5030546834868449
fsew0,fsew0_048,TDY,0.9380477284203508
fsew0,fsew0_048,TBX,0.7012431185521258
fsew0,fsew0_048,TBY,0.911680108474776
fsew0,fsew0_048,TTX,0.7313989410046512
fsew0,fsew0_048,TTY,0.7610114726474004
fsew0,fsew0_048,LIX,0.5430935314908388
fsew0,fsew0_048,LIY,0.8486360413534563
fsew0,fsew0_048,ULX,0.653282811375922
fsew0,fsew0_048,ULY,0.8346138422866641
fsew0,fsew0_048,LLX,0.470784180300661
fsew0,fsew0_048,LLY,0.9080437916126979
fsew0,fsew0_049,TDX,0.8614249689547102
fsew0,fsew0_049,TDY,0.8457911835662074
fsew0,fsew0_049,TBX,0.8784388244041874
fsew0,fsew0_049,TBY,0.7576384271213035
fsew0,fsew0_049,TTX,0.8319602325822181
fsew0,fsew0_049,TTY,0.7247165649721311
fsew0,fsew0_049,LIX,0.5583796137897491
fsew0,fsew0_049,LIY,0.8433599027419407
fsew0,fsew0_049,ULX,0.48535581499663
fsew0,fsew0_049,ULY,0.7443860342476899
fsew0,fsew0_049,LLX,0.4490423520997929
fsew0,fsew0_049,LLY,0.8947251832988369
fsew0,fsew0_050,TDX,0.6327980120570218
fsew0,fsew0_050,TDY,0.857059479041801
fsew0,fsew0_050,TBX,0.6854258561231569
fsew0,fsew0_050,TBY,0.8701578142507861
fsew0,fsew0_050,TTX,0.7208519760394106
fsew0,fsew0_050,TTY,0.8642668413717886
fsew0,fsew0_050,LIX,0.15704616979051905
fsew0,fsew0_050,LIY,0.8727460617720494
fsew0,fsew0_050,ULX,0.7115164293692501
fsew0,fsew0_050,ULY,0.8723466372217218
fsew0,fsew0_050,LLX,0.4510698498162229
fsew0,fsew0_050,LLY,0.8583621180009348
fsew0,fsew0_051,TDX,0.7862375903365116
fsew0,fsew0_051,TDY,0.8822550034543728
fsew0,fsew0_051,TBX,0.7717479100731036
fsew0,fsew0_051,TBY,0.8615138264708612
fsew0,fsew0_051,TTX,0.7664964087661383
fsew0,fsew0_051,TTY,0.922366291441678
fsew0,fsew0_051,LIX,0.5788614785240463
fsew0,fsew0_051,LIY,0.8856540160717601
fsew0,fsew0_051,ULX,0.6387329980527662
fsew0,fsew0_051,ULY,0.9240654221704061
fsew0,fsew0_051,LLX,0.794104198104024
fsew0,fsew0_051,LLY,0.9337642783714067
fsew0,fsew0_052,TDX,0.3842941318625988
fsew0,fsew0_052,TDY,0.9064293884283656
fsew0,fsew0_052,TBX,0.6242486605632397
fsew0,fsew0_052,TBY,0.8896848846169952
fsew0,fsew0_052,TTX,0.7174637098952034
fsew0,fsew0_052,TTY,0.8044436637802306
fsew0,fsew0_052,LIX,0.6842719588752968
fsew0,fsew0_052,LIY,0.8291423245901719
fsew0,fsew0_052,ULX,0.5764640492308589
fsew0,fsew0_052,ULY,0.6197356466631829
fsew0,fsew0_052,LLX,0.6577628373646025
fsew0,fsew0_052,LLY,0.915097941514942
fsew0,fsew0_053,TDX,0.8244818904671241
fsew0,fsew0_053,TDY,0.8627690532286156
fsew0,fsew0_053,TBX,0.8370085921136231
fsew0,fsew0_053,TBY,0.8445013633816507
fsew0,fsew0_053,TTX,0.8746003943831893
fsew0,fsew0_053,TTY,0.7107516532474765
fsew0,fsew0_053,LIX,0.4554721358706078
fsew0,fsew0_053,LIY,0.8582686669880336
fsew0,fsew0_053,ULX,0.2874782258986291
fsew0,fsew0_053,ULY,0.8297546605596133
fsew0,fsew0_053,LLX,0.225268008359978
fsew0,fsew0_053,LLY,0.8660447590050092
fsew0,fsew0_054,TDX,0.6789542896756621
fsew0,fsew0_054,TDY,0.8305677486162254
fsew0,fsew0_054,TBX,0.79199314957821
fsew0,fsew0_054,TBY,0.8098151455185064
fsew0,fsew0_054,TTX,0.7733020845034843
fsew0,fsew0_054,TTY,0.6636241610425322
fsew0,fsew0_054,LIX,0.6080770159042673
fsew0,fsew0_054,LIY,0.8140654651671125
fsew0,fsew0_054,ULX,0.5567350550796596
fsew0,fsew0_054,ULY,0.8109502725708496
fsew0,fsew0_054,LLX,0.43356351257978293
fsew0,fsew0_054,LLY,0.8290785787392349
fsew0,fsew0_055,TDX,0.43048877732825425
fsew0,fsew0_055,TDY,0.8283560923569577
fsew0,fsew0_055,TBX,0.48701305699747494
fsew0,fsew0_055,TBY,0.8306094015932473
fsew0,fsew0_055,TTX,0.6833103108864976
fsew0,fsew0_055,TTY,0.7231365556964774
fsew0,fsew0_055,LIX,0.5826635659803686
fsew0,fsew0_055,LIY,0.9355915756451384
fsew0,fsew0_055,ULX,0.6286921470074947
fsew0,fsew0_055,ULY,0.9108392888334791
fsew0,fsew0_055,LLX,0.6402371718740939
fsew0,fsew0_055,LLY,0.916325323191957
fsew0,fsew0_056,TDX,0.5571710418411258
fsew0,fsew0_056,TDY,0.8961827970738155
fsew0,fsew0_056,TBX,0.6530628611716164
fsew0,fsew0_056,TBY,0.8781772330893022
fsew0,fsew0_056,TTX,0.6732240413658894
fsew0,fsew0_056,TTY,0.8570494456953504
fsew0,fsew0_056,LIX,0.5024038162532886
fsew0,fsew0_056,LIY,0.8805469534024042
fsew0,fsew0_056,ULX,0.5928372521259075
fsew0,fsew0_056,ULY,0.6207259461686478
fsew0,fsew0_056,LLX,0.7979845733654802
fsew0,fsew0_056,LLY,0.8384897447243245
fsew0,fsew0_057,TDX,0.8333951859271211
fsew0,fsew0_057,TDY,0.8976305429871834
fsew0,fsew0_057,TBX,0.8779321668235343
fsew0,fsew0_057,TBY,0.8082307710263109
fsew0,fsew0_057,TTX,0.8828868220306763
fsew0,fsew0_057,TTY,0.7184433996765272
fsew0,fsew0_057,LIX,0.4115133136135512
fsew0,fsew0_057,LIY,0.8493154008240874
fsew0,fsew0_057,ULX,0.6686572220949056
fsew0,fsew0_057,ULY,0.8870273412399374
fsew0,fsew0_057,LLX,0.10310521646962953
fsew0,fsew0_057,LLY,0.8244053567258088
fsew0,fsew0_058,TDX,0.6309414397449045
fsew0,fsew0_058,TDY,0.9248764119527371
fsew0,fsew0_058,TBX,0.7440776476338423
fsew0,fsew0_058,TBY,0.9073537551898354
fsew0,fsew0_058,TTX,0.9019879351320903
fsew0,fsew0_058,TTY,0.6813960218511215
fsew0,fsew0_058,LIX,0.21880512625083962
fsew0,fsew0_058,LIY,0.7973347750931481
fsew0,fsew0_058,ULX,0.5930681680289602
fsew0,fsew0_058,ULY,0.7864390324072855
fsew0,fsew0_058,LLX,0.34123281230036906
fsew0,fsew0_058,LLY,0.8314325960931597
fsew0,fsew0_059,TDX,0.531757041430442
fsew0,fsew0_059,TDY,0.8750562961520011
fsew0,fsew0_059,TBX,0.7096924227993083
fsew0,fsew0_059,TBY,0.818210328861842
fsew0,fsew0_059,TTX,0.6600045112862669
fsew0,fsew0_059,TTY,0.8049777711570364
fsew0,fsew0_059,LIX,0.5935752644154325
fsew0,fsew0_059,LIY,0.8305955930239008
fsew0,fsew0_059,ULX,0.2957234025510921
fsew0,fsew0_059,ULY,0.4280375352691016
fsew0,fsew0_059,LLX,0.5534420515657165
fsew0,fsew0_059,LLY,0.9048674446670952
fsew0,fsew0_060,TDX,0.5939349198486911
fsew0,fsew0_060,TDY,0.781394485043563
fsew0,fsew0_060,TBX,0.7145088766989096
fsew0,fsew0_060,TBY,0.7698839137330081
fsew0,fsew0_060,TTX,0.729503664985826
fsew0,fsew0_060,TTY,0.7899770084464579
fsew0,fsew0_060,LIX,0.1695643521714255
fsew0,fsew0_060,LIY,0.8564252130827565
fsew0,fsew0_060,ULX,0.590342286716292
fsew0,fsew0_060,ULY,0.859820852816438
fsew0,fsew0_060,LLX,0.5122619304496742
fsew0,fsew0_060,LLY,0.9037266394055705
fsew0,fsew0_061,TDX,0.6017137038977273
fsew0,fsew0_061,TDY,0.8895157770709498
fsew0,fsew0_061,TBX,0.673318214305279
fsew0,fsew0_061,TBY,0.8490040483397345
fsew0,fsew0_061,TTX,0.7969138147664238
fsew0,fsew0_061,TTY,0.8239848139094984
fsew0,fsew0_061,LIX,0.5987876769970878
fsew0,fsew0_061,LIY,0.8111354780558583
fsew0,fsew0_061,ULX,0.7385328543049308
fsew0,fsew0_061,ULY,0.3564287873720463
fsew0,fsew0_061,LLX,0.6615150578329178
fsew0,fsew0_061,LLY,0.9053271270778828
fsew0,fsew0_062,TDX,0.5315799560465609
fsew0,fsew0_062,TDY,0.7908611032743341
fsew0,fsew0_062,TBX,0.6819858066985548
fsew0,fsew0_062,TBY,0.878871562427726
fsew0,fsew0_062,TTX,0.839276031582989
fsew0,fsew0_062,TTY,0.7827848286125738
fsew0,fsew0_062,LIX,0.06493305170417261
fsew0,fsew0_062,LIY,0.8311976383516476
fsew0,fsew0_062,ULX,0.7243369452199827
fsew0,fsew0_062,ULY,0.7973175948277648
fsew0,fsew0_062,LLX,0.554280155426065
fsew0,fsew0_062,LLY,0.8809104303937102
fsew0,fsew0_063,TDX,0.5896214138852781
fsew0,fsew0_063,TDY,0.7732762206213849
fsew0,fsew0_063,TBX,0.6832626153677714
fsew0,fsew0_063,TBY,0.835845670256953
fsew0,fsew0_063,TTX,0.7794144411280305
fsew0,fsew0_063,TTY,0.5043013721845863
fsew0,fsew0_063,LIX,0.23823838695605346
fsew0,fsew0_063,LIY,0.6914836704112296
fsew0,fsew0_063,ULX,0.696447888715651
fsew0,fsew0_063,ULY,0.6181192611293895
fsew0,fsew0_063,LLX,0.2992083350219254
fsew0,fsew0_063,LLY,0.8088842665912128
fsew0,fsew0_064,TDX,0.796912218706227
fsew0,fsew0_064,TDY,0.8263867479105179
fsew0,fsew0_064,TBX,0.8119415223580941
fsew0,fsew0_064,TBY,0.7773963728533745
fsew0,fsew0_064,TTX,0.8719766127636438
fsew0,fsew0_064,TTY,0.8487235729634162
fsew0,fsew0_064,LIX,0.24102930770306888
fsew0,fsew0_064,LIY,0.8064842306789457
fsew0,fsew0_064,ULX,0.6099924956159875
fsew0,fsew0_064,ULY,0.5842945905148285
fsew0,fsew0_064,LLX,0.551846920806185
fsew0,fsew0_064,LLY,0.6616530608573294
fsew0,fsew0_065,TDX,0.7505139045065908
fsew0,fsew0_065,TDY,0.7201671353525225
fsew0,fsew0_065,TBX,0.7815565858297994
fsew0,fsew0_065,TBY,0.9158070026702289
fsew0,fsew0_065,TTX,0.7646946368912043
fsew0,fsew0_065,TTY,0.8817923699900906
fsew0,fsew0_065,LIX,0.7648966467369727
fsew0,fsew0_065,LIY,0.9408840791464275
fsew0,fsew0_065,ULX,0.4096585667903115
fsew0,fsew0_065,ULY,0.5720625613501866
fsew0,fsew0_065,LLX,0.5266893847501448
fsew0,fsew0_065,LLY,0.8758663361629343
fsew0,fsew0_066,TDX,0.6670001044601119
fsew0,fsew0_066,TDY,0.9345915923166879
fsew0,fsew0_066,TBX,0.7615506734679506
fsew0,fsew0_066,TBY,0.8857710613954564
fsew0,fsew0_066,TTX,0.8875616749032011
fsew0,fsew0_066,TTY,0.8081611720052568
fsew0,fsew0_066,LIX,0.5315384576758034
fsew0,fsew0_066,LIY,0.8617250560328829
fsew0,fsew0_066,ULX,0.568959910322594
fsew0,fsew0_066,ULY,0.7705871674398945
fsew0,fsew0_066,LLX,0.3962945421023271
fsew0,fsew0_066,LLY,0.8597981221744582
fsew0,fsew0_067,TDX,0.7670545157793743
fsew0,fsew0_067,TDY,0.8990699969345299
fsew0,fsew0_067,TBX,0.8281319865661548
fsew0,fsew0_067,TBY,0.904805205019278
fsew0,fsew0_067,TTX,0.9146868865270275
fsew0,fsew0_067,TTY,0.7823229348229556
fsew0,fsew0_067,LIX,0.09376619809077262
fsew0,fsew0_067,LIY,0.8783407698002871
fsew0,fsew0_067,ULX,0.7748575802918376
fsew0,fsew0_067,ULY,0.6258837632016689
fsew0,fsew0_067,LLX,0.27080619941915474
fsew0,fsew0_067,LLY,0.8177016232775441
fsew0,fsew0_068,TDX,0.8144961801411171
fsew0,fsew0_068,TDY,0.8536796440924
fsew0,fsew0_068,TBX,0.8066468300514059
fsew0,fsew0_068,TBY,0.8736258977294432
fsew0,fsew0_068,TTX,0.8341027497957028
fsew0,fsew0_068,TTY,0.7370821904909555
fsew0,fsew0_068,LIX,0.7063858191451249
fsew0,fsew0_068,LIY,0.7006780948606867
fsew0,fsew0_068,ULX,0.8518694607265872
fsew0,fsew0_068,ULY,0.7577041395551962
fsew0,fsew0_068,LLX,0.6774862859304455
fsew0,fsew0_068,LLY,0.7379069728847852
fsew0,fsew0_069,TDX,0.8690083945058833
fsew0,fsew0_069,TDY,0.8133396708573031
fsew0,fsew0_069,TBX,0.882353600089524
fsew0,fsew0_069,TBY,0.8183185746005536
fsew0,fsew0_069,TTX,0.9142400665207057
fsew0,fsew0_069,TTY,0.804124277872695
fsew0,fsew0_069,LIX,0.3834536594148339
fsew0,fsew0_069,LIY,0.8452496720563482
fsew0,fsew0_069,ULX,0.6923040505283053
fsew0,fsew0_069,ULY,0.6803907195188789
fsew0,fsew0_069,LLX,0.4320403888577589
fsew0,fsew0_069,LLY,0.8955018447257747
fsew0,fsew0_070,TDX,0.29089573759238235
fsew0,fsew0_070,TDY,0.8998724599340089
fsew0,fsew0_070,TBX,0.4881628073863622
fsew0,fsew0_070,TBY,0.9325017155997126
fsew0,fsew0_070,TTX,0.5080284947752035
fsew0,fsew0_070,TTY,0.7222248123702555
fsew0,fsew0_070,LIX,0.17579130911671087
fsew0,fsew0_070,LIY,0.7453594994192244
fsew0,fsew0_070,ULX,0.813428989311057
fsew0,fsew0_070,ULY,0.7841485299141228
fsew0,fsew0_070,LLX,0.4862951401123556
fsew0,fsew0_070,LLY,0.7315687449769045
fsew0,fsew0_071,TDX,0.7401257099623114
fsew0,fsew0_071,TDY,0.7771515128048944
fsew0,fsew0_071,TBX,0.7751207943833088
fsew0,fsew0_071,TBY,0.8726897918037663
fsew0,fsew0_071,TTX,0.8103008950756617
fsew0,fsew0_071,TTY,0.8784693161173658
fsew0,fsew0_071,LIX,0.18994594308786977
fsew0,fsew0_071,LIY,0.9070252652416069
fsew0,fsew0_071,ULX,0.750205796832467
fsew0,fsew0_071,ULY,0.872238725599276
fsew0,fsew0_071,LLX,0.49792363711482124
fsew0,fsew0_071,LLY,0.8864532263980953
fsew0,fsew0_072,TDX,0.4347096191143495
fsew0,fsew0_072,TDY,0.9339482275338089
fsew0,fsew0_072,TBX,0.7183391323329446
fsew0,fsew0_072,TBY,0.8595604568936085
fsew0,fsew0_072,TTX,0.8651497965377912
fsew0,fsew0_072,TTY,0.7426616396411788
fsew0,fsew0_072,LIX,-0.12620183538693203
fsew0,fsew0_072,LIY,0.9320548597834593
fsew0,fsew0_072,ULX,0.8334818533585775
fsew0,fsew0_072,ULY,0.6878626648492538
fsew0,fsew0_072,LLX,0.7865274627762449
fsew0,fsew0_072,LLY,0.8778964427872664
fsew0,fsew0_073,TDX,0.5450613387897568
fsew0,fsew0_073,TDY,0.8705352176808415
fsew0,fsew0_073,TBX,0.6182359308484632
fsew0,fsew0_073,TBY,0.8019371154105154
fsew0,fsew0_073,TTX,0.6825087782496262
fsew0,fsew0_073,TTY,0.4700003028283266
fsew0,fsew0_073,LIX,0.4727810992607337
fsew0,fsew0_073,LIY,0.9169384968333312
fsew0,fsew0_073,ULX,0.5494382210060372
fsew0,fsew0_073,ULY,0.7744884398529029
fsew0,fsew0_073,LLX,0.6542063590521293
fsew0,fsew0_073,LLY,0.8961859910042768
fsew0,fsew0_074,TDX,0.3240586342871266
fsew0,fsew0_074,TDY,0.8731419946137712
fsew0,fsew0_074,TBX,0.501650463669584
fsew0,fsew0_074,TBY,0.9120465305970215
fsew0,fsew0_074,TTX,0.5355068979750518
fsew0,fsew0_074,TTY,0.8303535046174809
fsew0,fsew0_074,LIX,0.722479093507028
fsew0,fsew0_074,LIY,0.8665416082016493
fsew0,fsew0_074,ULX,0.5236840121128349
fsew0,fsew0_074,ULY,0.7454864732474614
fsew0,fsew0_074,LLX,0.6335304787332383
fsew0,fsew0_074,LLY,0.8992835546323801
fsew0,fsew0_075,TDX,0.7113591858084595
fsew0,fsew0_075,TDY,0.9245656968424772
fsew0,fsew0_075,TBX,0.7674795040966401
fsew0,fsew0_075,TBY,0.8680485700786683
fsew0,fsew0_075,TTX,0.8622206240888263
fsew0,fsew0_075,TTY,0.6896558264972019
fsew0,fsew0_075,LIX,0.6657078498035038
fsew0,fsew0_075,LIY,0.7015707995895455
fsew0,fsew0_075,ULX,0.38522206524216646
fsew0,fsew0_075,ULY,0.7292754367717224
fsew0,fsew0_075,LLX,0.6005611755281887
fsew0,fsew0_075,LLY,0.9055671509304365
fsew0,fsew0_076,TDX,0.657906794514369
fsew0,fsew0_076,TDY,0.8463283632730657
fsew0,fsew0_076,TBX,0.7323525265325578
fsew0,fsew0_076,TBY,0.9152562092394171
fsew0,fsew0_076,TTX,0.6667660460238405
fsew0,fsew0_076,TTY,0.8821283402322533
fsew0,fsew0_076,LIX,0.7080855814927018
fsew0,fsew0_076,LIY,0.8662097529481976
fsew0,fsew0_076,ULX,0.707904748393312
fsew0,fsew0_076,ULY,0.658412070988878
fsew0,fsew0_076,LLX,0.5586523880987653
fsew0,fsew0_076,LLY,0.874875815090026
fsew0,fsew0_077,TDX,0.5535528863982229
fsew0,fsew0_077,TDY,0.8322268154580753
fsew0,fsew0_077,TBX,0.5694160910002417
fsew0,fsew0_077,TBY,0.8189958013720959
fsew0,fsew0_077,TTX,0.6785985960678558
fsew0,fsew0_077,TTY,0.8827238631029615
fsew0,fsew0_077,LIX,0.4060222991123812
fsew0,fsew0_077,LIY,0.8973988046370666
fsew0,fsew0_077,ULX,0.5539232137973005
fsew0,fsew0_077,ULY,0.7379066677825356
fsew0,fsew0_077,LLX,0.6220994691159548
fsew0,fsew0_077,LLY,0.9021469577296807
fsew0,fsew0_078,TDX,0.6695883174561525
fsew0,fsew0_078,TDY,0.8772546627554368
fsew0,fsew0_078,TBX,0.8189352325017684
fsew0,fsew0_078,TBY,0.8781175041454108
fsew0,fsew0_078,TTX,0.9184894916070485
fsew0,fsew0_078,TTY,0.7582797267892654
fsew0,fsew0_078,LIX,0.6095292735769156
fsew0,fsew0_078,LIY,0.8450012041688377
fsew0,fsew0_078,ULX,0.6240375692009168
fsew0,fsew0_078,ULY,0.5035887187777958
fsew0,fsew0_078,LLX,0.7547303523135326
fsew0,fsew0_078,LLY,0.8462756073955606
fsew0,fsew0_079,TDX,0.799127656060989
fsew0,fsew0_079,TDY,0.8336572697265588
fsew0,fsew0_079,TBX,0.8881818507739527
fsew0,fsew0_079,TBY,0.8565132018830945
fsew0,fsew0_079,TTX,0.9353415444940766
fsew0,fsew0_079,TTY,0.5431889622792967
fsew0,fsew0_079,LIX,0.25121540740594095
fsew0,fsew0_079,LIY,0.8715051250744498
fsew0,fsew0_079,ULX,0.5313656821926205
fsew0,fsew0_079,ULY,0.8623574759314255
fsew0,fsew0_079,LLX,0.5025299579670905
fsew0,fsew0_079,LLY,0.8891836377032375
fsew0,fsew0_080,TDX,0.4990341470724668
fsew0,fsew0_080,TDY,0.8021345673608383
fsew0,fsew0_080,TBX,0.5873379680016325
fsew0,fsew0_080,TBY,0.8457825471789642
fsew0,fsew0_080,TTX,0.6829973083332437
fsew0,fsew0_080,TTY,0.8298571608609067
fsew0,fsew0_080,LIX,0.7438749164814191
fsew0,fsew0_080,LIY,0.8438430450475352
fsew0,fsew0_080,ULX,0.755390281175318
fsew0,fsew0_080,ULY,0.9001744712323074
fsew0,fsew0_080,LLX,0.7857870772437446
fsew0,fsew0_080,LLY,0.9144643593615497
fsew0,fsew0_081,TDX,0.7746430134899119
fsew0,fsew0_081,TDY,0.8445665425472542
fsew0,fsew0_081,TBX,0.7688868790028448
fsew0,fsew0_081,TBY,0.7859242988599309
fsew0,fsew0_081,TTX,0.8135040978056891
fsew0,fsew0_081,TTY,0.5569735821406038
fsew0,fsew0_081,LIX,0.2840444491100197
fsew0,fsew0_081,LIY,0.7992121928213535
fsew0,fsew0_081,ULX,0.5153308150524334
fsew0,fsew0_081,ULY,0.7675309714284954
fsew0,fsew0_081,LLX,0.3236951549602843
fsew0,fsew0_081,LLY,0.8210452531670217
fsew0,fsew0_082,TDX,0.7250418586031201
fsew0,fsew0_082,TDY,0.8641998976841493
fsew0,fsew0_082,TBX,0.7708396476727846
fsew0,fsew0_082,TBY,0.8237032035328467
fsew0,fsew0_082,TTX,0.8505644431880303
fsew0,fsew0_082,TTY,0.7917709771368019
fsew0,fsew0_082,LIX,0.019269063174105164
fsew0,fsew0_082,LIY,0.8299470197589159
fsew0,fsew0_082,ULX,0.6950707121929917
fsew0,fsew0_082,ULY,0.7805987767332924
fsew0,fsew0_082,LLX,0.29044857059017715
fsew0,fsew0_082,LLY,0.8511350148779329
fsew0,fsew0_083,TDX,0.6916178918577871
fsew0,fsew0_083,TDY,0.9164672017901916
fsew0,fsew0_083,TBX,0.6987610501977818
fsew0,fsew0_083,TBY,0.9366995597079103
fsew0,fsew0_083,TTX,0.8303014741450667
fsew0,fsew0_083,TTY,0.7656275939084295
fsew0,fsew0_083,LIX,0.5326110941104756
fsew0,fsew0_083,LIY,0.7667969436261842
fsew0,fsew0_083,ULX,0.6781381636844968
fsew0,fsew0_083,ULY,0.7366933443792332
fsew0,fsew0_083,LLX,0.7061362233921428
fsew0,fsew0_083,LLY,0.8395599257281209
fsew0,fsew0_084,TDX,0.6881684501948097
fsew0,fsew0_084,TDY,0.8971886705419353
fsew0,fsew0_084,TBX,0.6839150237951716
fsew0,fsew0_084,TBY,0.9262282382732637
fsew0,fsew0_084,TTX,0.8223598146123848
fsew0,fsew0_084,TTY,0.7558090689978173
fsew0,fsew0_084,LIX,0.6774619964620956
fsew0,fsew0_084,LIY,0.8496704434008014
fsew0,fsew0_084,ULX,0.5316221978889886
fsew0,fsew0_084,ULY,0.7411923921891366
fsew0,fsew0_084,LLX,0.6560009449991049
fsew0,fsew0_084,LLY,0.7413898598846504
fsew0,fsew0_085,TDX,0.5879648239560555
fsew0,fsew0_085,TDY,0.9332796568348498
fsew0,fsew0_085,TBX,0.7094599900902441
fsew0,fsew0_085,TBY,0.9574474508219089
fsew0,fsew0_085,TTX,0.568808243826965
fsew0,fsew0_085,TTY,0.7063682048983257
fsew0,fsew0_085,LIX,0.7367933225195263
fsew0,fsew0_085,LIY,0.8941605438591078
fsew0,fsew0_085,ULX,0.6838385924851031
fsew0,fsew0_085,ULY,0.91822360498141
fsew0,fsew0_085,LLX,0.44509212287748706
fsew0,fsew0_085,LLY,0.9015916929638164
fsew0,fsew0_086,TDX,0.44149397488495845
fsew0,fsew0_086,TDY,0.7594715548483488
fsew0,fsew0_086,TBX,0.4473299935708928
fsew0,fsew0_086,TBY,0.8542108193527351
fsew0,fsew0_086,TTX,0.6487788032526123
fsew0,fsew0_086,TTY,0.7952308746766337
fsew0,fsew0_086,LIX,0.6197654963656919
fsew0,fsew0_086,LIY,0.8483757000068064
fsew0,fsew0_086,ULX,0.7532001062290872
fsew0,fsew0_086,ULY,0.5962840797835021
fsew0,fsew0_086,LLX,0.8867375719783595
fsew0,fsew0_086,LLY,0.8154934377664927
fsew0,fsew0_087,TDX,0.7017009212334909
fsew0,fsew0_087,TDY,0.8128542478603558
fsew0,fsew0_087,TBX,0.8084972015207729
fsew0,fsew0_087,TBY,0.9446953564261483
fsew0,fsew0_087,TTX,0.9130236603164856
fsew0,fsew0_087,TTY,0.8046743252602938
fsew0,fsew0_087,LIX,0.3055135512902021
fsew0,fsew0_087,LIY,0.9387093633140576
fsew0,fsew0_087,ULX,0.6440686342781932
fsew0,fsew0_087,ULY,0.8229008700126687
fsew0,fsew0_087,LLX,0.3968937088798027
fsew0,fsew0_087,LLY,0.8402260888713872
fsew0,fsew0_088,TDX,0.5784778682941693
fsew0,fsew0_088,TDY,0.8772413293857609
fsew0,fsew0_088,TBX,0.7061775743336991
fsew0,fsew0_088,TBY,0.9087140934922202
fsew0,fsew0_088,TTX,0.7391634184742716
fsew0,fsew0_088,TTY,0.6046868166965534
fsew0,fsew0_088,LIX,0.5616901091609502
fsew0,fsew0_088,LIY,0.9033112260108626
fsew0,fsew0_088,ULX,0.6002041205411135
fsew0,fsew0_088,ULY,0.7023386939594556
fsew0,fsew0_088,LLX,0.6748372763997286
fsew0,fsew0_088,LLY,0.9176351279034686
fsew0,fsew0_089,TDX,0.8223911871156754
fsew0,fsew0_089,TDY,0.7957940914831303
fsew0,fsew0_089,TBX,0.8446875296046715
fsew0,fsew0_089,TBY,0.838209497195269
fsew0,fsew0_089,TTX,0.8546013645480808
fsew0,fsew0_089,TTY,0.7935369128240075
fsew0,fsew0_089,LIX,0.6536499275119528
fsew0,fsew0_089,LIY,0.8823272647195924
fsew0,fsew0_089,ULX,0.6018689859299987
fsew0,fsew0_089,ULY,0.42082150368918575
fsew0,fsew0_089,LLX,0.5627579986266371
fsew0,fsew0_089,LLY,0.8934449009681492
fsew0,fsew0_090,TDX,0.6315710611668303
fsew0,fsew0_090,TDY,0.8708416607154235
fsew0,fsew0_090,TBX,0.7251456621033414
fsew0,fsew0_090,TBY,0.9000532323205953
fsew0,fsew0_090,TTX,0.7893566289670967
fsew0,fsew0_090,TTY,0.7075246594703691
fsew0,fsew0_090,LIX,0.26870271114170696
fsew0,fsew0_090,LIY,0.796340852217167
fsew0,fsew0_090,ULX,0.5661370782791137
fsew0,fsew0_090,ULY,0.6470643313826968
fsew0,fsew0_090,LLX,0.3417111546868709
fsew0,fsew0_090,LLY,0.8823161625802584
fsew0,fsew0_091,TDX,0.7700101100570234
fsew0,fsew0_091,TDY,0.9175648740788283
fsew0,fsew0_091,TBX,0.8155113691526162
fsew0,fsew0_091,TBY,0.9155088164009016
fsew0,fsew0_091,TTX,0.866468178494673
fsew0,fsew0_091,TTY,0.7007857587733319
fsew0,fsew0_091,LIX,0.4381866731602759
fsew0,fsew0_091,LIY,0.769249434308167
fsew0,fsew0_091,ULX,0.5580302096095126
fsew0,fsew0_091,ULY,0.8709720008152836
fsew0,fsew0_091,LLX,0.4276860185931968
fsew0,fsew0_091,LLY,0.8519333830540277
fsew0,fsew0_092,TDX,0.6615607575900855
fsew0,fsew0_092,TDY,0.7489634243100879
fsew0,fsew0_092,TBX,0.6427059795671807
fsew0,fsew0_092,TBY,0.8544791491013112
fsew0,fsew0_092,TTX,0.7197402904502015
fsew0,fsew0_092,TTY,0.8387964609755743
fsew0,fsew0_092,LIX,0.7621493540563673
fsew0,fsew0_092,LIY,0.8722628661404035
fsew0,fsew0_092,ULX,0.5261235971153568
fsew0,fsew0_092,ULY,0.34498169688344593
fsew0,fsew0_092,LLX,0.5105200826219929
fsew0,fsew0_092,LLY,0.8293213838973619
fsew0,fsew0_093,TDX,0.7056727449931247
fsew0,fsew0_093,TDY,0.8565359354196718
fsew0,fsew0_093,TBX,0.7701252900235767
fsew0,fsew0_093,TBY,0.9351876242886703
fsew0,fsew0_093,TTX,0.7027911334304774
fsew0,fsew0_093,TTY,0.9395643344317308
fsew0,fsew0_093,LIX,0.6263962319936002
fsew0,fsew0_093,LIY,0.7572140906686077
fsew0,fsew0_093,ULX,0.2689918975931015
fsew0,fsew0_093,ULY,0.732994332832294
fsew0,fsew0_093,LLX,0.30119170766717107
fsew0,fsew0_093,LLY,0.8012592886990443
fsew0,fsew0_094,TDX,0.5935196088086716
fsew0,fsew0_094,TDY,0.9027277573431477
fsew0,fsew0_094,TBX,0.64203350930144
fsew0,fsew0_094,TBY,0.8762178719227348
fsew0,fsew0_094,TTX,0.8443707266607641
fsew0,fsew0_094,TTY,0.7530178631116806
fsew0,fsew0_094,LIX,0.4912665621836793
fsew0,fsew0_094,LIY,0.9122339574616217
fsew0,fsew0_094,ULX,0.7539675155005394
fsew0,fsew0_094,ULY,0.5675518397039387
fsew0,fsew0_094,LLX,0.70158319249537
fsew0,fsew0_094,LLY,0.8705756318430806
fsew0,fsew0_095,TDX,0.5497218771471887
fsew0,fsew0_095,TDY,0.8470895121373457
fsew0,fsew0_095,TBX,0.6792396852598702
fsew0,fsew0_095,TBY,0.8646677358102268
fsew0,fsew0_095,TTX,0.8156717440742901
fsew0,fsew0_095,TTY,0.8236312186934169
fsew0,fsew0_095,LIX,0.6488099901731408
fsew0,fsew0_095,LIY,0.8892896530983795
fsew0,fsew0_095,ULX,0.7869906942547777
fsew0,fsew0_095,ULY,0.8336872200029798
fsew0,fsew0_095,LLX,0.7711966949983847
fsew0,fsew0_095,LLY,0.862585055336513
fsew0,fsew0_096,TDX,0.7052614464884114
fsew0,fsew0_096,TDY,0.9137506208904272
fsew0,fsew0_096,TBX,0.8240889549502166
fsew0,fsew0_096,TBY,0.9146344476522926
fsew0,fsew0_096,TTX,0.7886884934188859
fsew0,fsew0_096,TTY,0.8345974451315149
fsew0,fsew0_096,LIX,0.06488847495619017
fsew0,fsew0_096,LIY,0.9063785396749744
fsew0,fsew0_096,ULX,0.7069918898660744
fsew0,fsew0_096,ULY,0.7875987861273998
fsew0,fsew0_096,LLX,0.4399672437102167
fsew0,fsew0_096,LLY,0.8451051804924415
fsew0,fsew0_097,TDX,0.5236412806523391
fsew0,fsew0_097,TDY,0.8908715945483295
fsew0,fsew0_097,TBX,0.750553285483308
fsew0,fsew0_097,TBY,0.880514041377444
fsew0,fsew0_097,TTX,0.815124896499133
fsew0,fsew0_097,TTY,0.7870210222273886
fsew0,fsew0_097,LIX,0.3456742756795088
fsew0,fsew0_097,LIY,0.6579696669082639
fsew0,fsew0_097,ULX,0.41990734578570404
fsew0,fsew0_097,ULY,0.35532501881307144
fsew0,fsew0_097,LLX,0.11465718875285781
fsew0,fsew0_097,LLY,0.8698782855768714
fsew0,fsew0_098,TDX,0.4485972875981524
fsew0,fsew0_098,TDY,0.9054753055571476
fsew0,fsew0_098,TBX,0.5331467508087245
fsew0,fsew0_098,TBY,0.8638814825734265
fsew0,fsew0_098,TTX,0.8026082684089216
fsew0,fsew0_098,TTY,0.8509792533933221
fsew0,fsew0_098,LIX,0.5842414727084304
fsew0,fsew0_098,LIY,0.7366437252274478
fsew0,fsew0_098,ULX,0.790711379616944
fsew0,fsew0_098,ULY,0.7510206565463035
fsew0,fsew0_098,LLX,0.4966337471158282
fsew0,fsew0_098,LLY,0.7951325438342612
fsew0,fsew0_099,TDX,0.3311615793166507
fsew0,fsew0_099,TDY,0.8419669655760692
fsew0,fsew0_099,TBX,0.609946488355624
fsew0,fsew0_099,TBY,0.813513835688285
fsew0,fsew0_099,TTX,0.7657453449688768
fsew0,fsew0_099,TTY,0.8134016476894234
fsew0,fsew0_099,LIX,0.13663656185295295
fsew0,fsew0_099,LIY,0.7884550771325806
fsew0,fsew0_099,ULX,0.4562962675930373
fsew0,fsew0_099,ULY,0.2790227554062639
fsew0,fsew0_099,LLX,0.20901839950947648
fsew0,fsew0_099,LLY,0.8165303064235536
fsew0,fsew0_100,TDX,0.5745950374120843
fsew0,fsew0_100,TDY,0.8917177393121871
fsew0,fsew0_100,TBX,0.6624908645822072
fsew0,fsew0_100,TBY,0.9052700171564538
fsew0,fsew0_100,TTX,0.8220912613991347
fsew0,fsew0_100,TTY,0.6501415046679699
fsew0,fsew0_100,LIX,0.5070281693702112
fsew0,fsew0_100,LIY,0.9179430481512968
fsew0,fsew0_100,ULX,0.6514691349160447
fsew0,fsew0_100,ULY,0.8220598556817764
fsew0,fsew0_100,LLX,0.2093839462108002
fsew0,fsew0_100,LLY,0.8436628852535456
fsew0,fsew0_101,TDX,0.6914477965343236
fsew0,fsew0_101,TDY,0.8936348892856538
fsew0,fsew0_101,TBX,0.6488382721279649
fsew0,fsew0_101,TBY,0.832393895945709
fsew0,fsew0_101,TTX,0.7690915536360585
fsew0,fsew0_101,TTY,0.5806315335222011
fsew0,fsew0_101,LIX,0.44188722331309527
fsew0,fsew0_101,LIY,0.8409820331911115
fsew0,fsew0_101,ULX,0.5918560509740137
fsew0,fsew0_101,ULY,0.651550846872493
fsew0,fsew0_101,LLX,0.44046252174042216
fsew0,fsew0_101,LLY,0.9247624762397434
fsew0,fsew0_102,TDX,0.7389980176111032
fsew0,fsew0_102,TDY,0.8400793554059004
fsew0,fsew0_102,TBX,0.769260825209621
fsew0,fsew0_102,TBY,0.8287227692219259
fsew0,fsew0_102,TTX,0.7801408291349964
fsew0,fsew0_102,TTY,0.7909330660055154
fsew0,fsew0_102,LIX,0.5134406119611822
fsew0,fsew0_102,LIY,0.7581425921037065
fsew0,fsew0_102,ULX,0.7627113177155496
fsew0,fsew0_102,ULY,0.6348462544746255
fsew0,fsew0_102,LLX,0.5874804269276946
fsew0,fsew0_102,LLY,0.8355003391802235
fsew0,fsew0_103,TDX,0.6950030373191294
fsew0,fsew0_103,TDY,0.8574671182504754
fsew0,fsew0_103,TBX,0.7514720815484993
fsew0,fsew0_103,TBY,0.8909858815692575
fsew0,fsew0_103,TTX,0.7793228716483375
fsew0,fsew0_103,TTY,0.8175117177342774
fsew0,fsew0_103,LIX,0.6007827893786067
fsew0,fsew0_103,LIY,0.8442172229741309
fsew0,fsew0_103,ULX,0.6557082184881182
fsew0,fsew0_103,ULY,0.7685691376963758
fsew0,fsew0_103,LLX,0.5128637063161059
fsew0,fsew0_103,LLY,0.8512700854618759
fsew0,fsew0_104,TDX,0.5095543463071742
fsew0,fsew0_104,TDY,0.8507395186504303
fsew0,fsew0_104,TBX,0.45693377391655515
fsew0,fsew0_104,TBY,0.7892709477795075
fsew0,fsew0_104,TTX,0.6764008791978182
fsew0,fsew0_104,TTY,0.7819029366372099
fsew0,fsew0_104,LIX,0.1844943940263737
fsew0,fsew0_104,LIY,0.8492817215330375
fsew0,fsew0_104,ULX,0.06546610270536006
fsew0,fsew0_104,ULY,0.7505777195766395
fsew0,fsew0_104,LLX,0.30963734431476925
fsew0,fsew0_104,LLY,0.7910274248036939
fsew0,fsew0_105,TDX,0.6932772540850645
fsew0,fsew0_105,TDY,0.8932826741367377
fsew0,fsew0_105,TBX,0.7796742790271551
fsew0,fsew0_105,TBY,0.9159731249322678
fsew0,fsew0_105,TTX,0.8103329118739951
fsew0,fsew0_105,TTY,0.8842651050038308
fsew0,fsew0_105,LIX,0.5761570976716983
fsew0,fsew0_105,LIY,0.8535343155483639
fsew0,fsew0_105,ULX,0.6374096492620824
fsew0,fsew0_105,ULY,0.7315738858726196
fsew0,fsew0_105,LLX,0.616496035556437
fsew0,fsew0_105,LLY,0.9194316620851061
fsew0,fsew0_106,TDX,0.7953798702073509
fsew0,fsew0_106,TDY,0.8818781060597161
fsew0,fsew0_106,TBX,0.7763158667666492
fsew0,fsew0_106,TBY,0.8563096120615705
fsew0,fsew0_106,TTX,0.9149992459549051
fsew0,fsew0_106,TTY,0.7435370848052206
fsew0,fsew0_106,LIX,0.46445141851075805
fsew0,fsew0_106,LIY,0.8157651585129065
fsew0,fsew0_106,ULX,0.36242559801679375
fsew0,fsew0_106,ULY,0.8335410123729752
fsew0,fsew0_106,LLX,0.32533713270164705
fsew0,fsew0_106,LLY,0.8972968820703517
fsew0,fsew0_107,TDX,0.5467682695928324
fsew0,fsew0_107,TDY,0.8635756729889641
fsew0,fsew0_107,TBX,0.7322190912772667
fsew0,fsew0_107,TBY,0.9103537315990312
fsew0,fsew0_107,TTX,0.6746830885345221
fsew0,fsew0_107,TTY,0.6654770094100321
fsew0,fsew0_107,LIX,0.3682365304979211
fsew0,fsew0_107,LIY,0.6527093383833902
fsew0,fsew0_107,ULX,0.4839941478810026
fsew0,fsew0_107,ULY,0.8003425460837983
fsew0,fsew0_107,LLX,0.07707691414084708
fsew0,fsew0_107,LLY,0.7677785493787443
fsew0,fsew0_108,TDX,0.8388616872073621
fsew0,fsew0_108,TDY,0.7624594152866927
fsew0,fsew0_108,TBX,0.8139800853909684
fsew0,fsew0_108,TBY,0.9325892499459649
fsew0,fsew0_108,TTX,0.8211013634034229
fsew0,fsew0_108,TTY,0.8621205472353113
fsew0,fsew0_108,LIX,0.5623032484198568
fsew0,fsew0_108,LIY,0.8449198795691538
fsew0,fsew0_108,ULX,0.5023712643605257
fsew0,fsew0_108,ULY,0.7864296261535935
fsew0,fsew0_108,LLX,0.32547141758708475
fsew0,fsew0_108,LLY,0.8852853847746698
fsew0,fsew0_109,TDX,0.17075473696909732
fsew0,fsew0_109,TDY,0.8173771311878409
fsew0,fsew0_109,TBX,0.4832959941888842
fsew0,fsew0_109,TBY,0.8432339587838796
fsew0,fsew0_109,TTX,0.7139427210392298
fsew0,fsew0_109,TTY,0.7491659459948724
fsew0,fsew0_109,LIX,0.007480117524221841
fsew0,fsew0_109,LIY,0.8711649848371621
fsew0,fsew0_109,ULX,0.6532481905969983
fsew0,fsew0_109,ULY,0.8782709714983722
fsew0,fsew0_109,LLX,-0.06418523128838631
fsew0,fsew0_109,LLY,0.8428860424321581
fsew0,fsew0_110,TDX,0.5948986671117651
fsew0,fsew0_110,TDY,0.876461353167482
fsew0,fsew0_110,TBX,0.6751762529673151
fsew0,fsew0_110,TBY,0.8862145284995652
fsew0,fsew0_110,TTX,0.771992744234545
fsew0,fsew0_110,TTY,0.7840926095371699
fsew0,fsew0_110,LIX,0.3863984688148845
fsew0,fsew0_110,LIY,0.9034803467780111
fsew0,fsew0_110,ULX,0.8442003401809905
fsew0,fsew0_110,ULY,0.7961089191065899
fsew0,fsew0_110,LLX,0.5397299160668818
fsew0,fsew0_110,LLY,0.8611763669256672
fsew0,fsew0_111,TDX,0.4995518707472332
fsew0,fsew0_111,TDY,0.8376858170290554
fsew0,fsew0_111,TBX,0.6016675907245241
fsew0,fsew0_111,TBY,0.8822925173444278
fsew0,fsew0_111,TTX,0.7299552173484801
fsew0,fsew0_111,TTY,0.6474696758718197
fsew0,fsew0_111,LIX,0.5845761745332352
fsew0,fsew0_111,LIY,0.890178242140303
fsew0,fsew0_111,ULX,0.5310058950039261
fsew0,fsew0_111,ULY,0.6635688342831672
fsew0,fsew0_111,LLX,0.607757031725034
fsew0,fsew0_111,LLY,0.8955650957327912
fsew0,fsew0_112,TDX,0.6581599475853546
fsew0,fsew0_112,TDY,0.7883920963732601
fsew0,fsew0_112,TBX,0.7517987542228725
fsew0,fsew0_112,TBY,0.8432788598061468
fsew0,fsew0_112,TTX,0.7533612235756798
fsew0,fsew0_112,TTY,0.6960328357458151
fsew0,fsew0_112,LIX,0.4750465680485948
fsew0,fsew0_112,LIY,0.7517029318801844
fsew0,fsew0_112,ULX,0.5902547961035363
fsew0,fsew0_112,ULY,0.8862891217543738
fsew0,fsew0_112,LLX,0.6295681506378488
fsew0,fsew0_112,LLY,0.7943086083592865
fsew0,fsew0_113,TDX,0.7324914273896204
fsew0,fsew0_113,TDY,0.8289338003745998
fsew0,fsew0_113,TBX,0.7973424887551839
fsew0,fsew0_113,TBY,0.9023628296219828
fsew0,fsew0_113,TTX,0.7104360874878677
fsew0,fsew0_113,TTY,0.8896125628799726
fsew0,fsew0_113,LIX,0.7974593154742451
fsew0,fsew0_113,LIY,0.9230325347318384
fsew0,fsew0_113,ULX,0.5753963119678518
fsew0,fsew0_113,ULY,0.7761801515512781
fsew0,fsew0_113,LLX,0.46561786587353604
fsew0,fsew0_113,LLY,0.7669446130907005
fsew0,fsew0_114,TDX,0.8069532514559522
fsew0,fsew0_114,TDY,0.7666801692573444
fsew0,fsew0_114,TBX,0.8502900366106754
fsew0,fsew0_114,TBY,0.853989652273059
fsew0,fsew0_114,TTX,0.8006564930575785
fsew0,fsew0_114,TTY,0.7291128735284312
fsew0,fsew0_114,LIX,0.3421141558043904
fsew0,fsew0_114,LIY,0.6556373121117774
fsew0,fsew0_114,ULX,0.3450811886447259
fsew0,fsew0_114,ULY,0.727914799537426
fsew0,fsew0_114,LLX,0.3817610948077405
fsew0,fsew0_114,LLY,0.8356136934835808
fsew0,fsew0_115,TDX,0.0627514112357676
fsew0,fsew0_115,TDY,0.9316758400943479
fsew0,fsew0_115,TBX,0.3311437644664775
fsew0,fsew0_115,TBY,0.9560931289671085
fsew0,fsew0_115,TTX,0.23737746792062236
fsew0,fsew0_115,TTY,0.8461185331966933
fsew0,fsew0_115,LIX,0.6725654392429266
fsew0,fsew0_115,LIY,0.9145025151537398
fsew0,fsew0_115,ULX,0.6494388227631226
fsew0,fsew0_115,ULY,0.8448723059370564
fsew0,fsew0_115,LLX,0.6953299399008124
fsew0,fsew0_115,LLY,0.9467248737183818
fsew0,fsew0_116,TDX,0.6097110834214693
fsew0,fsew0_116,TDY,0.8221717864519852
fsew0,fsew0_116,TBX,0.6868702706770586
fsew0,fsew0_116,TBY,0.9021874064147556
fsew0,fsew0_116,TTX,0.7235408213940606
fsew0,fsew0_116,TTY,0.8420625103864452
fsew0,fsew0_116,LIX,0.452626959224214
fsew0,fsew0_116,LIY,0.7801632529426891
fsew0,fsew0_116,ULX,0.6780449803821512
fsew0,fsew0_116,ULY,0.5585476724277156
fsew0,fsew0_116,LLX,0.2435140620757276
fsew0,fsew0_116,LLY,0.8349187196861835
fsew0,fsew0_117,TDX,0.539028931743649
fsew0,fsew0_117,TDY,0.8208491756735486
fsew0,fsew0_117,TBX,0.63016100309776
fsew0,fsew0_117,TBY,0.6953074307321453
fsew0,fsew0_117,TTX,0.7223855549750658
fsew0,fsew0_117,TTY,0.6096307779454518
fsew0,fsew0_117,LIX,0.7499582365540554
fsew0,fsew0_117,LIY,0.8355001949517622
fsew0,fsew0_117,ULX,0.5628566387342364
fsew0,fsew0_117,ULY,0.6948021278440466
fsew0,fsew0_117,LLX,0.7764295903476226
fsew0,fsew0_117,LLY,0.884622981639073
fsew0,fsew0_118,TDX,0.42946154940880654
fsew0,fsew0_118,TDY,0.8872125109966607
fsew0,fsew0_118,TBX,0.5534603794586747
fsew0,fsew0_118,TBY,0.9383176057151303
fsew0,fsew0_118,TTX,0.6706457487234592
fsew0,fsew0_118,TTY,0.7565524651906499
fsew0,fsew0_118,LIX,0.6577442496833515
fsew0,fsew0_118,LIY,0.7637239622594797
fsew0,fsew0_118,ULX,0.6257666640762433
fsew0,fsew0_118,ULY,0.20287451004346732
fsew0,fsew0_118,LLX,0.765783996425502
fsew0,fsew0_118,LLY,0.867968215608142
fsew0,fsew0_119,TDX,0.619969058042848
fsew0,fsew0_119,TDY,0.8911987157878806
fsew0,fsew0_119,TBX,0.6063848392972833
fsew0,fsew0_119,TBY,0.8923372717007871
fsew0,fsew0_119,TTX,0.5938393575360009
fsew0,fsew0_119,TTY,0.8011884196624263
fsew0,fsew0_119,LIX,0.33046814901047045
fsew0,fsew0_119,LIY,0.8402393579940124
fsew0,fsew0_119,ULX,0.7228613413682276
fsew0,fsew0_119,ULY,0.838316531941538
fsew0,fsew0_119,LLX,0.49999070923146144
fsew0,fsew0_119,LLY,0.9029414650145157
fsew0,fsew0_120,TDX,0.7458838206245291
fsew0,fsew0_120,TDY,0.8630846192617233
fsew0,fsew0_120,TBX,0.7950662130876337
fsew0,fsew0_120,TBY,0.8887773322889801
fsew0,fsew0_120,TTX,0.77981391426634
fsew0,fsew0_120,TTY,0.820766364299595
fsew0,fsew0_120,LIX,0.3670106448224209
fsew0,fsew0_120,LIY,0.5496669682138577
fsew0,fsew0_120,ULX,0.7261816593069652
fsew0,fsew0_120,ULY,0.880744918909367
fsew0,fsew0_120,LLX,0.0732957857775284
fsew0,fsew0_120,LLY,0.6437393728050289
fsew0,fsew0_121,TDX,0.6508489477833898
fsew0,fsew0_121,TDY,0.8197074653636229
fsew0,fsew0_121,TBX,0.7144746306121595
fsew0,fsew0_121,TBY,0.8580311522181017
fsew0,fsew0_121,TTX,0.8279796012654629
fsew0,fsew0_121,TTY,0.7815075512665662
fsew0,fsew0_121,LIX,0.4588283358140204
fsew0,fsew0_121,LIY,0.8180496126053062
fsew0,fsew0_121,ULX,0.6100348242900944
fsew0,fsew0_121,ULY,0.8175648005956618
fsew0,fsew0_121,LLX,0.6115114562924744
fsew0,fsew0_121,LLY,0.8717414864113175
fsew0,fsew0_122,TDX,0.7157006042089615
fsew0,fsew0_122,TDY,0.9011299961736218
fsew0,fsew0_122,TBX,0.7836642113013778
fsew0,fsew0_122,TBY,0.9061733177943341
fsew0,fsew0_122,TTX,0.773132215084195
fsew0,fsew0_122,TTY,0.8536328153697986
fsew0,fsew0_122,LIX,0.4909365676609836
fsew0,fsew0_122,LIY,0.9124709178936019
fsew0,fsew0_122,ULX,0.5850295621474554
fsew0,fsew0_122,ULY,0.8287286043647296
fsew0,fsew0_122,LLX,0.5938064767053384
fsew0,fsew0_122,LLY,0.8512179958386382
fsew0,fsew0_123,TDX,0.5060124635984237
fsew0,fsew0_123,TDY,0.8965165172659869
fsew0,fsew0_123,TBX,0.6633877101741182
fsew0,fsew0_123,TBY,0.8835838342494343
fsew0,fsew0_123,TTX,0.7787044074223219
fsew0,fsew0_123,TTY,0.653567472885253
fsew0,fsew0_123,LIX,0.025663752752822226
fsew0,fsew0_123,LIY,0.7464261073634401
fsew0,fsew0_123,ULX,0.6577364769222277
fsew0,fsew0_123,ULY,0.8273451683966588
fsew0,fsew0_123,LLX,0.11005590758407476
fsew0,fsew0_123,LLY,0.7959072536832552
fsew0,fsew0_124,TDX,0.6003405784147173
fsew0,fsew0_124,TDY,0.84803027294561
fsew0,fsew0_124,TBX,0.6745799714317627
fsew0,fsew0_124,TBY,0.8089592706388143
fsew0,fsew0_124,TTX,0.7497708811730727
fsew0,fsew0_124,TTY,0.7331957162455119
fsew0,fsew0_124,LIX,0.6785416740453767
fsew0,fsew0_124,LIY,0.8582605729792874
fsew0,fsew0_124,ULX,0.6529681470758784
fsew0,fsew0_124,ULY,0.875832380941977
fsew0,fsew0_124,LLX,0.6810834825205265
fsew0,fsew0_124,LLY,0.8497941633259225
fsew0,fsew0_125,TDX,0.7655368305873334
fsew0,fsew0_125,TDY,0.8146537021661957
fsew0,fsew0_125,TBX,0.8771978522865487
fsew0,fsew0_125,TBY,0.9121756354859467
fsew0,fsew0_125,TTX,0.8292052560851044
fsew0,fsew0_125,TTY,0.7374337565640383
fsew0,fsew0_125,LIX,0.28854703585795954
fsew0,fsew0_125,LIY,0.8157414599602122
fsew0,fsew0_125,ULX,0.6487773753240373
fsew0,fsew0_125,ULY,0.35050565802074957
fsew0,fsew0_125,LLX,0.09887528207577552
fsew0,fsew0_125,LLY,0.8864214636217267
fsew0,fsew0_126,TDX,0.6603706174450756
fsew0,fsew0_126,TDY,0.8484571572140968
fsew0,fsew0_126,TBX,0.8083250591651043
fsew0,fsew0_126,TBY,0.9053568333494285
fsew0,fsew0_126,TTX,0.7168679551644223
fsew0,fsew0_126,TTY,0.8822472356638738
fsew0,fsew0_126,LIX,0.3035010973476281
fsew0,fsew0_126,LIY,0.7171532451545989
fsew0,fsew0_126,ULX,0.5130220770151078
fsew0,fsew0_126,ULY,0.7157214317704639
fsew0,fsew0_126,LLX,-0.22970434215230331
fsew0,fsew0_126,LLY,0.7395395671366359
fsew0,fsew0_127,TDX,0.7089131785186795
fsew0,fsew0_127,TDY,0.8637469625756334
fsew0,fsew0_127,TBX,0.7606804312190463
fsew0,fsew0_127,TBY,0.906534307676237
fsew0,fsew0_127,TTX,0.8266160300271735
fsew0,fsew0_127,TTY,0.7784218309750282
fsew0,fsew0_127,LIX,0.20706488263323009
fsew0,fsew0_127,LIY,0.8283986592262506
fsew0,fsew0_127,ULX,0.7626574556767768
fsew0,fsew0_127,ULY,0.7983637434219959
fsew0,fsew0_127,LLX,0.49067206266498037
fsew0,fsew0_127,LLY,0.7443351876400661
fsew0,fsew0_128,TDX,0.8279662651367274
fsew0,fsew0_128,TDY,0.7796246913505025
fsew0,fsew0_128,TBX,0.8367074425072613
fsew0,fsew0_128,TBY,0.866810485432368
fsew0,fsew0_128,TTX,0.849477947492848
fsew0,fsew0_128,TTY,0.7288992705206618
fsew0,fsew0_128,LIX,0.6759237722159469
fsew0,fsew0_128,LIY,0.8322847372671004
fsew0,fsew0_128,ULX,0.5765599235258134
fsew0,fsew0_128,ULY,0.06386826517751946
fsew0,fsew0_128,LLX,0.49618714683093346
fsew0,fsew0_128,LLY,0.779532826570818
fsew0,fsew0_129,TDX,0.8472800520856856
fsew0,fsew0_129,TDY,0.9067052578527534
fsew0,fsew0_129,TBX,0.8667997969122478
fsew0,fsew0_129,TBY,0.8668761351774347
fsew0,fsew0_129,TTX,0.8134156840445328
fsew0,fsew0_129,TTY,0.7941492373200885
fsew0,fsew0_129,LIX,0.3122706984047274
fsew0,fsew0_129,LIY,0.6263296837792733
fsew0,fsew0_129,ULX,0.3340034466962764
fsew0,fsew0_129,ULY,0.763126523442788
fsew0,fsew0_129,LLX,0.5469156149075733
fsew0,fsew0_129,LLY,0.9335042551677417
fsew0,fsew0_130,TDX,0.6516144481157292
fsew0,fsew0_130,TDY,0.6586455543583388
fsew0,fsew0_130,TBX,0.7130897495384514
fsew0,fsew0_130,TBY,0.7996201986783577
fsew0,fsew0_130,TTX,0.7549683577284921
fsew0,fsew0_130,TTY,0.5043851124025257
fsew0,fsew0_130,LIX,0.7305234094408063
fsew0,fsew0_130,LIY,0.8679442052036618
fsew0,fsew0_130,ULX,0.6274563866594818
fsew0,fsew0_130,ULY,0.43155087019567223
fsew0,fsew0_130,LLX,0.507517677759228
fsew0,fsew0_130,LLY,0.7780113248932413
fsew0,fsew0_131,TDX,0.6251824412132321
fsew0,fsew0_131,TDY,0.9115453705862566
fsew0,fsew0_131,TBX,0.7125510038838703
fsew0,fsew0_131,TBY,0.8701955368453116
fsew0,fsew0_131,TTX,0.8479929081568269
fsew0,fsew0_131,TTY,0.6649239340446096
fsew0,fsew0_131,LIX,0.7070383267122264
fsew0,fsew0_131,LIY,0.7766812855074929
fsew0,fsew0_131,ULX,0.6986086674001911
fsew0,fsew0_131,ULY,0.5404730653603718
fsew0,fsew0_131,LLX,0.6754807460712091
fsew0,fsew0_131,LLY,0.9065485358692911
fsew0,fsew0_132,TDX,0.7256764412453246
fsew0,fsew0_132,TDY,0.90551943704389
fsew0,fsew0_132,TBX,0.805327101284157
fsew0,fsew0_132,TBY,0.8697379096545089
fsew0,fsew0_132,TTX,0.8648733805507034
fsew0,fsew0_132,TTY,0.6988966654969158
fsew0,fsew0_132,LIX,0.33665767641749633
fsew0,fsew0_132,LIY,0.8709499366483774
fsew0,fsew0_132,ULX,0.8260363450114684
fsew0,fsew0_132,ULY,0.5290650531137977
fsew0,fsew0_132,LLX,0.38681591121049097
fsew0,fsew0_132,LLY,0.9472742800073967
fsew0,fsew0_133,TDX,0.8148774797802393
fsew0,fsew0_133,TDY,0.7947338356784618
fsew0,fsew0_133,TBX,0.8034129186190497
fsew0,fsew0_133,TBY,0.8117709922969593
fsew0,fsew0_133,TTX,0.7923621248825927
fsew0,fsew0_133,TTY,0.6987715486517881
fsew0,fsew0_133,LIX,0.6563877729234735
fsew0,fsew0_133,LIY,0.8648732944789488
fsew0,fsew0_133,ULX,0.583420248925889
fsew0,fsew0_133,ULY,0.7502252782574558
fsew0,fsew0_133,LLX,0.6011412638760613
fsew0,fsew0_133,LLY,0.8863153377369518
fsew0,fsew0_134,TDX,0.7698031060605142
fsew0,fsew0_134,TDY,0.8727126193197021
fsew0,fsew0_134,TBX,0.8934903265723512
fsew0,fsew0_134,TBY,0.8877441948021669
fsew0,fsew0_134,TTX,0.7904470931131768
fsew0,fsew0_134,TTY,0.8096082255195909
fsew0,fsew0_134,LIX,0.6409980468735885
fsew0,fsew0_134,LIY,0.9298654470578117
fsew0,fsew0_134,ULX,0.4863783609786278
fsew0,fsew0_134,ULY,0.8140976456791795
fsew0,fsew0_134,LLX,0.710734565750284
fsew0,fsew0_134,LLY,0.9158494320561308
fsew0,fsew0_135,TDX,0.5041017627549664
fsew0,fsew0_135,TDY,0.8671728072431584
fsew0,fsew0_135,TBX,0.7146349488171378
fsew0,fsew0_135,TBY,0.8539378518420664
fsew0,fsew0_135,TTX,0.7603922571977321
fsew0,fsew0_135,TTY,0.7054332521851596
fsew0,fsew0_135,LIX,0.7127948064584355
fsew0,fsew0_135,LIY,0.7198680158709817
fsew0,fsew0_135,ULX,0.43227840390677214
fsew0,fsew0_135,ULY,0.7139109893651319
fsew0,fsew0_135,LLX,0.3966047331934555
fsew0,fsew0_135,LLY,0.7565108048230765
fsew0,fsew0_136,TDX,0.7547682721180896
fsew0,fsew0_136,TDY,0.7902022432289628
fsew0,fsew0_136,TBX,0.7428341004930772
fsew0,fsew0_136,TBY,0.8491234422414078
fsew0,fsew0_136,TTX,0.6871481255261088
fsew0,fsew0_136,TTY,0.7730618070979316
fsew0,fsew0_136,LIX,0.6410027633483081
fsew0,fsew0_136,LIY,0.8577389503400358
fsew0,fsew0_136,ULX,0.636087495571958
fsew0,fsew0_136,ULY,0.8104103795453402
fsew0,fsew0_136,LLX,0.7734235013275707
fsew0,fsew0_136,LLY,0.9261633889616577
fsew0,fsew0_137,TDX,0.6770516540808633
fsew0,fsew0_137,TDY,0.8484469318868795
fsew0,fsew0_137,TBX,0.7270868980449782
fsew0,fsew0_137,TBY,0.8228478406166836
fsew0,fsew0_137,TTX,0.8799338019657449
fsew0,fsew0_137,TTY,0.5402765880562697
fsew0,fsew0_137,LIX,0.7046859139973705
fsew0,fsew0_137,LIY,0.8270961085436465
fsew0,fsew0_137,ULX,0.7359549327462158
fsew0,fsew0_137,ULY,0.694071567121498
fsew0,fsew0_137,LLX,0.4533462850239185
fsew0,fsew0_137,LLY,0.8361241136754141
fsew0,fsew0_138,TDX,0.6340772741928118
fsew0,fsew0_138,TDY,0.8642030313329926
fsew0,fsew0_138,TBX,0.6604182046357308
fsew0,fsew0_138,TBY,0.8936608749600103
fsew0,fsew0_138,TTX,0.7616018468132164
fsew0,fsew0_138,TTY,0.664549865037547
fsew0,fsew0_138,LIX,0.41037984018862017
fsew0,fsew0_138,LIY,0.870641638843072
fsew0,fsew0_138,ULX,0.5518026804857972
fsew0,fsew0_138,ULY,0.709761925253235
fsew0,fsew0_138,LLX,0.31238638019139303
fsew0,fsew0_138,LLY,0.87485315093798
fsew0,fsew0_139,TDX,0.4999123078772558
fsew0,fsew0_139,TDY,0.7491340113377551
fsew0,fsew0_139,TBX,0.444815701554119
fsew0,fsew0_139,TBY,0.8604292940626833
fsew0,fsew0_139,TTX,0.693165412240011
fsew0,fsew0_139,TTY,0.8850569816198299
fsew0,fsew0_139,LIX,0.6525725848689176
fsew0,fsew0_139,LIY,0.8311287960885508
fsew0,fsew0_139,ULX,0.4253743370583209
fsew0,fsew0_139,ULY,0.7701075183521225
fsew0,fsew0_139,LLX,0.3645953443392223
fsew0,fsew0_139,LLY,0.8474129379918036
fsew0,fsew0_140,TDX,0.4561709641848946
fsew0,fsew0_140,TDY,0.8820674239614454
fsew0,fsew0_140,TBX,0.5771748325894067
fsew0,fsew0_140,TBY,0.881361602972615
fsew0,fsew0_140,TTX,0.6138708957442482
fsew0,fsew0_140,TTY,0.41203547300218996
fsew0,fsew0_140,LIX,0.7473304485901759
fsew0,fsew0_140,LIY,0.5742064209541099
fsew0,fsew0_140,ULX,0.15081538777914605
fsew0,fsew0_140,ULY,0.7034458717831965
fsew0,fsew0_140,LLX,0.6775407898424192
fsew0,fsew0_140,LLY,0.8330529818804969
fsew0,fsew0_141,TDX,0.6137513584715044
fsew0,fsew0_141,TDY,0.8453688853695908
fsew0,fsew0_141,TBX,0.6614514100775407
fsew0,fsew0_141,TBY,0.8521016025694901
fsew0,fsew0_141,TTX,0.7856825789917442
fsew0,fsew0_141,TTY,0.7375886191251073
fsew0,fsew0_141,LIX,0.5764123591958115
fsew0,fsew0_141,LIY,0.7415280364630232
fsew0,fsew0_141,ULX,0.8092418918050839
fsew0,fsew0_141,ULY,0.8885924439926287
fsew0,fsew0_141,LLX,0.43041691115638075
fsew0,fsew0_141,LLY,0.8606572457064617
fsew0,fsew0_142,TDX,0.4649385085356459
fsew0,fsew0_142,TDY,0.8848762526327029
fsew0,fsew0_142,TBX,0.51531767511574
fsew0,fsew0_142,TBY,0.9333234124416717
fsew0,fsew0_142,TTX,0.7472436784931605
fsew0,fsew0_142,TTY,0.7435366606036753
fsew0,fsew0_142,LIX,0.32116997511724493
fsew0,fsew0_142,LIY,0.8571814777198621
fsew0,fsew0_142,ULX,0.7345497021981087
fsew0,fsew0_142,ULY,0.3652142232385758
fsew0,fsew0_142,LLX,0.5183978634786193
fsew0,fsew0_142,LLY,0.8773279276592786
fsew0,fsew0_143,TDX,0.5609805555629511
fsew0,fsew0_143,TDY,0.8806869699617422
fsew0,fsew0_143,TBX,0.5497960664603747
fsew0,fsew0_143,TBY,0.920266574206723
fsew0,fsew0_143,TTX,0.5105690508619344
fsew0,fsew0_143,TTY,0.8553650816909609
fsew0,fsew0_143,LIX,0.6979356777764882
fsew0,fsew0_143,LIY,0.8681094759839918
fsew0,fsew0_143,ULX,0.5289583140755663
fsew0,fsew0_143,ULY,0.812176890163017
fsew0,fsew0_143,LLX,0.6301430174921882
fsew0,fsew0_143,LLY,0.832974338379537
fsew0,fsew0_144,TDX,0.5427343535090728
fsew0,fsew0_144,TDY,0.8976414004250964
fsew0,fsew0_144,TBX,0.5588550011686507
fsew0,fsew0_144,TBY,0.9189942023746064
fsew0,fsew0_144,TTX,0.6806349981572739
fsew0,fsew0_144,TTY,0.8232002641129643
fsew0,fsew0_144,LIX,0.41631614935572414
fsew0,fsew0_144,LIY,0.8546821085230295
fsew0,fsew0_144,ULX,0.6927776634580273
fsew0,fsew0_144,ULY,0.680169207313431
fsew0,fsew0_144,LLX,0.8272642735350075
fsew0,fsew0_144,LLY,0.895566369137977
fsew0,fsew0_145,TDX,0.6644031104604433
fsew0,fsew0_145,TDY,0.799115641963108
fsew0,fsew0_145,TBX,0.7430896458959262
fsew0,fsew0_145,TBY,0.7687155589065656
fsew0,fsew0_145,TTX,0.7992123368022167
fsew0,fsew0_145,TTY,0.7138010617527822
fsew0,fsew0_145,LIX,0.10977339442776557
fsew0,fsew0_145,LIY,0.9164766249782811
fsew0,fsew0_145,ULX,0.33236965345188085
fsew0,fsew0_145,ULY,0.6709696660838597
fsew0,fsew0_145,LLX,0.35266369610592946
fsew0,fsew0_145,LLY,0.9044579947177305
fsew0,fsew0_146,TDX,0.7317441566590386
fsew0,fsew0_146,TDY,0.8409832356512897
fsew0,fsew0_146,TBX,0.724411731823584
fsew0,fsew0_146,TBY,0.8309693426444623
fsew0,fsew0_146,TTX,0.7667538661787122
fsew0,fsew0_146,TTY,0.78465024908886
fsew0,fsew0_146,LIX,0.6016520571132483
fsew0,fsew0_146,LIY,0.5343461379833289
fsew0,fsew0_146,ULX,0.6513946908448964
fsew0,fsew0_146,ULY,0.8567507011603506
fsew0,fsew0_146,LLX,0.4287644327608898
fsew0,fsew0_146,LLY,0.8290296117827967
fsew0,fsew0_147,TDX,0.5805946340957279
fsew0,fsew0_147,TDY,0.9141023741180505
fsew0,fsew0_147,TBX,0.8191133267305689
fsew0,fsew0_147,TBY,0.8889420180112229
fsew0,fsew0_147,TTX,0.8356850404706192
fsew0,fsew0_147,TTY,0.7752550709655599
fsew0,fsew0_147,LIX,0.7685879180181612
fsew0,fsew0_147,LIY,0.8243786516927102
fsew0,fsew0_147,ULX,0.7943356506290545
fsew0,fsew0_147,ULY,0.793380527430639
fsew0,fsew0_147,LLX,0.862136588853372
fsew0,fsew0_147,LLY,0.8317532263132851
fsew0,fsew0_148,TDX,0.4505791635030134
fsew0,fsew0_148,TDY,0.8346834443456183
fsew0,fsew0_148,TBX,0.6395009701362193
fsew0,fsew0_148,TBY,0.7687793443201775
fsew0,fsew0_148,TTX,0.7516259597077879
fsew0,fsew0_148,TTY,0.6901314209199708
fsew0,fsew0_148,LIX,0.7164277990870843
fsew0,fsew0_148,LIY,0.9135787365557433
fsew0,fsew0_148,ULX,0.41536596106224366
fsew0,fsew0_148,ULY,0.7843259638032494
fsew0,fsew0_148,LLX,0.5187041745153135
fsew0,fsew0_148,LLY,0.8882031951259797
fsew0,fsew0_149,TDX,0.6539199168833146
fsew0,fsew0_149,TDY,0.9279400217087304
fsew0,fsew0_149,TBX,0.7744991330594955
fsew0,fsew0_149,TBY,0.8772415840924398
fsew0,fsew0_149,TTX,0.8803882412389153
fsew0,fsew0_149,TTY,0.8266857995599348
fsew0,fsew0_149,LIX,0.6815023184133505
fsew0,fsew0_149,LIY,0.910184786446402
fsew0,fsew0_149,ULX,0.8127442020747142
fsew0,fsew0_149,ULY,0.36683801326251664
fsew0,fsew0_149,LLX,0.7772910301336751
fsew0,fsew0_149,LLY,0.8432191231397135
fsew0,fsew0_150,TDX,0.3767441338345254
fsew0,fsew0_150,TDY,0.9139281852279109
fsew0,fsew0_150,TBX,0.5730586889342331
fsew0,fsew0_150,TBY,0.9242533900381072
fsew0,fsew0_150,TTX,0.7320530121493009
fsew0,fsew0_150,TTY,0.7061599257302472
fsew0,fsew0_150,LIX,0.5462998115747536
fsew0,fsew0_150,LIY,0.5715463457988044
fsew0,fsew0_150,ULX,0.6735310078012517
fsew0,fsew0_150,ULY,0.8793905090758071
fsew0,fsew0_150,LLX,0.38635113188372194
fsew0,fsew0_150,LLY,0.8424551707001726
fsew0,fsew0_151,TDX,0.6221871906015332
fsew0,fsew0_151,TDY,0.8282192783558183
fsew0,fsew0_151,TBX,0.6118779409077095
fsew0,fsew0_151,TBY,0.8971205226163448
fsew0,fsew0_151,TTX,0.724157865135832
fsew0,fsew0_151,TTY,0.8601532813142495
fsew0,fsew0_151,LIX,0.4530724905216654
fsew0,fsew0_151,LIY,0.8325533315130186
fsew0,fsew0_151,ULX,0.5487026598622563
fsew0,fsew0_151,ULY,0.8015603256998435
fsew0,fsew0_151,LLX,0.3846763221785415
fsew0,fsew0_151,LLY,0.8486680174011917
fsew0,fsew0_152,TDX,-0.11174540158001951
fsew0,fsew0_152,TDY,0.8831435127805338
fsew0,fsew0_152,TBX,0.2654428736566723
fsew0,fsew0_152,TBY,0.8406562558790224
fsew0,fsew0_152,TTX,0.5166175251514777
fsew0,fsew0_152,TTY,0.6261266888979119
fsew0,fsew0_152,LIX,0.19317369382013005
fsew0,fsew0_152,LIY,0.8416614298500147
fsew0,fsew0_152,ULX,0.7848607441340936
fsew0,fsew0_152,ULY,0.8587976007132274
fsew0,fsew0_152,LLX,0.3720152994790679
fsew0,fsew0_152,LLY,0.8547664752201337
fsew0,fsew0_153,TDX,0.6583366667413891
fsew0,fsew0_153,TDY,0.8974748258867187
fsew0,fsew0_153,TBX,0.7616928704125248
fsew0,fsew0_153,TBY,0.9151421353819976
fsew0,fsew0_153,TTX,0.8497533636312792
fsew0,fsew0_153,TTY,0.5754364790717378
fsew0,fsew0_153,LIX,-0.0338182173896599
fsew0,fsew0_153,LIY,0.6440541269755538
fsew0,fsew0_153,ULX,0.5766707577483171
fsew0,fsew0_153,ULY,0.8016470001323243
fsew0,fsew0_153,LLX,0.2245934980128147
fsew0,fsew0_153,LLY,0.8807608924441666
fsew0,fsew0_154,TDX,0.7980533151094277
fsew0,fsew0_154,TDY,0.8325431450828326
fsew0,fsew0_154,TBX,0.8548815392987547
fsew0,fsew0_154,TBY,0.7862736719224916
fsew0,fsew0_154,TTX,0.8609066504382794
fsew0,fsew0_154,TTY,0.5492537388473244
fsew0,fsew0_154,LIX,0.45163616069882934
fsew0,fsew0_154,LIY,0.7554459842685582
fsew0,fsew0_154,ULX,0.7421930541660096
fsew0,fsew0_154,ULY,0.8412112520081116
fsew0,fsew0_154,LLX,0.11906124252258661
fsew0,fsew0_154,LLY,0.8474687189443969
fsew0,fsew0_155,TDX,0.4468678732665163
fsew0,fsew0_155,TDY,0.7453407830456747
fsew0,fsew0_155,TBX,0.5495348096932967
fsew0,fsew0_155,TBY,0.8066696156608978
fsew0,fsew0_155,TTX,0.7743876247548757
fsew0,fsew0_155,TTY,0.787417760417385
fsew0,fsew0_155,LIX,0.32120880834879945
fsew0,fsew0_155,LIY,0.8701311265078489
fsew0,fsew0_155,ULX,0.7114719557742903
fsew0,fsew0_155,ULY,0.43727270518431033
fsew0,fsew0_155,LLX,0.6614223913522185
fsew0,fsew0_155,LLY,0.7619346897925265
fsew0,fsew0_156,TDX,0.7997342937244886
fsew0,fsew0_156,TDY,0.7674119746126636
fsew0,fsew0_156,TBX,0.8228652062529617
fsew0,fsew0_156,TBY,0.8594877591895477
fsew0,fsew0_156,TTX,0.7574875391421324
fsew0,fsew0_156,TTY,0.7797218316559473
fsew0,fsew0_156,LIX,0.2453211154438101
fsew0,fsew0_156,LIY,0.7752771257760779
fsew0,fsew0_156,ULX,0.6657265242426165
fsew0,fsew0_156,ULY,0.5505052358913677
fsew0,fsew0_156,LLX,0.5162088050191627
fsew0,fsew0_156,LLY,0.8967233178148625
fsew0,fsew0_157,TDX,0.8272059142475384
fsew0,fsew0_157,TDY,0.9038230256834386
fsew0,fsew0_157,TBX,0.8272178649052976
fsew0,fsew0_157,TBY,0.9158884315131776
fsew0,fsew0_157,TTX,0.8306814853469923
fsew0,fsew0_157,TTY,0.7892304434266262
fsew0,fsew0_157,LIX,0.30017401457146703
fsew0,fsew0_157,LIY,0.8862983283632857
fsew0,fsew0_157,ULX,0.6364176780535759
fsew0,fsew0_157,ULY,0.8639115068224948
fsew0,fsew0_157,LLX,0.4344994569400499
fsew0,fsew0_157,LLY,0.818786898276821
fsew0,fsew0_158,TDX,0.6058163515447083
fsew0,fsew0_158,TDY,0.9206445770335123
fsew0,fsew0_158,TBX,0.5922518211513237
fsew0,fsew0_158,TBY,0.9147497161140108
fsew0,fsew0_158,TTX,0.8053613418957906
fsew0,fsew0_158,TTY,0.7851715852128688
fsew0,fsew0_158,LIX,0.47243957691765537
fsew0,fsew0_158,LIY,0.84023776036151
fsew0,fsew0_158,ULX,0.5080690172344912
fsew0,fsew0_158,ULY,0.6899994542583207
fsew0,fsew0_158,LLX,0.43714790185636815
fsew0,fsew0_158,LLY,0.8888501159810045
fsew0,fsew0_159,TDX,0.7655718491087034
fsew0,fsew0_159,TDY,0.8574837625376555
fsew0,fsew0_159,TBX,0.8096007458121108
fsew0,fsew0_159,TBY,0.9057915556329954
fsew0,fsew0_159,TTX,0.7886309934627077
fsew0,fsew0_159,TTY,0.6747936177559538
fsew0,fsew0_159,LIX,0.05645975826784454
fsew0,fsew0_159,LIY,0.7806575162779763
fsew0,fsew0_159,ULX,0.6462506363373973
fsew0,fsew0_159,ULY,0.7719377888818237
fsew0,fsew0_159,LLX,0.2623187073796532
fsew0,fsew0_159,LLY,0.9030551670798235
fsew0,fsew0_160,TDX,0.6557911876261755
fsew0,fsew0_160,TDY,0.8370109310453784
fsew0,fsew0_160,TBX,0.7319539691499255
fsew0,fsew0_160,TBY,0.863735198697226
fsew0,fsew0_160,TTX,0.8229612104066545
fsew0,fsew0_160,TTY,0.8119905558912146
fsew0,fsew0_160,LIX,0.7187853769768819
fsew0,fsew0_160,LIY,0.7038024474117589
fsew0,fsew0_160,ULX,0.36762126551820584
fsew0,fsew0_160,ULY,0.39219732409976743
fsew0,fsew0_160,LLX,0.5996089349584769
fsew0,fsew0_160,LLY,0.745530460142161
fsew0,fsew0_161,TDX,0.5150397316188774
fsew0,fsew0_161,TDY,0.6704772154243214
fsew0,fsew0_161,TBX,0.5955253058616378
fsew0,fsew0_161,TBY,0.8306750103427882
fsew0,fsew0_161,TTX,0.760605808891898
fsew0,fsew0_161,TTY,0.8438305215126467
fsew0,fsew0_161,LIX,0.6804781956941383
fsew0,fsew0_161,LIY,0.7534100439815961
fsew0,fsew0_161,ULX,0.6502966468855467
fsew0,fsew0_161,ULY,0.8155974077422204
fsew0,fsew0_161,LLX,0.578778748419807
fsew0,fsew0_161,LLY,0.6877842692515915
fsew0,fsew0_162,TDX,0.7482749930946115
fsew0,fsew0_162,TDY,0.8133302045131034
fsew0,fsew0_162,TBX,0.7758395511996649
fsew0,fsew0_162,TBY,0.8264276838712274
fsew0,fsew0_162,TTX,0.8026919845844506
fsew0,fsew0_162,TTY,0.7609582412882445
fsew0,fsew0_162,LIX,0.6238689464021375
fsew0,fsew0_162,LIY,0.7543840792779796
fsew0,fsew0_162,ULX,0.6478381915901648
fsew0,fsew0_162,ULY,0.8395631515618844
fsew0,fsew0_162,LLX,0.15411136009476728
fsew0,fsew0_162,LLY,0.6643613730834861
fsew0,fsew0_163,TDX,0.6854580728235407
fsew0,fsew0_163,TDY,0.7782149620611203
fsew0,fsew0_163,TBX,0.7299817082061786
fsew0,fsew0_163,TBY,0.7562324601931182
fsew0,fsew0_163,TTX,0.7977822267580954
fsew0,fsew0_163,TTY,0.8276816035895843
fsew0,fsew0_163,LIX,0.3601921127807075
fsew0,fsew0_163,LIY,0.8311981805668655
fsew0,fsew0_163,ULX,0.6185754399628924
fsew0,fsew0_163,ULY,0.5290117764011871
fsew0,fsew0_163,LLX,0.5886713790002761
fsew0,fsew0_163,LLY,0.8368837365578208
fsew0,fsew0_164,TDX,0.7581865395215427
fsew0,fsew0_164,TDY,0.818798046515102
fsew0,fsew0_164,TBX,0.6988356893549308
fsew0,fsew0_164,TBY,0.9230509545781573
fsew0,fsew0_164,TTX,0.7175219098284175
fsew0,fsew0_164,TTY,0.8390661103857633
fsew0,fsew0_164,LIX,0.41110303915830815
fsew0,fsew0_164,LIY,0.9031268417696605
fsew0,fsew0_164,ULX,0.7848471779195071
fsew0,fsew0_164,ULY,0.7186116356758461
fsew0,fsew0_164,LLX,0.2734436046066202
fsew0,fsew0_164,LLY,0.9388026166516673
fsew0,fsew0_165,TDX,0.7703782985505607
fsew0,fsew0_165,TDY,0.9152370775986253
fsew0,fsew0_165,TBX,0.75932472616263
fsew0,fsew0_165,TBY,0.8991943749737021
fsew0,fsew0_165,TTX,0.7135440149182846
fsew0,fsew0_165,TTY,0.7626330939344735
fsew0,fsew0_165,LIX,0.6200701502548772
fsew0,fsew0_165,LIY,0.9029122974505247
fsew0,fsew0_165,ULX,0.7923145540854944
fsew0,fsew0_165,ULY,0.8108887305390939
fsew0,fsew0_165,LLX,0.43981225957171244
fsew0,fsew0_165,LLY,0.8528572377952939
fsew0,fsew0_166,TDX,0.5557908463014483
fsew0,fsew0_166,TDY,0.8523137130077041
fsew0,fsew0_166,TBX,0.6291492596085895
fsew0,fsew0_166,TBY,0.9033243374348662
fsew0,fsew0_166,TTX,0.6384573154356693
fsew0,fsew0_166,TTY,0.5308083990576394
fsew0,fsew0_166,LIX,0.2518017164001537
fsew0,fsew0_166,LIY,0.7390013928932354
fsew0,fsew0_166,ULX,0.5465758438820856
fsew0,fsew0_166,ULY,0.7966060485673462
fsew0,fsew0_166,LLX,0.26964932290232196
fsew0,fsew0_166,LLY,0.8595929766271573
fsew0,fsew0_167,TDX,0.7372834976250263
fsew0,fsew0_167,TDY,0.8360475622811026
fsew0,fsew0_167,TBX,0.8760353203461337
fsew0,fsew0_167,TBY,0.8903085400167441
fsew0,fsew0_167,TTX,0.9114181920116814
fsew0,fsew0_167,TTY,0.757184302767772
fsew0,fsew0_167,LIX,0.30366685760337414
fsew0,fsew0_167,LIY,0.8616459782545445
fsew0,fsew0_167,ULX,0.6159077293691825
fsew0,fsew0_167,ULY,0.6508585414731729
fsew0,fsew0_167,LLX,0.6258869314632187
fsew0,fsew0_167,LLY,0.8439835058953066
fsew0,fsew0_168,TDX,0.7701601184494653
fsew0,fsew0_168,TDY,0.8983655517784424
fsew0,fsew0_168,TBX,0.785236543019036
fsew0,fsew0_168,TBY,0.8986332003030121
fsew0,fsew0_168,TTX,0.7386436821699036
fsew0,fsew0_168,TTY,0.7440621422272112
fsew0,fsew0_168,LIX,0.619094861880585
fsew0,fsew0_168,LIY,0.8841053932171536
fsew0,fsew0_168,ULX,0.6988483845101636
fsew0,fsew0_168,ULY,0.8146003803685593
fsew0,fsew0_168,LLX,0.4388167737672135
fsew0,fsew0_168,LLY,0.8117480660177184
fsew0,fsew0_169,TDX,0.5664577020764444
fsew0,fsew0_169,TDY,0.770813406726549
fsew0,fsew0_169,TBX,0.5862472913400744
fsew0,fsew0_169,TBY,0.8901670544948964
fsew0,fsew0_169,TTX,0.6804359750959695
fsew0,fsew0_169,TTY,0.7536803546996638
fsew0,fsew0_169,LIX,0.549440440434609
fsew0,fsew0_169,LIY,0.7566657929347009
fsew0,fsew0_169,ULX,0.7427422159296981
fsew0,fsew0_169,ULY,0.7174013729548635
fsew0,fsew0_169,LLX,0.6011619718580801
fsew0,fsew0_169,LLY,0.7786634684957903
fsew0,fsew0_170,TDX,0.2840777952916204
fsew0,fsew0_170,TDY,0.9067912306909321
fsew0,fsew0_170,TBX,0.30832661604411343
fsew0,fsew0_170,TBY,0.959909841948773
fsew0,fsew0_170,TTX,0.5746649174345997
fsew0,fsew0_170,TTY,0.6864052106050516
fsew0,fsew0_170,LIX,0.2612130514424691
fsew0,fsew0_170,LIY,0.9227321193141256
fsew0,fsew0_170,ULX,0.7804204395897797
fsew0,fsew0_170,ULY,0.6089489989212266
fsew0,fsew0_170,LLX,0.374537599330683
fsew0,fsew0_170,LLY,0.9298102545482589
fsew0,fsew0_171,TDX,0.7833477413536802
fsew0,fsew0_171,TDY,0.8527898106397683
fsew0,fsew0_171,TBX,0.7410093389236733
fsew0,fsew0_171,TBY,0.8687452517479258
fsew0,fsew0_171,TTX,0.8171617854194603
fsew0,fsew0_171,TTY,0.8306972948545527
fsew0,fsew0_171,LIX,0.5923222776653625
fsew0,fsew0_171,LIY,0.955224252881724
fsew0,fsew0_171,ULX,0.5819568213230565
fsew0,fsew0_171,ULY,0.8536896204909503
fsew0,fsew0_171,LLX,0.6016420584623174
fsew0,fsew0_171,LLY,0.9269434918167948
fsew0,fsew0_172,TDX,0.6500663731073302
fsew0,fsew0_172,TDY,0.8813784502047987
fsew0,fsew0_172,TBX,0.7531825427923118
fsew0,fsew0_172,TBY,0.9320960172365986
fsew0,fsew0_172,TTX,0.7904345992294621
fsew0,fsew0_172,TTY,0.7212931297739071
fsew0,fsew0_172,LIX,0.6344587920737451
fsew0,fsew0_172,LIY,0.8389932765948986
fsew0,fsew0_172,ULX,0.6846425909867606
fsew0,fsew0_172,ULY,0.6697102242631847
fsew0,fsew0_172,LLX,0.5184287452125076
fsew0,fsew0_172,LLY,0.8194485243459899
fsew0,fsew0_173,TDX,0.8051921750584464
fsew0,fsew0_173,TDY,0.8696055948826383
fsew0,fsew0_173,TBX,0.8292022555567778
fsew0,fsew0_173,TBY,0.879269559060419
fsew0,fsew0_173,TTX,0.887903133333261
fsew0,fsew0_173,TTY,0.7494195442874907
fsew0,fsew0_173,LIX,0.6556563016813182
fsew0,fsew0_173,LIY,0.8866335268906299
fsew0,fsew0_173,ULX,0.6500275623412036
fsew0,fsew0_173,ULY,0.632435984366899
fsew0,fsew0_173,LLX,0.6876940677787349
fsew0,fsew0_173,LLY,0.844291138443891
fsew0,fsew0_174,TDX,0.6863879351477883
fsew0,fsew0_174,TDY,0.8765834805997026
fsew0,fsew0_174,TBX,0.7121632291706277
fsew0,fsew0_174,TBY,0.8485179954628788
fsew0,fsew0_174,TTX,0.8558623340235979
fsew0,fsew0_174,TTY,0.8300670017236563
fsew0,fsew0_174,LIX,0.2922761292563067
fsew0,fsew0_174,LIY,0.8890503524707154
fsew0,fsew0_174,ULX,0.6246035148069725
fsew0,fsew0_174,ULY,0.7789294849445418
fsew0,fsew0_174,LLX,0.5182781751062521
fsew0,fsew0_174,LLY,0.8611576937724619
fsew0,fsew0_175,TDX,0.8721208641003672
fsew0,fsew0_175,TDY,0.8509502823733894
fsew0,fsew0_175,TBX,0.8659242045512286
fsew0,fsew0_175,TBY,0.790102671073935
fsew0,fsew0_175,TTX,0.8951999369518697
fsew0,fsew0_175,TTY,0.5514528276754269
fsew0,fsew0_175,LIX,0.1500850775907748
fsew0,fsew0_175,LIY,0.8000648372295707
fsew0,fsew0_175,ULX,0.6572636269398964
fsew0,fsew0_175,ULY,0.705064115120872
fsew0,fsew0_175,LLX,0.17529280299863018
fsew0,fsew0_175,LLY,0.9059396699361252
fsew0,fsew0_176,TDX,0.8147285165642373
fsew0,fsew0_176,TDY,0.8437594617567575
fsew0,fsew0_176,TBX,0.8239234268516544
fsew0,fsew0_176,TBY,0.7930312823041956
fsew0,fsew0_176,TTX,0.8826182141245521
fsew0,fsew0_176,TTY,0.7018491225409638
fsew0,fsew0_176,LIX,0.18295053618833498
fsew0,fsew0_176,LIY,0.8309535563478924
fsew0,fsew0_176,ULX,0.7167615799474403
fsew0,fsew0_176,ULY,0.772452797953502
fsew0,fsew0_176,LLX,0.3716173333917795
fsew0,fsew0_176,LLY,0.90808832070682
fsew0,fsew0_177,TDX,0.7010719163618282
fsew0,fsew0_177,TDY,0.8485540004743182
fsew0,fsew0_177,TBX,0.7338945692872366
fsew0,fsew0_177,TBY,0.88501111511861
fsew0,fsew0_177,TTX,0.7890113117888451
fsew0,fsew0_177,TTY,0.80881125694919
fsew0,fsew0_177,LIX,0.4749984591837294
fsew0,fsew0_177,LIY,0.9164160645845842
fsew0,fsew0_177,ULX,0.5472884339820363
fsew0,fsew0_177,ULY,0.6910666347056933
fsew0,fsew0_177,LLX,0.4439389267439737
fsew0,fsew0_177,LLY,0.9170694930377111
fsew0,fsew0_178,TDX,0.6896282107789224
fsew0,fsew0_178,TDY,0.839880926803317
fsew0,fsew0_178,TBX,0.7446410580943336
fsew0,fsew0_178,TBY,0.8114667127966576
fsew0,fsew0_178,TTX,0.8422246931400108
fsew0,fsew0_178,TTY,0.6643747590435726
fsew0,fsew0_178,LIX,0.6114679340770439
fsew0,fsew0_178,LIY,0.7765282022226253
fsew0,fsew0_178,ULX,0.673350665114655
fsew0,fsew0_178,ULY,0.7936514346929943
fsew0,fsew0_178,LLX,0.5373159133460873
fsew0,fsew0_178,LLY,0.8810053193657161
fsew0,fsew0_179,TDX,0.760133691107192
fsew0,fsew0_179,TDY,0.8321913833663324
fsew0,fsew0_179,TBX,0.8499963165024998
fsew0,fsew0_179,TBY,0.928257333874625
fsew0,fsew0_179,TTX,0.8469440423830565
fsew0,fsew0_179,TTY,0.7999112049032222
fsew0,fsew0_179,LIX,0.601782396333986
fsew0,fsew0_179,LIY,0.8743424619574639
fsew0,fsew0_179,ULX,0.5991734060480068
fsew0,fsew0_179,ULY,0.8764587078300492
fsew0,fsew0_179,LLX,0.505028088724288
fsew0,fsew0_179,LLY,0.7800689067027767
fsew0,fsew0_180,TDX,0.7304232866690085
fsew0,fsew0_180,TDY,0.8728521152243182
fsew0,fsew0_180,TBX,0.7604612076753098
fsew0,fsew0_180,TBY,0.9038042482970113
fsew0,fsew0_180,TTX,0.8938869470065056
fsew0,fsew0_180,TTY,0.7331218957305805
fsew0,fsew0_180,LIX,0.43332262731730825
fsew0,fsew0_180,LIY,0.9093534521364709
fsew0,fsew0_180,ULX,0.633988634466424
fsew0,fsew0_180,ULY,0.4809597369014353
fsew0,fsew0_180,LLX,0.42075546554854737
fsew0,fsew0_180,LLY,0.8984555959436995
fsew0,fsew0_181,TDX,0.5192559982638733
fsew0,fsew0_181,TDY,0.8853541899646961
fsew0,fsew0_181,TBX,0.6666950934962551
fsew0,fsew0_181,TBY,0.9071215186384303
fsew0,fsew0_181,TTX,0.8328329337980639
fsew0,fsew0_181,TTY,0.7653048413693797
fsew0,fsew0_181,LIX,0.5917334984418949
fsew0,fsew0_181,LIY,0.9049489510233776
fsew0,fsew0_181,ULX,0.5382704758740122
fsew0,fsew0_181,ULY,0.7345476031533886
fsew0,fsew0_181,LLX,0.7148105249557389
fsew0,fsew0_181,LLY,0.8792109525395864
fsew0,fsew0_182,TDX,0.6142684844031725
fsew0,fsew0_182,TDY,0.8056971701360732
fsew0,fsew0_182,TBX,0.6418173425666615
fsew0,fsew0_182,TBY,0.8612557013618847
fsew0,fsew0_182,TTX,0.6776518096429301
fsew0,fsew0_182,TTY,0.6523916047126116
fsew0,fsew0_182,LIX,0.6892836080784238
fsew0,fsew0_182,LIY,0.7399980056410672
fsew0,fsew0_182,ULX,0.644483717423169
fsew0,fsew0_182,ULY,0.8171109640218726
fsew0,fsew0_182,LLX,0.5426506845562298
fsew0,fsew0_182,LLY,0.8554147003582755
fsew0,fsew0_183,TDX,0.6687650486877272
fsew0,fsew0_183,TDY,0.7983271281760287
fsew0,fsew0_183,TBX,0.5973338445947142
fsew0,fsew0_183,TBY,0.8600249697580001
fsew0,fsew0_183,TTX,0.7722799380658251
fsew0,fsew0_183,TTY,0.8690141901128331
fsew0,fsew0_183,LIX,0.4395015283668734
fsew0,fsew0_183,LIY,0.785349627792921
fsew0,fsew0_183,ULX,0.5987620487613575
fsew0,fsew0_183,ULY,0.832226856735819
fsew0,fsew0_183,LLX,-0.08444614015842794
fsew0,fsew0_183,LLY,0.9068805891857601
fsew0,fsew0_184,TDX,0.6643801775054023
fsew0,fsew0_184,TDY,0.7967956136969563
fsew0,fsew0_184,TBX,0.6652047059701404
fsew0,fsew0_184,TBY,0.8886430149868575
fsew0,fsew0_184,TTX,0.7234884311675173
fsew0,fsew0_184,TTY,0.7319886759992169
fsew0,fsew0_184,LIX,0.7375863717750669
fsew0,fsew0_184,LIY,0.7496329333580737
fsew0,fsew0_184,ULX,0.6307669518380359
fsew0,fsew0_184,ULY,0.40692251296361776
fsew0,fsew0_184,LLX,0.6144882264269731
fsew0,fsew0_184,LLY,0.8139865755273913
fsew0,fsew0_185,TDX,0.4041677448434803
fsew0,fsew0_185,TDY,0.8333606782338396
fsew0,fsew0_185,TBX,0.3144276790762758
fsew0,fsew0_185,TBY,0.8933063210945013
fsew0,fsew0_185,TTX,0.6597823302455592
fsew0,fsew0_185,TTY,0.3437016646850465
fsew0,fsew0_185,LIX,0.6359397904184925
fsew0,fsew0_185,LIY,0.7823217276323596
fsew0,fsew0_185,ULX,0.5265659014621742
fsew0,fsew0_185,ULY,0.6809493082260748
fsew0,fsew0_185,LLX,0.6766067118938962
fsew0,fsew0_185,LLY,0.6833406029687628
fsew0,fsew0_186,TDX,0.7891502904942516
fsew0,fsew0_186,TDY,0.8545987441328404
fsew0,fsew0_186,TBX,0.8563187908348335
fsew0,fsew0_186,TBY,0.8553686555815764
fsew0,fsew0_186,TTX,0.8162201839830004
fsew0,fsew0_186,TTY,0.7530787499444038
fsew0,fsew0_186,LIX,0.5382049300920038
fsew0,fsew0_186,LIY,0.7957010245277695
fsew0,fsew0_186,ULX,0.7719477288866061
fsew0,fsew0_186,ULY,0.6670574931998194
fsew0,fsew0_186,LLX,0.6586225605223304
fsew0,fsew0_186,LLY,0.7681199442311771
fsew0,fsew0_187,TDX,0.7364724754546073
fsew0,fsew0_187,TDY,0.7969510274847361
fsew0,fsew0_187,TBX,0.6819878428993109
fsew0,fsew0_187,TBY,0.8429883582834914
fsew0,fsew0_187,TTX,0.7360136690572375
fsew0,fsew0_187,TTY,0.7814832664686999
fsew0,fsew0_187,LIX,0.705109238126451
fsew0,fsew0_187,LIY,0.8910179436346563
fsew0,fsew0_187,ULX,0.7755436984899896
fsew0,fsew0_187,ULY,0.8371356569052488
fsew0,fsew0_187,LLX,0.7355809240779875
fsew0,fsew0_187,LLY,0.9469736403338885
fsew0,fsew0_188,TDX,0.7968013280625947
fsew0,fsew0_188,TDY,0.8938148576859068
fsew0,fsew0_188,TBX,0.8273657888735402
fsew0,fsew0_188,TBY,0.9104974981728144
fsew0,fsew0_188,TTX,0.7690054513061293
fsew0,fsew0_188,TTY,0.7962641333122163
fsew0,fsew0_188,LIX,0.5503092896849471
fsew0,fsew0_188,LIY,0.9021715126050301
fsew0,fsew0_188,ULX,0.7239320227345918
fsew0,fsew0_188,ULY,0.8190461657310486
fsew0,fsew0_188,LLX,0.7132684558644682
fsew0,fsew0_188,LLY,0.8423163111668945
fsew0,fsew0_189,TDX,0.8124396314165179
fsew0,fsew0_189,TDY,0.5905779041946204
fsew0,fsew0_189,TBX,0.8626938551202429
fsew0,fsew0_189,TBY,0.7419175564595192
fsew0,fsew0_189,TTX,0.8672587442467553
fsew0,fsew0_189,TTY,0.8942407050311075
fsew0,fsew0_189,LIX,0.6229248921604161
fsew0,fsew0_189,LIY,0.8174218903884014
fsew0,fsew0_189,ULX,0.6141962041677956
fsew0,fsew0_189,ULY,0.40586812362631863
fsew0,fsew0_189,LLX,0.2857185538540248
fsew0,fsew0_189,LLY,0.9096358342173088
fsew0,fsew0_190,TDX,0.8031907729859249
fsew0,fsew0_190,TDY,0.5524824569379406
fsew0,fsew0_190,TBX,0.7785834161086217
fsew0,fsew0_190,TBY,0.8062442104240225
fsew0,fsew0_190,TTX,0.7891676066591946
fsew0,fsew0_190,TTY,0.857953071905615
fsew0,fsew0_190,LIX,0.8253619825000674
fsew0,fsew0_190,LIY,0.9257993925596838
fsew0,fsew0_190,ULX,0.5561836901217935
fsew0,fsew0_190,ULY,0.7004994443836374
fsew0,fsew0_190,LLX,0.7751335902938262
fsew0,fsew0_190,LLY,0.8540730040765119
fsew0,fsew0_191,TDX,0.7650401770072983
fsew0,fsew0_191,TDY,0.8515223184921782
fsew0,fsew0_191,TBX,0.8221395679159474
fsew0,fsew0_191,TBY,0.8518405385701032
fsew0,fsew0_191,TTX,0.8998879158971296
fsew0,fsew0_191,TTY,0.7445935198779224
fsew0,fsew0_191,LIX,0.3026172594841342
fsew0,fsew0_191,LIY,0.7252350703826309
fsew0,fsew0_191,ULX,0.5577005299397344
fsew0,fsew0_191,ULY,0.6113429087792824
fsew0,fsew0_191,LLX,0.26500134486694055
fsew0,fsew0_191,LLY,0.8204999954190952
fsew0,fsew0_192,TDX,0.7707398378052616
fsew0,fsew0_192,TDY,0.8790696292448211
fsew0,fsew0_192,TBX,0.8145208982691325
fsew0,fsew0_192,TBY,0.882067675159701
fsew0,fsew0_192,TTX,0.8235771570123347
fsew0,fsew0_192,TTY,0.6943767413882175
fsew0,fsew0_192,LIX,0.45777510147524775
fsew0,fsew0_192,LIY,0.8194079363396428
fsew0,fsew0_192,ULX,0.8301822530339773
fsew0,fsew0_192,ULY,0.7892242845451458
fsew0,fsew0_192,LLX,0.2755960294979432
fsew0,fsew0_192,LLY,0.8457582239005877
fsew0,fsew0_193,TDX,0.7982257956891214
fsew0,fsew0_193,TDY,0.6829389365262352
fsew0,fsew0_193,TBX,0.7572156526544251
fsew0,fsew0_193,TBY,0.7610010820464225
fsew0,fsew0_193,TTX,0.82554056764726
fsew0,fsew0_193,TTY,0.794856852841423
fsew0,fsew0_193,LIX,0.6157858569673017
fsew0,fsew0_193,LIY,0.8373945789889005
fsew0,fsew0_193,ULX,0.7730259868393485
fsew0,fsew0_193,ULY,0.3764020585546792
fsew0,fsew0_193,LLX,0.6654265558656288
fsew0,fsew0_193,LLY,0.9350451045248445
fsew0,fsew0_194,TDX,0.7393434819393234
fsew0,fsew0_194,TDY,0.8039436244620242
fsew0,fsew0_194,TBX,0.7541084161559837
fsew0,fsew0_194,TBY,0.7752101265161653
fsew0,fsew0_194,TTX,0.7380059964632112
fsew0,fsew0_194,TTY,0.7907536433918112
fsew0,fsew0_194,LIX,0.7037365412733213
fsew0,fsew0_194,LIY,0.8543007117288549
fsew0,fsew0_194,ULX,0.607777393715597
fsew0,fsew0_194,ULY,0.7239177343961286
fsew0,fsew0_194,LLX,0.7433417279244824
fsew0,fsew0_194,LLY,0.9008828474459641
fsew0,fsew0_195,TDX,0.9188292895719119
fsew0,fsew0_195,TDY,0.7670859624322544
fsew0,fsew0_195,TBX,0.8929404413631172
fsew0,fsew0_195,TBY,0.8742714234465938
fsew0,fsew0_195,TTX,0.8894413090974219
fsew0,fsew0_195,TTY,0.8662812273242364
fsew0,fsew0_195,LIX,0.7900133777080757
fsew0,fsew0_195,LIY,0.746158550880805
fsew0,fsew0_195,ULX,0.7845081770156679
fsew0,fsew0_195,ULY,0.7120792609695427
fsew0,fsew0_195,LLX,0.7338787728178636
fsew0,fsew0_195,LLY,0.8483576547840531
fsew0,fsew0_196,TDX,0.7819893209319851
fsew0,fsew0_196,TDY,0.5989458928283432
fsew0,fsew0_196,TBX,0.7759018577734739
fsew0,fsew0_196,TBY,0.8330556337172663
fsew0,fsew0_196,TTX,0.867755641809405
fsew0,fsew0_196,TTY,0.8383216924182538
fsew0,fsew0_196,LIX,0.5384082755867354
fsew0,fsew0_196,LIY,0.8695310272640931
fsew0,fsew0_196,ULX,0.6988618239346652
fsew0,fsew0_196,ULY,0.3769561384882275
fsew0,fsew0_196,LLX,0.46464479380110946
fsew0,fsew0_196,LLY,0.9404974847002097
fsew0,fsew0_197,TDX,0.8728097087140603
fsew0,fsew0_197,TDY,0.857378518195287
fsew0,fsew0_197,TBX,0.8622238843596626
fsew0,fsew0_197,TBY,0.883354339205713
fsew0,fsew0_197,TTX,0.7884260485319078
fsew0,fsew0_197,TTY,0.8693179541963465
fsew0,fsew0_197,LIX,0.5834329066440628
fsew0,fsew0_197,LIY,0.6474275750220636
fsew0,fsew0_197,ULX,0.3779085997020731
fsew0,fsew0_197,ULY,0.8932707996053547
fsew0,fsew0_197,LLX,0.44502552762976405
fsew0,fsew0_197,LLY,0.8727038260933517
fsew0,fsew0_198,TDX,0.6192038982399101
fsew0,fsew0_198,TDY,0.8065262738877574
fsew0,fsew0_198,TBX,0.6285566832966515
fsew0,fsew0_198,TBY,0.8659759948717651
fsew0,fsew0_198,TTX,0.741195892670938
fsew0,fsew0_198,TTY,0.8670766815205282
fsew0,fsew0_198,LIX,0.877847527115441
fsew0,fsew0_198,LIY,0.9290215737670328
fsew0,fsew0_198,ULX,0.7180392182530637
fsew0,fsew0_198,ULY,0.6565009184222381
fsew0,fsew0_198,LLX,0.7160167534517993
fsew0,fsew0_198,LLY,0.8623500584494911
fsew0,fsew0_199,TDX,0.5854509473284271
fsew0,fsew0_199,TDY,0.6394137269444301
fsew0,fsew0_199,TBX,0.5214693259831441
fsew0,fsew0_199,TBY,0.8383630641348363
fsew0,fsew0_199,TTX,0.6433025141172789
fsew0,fsew0_199,TTY,0.9044338694031101
fsew0,fsew0_199,LIX,0.8176585032686493
fsew0,fsew0_199,LIY,0.964782965302866
fsew0,fsew0_199,ULX,0.7819984462895556
fsew0,fsew0_199,ULY,0.380796104354189
fsew0,fsew0_199,LLX,0.8356463148197271
fsew0,fsew0_199,LLY,0.9145505447687622
fsew0,fsew0_200,TDX,0.7690568146989138
fsew0,fsew0_200,TDY,0.7948915398834495
fsew0,fsew0_200,TBX,0.7314481000116337
fsew0,fsew0_200,TBY,0.8295505567651908
fsew0,fsew0_200,TTX,0.5550566536371689
fsew0,fsew0_200,TTY,0.7307915356309962
fsew0,fsew0_200,LIX,0.5788831000442651
fsew0,fsew0_200,LIY,0.8153641732763478
fsew0,fsew0_200,ULX,0.4413989888355142
fsew0,fsew0_200,ULY,0.6979052705022198
fsew0,fsew0_200,LLX,0.6196500967350616
fsew0,fsew0_200,LLY,0.7185947614864238
fsew0,fsew0_201,TDX,0.8456443992942626
fsew0,fsew0_201,TDY,0.8319393161733296
fsew0,fsew0_201,TBX,0.830456842898986
fsew0,fsew0_201,TBY,0.8852601248049684
fsew0,fsew0_201,TTX,0.7956441900903343
fsew0,fsew0_201,TTY,0.7971545696248625
fsew0,fsew0_201,LIX,0.6020917965312114
fsew0,fsew0_201,LIY,0.9058076147305425
fsew0,fsew0_201,ULX,0.9008958724961725
fsew0,fsew0_201,ULY,0.10969724621053252
fsew0,fsew0_201,LLX,0.6896330782269746
fsew0,fsew0_201,LLY,0.8641994079203094
fsew0,fsew0_202,TDX,0.7927510872746706
fsew0,fsew0_202,TDY,0.7875640495070401
fsew0,fsew0_202,TBX,0.5844444504807446
fsew0,fsew0_202,TBY,0.8046193650582713
fsew0,fsew0_202,TTX,0.43501998962980315
fsew0,fsew0_202,TTY,0.8161812594784824
fsew0,fsew0_202,LIX,0.7418029199059627
fsew0,fsew0_202,LIY,0.7538619165794495
fsew0,fsew0_202,ULX,0.5200378670191453
fsew0,fsew0_202,ULY,0.8348579788616338
fsew0,fsew0_202,LLX,0.5027700828508727
fsew0,fsew0_202,LLY,0.8219950042194274
fsew0,fsew0_203,TDX,0.7232242431795544
fsew0,fsew0_203,TDY,0.7828186660928192
fsew0,fsew0_203,TBX,0.7722837745460047
fsew0,fsew0_203,TBY,0.8294359021800365
fsew0,fsew0_203,TTX,0.7685955334462389
fsew0,fsew0_203,TTY,0.824215531915983
fsew0,fsew0_203,LIX,0.6043167910706483
fsew0,fsew0_203,LIY,0.8535923773103531
fsew0,fsew0_203,ULX,0.8210734213739659
fsew0,fsew0_203,ULY,0.48465385157385293
fsew0,fsew0_203,LLX,0.6340933290874019
fsew0,fsew0_203,LLY,0.8310061199875876
fsew0,fsew0_204,TDX,0.7920774856386137
fsew0,fsew0_204,TDY,0.8369228394948096
fsew0,fsew0_204,TBX,0.8043246454404951
fsew0,fsew0_204,TBY,0.8495603280372108
fsew0,fsew0_204,TTX,0.9028384281104698
fsew0,fsew0_204,TTY,0.8312191154891159
fsew0,fsew0_204,LIX,0.5405635864290422
fsew0,fsew0_204,LIY,0.7934238742990949
fsew0,fsew0_204,ULX,0.5544402551789854
fsew0,fsew0_204,ULY,0.6952319013190578
fsew0,fsew0_204,LLX,0.4901027594619153
fsew0,fsew0_204,LLY,0.8458283563326913
fsew0,fsew0_205,TDX,0.6897905413044909
fsew0,fsew0_205,TDY,0.8961067933214244
fsew0,fsew0_205,TBX,0.674164679892809
fsew0,fsew0_205,TBY,0.8982280303246247
fsew0,fsew0_205,TTX,0.7176877435435566
fsew0,fsew0_205,TTY,0.7743306633982857
fsew0,fsew0_205,LIX,0.5015798327878143
fsew0,fsew0_205,LIY,0.7804791792678368
fsew0,fsew0_205,ULX,0.6010922429571726
fsew0,fsew0_205,ULY,0.834092005533549
fsew0,fsew0_205,LLX,0.5707590435037515
fsew0,fsew0_205,LLY,0.8103880513014863
fsew0,fsew0_206,TDX,0.7613581717838503
fsew0,fsew0_206,TDY,0.842302404291656
fsew0,fsew0_206,TBX,0.7530672279579003
fsew0,fsew0_206,TBY,0.8682857006795656
fsew0,fsew0_206,TTX,0.7988226910494124
fsew0,fsew0_206,TTY,0.8513896461811786
fsew0,fsew0_206,LIX,0.5662076142402179
fsew0,fsew0_206,LIY,0.9090596540116717
fsew0,fsew0_206,ULX,0.7838394969366838
fsew0,fsew0_206,ULY,0.7848520771526228
fsew0,fsew0_206,LLX,0.799776888399706
fsew0,fsew0_206,LLY,0.9282792015416516
fsew0,fsew0_207,TDX,0.8273443267283005
fsew0,fsew0_207,TDY,0.7716765840326812
fsew0,fsew0_207,TBX,0.9144661825836067
fsew0,fsew0_207,TBY,0.7870784340243071
fsew0,fsew0_207,TTX,0.9467511227372359
fsew0,fsew0_207,TTY,0.6846820274821651
fsew0,fsew0_207,LIX,0.5002471349716141
fsew0,fsew0_207,LIY,0.6615678723481425
fsew0,fsew0_207,ULX,0.7699570394621699
fsew0,fsew0_207,ULY,0.6226873644131266
fsew0,fsew0_207,LLX,0.7257516660127263
fsew0,fsew0_207,LLY,0.8964938534101358
fsew0,fsew0_208,TDX,0.5351067642476713
fsew0,fsew0_208,TDY,0.8763949719042519
fsew0,fsew0_208,TBX,0.6779602668829291
fsew0,fsew0_208,TBY,0.9361480321437182
fsew0,fsew0_208,TTX,0.7672128698978693
fsew0,fsew0_208,TTY,0.8319096498036033
fsew0,fsew0_208,LIX,0.595756575068949
fsew0,fsew0_208,LIY,0.9283817794267994
fsew0,fsew0_208,ULX,0.6402639357966862
fsew0,fsew0_208,ULY,0.690006244602701
fsew0,fsew0_208,LLX,0.8024175353639786
fsew0,fsew0_208,LLY,0.8716387956881926
fsew0,fsew0_209,TDX,0.6394194458485035
fsew0,fsew0_209,TDY,0.8392184688909937
fsew0,fsew0_209,TBX,0.653369106397613
fsew0,fsew0_209,TBY,0.8071987478466827
fsew0,fsew0_209,TTX,0.6685617750468835
fsew0,fsew0_209,TTY,0.8096004055145641
fsew0,fsew0_209,LIX,0.368926526946338
fsew0,fsew0_209,LIY,0.9130764212346796
fsew0,fsew0_209,ULX,0.7175276253869566
fsew0,fsew0_209,ULY,0.8027094950019302
fsew0,fsew0_209,LLX,0.6130100199005769
fsew0,fsew0_209,LLY,0.8377073529566473
fsew0,fsew0_210,TDX,0.7411216029896263
fsew0,fsew0_210,TDY,0.8255952824060504
fsew0,fsew0_210,TBX,0.7874902675807222
fsew0,fsew0_210,TBY,0.9149486923561408
fsew0,fsew0_210,TTX,0.7900065109289075
fsew0,fsew0_210,TTY,0.8033007378132684
fsew0,fsew0_210,LIX,0.4914453638422013
fsew0,fsew0_210,LIY,0.7963501284477148
fsew0,fsew0_210,ULX,0.6990096074011859
fsew0,fsew0_210,ULY,0.8376781922320248
fsew0,fsew0_210,LLX,0.6707419555461985
fsew0,fsew0_210,LLY,0.670125650040605
fsew0,fsew0_211,TDX,0.531441155330258
fsew0,fsew0_211,TDY,0.884280780456014
fsew0,fsew0_211,TBX,0.7803753121561591
fsew0,fsew0_211,TBY,0.8735700584572704
fsew0,fsew0_211,TTX,0.5195935702286261
fsew0,fsew0_211,TTY,0.37638606459179375
fsew0,fsew0_211,LIX,0.36700337621241236
fsew0,fsew0_211,LIY,0.48698159425988163
fsew0,fsew0_211,ULX,0.9330262883003596
fsew0,fsew0_211,ULY,0.823067171770871
fsew0,fsew0_211,LLX,0.7325378942389987
fsew0,fsew0_211,LLY,0.8169192812291385
fsew0,fsew0_212,TDX,0.841785567991481
fsew0,fsew0_212,TDY,0.8645995797746532
fsew0,fsew0_212,TBX,0.8753083832144357
fsew0,fsew0_212,TBY,0.90806724573263
fsew0,fsew0_212,TTX,0.8363085683018678
fsew0,fsew0_212,TTY,0.7783179400895545
fsew0,fsew0_212,LIX,0.39046862153717343
fsew0,fsew0_212,LIY,0.8491068704767081
fsew0,fsew0_212,ULX,0.8231572333733725
fsew0,fsew0_212,ULY,0.8400690956857083
fsew0,fsew0_212,LLX,0.6664584278423361
fsew0,fsew0_212,LLY,0.8596353279255052
fsew0,fsew0_213,TDX,0.6529501337556505
fsew0,fsew0_213,TDY,0.8300729487561941
fsew0,fsew0_213,TBX,0.7545266130192864
fsew0,fsew0_213,TBY,0.766048058681376
fsew0,fsew0_213,TTX,0.8847880515968569
fsew0,fsew0_213,TTY,0.8566948708152817
fsew0,fsew0_213,LIX,0.40417786861120975
fsew0,fsew0_213,LIY,0.8283963335805878
fsew0,fsew0_213,ULX,0.5407214527026218
fsew0,fsew0_213,ULY,0.8764556466773208
fsew0,fsew0_213,LLX,0.36720983157212433
fsew0,fsew0_213,LLY,0.9040944151185413
fsew0,fsew0_214,TDX,0.7348288054723795
fsew0,fsew0_214,TDY,0.8321726394709615
fsew0,fsew0_214,TBX,0.7709261940599769
fsew0,fsew0_214,TBY,0.8647374918582569
fsew0,fsew0_214,TTX,0.7723519288578853
fsew0,fsew0_214,TTY,0.850147417036671
fsew0,fsew0_214,LIX,0.23313598331409272
fsew0,fsew0_214,LIY,0.5422874888737184
fsew0,fsew0_214,ULX,0.36219079053669323
fsew0,fsew0_214,ULY,0.5482193622902012
fsew0,fsew0_214,LLX,0.0734860188084045
fsew0,fsew0_214,LLY,0.7251652993183928
fsew0,fsew0_215,TDX,0.8033609170724978
fsew0,fsew0_215,TDY,0.8003217141781533
fsew0,fsew0_215,TBX,0.8371252305331824
fsew0,fsew0_215,TBY,0.8440090938084399
fsew0,fsew0_215,TTX,0.8808787259235018
fsew0,fsew0_215,TTY,0.7782092772767734
fsew0,fsew0_215,LIX,0.34927164162703483
fsew0,fsew0_215,LIY,0.8826582011984185
fsew0,fsew0_215,ULX,0.6864865273730242
fsew0,fsew0_215,ULY,0.7706200231790022
fsew0,fsew0_215,LLX,0.5259465106355338
fsew0,fsew0_215,LLY,0.8948178508605069
fsew0,fsew0_216,TDX,0.8264517345010984
fsew0,fsew0_216,TDY,0.7667274166854432
fsew0,fsew0_216,TBX,0.8738547984108714
fsew0,fsew0_216,TBY,0.7268334270964806
fsew0,fsew0_216,TTX,0.9307817540645564
fsew0,fsew0_216,TTY,0.6787286034860708
fsew0,fsew0_216,LIX,0.5653602786069203
fsew0,fsew0_216,LIY,0.8581965892942476
fsew0,fsew0_216,ULX,0.8141501423166876
fsew0,fsew0_216,ULY,0.69966219008329
fsew0,fsew0_216,LLX,0.6785080539172609
fsew0,fsew0_216,LLY,0.8727746824013183
fsew0,fsew0_217,TDX,0.743650571327148
fsew0,fsew0_217,TDY,0.8995866049194372
fsew0,fsew0_217,TBX,0.7279377078197782
fsew0,fsew0_217,TBY,0.8953733966551229
fsew0,fsew0_217,TTX,0.832265593295176
fsew0,fsew0_217,TTY,0.8767445124218641
fsew0,fsew0_217,LIX,0.6069776315805406
fsew0,fsew0_217,LIY,0.9040864403188796
fsew0,fsew0_217,ULX,0.44205415516306096
fsew0,fsew0_217,ULY,0.31744081067707236
fsew0,fsew0_217,LLX,0.4696609691930989
fsew0,fsew0_217,LLY,0.8211343934422513
fsew0,fsew0_218,TDX,0.7984496274522839
fsew0,fsew0_218,TDY,0.8475901793005735
fsew0,fsew0_218,TBX,0.7534674744627256
fsew0,fsew0_218,TBY,0.9128254168193394
fsew0,fsew0_218,TTX,0.7967714253652696
fsew0,fsew0_218,TTY,0.8408296912461564
fsew0,fsew0_218,LIX,0.5772716850792532
fsew0,fsew0_218,LIY,0.8486520396322504
fsew0,fsew0_218,ULX,0.629169994932955
fsew0,fsew0_218,ULY,0.7624551492834619
fsew0,fsew0_218,LLX,0.3593671653892453
fsew0,fsew0_218,LLY,0.8270326656564897
fsew0,fsew0_219,TDX,0.49603947005281174
fsew0,fsew0_219,TDY,0.8282238136248057
fsew0,fsew0_219,TBX,0.6485736225028235
fsew0,fsew0_219,TBY,0.863225560779084
fsew0,fsew0_219,TTX,0.6253332133811322
fsew0,fsew0_219,TTY,0.8448476928926643
fsew0,fsew0_219,LIX,0.5220301287581324
fsew0,fsew0_219,LIY,0.7455147276295592
fsew0,fsew0_219,ULX,0.5595964322378015
fsew0,fsew0_219,ULY,0.8264801242534567
fsew0,fsew0_219,LLX,0.30086209574636735
fsew0,fsew0_219,LLY,0.8837091957255491
fsew0,fsew0_220,TDX,0.8592909826138623
fsew0,fsew0_220,TDY,0.7037523991193607
fsew0,fsew0_220,TBX,0.8644744704135342
fsew0,fsew0_220,TBY,0.6987380808816502
fsew0,fsew0_220,TTX,0.8333119765692976
fsew0,fsew0_220,TTY,0.7511931038145824
fsew0,fsew0_220,LIX,0.5411345535322122
fsew0,fsew0_220,LIY,0.5155553516309077
fsew0,fsew0_220,ULX,-0.23934364826245721
fsew0,fsew0_220,ULY,0.7618993801035707
fsew0,fsew0_220,LLX,0.12731603387310136
fsew0,fsew0_220,LLY,0.7893590382724249
fsew0,fsew0_221,TDX,0.6408844993795495
fsew0,fsew0_221,TDY,0.8242792921991022
fsew0,fsew0_221,TBX,0.5547078448869261
fsew0,fsew0_221,TBY,0.6824783369696527
fsew0,fsew0_221,TTX,0.7343868099695723
fsew0,fsew0_221,TTY,0.8113743608872359
fsew0,fsew0_221,LIX,0.7732712037305385
fsew0,fsew0_221,LIY,0.8808267745760088
fsew0,fsew0_221,ULX,0.5416286675460799
fsew0,fsew0_221,ULY,0.8746306017733743
fsew0,fsew0_221,LLX,0.5600411330747329
fsew0,fsew0_221,LLY,0.8862766966193344
fsew0,fsew0_222,TDX,0.6782837031973273
fsew0,fsew0_222,TDY,0.8581133315493776
fsew0,fsew0_222,TBX,0.7037763513665081
fsew0,fsew0_222,TBY,0.89204331472862
fsew0,fsew0_222,TTX,0.8346060188619451
fsew0,fsew0_222,TTY,0.7873002578548385
fsew0,fsew0_222,LIX,0.4494076122929725
fsew0,fsew0_222,LIY,0.6575566495578355
fsew0,fsew0_222,ULX,0.6470317451264264
fsew0,fsew0_222,ULY,0.6479086755810146
fsew0,fsew0_222,LLX,0.5061947576365303
fsew0,fsew0_222,LLY,0.8541607650333817
fsew0,fsew0_223,TDX,0.6872896359792836
fsew0,fsew0_223,TDY,0.7712775859863906
fsew0,fsew0_223,TBX,0.6701694052682091
fsew0,fsew0_223,TBY,0.8697218006791886
fsew0,fsew0_223,TTX,0.7192625886643828
fsew0,fsew0_223,TTY,0.8140963358543596
fsew0,fsew0_223,LIX,0.5451590127367915
fsew0,fsew0_223,LIY,0.8076887973697451
fsew0,fsew0_223,ULX,0.8061223617867317
fsew0,fsew0_223,ULY,0.7419416992455676
fsew0,fsew0_223,LLX,0.18373816812577934
fsew0,fsew0_223,LLY,0.8322095340950219
fsew0,fsew0_224,TDX,0.46581285693508356
fsew0,fsew0_224,TDY,0.8245600588252219
fsew0,fsew0_224,TBX,0.5806855486019759
fsew0,fsew0_224,TBY,0.9180353531706643
fsew0,fsew0_224,TTX,0.7151070254840268
fsew0,fsew0_224,TTY,0.7312676396684592
fsew0,fsew0_224,LIX,0.6904404920433224
fsew0,fsew0_224,LIY,0.8424429943277553
fsew0,fsew0_224,ULX,0.5250265469666446
fsew0,fsew0_224,ULY,0.5607879211029947
fsew0,fsew0_224,LLX,0.6518131061951018
fsew0,fsew0_224,LLY,0.6372675131603586
fsew0,fsew0_225,TDX,0.6709222133690368
fsew0,fsew0_225,TDY,0.7602790553449278
fsew0,fsew0_225,TBX,0.7744196391195156
fsew0,fsew0_225,TBY,0.8664030722720276
fsew0,fsew0_225,TTX,0.8912792379399309
fsew0,fsew0_225,TTY,0.7078856663285181
fsew0,fsew0_225,LIX,0.3945338356281041
fsew0,fsew0_225,LIY,0.8647786868514599
fsew0,fsew0_225,ULX,0.4486749031914432
fsew0,fsew0_225,ULY,0.8048614272540344
fsew0,fsew0_225,LLX,0.6336836002460232
fsew0,fsew0_225,LLY,0.8758325331124321
fsew0,fsew0_226,TDX,0.7362535103172814
fsew0,fsew0_226,TDY,0.7766275691882127
fsew0,fsew0_226,TBX,0.7482082722007785
fsew0,fsew0_226,TBY,0.8328891336661418
fsew0,fsew0_226,TTX,0.8098730940004927
fsew0,fsew0_226,TTY,0.7575008172661926
fsew0,fsew0_226,LIX,0.2569169002858412
fsew0,fsew0_226,LIY,0.5928328336524198
fsew0,fsew0_226,ULX,0.5700018978069933
fsew0,fsew0_226,ULY,0.8377337546855886
fsew0,fsew0_226,LLX,0.2721733760245486
fsew0,fsew0_226,LLY,0.8452222385149718
fsew0,fsew0_227,TDX,0.8093343468344267
fsew0,fsew0_227,TDY,0.7295991251815916
fsew0,fsew0_227,TBX,0.8565114323561261
fsew0,fsew0_227,TBY,0.7264113323131572
fsew0,fsew0_227,TTX,0.8469912981997718
fsew0,fsew0_227,TTY,0.7470787916861916
fsew0,fsew0_227,LIX,0.8488266449329197
fsew0,fsew0_227,LIY,0.7919783117601894
fsew0,fsew0_227,ULX,0.7974665998194603
fsew0,fsew0_227,ULY,0.8709490013988321
fsew0,fsew0_227,LLX,0.8328142080792151
fsew0,fsew0_227,LLY,0.8712229767565891
fsew0,fsew0_228,TDX,0.7065961512711997
fsew0,fsew0_228,TDY,0.8518052790169275
fsew0,fsew0_228,TBX,0.6844665509660838
fsew0,fsew0_228,TBY,0.9213542541926791
fsew0,fsew0_228,TTX,0.9088318290826087
fsew0,fsew0_228,TTY,0.9512505403217345
fsew0,fsew0_228,LIX,0.7173575705250177
fsew0,fsew0_228,LIY,0.941152637760414
fsew0,fsew0_228,ULX,0.7393118089551566
fsew0,fsew0_228,ULY,0.7767228016939284
fsew0,fsew0_228,LLX,0.9250218792252598
fsew0,fsew0_228,LLY,0.8587787880892066
fsew0,fsew0_229,TDX,0.4676578137795606
fsew0,fsew0_229,TDY,0.9148284889823198
fsew0,fsew0_229,TBX,0.47713562304621693
fsew0,fsew0_229,TBY,0.9313960208262795
fsew0,fsew0_229,TTX,0.5655977011503424
fsew0,fsew0_229,TTY,0.7773551376839264
fsew0,fsew0_229,LIX,0.7063962074637251
fsew0,fsew0_229,LIY,0.8934700136442647
fsew0,fsew0_229,ULX,0.37578285363131786
fsew0,fsew0_229,ULY,0.6991311553441075
fsew0,fsew0_229,LLX,0.6994935255062033
fsew0,fsew0_229,LLY,0.8355675131218171
fsew0,fsew0_230,TDX,0.5184448466313523
fsew0,fsew0_230,TDY,0.862821128086966
fsew0,fsew0_230,TBX,0.5543798891429913
fsew0,fsew0_230,TBY,0.7760156256141679
fsew0,fsew0_230,TTX,0.6486422328671557
fsew0,fsew0_230,TTY,0.8182825822245804
fsew0,fsew0_230,LIX,0.5846879303916921
fsew0,fsew0_230,LIY,0.8558988968505946
fsew0,fsew0_230,ULX,0.8994974416907999
fsew0,fsew0_230,ULY,0.6259009112370352
fsew0,fsew0_230,LLX,0.7943798465208151
fsew0,fsew0_230,LLY,0.913208591935279
fsew0,fsew0_231,TDX,0.6469998324319625
fsew0,fsew0_231,TDY,0.7821959581159373
fsew0,fsew0_231,TBX,0.7443635365599451
fsew0,fsew0_231,TBY,0.8164330538826681
fsew0,fsew0_231,TTX,0.8246439471922833
fsew0,fsew0_231,TTY,0.7667948671563787
fsew0,fsew0_231,LIX,0.5396306061073922
fsew0,fsew0_231,LIY,0.8638532568367299
fsew0,fsew0_231,ULX,0.8012336971175387
fsew0,fsew0_231,ULY,0.5624445340547589
fsew0,fsew0_231,LLX,0.6949800112456307
fsew0,fsew0_231,LLY,0.8920916170959962
fsew0,fsew0_232,TDX,0.7803035164854565
fsew0,fsew0_232,TDY,0.7421995716646089
fsew0,fsew0_232,TBX,0.800581194610602
fsew0,fsew0_232,TBY,0.7336814476115934
fsew0,fsew0_232,TTX,0.8605256943215188
fsew0,fsew0_232,TTY,0.8129697946141867
fsew0,fsew0_232,LIX,0.374105639560729
fsew0,fsew0_232,LIY,0.7766295933650583
fsew0,fsew0_232,ULX,0.22296945398482296
fsew0,fsew0_232,ULY,0.8869248069815348
fsew0,fsew0_232,LLX,0.3284629142948051
fsew0,fsew0_232,LLY,0.6958327073265506
fsew0,fsew0_233,TDX,0.7885936914956809
fsew0,fsew0_233,TDY,0.7937373965916726
fsew0,fsew0_233,TBX,0.8632589475090526
fsew0,fsew0_233,TBY,0.858496426741635
fsew0,fsew0_233,TTX,0.8142016222760237
fsew0,fsew0_233,TTY,0.7428559398374185
fsew0,fsew0_233,LIX,0.5346893624854
fsew0,fsew0_233,LIY,0.5575427142360082
fsew0,fsew0_233,ULX,0.5756432843348782
fsew0,fsew0_233,ULY,0.6789133288435116
fsew0,fsew0_233,LLX,0.2508173795811558
fsew0,fsew0_233,LLY,0.7704977537635411
fsew0,fsew0_234,TDX,0.7941670462615826
fsew0,fsew0_234,TDY,0.8679853682717634
fsew0,fsew0_234,TBX,0.7536626790772841
fsew0,fsew0_234,TBY,0.8663755031029764
fsew0,fsew0_234,TTX,0.776665838070673
fsew0,fsew0_234,TTY,0.39172101189818553
fsew0,fsew0_234,LIX,0.39326166011050306
fsew0,fsew0_234,LIY,0.7930343529994484
fsew0,fsew0_234,ULX,0.9310537819103285
fsew0,fsew0_234,ULY,0.8573084073204118
fsew0,fsew0_234,LLX,0.8188033309626517
fsew0,fsew0_234,LLY,0.8367732809525666
fsew0,fsew0_235,TDX,0.8485865130756867
fsew0,fsew0_235,TDY,0.848556219073059
fsew0,fsew0_235,TBX,0.8510865256680288
fsew0,fsew0_235,TBY,0.7722706001647643
fsew0,fsew0_235,TTX,0.5522998871117155
fsew0,fsew0_235,TTY,0.8393735257632499
fsew0,fsew0_235,LIX,0.3571352739634295
fsew0,fsew0_235,LIY,0.7357869374144533
fsew0,fsew0_235,ULX,0.5709993869536681
fsew0,fsew0_235,ULY,0.819024577650819
fsew0,fsew0_235,LLX,0.0683326650874511
fsew0,fsew0_235,LLY,0.9418489148910865
fsew0,fsew0_236,TDX,0.7591203657633654
fsew0,fsew0_236,TDY,0.8261915185247426
fsew0,fsew0_236,TBX,0.7825985550838278
fsew0,fsew0_236,TBY,0.8840192240788891
fsew0,fsew0_236,TTX,0.730296894668947
fsew0,fsew0_236,TTY,0.7471218336376225
fsew0,fsew0_236,LIX,0.7464999451980118
fsew0,fsew0_236,LIY,0.9203393599303415
fsew0,fsew0_236,ULX,0.7297166177896148
fsew0,fsew0_236,ULY,0.7659125728041697
fsew0,fsew0_236,LLX,0.8272643907539543
fsew0,fsew0_236,LLY,0.8791365222477671
fsew0,fsew0_237,TDX,0.8438847257461968
fsew0,fsew0_237,TDY,0.8301897556765051
fsew0,fsew0_237,TBX,0.8220258532085968
fsew0,fsew0_237,TBY,0.6482343410187792
fsew0,fsew0_237,TTX,0.8680934135309589
fsew0,fsew0_237,TTY,0.7747144147904284
fsew0,fsew0_237,LIX,0.7983241768855731
fsew0,fsew0_237,LIY,0.8917812187688051
fsew0,fsew0_237,ULX,0.09459189358364195
fsew0,fsew0_237,ULY,0.7191111070159146
fsew0,fsew0_237,LLX,0.46412217060118754
fsew0,fsew0_237,LLY,0.8651160119199529
fsew0,fsew0_238,TDX,0.8500479123691632
fsew0,fsew0_238,TDY,0.9066726879603857
fsew0,fsew0_238,TBX,0.8502830665426453
fsew0,fsew0_238,TBY,0.9482937193312747
fsew0,fsew0_238,TTX,0.8607862625794666
fsew0,fsew0_238,TTY,0.8030654509772925
fsew0,fsew0_238,LIX,0.7448516741506953
fsew0,fsew0_238,LIY,0.8401056920575058
fsew0,fsew0_238,ULX,0.5628664121457365
fsew0,fsew0_238,ULY,0.6389677517797021
fsew0,fsew0_238,LLX,0.08126636609100095
fsew0,fsew0_238,LLY,0.8829292387375535
fsew0,fsew0_239,TDX,0.8399018702199089
fsew0,fsew0_239,TDY,0.7519991226271818
fsew0,fsew0_239,TBX,0.8194789332707855
fsew0,fsew0_239,TBY,0.785030013954586
fsew0,fsew0_239,TTX,0.8034623571067239
fsew0,fsew0_239,TTY,0.7774867367163505
fsew0,fsew0_239,LIX,0.25510792429746987
fsew0,fsew0_239,LIY,0.8254384057026491
fsew0,fsew0_239,ULX,0.8048998205785348
fsew0,fsew0_239,ULY,0.8958400563269162
fsew0,fsew0_239,LLX,0.17163179019785746
fsew0,fsew0_239,LLY,0.8468979910487374
fsew0,fsew0_240,TDX,0.7320114302442885
fsew0,fsew0_240,TDY,0.8747355808740825
fsew0,fsew0_240,TBX,0.7012267658410054
fsew0,fsew0_240,TBY,0.9141270778496035
fsew0,fsew0_240,TTX,0.6806783168444711
fsew0,fsew0_240,TTY,0.8116101196732144
fsew0,fsew0_240,LIX,0.7930722107860672
fsew0,fsew0_240,LIY,0.8668836126562522
fsew0,fsew0_240,ULX,0.25973306801697915
fsew0,fsew0_240,ULY,0.6127931298725747
fsew0,fsew0_240,LLX,0.7479898947957332
fsew0,fsew0_240,LLY,0.7961412928276503
fsew0,fsew0_241,TDX,0.7230203275683778
fsew0,fsew0_241,TDY,0.8989593592182517
fsew0,fsew0_241,TBX,0.7936545072708244
fsew0,fsew0_241,TBY,0.8564639344193493
fsew0,fsew0_241,TTX,0.8831175228818208
fsew0,fsew0_241,TTY,0.6877718650865886
fsew0,fsew0_241,LIX,0.49492142634871267
fsew0,fsew0_241,LIY,0.917207952007433
fsew0,fsew0_241,ULX,0.48475425769202535
fsew0,fsew0_241,ULY,0.5668656818535864
fsew0,fsew0_241,LLX,0.6715595186375632
fsew0,fsew0_241,LLY,0.7958127571887437
fsew0,fsew0_242,TDX,0.7434335543055239
fsew0,fsew0_242,TDY,0.6907972967132375
fsew0,fsew0_242,TBX,0.8064677371779231
fsew0,fsew0_242,TBY,0.7597414435414587
fsew0,fsew0_242,TTX,0.7805857544882011
fsew0,fsew0_242,TTY,0.8699627418751432
fsew0,fsew0_242,LIX,0.35164984092127594
fsew0,fsew0_242,LIY,0.5561596658478153
fsew0,fsew0_242,ULX,-0.41125692247901907
fsew0,fsew0_242,ULY,0.7437703932052832
fsew0,fsew0_242,LLX,0.47248241438507493
fsew0,fsew0_242,LLY,0.779922631005558
fsew0,fsew0_243,TDX,0.6853368690609695
fsew0,fsew0_243,TDY,0.8130649280368258
fsew0,fsew0_243,TBX,0.6504016453584095
fsew0,fsew0_243,TBY,0.8492303740811453
fsew0,fsew0_243,TTX,0.7645131263320314
fsew0,fsew0_243,TTY,0.6981406310469511
fsew0,fsew0_243,LIX,0.3537988676490194
fsew0,fsew0_243,LIY,0.8930639724188388
fsew0,fsew0_243,ULX,0.4882357500924853
fsew0,fsew0_243,ULY,0.49688594114526213
fsew0,fsew0_243,LLX,0.5952449620143727
fsew0,fsew0_243,LLY,0.8615280074681635
fsew0,fsew0_244,TDX,0.9035688836342965
fsew0,fsew0_244,TDY,0.907936181008024
fsew0,fsew0_244,TBX,0.9222154719093004
fsew0,fsew0_244,TBY,0.823781625176859
fsew0,fsew0_244,TTX,0.9122627770206428
fsew0,fsew0_244,TTY,0.61835634200514
fsew0,fsew0_244,LIX,0.5339276350658364
fsew0,fsew0_244,LIY,0.816571554684544
fsew0,fsew0_244,ULX,0.6219522183192664
fsew0,fsew0_244,ULY,0.4273886476972678
fsew0,fsew0_244,LLX,0.532812866286672
fsew0,fsew0_244,LLY,0.9236705765214668
fsew0,fsew0_245,TDX,0.6842129690093267
fsew0,fsew0_245,TDY,0.8692188657172814
fsew0,fsew0_245,TBX,0.7660086797939303
fsew0,fsew0_245,TBY,0.9139942604100294
fsew0,fsew0_245,TTX,0.6928200067821542
fsew0,fsew0_245,TTY,0.6757238434965458
fsew0,fsew0_245,LIX,0.46622044595900913
fsew0,fsew0_245,LIY,0.8613975413245338
fsew0,fsew0_245,ULX,0.7325261701171691
fsew0,fsew0_245,ULY,0.5863286038170036
fsew0,fsew0_245,LLX,0.44948413074298044
fsew0,fsew0_245,LLY,0.8755512227522743
fsew0,fsew0_246,TDX,0.8495836768602874
fsew0,fsew0_246,TDY,0.8706461638709732
fsew0,fsew0_246,TBX,0.7794563715597158
fsew0,fsew0_246,TBY,0.9206018571760087
fsew0,fsew0_246,TTX,0.7597935540205285
fsew0,fsew0_246,TTY,0.921404159037549
fsew0,fsew0_246,LIX,0.6355707222404874
fsew0,fsew0_246,LIY,0.7571834089362102
fsew0,fsew0_246,ULX,0.33895159087033216
fsew0,fsew0_246,ULY,0.868812411189439
fsew0,fsew0_246,LLX,0.4325957331969668
fsew0,fsew0_246,LLY,0.8683090176295652
fsew0,fsew0_247,TDX,0.9138445336447557
fsew0,fsew0_247,TDY,0.9075499580548293
fsew0,fsew0_247,TBX,0.8897489012977008
fsew0,fsew0_247,TBY,0.9382710543715203
fsew0,fsew0_247,TTX,0.8415438610847695
fsew0,fsew0_247,TTY,0.8625280388430332
fsew0,fsew0_247,LIX,0.5256768148843161
fsew0,fsew0_247,LIY,0.8822046377765898
fsew0,fsew0_247,ULX,0.7470437801070695
fsew0,fsew0_247,ULY,0.23129250679390645
fsew0,fsew0_247,LLX,0.5210486493839803
fsew0,fsew0_247,LLY,0.8771800744982226
fsew0,fsew0_248,TDX,0.7936437058393171
fsew0,fsew0_248,TDY,0.9178508230323257
fsew0,fsew0_248,TBX,0.8368557361932639
fsew0,fsew0_248,TBY,0.8533087189179269
fsew0,fsew0_248,TTX,0.8353096991536977
fsew0,fsew0_248,TTY,0.660303064002316
fsew0,fsew0_248,LIX,0.5937945530793873
fsew0,fsew0_248,LIY,0.8613927747073383
fsew0,fsew0_248,ULX,0.7712526370508744
fsew0,fsew0_248,ULY,0.7975396586889786
fsew0,fsew0_248,LLX,0.6892038219861173
fsew0,fsew0_248,LLY,0.8767300054054665
fsew0,fsew0_249,TDX,0.4377926072174053
fsew0,fsew0_249,TDY,0.9086334507127841
fsew0,fsew0_249,TBX,0.5279681347131783
fsew0,fsew0_249,TBY,0.9081201654225737
fsew0,fsew0_249,TTX,0.5678015648232085
fsew0,fsew0_249,TTY,0.5983228808519809
fsew0,fsew0_249,LIX,0.6632582035292475
fsew0,fsew0_249,LIY,0.5724549395671461
fsew0,fsew0_249,ULX,0.6454509952651559
fsew0,fsew0_249,ULY,0.5474608338400148
fsew0,fsew0_249,LLX,0.5088028551685598
fsew0,fsew0_249,LLY,0.8588978824694605
fsew0,fsew0_250,TDX,0.8087602888552631
fsew0,fsew0_250,TDY,0.7946510475409134
fsew0,fsew0_250,TBX,0.7946847986143661
fsew0,fsew0_250,TBY,0.9193013804820404
fsew0,fsew0_250,TTX,0.802278515325978
fsew0,fsew0_250,TTY,0.8357490209996522
fsew0,fsew0_250,LIX,0.6616808361073767
fsew0,fsew0_250,LIY,0.9156512172830852
fsew0,fsew0_250,ULX,0.4118113258697884
fsew0,fsew0_250,ULY,0.7310320278778499
fsew0,fsew0_250,LLX,0.6048151862345548
fsew0,fsew0_250,LLY,0.867952379352411
fsew0,fsew0_251,TDX,0.8314112583472374
fsew0,fsew0_251,TDY,0.8521146180701665
fsew0,fsew0_251,TBX,0.7765771169334021
fsew0,fsew0_251,TBY,0.8922551373375275
fsew0,fsew0_251,TTX,0.8064442188949312
fsew0,fsew0_251,TTY,0.8526344446056803
fsew0,fsew0_251,LIX,0.7208814144068647
fsew0,fsew0_251,LIY,0.8097214132851378
fsew0,fsew0_251,ULX,0.799565273656731
fsew0,fsew0_251,ULY,0.8931996329110811
fsew0,fsew0_251,LLX,0.8773893954425936
fsew0,fsew0_251,LLY,0.8651093568990187
fsew0,fsew0_252,TDX,0.7684347900788573
fsew0,fsew0_252,TDY,0.8130921408544275
fsew0,fsew0_252,TBX,0.7655712335448381
fsew0,fsew0_252,TBY,0.7200574154210748
fsew0,fsew0_252,TTX,0.779917336214471
fsew0,fsew0_252,TTY,0.661680779436286
fsew0,fsew0_252,LIX,0.5759470499767646
fsew0,fsew0_252,LIY,0.7908206151502032
fsew0,fsew0_252,ULX,0.6945601699762216
fsew0,fsew0_252,ULY,0.6953597027438161
fsew0,fsew0_252,LLX,0.6461886019835923
fsew0,fsew0_252,LLY,0.8474606999869078
fsew0,fsew0_253,TDX,0.840110588602341
fsew0,fsew0_253,TDY,0.7789042059826836
fsew0,fsew0_253,TBX,0.8319953087273451
fsew0,fsew0_253,TBY,0.9164534076902627
fsew0,fsew0_253,TTX,0.8255776540090488
fsew0,fsew0_253,TTY,0.7578836605136062
fsew0,fsew0_253,LIX,0.6466113174938091
fsew0,fsew0_253,LIY,0.8935938401576015
fsew0,fsew0_253,ULX,0.5860819105563594
fsew0,fsew0_253,ULY,0.6926320901044797
fsew0,fsew0_253,LLX,0.6578776530612412
fsew0,fsew0_253,LLY,0.920742758456286
fsew0,fsew0_254,TDX,0.8029966645934223
fsew0,fsew0_254,TDY,0.8147924957261727
fsew0,fsew0_254,TBX,0.7770777062751717
fsew0,fsew0_254,TBY,0.9213211483377731
fsew0,fsew0_254,TTX,0.8714406976840542
fsew0,fsew0_254,TTY,0.8217450066147785
fsew0,fsew0_254,LIX,0.8034397173827044
fsew0,fsew0_254,LIY,0.8242778682531732
fsew0,fsew0_254,ULX,0.6665435937822648
fsew0,fsew0_254,ULY,0.6918148087085608
fsew0,fsew0_254,LLX,0.8248720497196801
fsew0,fsew0_254,LLY,0.8679637712682318
fsew0,fsew0_255,TDX,0.5630440802567659
fsew0,fsew0_255,TDY,0.9212784008628176
fsew0,fsew0_255,TBX,0.6089318062800757
fsew0,fsew0_255,TBY,0.9283181403676052
fsew0,fsew0_255,TTX,0.6463511538628607
fsew0,fsew0_255,TTY,0.8321894241842077
fsew0,fsew0_255,LIX,0.6558478727671638
fsew0,fsew0_255,LIY,0.9493070967978174
fsew0,fsew0_255,ULX,0.7686983434203161
fsew0,fsew0_255,ULY,0.7716941122533519
fsew0,fsew0_255,LLX,0.751605789511603
fsew0,fsew0_255,LLY,0.9356952310935455
fsew0,fsew0_256,TDX,0.6095528252412507
fsew0,fsew0_256,TDY,0.7753714386677087
fsew0,fsew0_256,TBX,0.5919218027556955
fsew0,fsew0_256,TBY,0.7126006509642906
fsew0,fsew0_256,TTX,0.6582904779209678
fsew0,fsew0_256,TTY,0.7778385853476423
fsew0,fsew0_256,LIX,0.7459155710540338
fsew0,fsew0_256,LIY,0.8951213901920726
fsew0,fsew0_256,ULX,0.4645580665417711
fsew0,fsew0_256,ULY,0.7042186677842331
fsew0,fsew0_256,LLX,0.7403671054835901
fsew0,fsew0_256,LLY,0.7582515779732036
fsew0,fsew0_257,TDX,0.4773152640883732
fsew0,fsew0_257,TDY,0.8397325228152467
fsew0,fsew0_257,TBX,0.6446502631573582
fsew0,fsew0_257,TBY,0.8704585653112583
fsew0,fsew0_257,TTX,0.7608763262160234
fsew0,fsew0_257,TTY,0.7081990283810018
fsew0,fsew0_257,LIX,0.7748421111258591
fsew0,fsew0_257,LIY,0.8242705815125735
fsew0,fsew0_257,ULX,0.7026568971649445
fsew0,fsew0_257,ULY,0.6664114769894386
fsew0,fsew0_257,LLX,0.7640914811694031
fsew0,fsew0_257,LLY,0.8918760477381086
fsew0,fsew0_258,TDX,0.6673108890377905
fsew0,fsew0_258,TDY,0.8659784869939038
fsew0,fsew0_258,TBX,0.6839736934974769
fsew0,fsew0_258,TBY,0.904161750770302
fsew0,fsew0_258,TTX,0.7329910675360067
fsew0,fsew0_258,TTY,0.8240885584705813
fsew0,fsew0_258,LIX,0.5510380017212516
fsew0,fsew0_258,LIY,0.7351038095388229
fsew0,fsew0_258,ULX,0.7998114760573265
fsew0,fsew0_258,ULY,0.5827548112664797
fsew0,fsew0_258,LLX,0.6939496480735088
fsew0,fsew0_258,LLY,0.8402653075160591
fsew0,fsew0_259,TDX,0.8664908819633682
fsew0,fsew0_259,TDY,0.807869355938538
fsew0,fsew0_259,TBX,0.881318224807173
fsew0,fsew0_259,TBY,0.7967231518162649
fsew0,fsew0_259,TTX,0.8781107589578707
fsew0,fsew0_259,TTY,0.8377883032511075
fsew0,fsew0_259,LIX,0.6372015326258813
fsew0,fsew0_259,LIY,0.9463124984742676
fsew0,fsew0_259,ULX,0.5434734694622951
fsew0,fsew0_259,ULY,0.8434738652933602
fsew0,fsew0_259,LLX,0.7224226495376288
fsew0,fsew0_259,LLY,0.884023396083175
fsew0,fsew0_260,TDX,0.8211940227630647
fsew0,fsew0_260,TDY,0.9106814525172895
fsew0,fsew0_260,TBX,0.850541668751116
fsew0,fsew0_260,TBY,0.897034636061149
fsew0,fsew0_260,TTX,0.7988228588101081
fsew0,fsew0_260,TTY,0.7346951199159837
fsew0,fsew0_260,LIX,0.6670317227047486
fsew0,fsew0_260,LIY,0.7820444364104898
fsew0,fsew0_260,ULX,0.724575556042734
fsew0,fsew0_260,ULY,0.764497410194175
fsew0,fsew0_260,LLX,0.759064083046736
fsew0,fsew0_260,LLY,0.9171549234393127
fsew0,fsew0_261,TDX,0.7446416415833673
fsew0,fsew0_261,TDY,0.8475544985115926
fsew0,fsew0_261,TBX,0.7269457114776823
fsew0,fsew0_261,TBY,0.8881698576926396
fsew0,fsew0_261,TTX,0.7930218697786006
fsew0,fsew0_261,TTY,0.7222520253861089
fsew0,fsew0_261,LIX,0.5402903442452109
fsew0,fsew0_261,LIY,0.8900448281005081
fsew0,fsew0_261,ULX,0.6890874981297648
fsew0,fsew0_261,ULY,0.737639179034619
fsew0,fsew0_261,LLX,0.8110065802319624
fsew0,fsew0_261,LLY,0.8944648351809753
fsew0,fsew0_262,TDX,0.7402886861137433
fsew0,fsew0_262,TDY,0.8947156427858657
fsew0,fsew0_262,TBX,0.7434282416293266
fsew0,fsew0_262,TBY,0.8808525715328804
fsew0,fsew0_262,TTX,0.7331736534909904
fsew0,fsew0_262,TTY,0.7602674156274101
fsew0,fsew0_262,LIX,0.5344074980452873
fsew0,fsew0_262,LIY,0.7603949583491398
fsew0,fsew0_262,ULX,0.6361722160191711
fsew0,fsew0_262,ULY,0.672020325516401
fsew0,fsew0_262,LLX,0.19670238754176156
fsew0,fsew0_262,LLY,0.9014949621468128
fsew0,fsew0_263,TDX,0.7320735930414898
fsew0,fsew0_263,TDY,0.895029819158265
fsew0,fsew0_263,TBX,0.8153423175964604
fsew0,fsew0_263,TBY,0.8617899988161183
fsew0,fsew0_263,TTX,0.8047731668290298
fsew0,fsew0_263,TTY,0.5986807330892396
fsew0,fsew0_263,LIX,0.4554286878395342
fsew0,fsew0_263,LIY,0.8382939261154482
fsew0,fsew0_263,ULX,0.6433968281745467
fsew0,fsew0_263,ULY,0.5043388531191094
fsew0,fsew0_263,LLX,0.1584736576601746
fsew0,fsew0_263,LLY,0.9025919550486893
fsew0,fsew0_264,TDX,0.9089329340418464
fsew0,fsew0_264,TDY,0.8446524572391236
fsew0,fsew0_264,TBX,0.8761941641720985
fsew0,fsew0_264,TBY,0.8747529668952573
fsew0,fsew0_264,TTX,0.8603531123142278
fsew0,fsew0_264,TTY,0.7213410811748661
fsew0,fsew0_264,LIX,0.5011317721488666
fsew0,fsew0_264,LIY,0.8671342452299484
fsew0,fsew0_264,ULX,0.7185717983514169
fsew0,fsew0_264,ULY,0.4618801720252523
fsew0,fsew0_264,LLX,0.7421801278346601
fsew0,fsew0_264,LLY,0.8899255543090165
fsew0,fsew0_265,TDX,0.7705313312418148
fsew0,fsew0_265,TDY,0.8344596863119883
fsew0,fsew0_265,TBX,0.7118645019934204
fsew0,fsew0_265,TBY,0.8694050981598129
fsew0,fsew0_265,TTX,0.7007430732999803
fsew0,fsew0_265,TTY,0.8115800506350924
fsew0,fsew0_265,LIX,0.6639187500333177
fsew0,fsew0_265,LIY,0.8494821611510512
fsew0,fsew0_265,ULX,0.7166363873331014
fsew0,fsew0_265,ULY,0.5939150311701051
fsew0,fsew0_265,LLX,0.7753914453955177
fsew0,fsew0_265,LLY,0.9168722221841474
fsew0,fsew0_266,TDX,0.8783009565821225
fsew0,fsew0_266,TDY,0.6661861775726766
fsew0,fsew0_266,TBX,0.8510768872189926
fsew0,fsew0_266,TBY,0.8278226770173028
fsew0,fsew0_266,TTX,0.8643997539237951
fsew0,fsew0_266,TTY,0.7230622804778356
fsew0,fsew0_266,LIX,0.06818295975064052
fsew0,fsew0_266,LIY,0.8292682955724097
fsew0,fsew0_266,ULX,0.757804401125178
fsew0,fsew0_266,ULY,0.6614402142331874
fsew0,fsew0_266,LLX,0.5050511122756618
fsew0,fsew0_266,LLY,0.8383007392906189
fsew0,fsew0_267,TDX,0.8185244421478738
fsew0,fsew0_267,TDY,0.8408642211798977
fsew0,fsew0_267,TBX,0.8006790114275512
fsew0,fsew0_267,TBY,0.8416583987853065
fsew0,fsew0_267,TTX,0.8890727267537468
fsew0,fsew0_267,TTY,0.6650123425344062
fsew0,fsew0_267,LIX,0.47274957479444674
fsew0,fsew0_267,LIY,0.8371158675709238
fsew0,fsew0_267,ULX,0.6193277262448534
fsew0,fsew0_267,ULY,0.5913611677774315
fsew0,fsew0_267,LLX,0.5056125918313651
fsew0,fsew0_267,LLY,0.8689313170376507
fsew0,fsew0_268,TDX,0.784931401831108
fsew0,fsew0_268,TDY,0.81318464150447
fsew0,fsew0_268,TBX,0.7062666751571244
fsew0,fsew0_268,TBY,0.928771493397677
fsew0,fsew0_268,TTX,0.725726866804185
fsew0,fsew0_268,TTY,0.7409323100145705
fsew0,fsew0_268,LIX,0.5526916016818336
fsew0,fsew0_268,LIY,0.7873689762447611
fsew0,fsew0_268,ULX,0.7664612083903831
fsew0,fsew0_268,ULY,0.796162541501329
fsew0,fsew0_268,LLX,0.4626452713642232
fsew0,fsew0_268,LLY,0.683919063890827
fsew0,fsew0_269,TDX,0.8441334915338098
fsew0,fsew0_269,TDY,0.8628035976605237
fsew0,fsew0_269,TBX,0.8959988625630104
fsew0,fsew0_269,TBY,0.894938995627779
fsew0,fsew0_269,TTX,0.8880086066109018
fsew0,fsew0_269,TTY,0.8249225938687091
fsew0,fsew0_269,LIX,0.3249555510689337
fsew0,fsew0_269,LIY,0.903858860094175
fsew0,fsew0_269,ULX,0.630517764877859
fsew0,fsew0_269,ULY,0.6640087528724591
fsew0,fsew0_269,LLX,0.35700862143721657
fsew0,fsew0_269,LLY,0.8992653504261741
fsew0,fsew0_270,TDX,0.794435574323793
fsew0,fsew0_270,TDY,0.8438426901114081
fsew0,fsew0_270,TBX,0.7913669597375241
fsew0,fsew0_270,TBY,0.898900717313857
fsew0,fsew0_270,TTX,0.8571905522477792
fsew0,fsew0_270,TTY,0.9009700466665351
fsew0,fsew0_270,LIX,0.15253632752936833
fsew0,fsew0_270,LIY,0.8390883710361875
fsew0,fsew0_270,ULX,0.6803775424140308
fsew0,fsew0_270,ULY,0.7638937255288285
fsew0,fsew0_270,LLX,0.5243558420098545
fsew0,fsew0_270,LLY,0.788075225681832
fsew0,fsew0_271,TDX,0.8438550467958156
fsew0,fsew0_271,TDY,0.8185822115130295
fsew0,fsew0_271,TBX,0.8706059650331944
fsew0,fsew0_271,TBY,0.9072479717504036
fsew0,fsew0_271,TTX,0.8543962746459316
fsew0,fsew0_271,TTY,0.8395943043730156
fsew0,fsew0_271,LIX,0.32250461380786555
fsew0,fsew0_271,LIY,0.6677525367479981
fsew0,fsew0_271,ULX,0.8454690490279516
fsew0,fsew0_271,ULY,0.21835906873170294
fsew0,fsew0_271,LLX,0.6344704053256942
fsew0,fsew0_271,LLY,0.828569652226775
fsew0,fsew0_272,TDX,0.8322466664067256
fsew0,fsew0_272,TDY,0.684005380109139
fsew0,fsew0_272,TBX,0.8499898186553011
fsew0,fsew0_272,TBY,0.8166910155051016
fsew0,fsew0_272,TTX,0.7943672868905605
fsew0,fsew0_272,TTY,0.7073889916362
fsew0,fsew0_272,LIX,0.28510288094417985
fsew0,fsew0_272,LIY,0.6711762944194315
fsew0,fsew0_272,ULX,0.8221189387031578
fsew0,fsew0_272,ULY,-0.1604294624978333
fsew0,fsew0_272,LLX,0.4185900298073869
fsew0,fsew0_272,LLY,0.8676395443262637
fsew0,fsew0_273,TDX,0.7599155854729117
fsew0,fsew0_273,TDY,0.7743710249011471
fsew0,fsew0_273,TBX,0.8017188194166138
fsew0,fsew0_273,TBY,0.9200220299095017
fsew0,fsew0_273,TTX,0.7483472747069067
fsew0,fsew0_273,TTY,0.8397321478892816
fsew0,fsew0_273,LIX,0.5770360406316926
fsew0,fsew0_273,LIY,0.7824343597686308
fsew0,fsew0_273,ULX,0.8417454941040445
fsew0,fsew0_273,ULY,0.5157372332538285
fsew0,fsew0_273,LLX,0.7991197019300935
fsew0,fsew0_273,LLY,0.8299861484775453
fsew0,fsew0_274,TDX,0.5331838777634424
fsew0,fsew0_274,TDY,0.9073029549322144
fsew0,fsew0_274,TBX,0.6301227543988228
fsew0,fsew0_274,TBY,0.8972849767295521
fsew0,fsew0_274,TTX,0.633628490042918
fsew0,fsew0_274,TTY,0.899967503264633
fsew0,fsew0_274,LIX,0.6726897001211296
fsew0,fsew0_274,LIY,0.9158132332998323
fsew0,fsew0_274,ULX,0.596645396436212
fsew0,fsew0_274,ULY,0.5261514503337107
fsew0,fsew0_274,LLX,0.6100983553406082
fsew0,fsew0_274,LLY,0.9059518453520393
fsew0,fsew0_275,TDX,0.7951889136897351
fsew0,fsew0_275,TDY,0.923036866641821
fsew0,fsew0_275,TBX,0.8197531871666883
fsew0,fsew0_275,TBY,0.9114683494027558
fsew0,fsew0_275,TTX,0.7998991058336706
fsew0,fsew0_275,TTY,0.8774914817229041
fsew0,fsew0_275,LIX,0.5867909116703013
fsew0,fsew0_275,LIY,0.8968314749302855
fsew0,fsew0_275,ULX,0.7946609429128731
fsew0,fsew0_275,ULY,0.4303455200819951
fsew0,fsew0_275,LLX,0.6983553397587967
fsew0,fsew0_275,LLY,0.8814269580443473
fsew0,fsew0_276,TDX,0.8636094114802
fsew0,fsew0_276,TDY,0.6243400633944737
fsew0,fsew0_276,TBX,0.8786995840088918
fsew0,fsew0_276,TBY,0.7161692164440218
fsew0,fsew0_276,TTX,0.8287625212744003
fsew0,fsew0_276,TTY,0.6891234110430308
fsew0,fsew0_276,LIX,0.6183184582953992
fsew0,fsew0_276,LIY,0.9204137324594545
fsew0,fsew0_276,ULX,0.5112409361416024
fsew0,fsew0_276,ULY,0.5979560624268345
fsew0,fsew0_276,LLX,0.5674635061874709
fsew0,fsew0_276,LLY,0.930748363428984
fsew0,fsew0_277,TDX,0.7809915613230836
fsew0,fsew0_277,TDY,0.7899461532462313
fsew0,fsew0_277,TBX,0.6579630468363842
fsew0,fsew0_277,TBY,0.9375939133385973
fsew0,fsew0_277,TTX,0.69990146460336
fsew0,fsew0_277,TTY,0.8742944071789119
fsew0,fsew0_277,LIX,0.7176370286637604
fsew0,fsew0_277,LIY,0.8531148699229755
fsew0,fsew0_277,ULX,0.36418073120487254
fsew0,fsew0_277,ULY,0.8706969886254029
fsew0,fsew0_277,LLX,0.7071697694155894
fsew0,fsew0_277,LLY,0.9100830452142491
fsew0,fsew0_278,TDX,0.7110534192531153
fsew0,fsew0_278,TDY,0.8484552162873222
fsew0,fsew0_278,TBX,0.7255772884001451
fsew0,fsew0_278,TBY,0.9103994174751813
fsew0,fsew0_278,TTX,0.764012101185689
fsew0,fsew0_278,TTY,0.9370588748173915
fsew0,fsew0_278,LIX,0.8185472265085448
fsew0,fsew0_278,LIY,0.9333788319503278
fsew0,fsew0_278,ULX,0.7678641423342439
fsew0,fsew0_278,ULY,0.7650025602464615
fsew0,fsew0_278,LLX,0.7489581955926576
fsew0,fsew0_278,LLY,0.8884810879175402
fsew0,fsew0_279,TDX,0.7354103287880601
fsew0,fsew0_279,TDY,0.8590744925769316
fsew0,fsew0_279,TBX,0.8257823149503125
fsew0,fsew0_279,TBY,0.8067784639272306
fsew0,fsew0_279,TTX,0.835773809853146
fsew0,fsew0_279,TTY,0.776132185610599
fsew0,fsew0_279,LIX,0.6190669368227014
fsew0,fsew0_279,LIY,0.6642531113571886
fsew0,fsew0_279,ULX,0.6470015882434751
fsew0,fsew0_279,ULY,0.6055922371217528
fsew0,fsew0_279,LLX,0.7195506855259043
fsew0,fsew0_279,LLY,0.677493102441283
fsew0,fsew0_280,TDX,0.8679912201290902
fsew0,fsew0_280,TDY,0.8383878658112589
fsew0,fsew0_280,TBX,0.8857377714708871
fsew0,fsew0_280,TBY,0.8478919342612641
fsew0,fsew0_280,TTX,0.9099793169583458
fsew0,fsew0_280,TTY,0.715696992655417
fsew0,fsew0_280,LIX,0.3963482210756796
fsew0,fsew0_280,LIY,0.8639554729662051
fsew0,fsew0_280,ULX,0.674258985696534
fsew0,fsew0_280,ULY,0.8259656401574698
fsew0,fsew0_280,LLX,0.35169934500898054
fsew0,fsew0_280,LLY,0.8894029943365712
fsew0,fsew0_281,TDX,0.880444681215883
fsew0,fsew0_281,TDY,0.8989913666301527
fsew0,fsew0_281,TBX,0.9103391568229129
fsew0,fsew0_281,TBY,0.8751041616276203
fsew0,fsew0_281,TTX,0.9067902183414047
fsew0,fsew0_281,TTY,0.7178728911285337
fsew0,fsew0_281,LIX,0.377145454118558
fsew0,fsew0_281,LIY,0.879162164536092
fsew0,fsew0_281,ULX,0.7963979596844324
fsew0,fsew0_281,ULY,0.6485257368946572
fsew0,fsew0_281,LLX,0.7868860252969887
fsew0,fsew0_281,LLY,0.909985380842836
fsew0,fsew0_282,TDX,0.609641551022702
fsew0,fsew0_282,TDY,0.8571219056212216
fsew0,fsew0_282,TBX,0.7361040287025674
fsew0,fsew0_282,TBY,0.8417505966098761
fsew0,fsew0_282,TTX,0.8813244710069016
fsew0,fsew0_282,TTY,0.7644287625164763
fsew0,fsew0_282,LIX,0.11088742604008164
fsew0,fsew0_282,LIY,0.8505661029417233
fsew0,fsew0_282,ULX,0.4209334681731298
fsew0,fsew0_282,ULY,0.768067006713372
fsew0,fsew0_282,LLX,0.48656744334740054
fsew0,fsew0_282,LLY,0.8807312596083832
fsew0,fsew0_283,TDX,0.8104675448475391
fsew0,fsew0_283,TDY,0.8661863904444959
fsew0,fsew0_283,TBX,0.24125666796150066
fsew0,fsew0_283,TBY,0.7214092684919416
fsew0,fsew0_283,TTX,0.8432802636497398
fsew0,fsew0_283,TTY,0.8375301464620853
fsew0,fsew0_283,LIX,0.5418824816376929
fsew0,fsew0_283,LIY,0.8221652279457429
fsew0,fsew0_283,ULX,0.8046330458097097
fsew0,fsew0_283,ULY,0.7214010371178312
fsew0,fsew0_283,LLX,0.7518221122223413
fsew0,fsew0_283,LLY,0.8965170474058227
fsew0,fsew0_284,TDX,0.7740278740951536
fsew0,fsew0_284,TDY,0.7651530073627288
fsew0,fsew0_284,TBX,0.8228010818585565
fsew0,fsew0_284,TBY,0.8366125561193833
fsew0,fsew0_284,TTX,0.8968678613747771
fsew0,fsew0_284,TTY,0.8004703293288545
fsew0,fsew0_284,LIX,0.7427486288478723
fsew0,fsew0_284,LIY,0.8518814569197597
fsew0,fsew0_284,ULX,0.713676031931579
fsew0,fsew0_284,ULY,0.8924522925415918
fsew0,fsew0_284,LLX,0.630159669859751
fsew0,fsew0_284,LLY,0.8542322739535854
fsew0,fsew0_285,TDX,0.9191410098466192
fsew0,fsew0_285,TDY,0.9332117828675633
fsew0,fsew0_285,TBX,0.9493512042993978
fsew0,fsew0_285,TBY,0.8524796130927693
fsew0,fsew0_285,TTX,0.9661170805068624
fsew0,fsew0_285,TTY,0.7622059109350869
fsew0,fsew0_285,LIX,0.82744510753101
fsew0,fsew0_285,LIY,0.9007599910268279
fsew0,fsew0_285,ULX,0.7279477726989584
fsew0,fsew0_285,ULY,0.7292572303752157
fsew0,fsew0_285,LLX,0.7579629758979898
fsew0,fsew0_285,LLY,0.8397967917826247
fsew0,fsew0_286,TDX,0.7826493915694865
fsew0,fsew0_286,TDY,0.8511076883520733
fsew0,fsew0_286,TBX,0.8367880379817921
fsew0,fsew0_286,TBY,0.8897894936463581
fsew0,fsew0_286,TTX,0.862473156001859
fsew0,fsew0_286,TTY,0.8918145369690066
fsew0,fsew0_286,LIX,0.5805480891640676
fsew0,fsew0_286,LIY,0.9075590728111724
fsew0,fsew0_286,ULX,0.7439515497306388
fsew0,fsew0_286,ULY,0.6355455881021403
fsew0,fsew0_286,LLX,0.7251706133797282
fsew0,fsew0_286,LLY,0.9056595590334352
fsew0,fsew0_287,TDX,0.6043305798575062
fsew0,fsew0_287,TDY,0.7338732146174318
fsew0,fsew0_287,TBX,0.6683347305439171
fsew0,fsew0_287,TBY,0.7790728465284181
fsew0,fsew0_287,TTX,0.7835415664859102
fsew0,fsew0_287,TTY,0.8206227542615409
fsew0,fsew0_287,LIX,0.519864078753396
fsew0,fsew0_287,LIY,0.8534388521751707
fsew0,fsew0_287,ULX,0.5367407063091909
fsew0,fsew0_287,ULY,0.43995672826330523
fsew0,fsew0_287,LLX,0.6682783294193594
fsew0,fsew0_287,LLY,0.8329048412362783
fsew0,fsew0_288,TDX,0.7099607018422169
fsew0,fsew0_288,TDY,0.8243606222483263
fsew0,fsew0_288,TBX,0.7511123643543633
fsew0,fsew0_288,TBY,0.7620819858226253
fsew0,fsew0_288,TTX,0.8238630516931587
fsew0,fsew0_288,TTY,0.8223799207811082
fsew0,fsew0_288,LIX,0.6474560189120738
fsew0,fsew0_288,LIY,0.8789395976015429
fsew0,fsew0_288,ULX,0.6124625818471362
fsew0,fsew0_288,ULY,0.7878559451650924
fsew0,fsew0_288,LLX,0.7097613851641782
fsew0,fsew0_288,LLY,0.9302389551177295
fsew0,fsew0_289,TDX,0.8250602396609524
fsew0,fsew0_289,TDY,0.8211700676933321
fsew0,fsew0_289,TBX,0.8713338220597391
fsew0,fsew0_289,TBY,0.8506658280805217
fsew0,fsew0_289,TTX,0.8403948043800271
fsew0,fsew0_289,TTY,0.7813195923013155
fsew0,fsew0_289,LIX,0.5679325490815866
fsew0,fsew0_289,LIY,0.8490383037305196
fsew0,fsew0_289,ULX,0.6354446395477994
fsew0,fsew0_289,ULY,0.7591482843521583
fsew0,fsew0_289,LLX,0.616302129549482
fsew0,fsew0_289,LLY,0.7820490557665605
fsew0,fsew0_290,TDX,0.746106190207691
fsew0,fsew0_290,TDY,0.7239151187720971
fsew0,fsew0_290,TBX,0.7965572914374326
fsew0,fsew0_290,TBY,0.8959419264022938
fsew0,fsew0_290,TTX,0.8233829911504439
fsew0,fsew0_290,TTY,0.8400824918252544
fsew0,fsew0_290,LIX,0.4999426986632784
fsew0,fsew0_290,LIY,0.8283995939444201
fsew0,fsew0_290,ULX,0.5587130477818388
fsew0,fsew0_290,ULY,0.5740637324730181
fsew0,fsew0_290,LLX,0.24690406510358104
fsew0,fsew0_290,LLY,0.8713887072617873
fsew0,fsew0_291,TDX,0.5903984007134984
fsew0,fsew0_291,TDY,0.8650378265095586
fsew0,fsew0_291,TBX,0.5894914719741875
fsew0,fsew0_291,TBY,0.8498698778676299
fsew0,fsew0_291,TTX,0.6740310676306301
fsew0,fsew0_291,TTY,0.789525369830557
fsew0,fsew0_291,LIX,0.6670028477299216
fsew0,fsew0_291,LIY,0.8292158392665475
fsew0,fsew0_291,ULX,0.7136804972195713
fsew0,fsew0_291,ULY,0.6331053963885515
fsew0,fsew0_291,LLX,0.5948870013797555
fsew0,fsew0_291,LLY,0.8210766434383052
fsew0,fsew0_292,TDX,0.6511172438946613
fsew0,fsew0_292,TDY,0.8760178143752222
fsew0,fsew0_292,TBX,0.7031589399879803
fsew0,fsew0_292,TBY,0.8557618676466058
fsew0,fsew0_292,TTX,0.7543762412322453
fsew0,fsew0_292,TTY,0.6149615018620291
fsew0,fsew0_292,LIX,0.5010176355236918
fsew0,fsew0_292,LIY,0.8799715149386634
fsew0,fsew0_292,ULX,0.6791416096635224
fsew0,fsew0_292,ULY,0.6701277534650755
fsew0,fsew0_292,LLX,0.7256974657957815
fsew0,fsew0_292,LLY,0.9122044403634921
fsew0,fsew0_293,TDX,0.7388248478499861
fsew0,fsew0_293,TDY,0.7756795810102555
fsew0,fsew0_293,TBX,0.8366464914275339
fsew0,fsew0_293,TBY,0.8347404574353733
fsew0,fsew0_293,TTX,0.8842269204982158
fsew0,fsew0_293,TTY,0.8671713606175833
fsew0,fsew0_293,LIX,0.49382838939810747
fsew0,fsew0_293,LIY,0.7811440718008692
fsew0,fsew0_293,ULX,0.5797391520410401
fsew0,fsew0_293,ULY,0.8520626916358635
fsew0,fsew0_293,LLX,0.25686327356291977
fsew0,fsew0_293,LLY,0.864361747537351
fsew0,fsew0_294,TDX,0.8264785566976891
fsew0,fsew0_294,TDY,0.7737989747499423
fsew0,fsew0_294,TBX,0.7794843162540163
fsew0,fsew0_294,TBY,0.7998875313863051
fsew0,fsew0_294,TTX,0.8671648810907602
fsew0,fsew0_294,TTY,0.6936759252059581
fsew0,fsew0_294,LIX,0.6792927108707212
fsew0,fsew0_294,LIY,0.7808609437163742
fsew0,fsew0_294,ULX,0.5727006559447207
fsew0,fsew0_294,ULY,0.8159976122600312
fsew0,fsew0_294,LLX,0.36520893677092314
fsew0,fsew0_294,LLY,0.7904736098460274
fsew0,fsew0_295,TDX,0.7714083980775166
fsew0,fsew0_295,TDY,0.8815680071141748
fsew0,fsew0_295,TBX,0.8186805752043522
fsew0,fsew0_295,TBY,0.8653039987568723
fsew0,fsew0_295,TTX,0.8273336236462168
fsew0,fsew0_295,TTY,0.8347248241231612
fsew0,fsew0_295,LIX,0.7424290984222885
fsew0,fsew0_295,LIY,0.7668078353054263
fsew0,fsew0_295,ULX,0.684303142346384
fsew0,fsew0_295,ULY,0.5854797389925042
fsew0,fsew0_295,LLX,0.739106958938011
fsew0,fsew0_295,LLY,0.9541462360563963
fsew0,fsew0_296,TDX,0.46551582407219066
fsew0,fsew0_296,TDY,0.8476457155133518
fsew0,fsew0_296,TBX,0.6801511492553439
fsew0,fsew0_296,TBY,0.8616691586760665
fsew0,fsew0_296,TTX,0.5919202752766132
fsew0,fsew0_296,TTY,0.7583725545392228
fsew0,fsew0_296,LIX,0.6031776407768816
fsew0,fsew0_296,LIY,0.7420081737383578
fsew0,fsew0_296,ULX,0.5867060052154515
fsew0,fsew0_296,ULY,0.7021460816677435
fsew0,fsew0_296,LLX,0.47099882111477737
fsew0,fsew0_296,LLY,0.8911712981744548
fsew0,fsew0_297,TDX,0.7221232726185949
fsew0,fsew0_297,TDY,0.8704528500458646
fsew0,fsew0_297,TBX,0.7250015894304968
fsew0,fsew0_297,TBY,0.7817382735568896
fsew0,fsew0_297,TTX,0.6551518524088012
fsew0,fsew0_297,TTY,0.6756739154410009
fsew0,fsew0_297,LIX,0.6619898150092823
fsew0,fsew0_297,LIY,0.7707236585081007
fsew0,fsew0_297,ULX,0.665503540947295
fsew0,fsew0_297,ULY,0.7191746187600656
fsew0,fsew0_297,LLX,0.5199227974032927
fsew0,fsew0_297,LLY,0.8728198754310582
fsew0,fsew0_298,TDX,0.7637337408180782
fsew0,fsew0_298,TDY,0.842525079541115
fsew0,fsew0_298,TBX,0.7167055047567134
fsew0,fsew0_298,TBY,0.8477853261657593
fsew0,fsew0_298,TTX,0.7608292413376946
fsew0,fsew0_298,TTY,0.6264255643950646
fsew0,fsew0_298,LIX,0.5275581220581425
fsew0,fsew0_298,LIY,0.5855679123255058
fsew0,fsew0_298,ULX,0.814191331998176
fsew0,fsew0_298,ULY,0.836287042189957
fsew0,fsew0_298,LLX,0.6307101880102957
fsew0,fsew0_298,LLY,0.867025947664686
fsew0,fsew0_299,TDX,0.7164095615529474
fsew0,fsew0_299,TDY,0.7619940985725011
fsew0,fsew0_299,TBX,0.7795484294597503
fsew0,fsew0_299,TBY,0.8590060923123188
fsew0,fsew0_299,TTX,0.8305449267723892
fsew0,fsew0_299,TTY,0.822707356824106
fsew0,fsew0_299,LIX,0.4782832978724955
fsew0,fsew0_299,LIY,0.8418308317662292
fsew0,fsew0_299,ULX,0.6391337318187608
fsew0,fsew0_299,ULY,0.4459373896647876
fsew0,fsew0_299,LLX,0.6845195941014627
fsew0,fsew0_299,LLY,0.8008898440269456
fsew0,fsew0_300,TDX,0.7687350069675359
fsew0,fsew0_300,TDY,0.8530825301086912
fsew0,fsew0_300,TBX,0.8163097458997004
fsew0,fsew0_300,TBY,0.9165938406591535
fsew0,fsew0_300,TTX,0.8606125577175165
fsew0,fsew0_300,TTY,0.7532317087192176
fsew0,fsew0_300,LIX,0.6651954194390345
fsew0,fsew0_300,LIY,0.8035564557447039
fsew0,fsew0_300,ULX,0.5158506522801539
fsew0,fsew0_300,ULY,0.6798810025506272
fsew0,fsew0_300,LLX,0.6332740674162735
fsew0,fsew0_300,LLY,0.8764158685035965
fsew0,fsew0_301,TDX,0.8211288405942693
fsew0,fsew0_301,TDY,0.7194441730278862
fsew0,fsew0_301,TBX,0.8293438108321324
fsew0,fsew0_301,TBY,0.8268127496310608
fsew0,fsew0_301,TTX,0.865971696938319
fsew0,fsew0_301,TTY,0.7724004097633534
fsew0,fsew0_301,LIX,0.6097212258041154
fsew0,fsew0_301,LIY,0.8200811434226764
fsew0,fsew0_301,ULX,0.6447342434033921
fsew0,fsew0_301,ULY,0.8810201667659754
fsew0,fsew0_301,LLX,0.24818229571385192
fsew0,fsew0_301,LLY,0.7394583994347887
fsew0,fsew0_302,TDX,0.6535767689362038
fsew0,fsew0_302,TDY,0.8864191644469551
fsew0,fsew0_302,TBX,0.7267092536586388
fsew0,fsew0_302,TBY,0.8227866522045162
fsew0,fsew0_302,TTX,0.8209048093119751
fsew0,fsew0_302,TTY,0.638482627191871
fsew0,fsew0_302,LIX,0.18232811183897182
fsew0,fsew0_302,LIY,0.5941386097906424
fsew0,fsew0_302,ULX,0.8165722508385654
fsew0,fsew0_302,ULY,0.6155993491068829
fsew0,fsew0_302,LLX,0.3866713156913081
fsew0,fsew0_302,LLY,0.8488529677211024
fsew0,fsew0_303,TDX,0.8560196369956927
fsew0,fsew0_303,TDY,0.8413688819117929
fsew0,fsew0_303,TBX,0.8995137338328482
fsew0,fsew0_303,TBY,0.9305421093731089
fsew0,fsew0_303,TTX,0.9004596109024536
fsew0,fsew0_303,TTY,0.8874753892946485
fsew0,fsew0_303,LIX,0.45539273839626254
fsew0,fsew0_303,LIY,0.8413821262603622
fsew0,fsew0_303,ULX,0.5651364623353424
fsew0,fsew0_303,ULY,0.5681420434270184
fsew0,fsew0_303,LLX,0.5513348183511099
fsew0,fsew0_303,LLY,0.7938707070741527
fsew0,fsew0_304,TDX,0.5832961706388088
fsew0,fsew0_304,TDY,0.8849525295638992
fsew0,fsew0_304,TBX,0.6950330444460857
fsew0,fsew0_304,TBY,0.9399207358386851
fsew0,fsew0_304,TTX,0.7699602231737283
fsew0,fsew0_304,TTY,0.8545454740010126
fsew0,fsew0_304,LIX,0.5781376397155031
fsew0,fsew0_304,LIY,0.8640530100956048
fsew0,fsew0_304,ULX,0.8022444331763976
fsew0,fsew0_304,ULY,0.846263859735168
fsew0,fsew0_304,LLX,0.5716621901560414
fsew0,fsew0_304,LLY,0.8260965114217722
fsew0,fsew0_305,TDX,0.4174252873615716
fsew0,fsew0_305,TDY,0.7984726760524873
fsew0,fsew0_305,TBX,0.7359739182026949
fsew0,fsew0_305,TBY,0.8922430288244261
fsew0,fsew0_305,TTX,0.8696060984426107
fsew0,fsew0_305,TTY,0.7941550094247602
fsew0,fsew0_305,LIX,0.5641085280065906
fsew0,fsew0_305,LIY,0.808890773478282
fsew0,fsew0_305,ULX,0.6399579326608199
fsew0,fsew0_305,ULY,0.9016664054750181
fsew0,fsew0_305,LLX,0.6757116378269794
fsew0,fsew0_305,LLY,0.7952256507510225
fsew0,fsew0_306,TDX,0.6167475077760702
fsew0,fsew0_306,TDY,0.8265961966392513
fsew0,fsew0_306,TBX,0.7152781197071848
fsew0,fsew0_306,TBY,0.9318145911184209
fsew0,fsew0_306,TTX,0.8237167721332299
fsew0,fsew0_306,TTY,0.5703418138709423
fsew0,fsew0_306,LIX,0.3813587203457276
fsew0,fsew0_306,LIY,0.8780788373691896
fsew0,fsew0_306,ULX,0.6472513630630328
fsew0,fsew0_306,ULY,0.7810854039202474
fsew0,fsew0_306,LLX,0.5839275396216931
fsew0,fsew0_306,LLY,0.8708760114524476
fsew0,fsew0_307,TDX,0.7536317230507928
fsew0,fsew0_307,TDY,0.8274382877433903
fsew0,fsew0_307,TBX,0.7993106616180664
fsew0,fsew0_307,TBY,0.8938660386316569
fsew0,fsew0_307,TTX,0.8736679932575883
fsew0,fsew0_307,TTY,0.7545437088517074
fsew0,fsew0_307,LIX,0.49327267367383787
fsew0,fsew0_307,LIY,0.641595877098042
fsew0,fsew0_307,ULX,0.7738949527624458
fsew0,fsew0_307,ULY,0.6589819990266441
fsew0,fsew0_307,LLX,0.35139093107786645
fsew0,fsew0_307,LLY,0.8574776598083715
fsew0,fsew0_308,TDX,0.6455132797281246
fsew0,fsew0_308,TDY,0.8356634776629904
fsew0,fsew0_308,TBX,0.7351585381867491
fsew0,fsew0_308,TBY,0.9195379738803071
fsew0,fsew0_308,TTX,0.7885905479855316
fsew0,fsew0_308,TTY,0.6437566183747538
fsew0,fsew0_308,LIX,0.6541993655052352
fsew0,fsew0_308,LIY,0.8410217978416832
fsew0,fsew0_308,ULX,0.43727513142371943
fsew0,fsew0_308,ULY,0.8526911055570413
fsew0,fsew0_308,LLX,0.3155714646792807
fsew0,fsew0_308,LLY,0.9297304926326562
fsew0,fsew0_309,TDX,0.8469845428243108
fsew0,fsew0_309,TDY,0.8768438460303766
fsew0,fsew0_309,TBX,0.8707855170740394
fsew0,fsew0_309,TBY,0.8622973392494688
fsew0,fsew0_309,TTX,0.887342959603943
fsew0,fsew0_309,TTY,0.76728402546008
fsew0,fsew0_309,LIX,0.510903268831596
fsew0,fsew0_309,LIY,0.8458676091314742
fsew0,fsew0_309,ULX,0.20543367136375376
fsew0,fsew0_309,ULY,0.7840815421910523
fsew0,fsew0_309,LLX,0.11903221770987771
fsew0,fsew0_309,LLY,0.8203746905027544
fsew0,fsew0_310,TDX,0.5811321019930122
fsew0,fsew0_310,TDY,0.7367424395200055
fsew0,fsew0_310,TBX,0.6609398382805799
fsew0,fsew0_310,TBY,0.7975045194926994
fsew0,fsew0_310,TTX,0.8408444796031128
fsew0,fsew0_310,TTY,0.7111550941307483
fsew0,fsew0_310,LIX,0.6754065480382151
fsew0,fsew0_310,LIY,0.9297275311242141
fsew0,fsew0_310,ULX,0.615099835637742
fsew0,fsew0_310,ULY,0.5962310389558249
fsew0,fsew0_310,LLX,0.4098428233451813
fsew0,fsew0_310,LLY,0.8577409068953346
fsew0,fsew0_311,TDX,0.6452337055441755
fsew0,fsew0_311,TDY,0.7328227338627723
fsew0,fsew0_311,TBX,0.7177981306702105
fsew0,fsew0_311,TBY,0.8730759588063827
fsew0,fsew0_311,TTX,0.8245427824815856
fsew0,fsew0_311,TTY,0.8566085954659483
fsew0,fsew0_311,LIX,0.478100578639126
fsew0,fsew0_311,LIY,0.8875318488707841
fsew0,fsew0_311,ULX,0.20246729074677544
fsew0,fsew0_311,ULY,0.6918313467606064
fsew0,fsew0_311,LLX,0.3221990659400957
fsew0,fsew0_311,LLY,0.8640349030269575
fsew0,fsew0_312,TDX,0.586407527459989
fsew0,fsew0_312,TDY,0.8572508481810761
fsew0,fsew0_312,TBX,0.8090033857642002
fsew0,fsew0_312,TBY,0.9166263260524391
fsew0,fsew0_312,TTX,0.8825079499027332
fsew0,fsew0_312,TTY,0.8265410199801969
fsew0,fsew0_312,LIX,0.6624066464919146
fsew0,fsew0_312,LIY,0.9018105124950057
fsew0,fsew0_312,ULX,0.5107011679827665
fsew0,fsew0_312,ULY,0.8425208248177973
fsew0,fsew0_312,LLX,0.754947955247467
fsew0,fsew0_312,LLY,0.8612475475330742
fsew0,fsew0_313,TDX,0.7589341482333308
fsew0,fsew0_313,TDY,0.7905169205734714
fsew0,fsew0_313,TBX,0.788222976628071
fsew0,fsew0_313,TBY,0.8067847545878273
fsew0,fsew0_313,TTX,0.8214919704275985
fsew0,fsew0_313,TTY,0.6468444154687013
fsew0,fsew0_313,LIX,0.5075355689357639
fsew0,fsew0_313,LIY,0.8453464568488986
fsew0,fsew0_313,ULX,0.6731380457401809
fsew0,fsew0_313,ULY,0.5428677302180662
fsew0,fsew0_313,LLX,0.6103951924928946
fsew0,fsew0_313,LLY,0.8190489712439688
fsew0,fsew0_314,TDX,0.7759618999304322
fsew0,fsew0_314,TDY,0.9336907344700224
fsew0,fsew0_314,TBX,0.8381014117866319
fsew0,fsew0_314,TBY,0.8392677418935607
fsew0,fsew0_314,TTX,0.8237260037182169
fsew0,fsew0_314,TTY,0.49350214464653114
fsew0,fsew0_314,LIX,0.3772933522082949
fsew0,fsew0_314,LIY,0.7100294760045311
fsew0,fsew0_314,ULX,0.5740526129845731
fsew0,fsew0_314,ULY,0.8188423235431589
fsew0,fsew0_314,LLX,0.5083994446150697
fsew0,fsew0_314,LLY,0.851621717532408
fsew0,fsew0_315,TDX,0.7645807284578311
fsew0,fsew0_315,TDY,0.8234206134482144
fsew0,fsew0_315,TBX,0.8669906178260911
fsew0,fsew0_315,TBY,0.8857471112834183
fsew0,fsew0_315,TTX,0.8449624764684049
fsew0,fsew0_315,TTY,0.7311072062870971
fsew0,fsew0_315,LIX,0.5452430583754017
fsew0,fsew0_315,LIY,0.7755590533290159
fsew0,fsew0_315,ULX,0.516457085696157
fsew0,fsew0_315,ULY,0.7332326583231902
fsew0,fsew0_315,LLX,0.36393115343022897
fsew0,fsew0_315,LLY,0.8818219803463474
fsew0,fsew0_316,TDX,0.8391800520263356
fsew0,fsew0_316,TDY,0.8684506809570659
fsew0,fsew0_316,TBX,0.8501815555128809
fsew0,fsew0_316,TBY,0.8915588289612353
fsew0,fsew0_316,TTX,0.878643806188679
fsew0,fsew0_316,TTY,0.7542830697694967
fsew0,fsew0_316,LIX,0.5015632339284886
fsew0,fsew0_316,LIY,0.7528109271848868
fsew0,fsew0_316,ULX,0.5880698357434224
fsew0,fsew0_316,ULY,0.7786167432876491
fsew0,fsew0_316,LLX,0.13262746940733303
fsew0,fsew0_316,LLY,0.884188910100426
fsew0,fsew0_317,TDX,0.8764613755454441
fsew0,fsew0_317,TDY,0.9000762627564295
fsew0,fsew0_317,TBX,0.8775494177627636
fsew0,fsew0_317,TBY,0.8666747180548489
fsew0,fsew0_317,TTX,0.8676387083010545
fsew0,fsew0_317,TTY,0.7257671419084
fsew0,fsew0_317,LIX,0.8052854895601865
fsew0,fsew0_317,LIY,0.7248304904359923
fsew0,fsew0_317,ULX,0.7561429522168367
fsew0,fsew0_317,ULY,0.6575091482870509
fsew0,fsew0_317,LLX,0.7641622053679915
fsew0,fsew0_317,LLY,0.7665559953148554
fsew0,fsew0_318,TDX,0.8128115099091298
fsew0,fsew0_318,TDY,0.8735543959096829
fsew0,fsew0_318,TBX,0.8627093624896119
fsew0,fsew0_318,TBY,0.8265660642223669
fsew0,fsew0_318,TTX,0.818089244266434
fsew0,fsew0_318,TTY,0.790599230431615
fsew0,fsew0_318,LIX,0.6824469593223015
fsew0,fsew0_318,LIY,0.8448501371754059
fsew0,fsew0_318,ULX,0.7575062352346877
fsew0,fsew0_318,ULY,0.5241107349029852
fsew0,fsew0_318,LLX,0.42118292226217957
fsew0,fsew0_318,LLY,0.8796018851391975
fsew0,fsew0_319,TDX,0.840164300225826
fsew0,fsew0_319,TDY,0.836537083324316
fsew0,fsew0_319,TBX,0.8143963905271927
fsew0,fsew0_319,TBY,0.8009813625347336
fsew0,fsew0_319,TTX,0.7892038624090424
fsew0,fsew0_319,TTY,0.71879169539024
fsew0,fsew0_319,LIX,0.694196886367511
fsew0,fsew0_319,LIY,0.74832239855178
fsew0,fsew0_319,ULX,0.7053474004786825
fsew0,fsew0_319,ULY,0.7517907077996292
fsew0,fsew0_319,LLX,0.5475620858390673
fsew0,fsew0_319,LLY,0.8601924798102533
fsew0,fsew0_320,TDX,0.648422002400561
fsew0,fsew0_320,TDY,0.6151161973595054
fsew0,fsew0_320,TBX,0.6297408187170107
fsew0,fsew0_320,TBY,0.5230622557276562
fsew0,fsew0_320,TTX,0.6213176195462741
fsew0,fsew0_320,TTY,0.8188055731946272
fsew0,fsew0_320,LIX,0.6447508050683977
fsew0,fsew0_320,LIY,0.8155789783997408
fsew0,fsew0_320,ULX,0.6991498733707894
fsew0,fsew0_320,ULY,0.745253298130642
fsew0,fsew0_320,LLX,0.6205788021805817
fsew0,fsew0_320,LLY,0.7217670223068373
fsew0,fsew0_321,TDX,0.6960157160777283
fsew0,fsew0_321,TDY,0.8719711788092175
fsew0,fsew0_321,TBX,0.7437036793276576
fsew0,fsew0_321,TBY,0.8778239257022223
fsew0,fsew0_321,TTX,0.6913049818735569
fsew0,fsew0_321,TTY,0.7516786261891398
fsew0,fsew0_321,LIX,0.7327439117303507
fsew0,fsew0_321,LIY,0.8299916689213871
fsew0,fsew0_321,ULX,0.7746491162278795
fsew0,fsew0_321,ULY,0.5564576957612954
fsew0,fsew0_321,LLX,0.7324681543309582
fsew0,fsew0_321,LLY,0.8392420363238683
fsew0,fsew0_322,TDX,0.7334982491811943
fsew0,fsew0_322,TDY,0.8862329726382384
fsew0,fsew0_322,TBX,0.7926356159107689
fsew0,fsew0_322,TBY,0.8240175675401537
fsew0,fsew0_322,TTX,0.8342587439993566
fsew0,fsew0_322,TTY,0.811934722679145
fsew0,fsew0_322,LIX,0.6541070902423032
fsew0,fsew0_322,LIY,0.7304073687228566
fsew0,fsew0_322,ULX,0.5415505554851608
fsew0,fsew0_322,ULY,0.8146893422515066
fsew0,fsew0_322,LLX,0.34632771400126355
fsew0,fsew0_322,LLY,0.9103501638911665
fsew0,fsew0_323,TDX,0.8603800104981029
fsew0,fsew0_323,TDY,0.7371846296606438
fsew0,fsew0_323,TBX,0.8725648984854195
fsew0,fsew0_323,TBY,0.8020182074931171
fsew0,fsew0_323,TTX,0.871222328482144
fsew0,fsew0_323,TTY,0.7439954985306724
fsew0,fsew0_323,LIX,0.23353626483434342
fsew0,fsew0_323,LIY,0.558316495473994
fsew0,fsew0_323,ULX,0.530669173643282
fsew0,fsew0_323,ULY,0.8781208250474996
fsew0,fsew0_323,LLX,0.19600533576101006
fsew0,fsew0_323,LLY,0.7627129566947928
fsew0,fsew0_324,TDX,0.780149951629907
fsew0,fsew0_324,TDY,0.840032234824164
fsew0,fsew0_324,TBX,0.814972073419504
fsew0,fsew0_324,TBY,0.881764990473431
fsew0,fsew0_324,TTX,0.7982431039591118
fsew0,fsew0_324,TTY,0.8361165065555572
fsew0,fsew0_324,LIX,0.5124822169580182
fsew0,fsew0_324,LIY,0.7964806879834516
fsew0,fsew0_324,ULX,0.7305373096023455
fsew0,fsew0_324,ULY,0.7879086022037078
fsew0,fsew0_324,LLX,0.5406593481610609
fsew0,fsew0_324,LLY,0.8685405329611097
fsew0,fsew0_325,TDX,0.7279743985093365
fsew0,fsew0_325,TDY,0.9124591491851478
fsew0,fsew0_325,TBX,0.7254824341437012
fsew0,fsew0_325,TBY,0.845268543183696
fsew0,fsew0_325,TTX,0.8099967357889678
fsew0,fsew0_325,TTY,0.8128711305794263
fsew0,fsew0_325,LIX,0.5499994027507964
fsew0,fsew0_325,LIY,0.8073612840953915
fsew0,fsew0_325,ULX,0.5883322326033793
fsew0,fsew0_325,ULY,0.8345985971014015
fsew0,fsew0_325,LLX,0.22906339929679223
fsew0,fsew0_325,LLY,0.8004725095567078
fsew0,fsew0_326,TDX,0.6245899389081128
fsew0,fsew0_326,TDY,0.8408021417078121
fsew0,fsew0_326,TBX,0.714794481401339
fsew0,fsew0_326,TBY,0.8416010174868396
fsew0,fsew0_326,TTX,0.8045986147246731
fsew0,fsew0_326,TTY,0.8028397408093436
fsew0,fsew0_326,LIX,0.34582568342572606
fsew0,fsew0_326,LIY,0.7263952081606971
fsew0,fsew0_326,ULX,0.6925283812314253
fsew0,fsew0_326,ULY,0.8464863734344674
fsew0,fsew0_326,LLX,0.48671653134301884
fsew0,fsew0_326,LLY,0.8460508461543135
fsew0,fsew0_327,TDX,0.5300490752551865
fsew0,fsew0_327,TDY,0.926812073335304
fsew0,fsew0_327,TBX,0.6700627553649834
fsew0,fsew0_327,TBY,0.8725318945622681
fsew0,fsew0_327,TTX,0.7010978408252445
fsew0,fsew0_327,TTY,0.8129013706642174
fsew0,fsew0_327,LIX,0.2820731558955994
fsew0,fsew0_327,LIY,0.9199945901139646
fsew0,fsew0_327,ULX,0.6759228770405662
fsew0,fsew0_327,ULY,0.8620405192948383
fsew0,fsew0_327,LLX,0.8359819582577327
fsew0,fsew0_327,LLY,0.9375274569315221
fsew0,fsew0_328,TDX,0.7285632740642345
fsew0,fsew0_328,TDY,0.7996449761247574
fsew0,fsew0_328,TBX,0.8170868391290393
fsew0,fsew0_328,TBY,0.8524250253005934
fsew0,fsew0_328,TTX,0.8553043749157757
fsew0,fsew0_328,TTY,0.7758051584945389
fsew0,fsew0_328,LIX,0.22945697388694736
fsew0,fsew0_328,LIY,0.7095251031064568
fsew0,fsew0_328,ULX,0.7485845487624863
fsew0,fsew0_328,ULY,0.802780480879669
fsew0,fsew0_328,LLX,0.18243023243921777
fsew0,fsew0_328,LLY,0.9313211698528173
fsew0,fsew0_329,TDX,0.5970375030786023
fsew0,fsew0_329,TDY,0.8607333430893896
fsew0,fsew0_329,TBX,0.7067379289870792
fsew0,fsew0_329,TBY,0.8695986969369089
fsew0,fsew0_329,TTX,0.8233117121095059
fsew0,fsew0_329,TTY,0.8435034638103336
fsew0,fsew0_329,LIX,0.734566868681442
fsew0,fsew0_329,LIY,0.8922228394380922
fsew0,fsew0_329,ULX,0.6472358051717225
fsew0,fsew0_329,ULY,0.5729618999210875
fsew0,fsew0_329,LLX,0.7957869428700196
fsew0,fsew0_329,LLY,0.8480319744749346
fsew0,fsew0_330,TDX,0.7359238611725659
fsew0,fsew0_330,TDY,0.7399118592867718
fsew0,fsew0_330,TBX,0.7835599536114111
fsew0,fsew0_330,TBY,0.7951926409047444
fsew0,fsew0_330,TTX,0.8272730162513963
fsew0,fsew0_330,TTY,0.7721389353548925
fsew0,fsew0_330,LIX,0.5795875608519494
fsew0,fsew0_330,LIY,0.6254100872920001
fsew0,fsew0_330,ULX,0.8549997544582487
fsew0,fsew0_330,ULY,0.8289928437237998
fsew0,fsew0_330,LLX,0.8480327779057061
fsew0,fsew0_330,LLY,0.8809195497647105
fsew0,fsew0_331,TDX,0.5788495664474276
fsew0,fsew0_331,TDY,0.8715352142428557
fsew0,fsew0_331,TBX,0.5924929947318197
fsew0,fsew0_331,TBY,0.908481524627344
fsew0,fsew0_331,TTX,0.6717202478464938
fsew0,fsew0_331,TTY,0.7995951334667286
fsew0,fsew0_331,LIX,0.22828572389469046
fsew0,fsew0_331,LIY,0.9126087841699385
fsew0,fsew0_331,ULX,0.47886578918856887
fsew0,fsew0_331,ULY,0.5134437185000069
fsew0,fsew0_331,LLX,0.313341788187032
fsew0,fsew0_331,LLY,0.858767985043131
fsew0,fsew0_332,TDX,0.7918021680108608
fsew0,fsew0_332,TDY,0.7737342660451111
fsew0,fsew0_332,TBX,0.8374805935894236
fsew0,fsew0_332,TBY,0.8776840142563386
fsew0,fsew0_332,TTX,0.8720115086621114
fsew0,fsew0_332,TTY,0.8576680595025415
fsew0,fsew0_332,LIX,0.6630219463108128
fsew0,fsew0_332,LIY,0.9276893522082269
fsew0,fsew0_332,ULX,0.7286262840423873
fsew0,fsew0_332,ULY,0.8352888439913742
fsew0,fsew0_332,LLX,0.6971078599766863
fsew0,fsew0_332,LLY,0.8797696826540108
fsew0,fsew0_333,TDX,0.7509444518621523
fsew0,fsew0_333,TDY,0.838278450383919
fsew0,fsew0_333,TBX,0.81725812795036
fsew0,fsew0_333,TBY,0.9106671437969779
fsew0,fsew0_333,TTX,0.8660909622488461
fsew0,fsew0_333,TTY,0.8620162880436445
fsew0,fsew0_333,LIX,0.39815769246015553
fsew0,fsew0_333,LIY,0.8629248395128108
fsew0,fsew0_333,ULX,0.545821476927494
fsew0,fsew0_333,ULY,0.6718220081740607
fsew0,fsew0_333,LLX,0.4937317242803256
fsew0,fsew0_333,LLY,0.8134697109517216
fsew0,fsew0_334,TDX,0.7651171921475685
fsew0,fsew0_334,TDY,0.7445611695500851
fsew0,fsew0_334,TBX,0.7672726707728805
fsew0,fsew0_334,TBY,0.813927108124212
fsew0,fsew0_334,TTX,0.6664550677897929
fsew0,fsew0_334,TTY,0.664595590578073
fsew0,fsew0_334,LIX,0.32823160663722695
fsew0,fsew0_334,LIY,0.8736782664366244
fsew0,fsew0_334,ULX,0.6230831555583028
fsew0,fsew0_334,ULY,0.8298860665207461
fsew0,fsew0_334,LLX,0.5307419685730532
fsew0,fsew0_334,LLY,0.8665936263121888
fsew0,fsew0_335,TDX,0.8020701956914075
fsew0,fsew0_335,TDY,0.9215100262666335
fsew0,fsew0_335,TBX,0.8407605997008443
fsew0,fsew0_335,TBY,0.9184643215217
fsew0,fsew0_335,TTX,0.8779189314300812
fsew0,fsew0_335,TTY,0.7425318749263917
fsew0,fsew0_335,LIX,0.6066266672138492
fsew0,fsew0_335,LIY,0.889860669577049
fsew0,fsew0_335,ULX,0.25053861479698175
fsew0,fsew0_335,ULY,0.6691383595281885
fsew0,fsew0_335,LLX,0.6244012407109949
fsew0,fsew0_335,LLY,0.8893087235671505
fsew0,fsew0_336,TDX,0.7957636264025643
fsew0,fsew0_336,TDY,0.8308052651571204
fsew0,fsew0_336,TBX,0.7993599018213992
fsew0,fsew0_336,TBY,0.9076359466548479
fsew0,fsew0_336,TTX,0.8650278191285152
fsew0,fsew0_336,TTY,0.7539035894188202
fsew0,fsew0_336,LIX,0.6178111076742612
fsew0,fsew0_336,LIY,0.8228085694729644
fsew0,fsew0_336,ULX,0.5658255983314326
fsew0,fsew0_336,ULY,0.7397396509685596
fsew0,fsew0_336,LLX,0.7321914991569977
fsew0,fsew0_336,LLY,0.8930109180750443
fsew0,fsew0_337,TDX,0.7771097218668878
fsew0,fsew0_337,TDY,0.8228830231673838
fsew0,fsew0_337,TBX,0.8556709685315222
fsew0,fsew0_337,TBY,0.8856397735923484
fsew0,fsew0_337,TTX,0.881731297988296
fsew0,fsew0_337,TTY,0.690805232450535
fsew0,fsew0_337,LIX,0.5919736653393983
fsew0,fsew0_337,LIY,0.8442327256008472
fsew0,fsew0_337,ULX,0.7385432895274208
fsew0,fsew0_337,ULY,0.1499957516135505
fsew0,fsew0_337,LLX,0.781520583887106
fsew0,fsew0_337,LLY,0.8408284990202239
fsew0,fsew0_338,TDX,0.8157638315241176
fsew0,fsew0_338,TDY,0.8316678378943563
fsew0,fsew0_338,TBX,0.8468730580705252
fsew0,fsew0_338,TBY,0.8843105360742959
fsew0,fsew0_338,TTX,0.7615973286977706
fsew0,fsew0_338,TTY,0.81149932585032
fsew0,fsew0_338,LIX,0.3453963797734545
fsew0,fsew0_338,LIY,0.6888378137855263
fsew0,fsew0_338,ULX,0.641894625145118
fsew0,fsew0_338,ULY,0.8011384417436329
fsew0,fsew0_338,LLX,0.646410188490488
fsew0,fsew0_338,LLY,0.886127875888273
fsew0,fsew0_339,TDX,0.7801797817222902
fsew0,fsew0_339,TDY,0.8112355814614443
fsew0,fsew0_339,TBX,0.7595539996109261
fsew0,fsew0_339,TBY,0.89264411374133
fsew0,fsew0_339,TTX,0.7855227393105908
fsew0,fsew0_339,TTY,0.8624038268518804
fsew0,fsew0_339,LIX,0.619397164186838
fsew0,fsew0_339,LIY,0.8074365390023805
fsew0,fsew0_339,ULX,0.45064725495794733
fsew0,fsew0_339,ULY,0.6929035956954976
fsew0,fsew0_339,LLX,0.27283195883435835
fsew0,fsew0_339,LLY,0.8701763365140023
fsew0,fsew0_340,TDX,0.7588756370476092
fsew0,fsew0_340,TDY,0.8101516744707953
fsew0,fsew0_340,TBX,0.7448483462569734
fsew0,fsew0_340,TBY,0.9236957739512468
fsew0,fsew0_340,TTX,0.8409098165546484
fsew0,fsew0_340,TTY,0.8576153109876277
fsew0,fsew0_340,LIX,0.4631538201200582
fsew0,fsew0_340,LIY,0.7733085767352876
fsew0,fsew0_340,ULX,0.7340291923763209
fsew0,fsew0_340,ULY,0.6843751553942896
fsew0,fsew0_340,LLX,0.3656748355526653
fsew0,fsew0_340,LLY,0.8574044694999124
fsew0,fsew0_341,TDX,0.5202853329086747
fsew0,fsew0_341,TDY,0.925065303157041
fsew0,fsew0_341,TBX,0.7307757693682578
fsew0,fsew0_341,TBY,0.9185932528867428
fsew0,fsew0_341,TTX,0.7274888144652927
fsew0,fsew0_341,TTY,0.9020869723027419
fsew0,fsew0_341,LIX,0.43911136880499113
fsew0,fsew0_341,LIY,0.860223186290758
fsew0,fsew0_341,ULX,0.7910994200207793
fsew0,fsew0_341,ULY,0.7760215742902672
fsew0,fsew0_341,LLX,0.37742478216422576
fsew0,fsew0_341,LLY,0.8506489912738765
fsew0,fsew0_342,TDX,0.8040063156438031
fsew0,fsew0_342,TDY,0.8621513203281342
fsew0,fsew0_342,TBX,0.8185429896769597
fsew0,fsew0_342,TBY,0.9228496322940523
fsew0,fsew0_342,TTX,0.7906854305806452
fsew0,fsew0_342,TTY,0.9253463604188659
fsew0,fsew0_342,LIX,0.4336934951579803
fsew0,fsew0_342,LIY,0.8928071780759631
fsew0,fsew0_342,ULX,0.763081159582035
fsew0,fsew0_342,ULY,0.8943164611019172
fsew0,fsew0_342,LLX,0.6246172192515943
fsew0,fsew0_342,LLY,0.8935688083241221
fsew0,fsew0_343,TDX,0.5316129544912689
fsew0,fsew0_343,TDY,0.9006001445678934
fsew0,fsew0_343,TBX,0.7246080992195097
fsew0,fsew0_343,TBY,0.90069003248531
fsew0,fsew0_343,TTX,0.6168677752261748
fsew0,fsew0_343,TTY,0.868360939628717
fsew0,fsew0_343,LIX,0.44806597447886376
fsew0,fsew0_343,LIY,0.8401963447478136
fsew0,fsew0_343,ULX,0.4651420614094535
fsew0,fsew0_343,ULY,0.7444053892564513
fsew0,fsew0_343,LLX,0.4782386028619026
fsew0,fsew0_343,LLY,0.8924345767847582
fsew0,fsew0_344,TDX,0.6566166295999952
fsew0,fsew0_344,TDY,0.8969295007302841
fsew0,fsew0_344,TBX,0.7288237650258379
fsew0,fsew0_344,TBY,0.880458811388462
fsew0,fsew0_344,TTX,0.7658936189255401
fsew0,fsew0_344,TTY,0.8336781984294086
fsew0,fsew0_344,LIX,0.45931259202749103
fsew0,fsew0_344,LIY,0.7857235628885695
fsew0,fsew0_344,ULX,0.7589879983332237
fsew0,fsew0_344,ULY,0.7687626984173365
fsew0,fsew0_344,LLX,0.7706313928333959
fsew0,fsew0_344,LLY,0.8833768433188982
fsew0,fsew0_345,TDX,0.6625171575755262
fsew0,fsew0_345,TDY,0.8496551002261319
fsew0,fsew0_345,TBX,0.6796007974836265
fsew0,fsew0_345,TBY,0.8756119596154207
fsew0,fsew0_345,TTX,0.8092102960011547
fsew0,fsew0_345,TTY,0.7163933307534499
fsew0,fsew0_345,LIX,0.580427592884923
fsew0,fsew0_345,LIY,0.7060865737917862
fsew0,fsew0_345,ULX,0.6120783971667522
fsew0,fsew0_345,ULY,0.5245712465691388
fsew0,fsew0_345,LLX,0.36225520094309077
fsew0,fsew0_345,LLY,0.7915543056098228
fsew0,fsew0_346,TDX,0.8376816722497533
fsew0,fsew0_346,TDY,0.8095428584455939
fsew0,fsew0_346,TBX,0.9005678137714332
fsew0,fsew0_346,TBY,0.8761881977953309
fsew0,fsew0_346,TTX,0.8681257026939734
fsew0,fsew0_346,TTY,0.8821322210300732
fsew0,fsew0_346,LIX,0.49832108834257766
fsew0,fsew0_346,LIY,0.8437533755403612
fsew0,fsew0_346,ULX,0.34978871873814626
fsew0,fsew0_346,ULY,0.83866904040089
fsew0,fsew0_346,LLX,0.3511330199305472
fsew0,fsew0_346,LLY,0.8343147636818203
fsew0,fsew0_347,TDX,0.8335888191453792
fsew0,fsew0_347,TDY,0.878964134880732
fsew0,fsew0_347,TBX,0.8508366777658929
fsew0,fsew0_347,TBY,0.8815084190758732
fsew0,fsew0_347,TTX,0.8851011693588037
fsew0,fsew0_347,TTY,0.8130812446806848
fsew0,fsew0_347,LIX,0.5153462640590759
fsew0,fsew0_347,LIY,0.8729438391600385
fsew0,fsew0_347,ULX,0.6860475776341847
fsew0,fsew0_347,ULY,0.6540069355628897
fsew0,fsew0_347,LLX,0.7012127115590117
fsew0,fsew0_347,LLY,0.9185338764749309
fsew0,fsew0_348,TDX,0.8460203374290404
fsew0,fsew0_348,TDY,0.8692867651098273
fsew0,fsew0_348,TBX,0.8282867644285973
fsew0,fsew0_348,TBY,0.9440255783676983
fsew0,fsew0_348,TTX,0.8254186498138428
fsew0,fsew0_348,TTY,0.7682753567823829
fsew0,fsew0_348,LIX,0.728964514313307
fsew0,fsew0_348,LIY,0.7957615773264591
fsew0,fsew0_348,ULX,0.6066511121623953
fsew0,fsew0_348,ULY,0.7618973648051462
fsew0,fsew0_348,LLX,0.7128083507252345
fsew0,fsew0_348,LLY,0.828677424580148
fsew0,fsew0_349,TDX,0.7830362726998831
fsew0,fsew0_349,TDY,0.8162399668637621
fsew0,fsew0_349,TBX,0.6469205194243905
fsew0,fsew0_349,TBY,0.9165343996955803
fsew0,fsew0_349,TTX,0.6386124248789026
fsew0,fsew0_349,TTY,0.88091440851206
fsew0,fsew0_349,LIX,0.6735371715341644
fsew0,fsew0_349,LIY,0.8512102755841526
fsew0,fsew0_349,ULX,0.20832010272356244
fsew0,fsew0_349,ULY,0.664619022871365
fsew0,fsew0_349,LLX,0.4963697660132761
fsew0,fsew0_349,LLY,0.8311033738106186
fsew0,fsew0_350,TDX,0.8280415863315318
fsew0,fsew0_350,TDY,0.6085186132374056
fsew0,fsew0_350,TBX,0.8421478465728995
fsew0,fsew0_350,TBY,0.8235292091525018
fsew0,fsew0_350,TTX,0.9026771096616728
fsew0,fsew0_350,TTY,0.9122175384276829
fsew0,fsew0_350,LIX,0.5474742893997996
fsew0,fsew0_350,LIY,0.8828017507852344
fsew0,fsew0_350,ULX,0.6847183497813786
fsew0,fsew0_350,ULY,0.7605740145256947
fsew0,fsew0_350,LLX,0.6609779817763599
fsew0,fsew0_350,LLY,0.9067276772148224
fsew0,fsew0_351,TDX,0.7890220140047584
fsew0,fsew0_351,TDY,0.8897021766666336
fsew0,fsew0_351,TBX,0.7988015873098424
fsew0,fsew0_351,TBY,0.8375322345178393
fsew0,fsew0_351,TTX,0.8166558608700644
fsew0,fsew0_351,TTY,0.8119208019874125
fsew0,fsew0_351,LIX,0.6833216564283454
fsew0,fsew0_351,LIY,0.8603818892903086
fsew0,fsew0_351,ULX,0.6088239794889051
fsew0,fsew0_351,ULY,0.6982682605447651
fsew0,fsew0_351,LLX,0.720131790417973
fsew0,fsew0_351,LLY,0.8191642918636468
fsew0,fsew0_352,TDX,0.6754173039438445
fsew0,fsew0_352,TDY,0.9213877955782994
fsew0,fsew0_352,TBX,0.7703421232045607
fsew0,fsew0_352,TBY,0.9261865712007045
fsew0,fsew0_352,TTX,0.8301854288035997
fsew0,fsew0_352,TTY,0.7592003049405549
fsew0,fsew0_352,LIX,0.5187269963225238
fsew0,fsew0_352,LIY,0.7181480619996015
fsew0,fsew0_352,ULX,0.5594106907618307
fsew0,fsew0_352,ULY,0.873859529341879
fsew0,fsew0_352,LLX,0.5123287794018903
fsew0,fsew0_352,LLY,0.8066852233809049
fsew0,fsew0_353,TDX,0.5845775119849775
fsew0,fsew0_353,TDY,0.8668266302898544
fsew0,fsew0_353,TBX,0.7942388141352509
fsew0,fsew0_353,TBY,0.8759106755991242
fsew0,fsew0_353,TTX,0.786603466049851
fsew0,fsew0_353,TTY,0.7898925177641384
fsew0,fsew0_353,LIX,0.7111880275968022
fsew0,fsew0_353,LIY,0.8158084586177624
fsew0,fsew0_353,ULX,0.4680489274343435
fsew0,fsew0_353,ULY,0.8054639039575353
fsew0,fsew0_353,LLX,0.6324200142417638
fsew0,fsew0_353,LLY,0.8767120692747042
fsew0,fsew0_354,TDX,0.5244665473704795
fsew0,fsew0_354,TDY,0.8728086963325513
fsew0,fsew0_354,TBX,0.6996255299555602
fsew0,fsew0_354,TBY,0.9021592754209392
fsew0,fsew0_354,TTX,0.7496288444477579
fsew0,fsew0_354,TTY,0.8054337121251828
fsew0,fsew0_354,LIX,0.5167136932847642
fsew0,fsew0_354,LIY,0.8474948872104692
fsew0,fsew0_354,ULX,0.6489554970619686
fsew0,fsew0_354,ULY,0.8649963599525531
fsew0,fsew0_354,LLX,0.530227439214308
fsew0,fsew0_354,LLY,0.7852948764625409
fsew0,fsew0_355,TDX,0.8640508917482006
fsew0,fsew0_355,TDY,0.9140414832940447
fsew0,fsew0_355,TBX,0.8861489352621468
fsew0,fsew0_355,TBY,0.8797428156818167
fsew0,fsew0_355,TTX,0.8871262330356973
fsew0,fsew0_355,TTY,0.7514408572441356
fsew0,fsew0_355,LIX,0.46155662932211833
fsew0,fsew0_355,LIY,0.760588981986864
fsew0,fsew0_355,ULX,0.28943148497149385
fsew0,fsew0_355,ULY,0.8380246160814169
fsew0,fsew0_355,LLX,0.48988754254715206
fsew0,fsew0_355,LLY,0.8414882849726338
fsew0,fsew0_356,TDX,0.7146336893168767
fsew0,fsew0_356,TDY,0.8675838893980731
fsew0,fsew0_356,TBX,0.7465416198040068
fsew0,fsew0_356,TBY,0.8812245102880643
fsew0,fsew0_356,TTX,0.7558151463979399
fsew0,fsew0_356,TTY,0.8746396013445727
fsew0,fsew0_356,LIX,0.6719617884244554
fsew0,fsew0_356,LIY,0.8358520018570453
fsew0,fsew0_356,ULX,0.4136229560323798
fsew0,fsew0_356,ULY,0.7130559720080933
fsew0,fsew0_356,LLX,0.3668373367268251
fsew0,fsew0_356,LLY,0.8664396235667748
fsew0,fsew0_357,TDX,0.7281729296208791
fsew0,fsew0_357,TDY,0.8269957696585953
fsew0,fsew0_357,TBX,0.7611289791683213
fsew0,fsew0_357,TBY,0.9077295084956991
fsew0,fsew0_357,TTX,0.7591457030726092
fsew0,fsew0_357,TTY,0.7507876746262749
fsew0,fsew0_357,LIX,0.695454414059043
fsew0,fsew0_357,LIY,0.7623104227581876
fsew0,fsew0_357,ULX,0.3927381048890044
fsew0,fsew0_357,ULY,0.6952411199699791
fsew0,fsew0_357,LLX,0.32287461059702693
fsew0,fsew0_357,LLY,0.844429022607662
fsew0,fsew0_358,TDX,0.6413390446506784
fsew0,fsew0_358,TDY,0.724982673952981
fsew0,fsew0_358,TBX,0.7380236740817347
fsew0,fsew0_358,TBY,0.8346428962501495
fsew0,fsew0_358,TTX,0.8119766058014701
fsew0,fsew0_358,TTY,0.8621353231121509
fsew0,fsew0_358,LIX,0.6361327919614751
fsew0,fsew0_358,LIY,0.852163299283578
fsew0,fsew0_358,ULX,0.42955025114406875
fsew0,fsew0_358,ULY,0.7669270811102967
fsew0,fsew0_358,LLX,0.5961201665596866
fsew0,fsew0_358,LLY,0.7940601581955709
fsew0,fsew0_359,TDX,0.8829137906792247
fsew0,fsew0_359,TDY,0.8167478652907899
fsew0,fsew0_359,TBX,0.8575689817114255
fsew0,fsew0_359,TBY,0.8663733729375865
fsew0,fsew0_359,TTX,0.8936760726338339
fsew0,fsew0_359,TTY,0.7621576764407976
fsew0,fsew0_359,LIX,0.6420765593661593
fsew0,fsew0_359,LIY,0.7937282793579636
fsew0,fsew0_359,ULX,0.6618028817211573
fsew0,fsew0_359,ULY,0.8714829763547054
fsew0,fsew0_359,LLX,0.456373164639717
fsew0,fsew0_359,LLY,0.801650809848721
fsew0,fsew0_360,TDX,0.7808630039416314
fsew0,fsew0_360,TDY,0.661180804888445
fsew0,fsew0_360,TBX,0.8153591353713221
fsew0,fsew0_360,TBY,0.9320253748799914
fsew0,fsew0_360,TTX,0.7742257157447405
fsew0,fsew0_360,TTY,0.8917157278089182
fsew0,fsew0_360,LIX,0.49944835867694104
fsew0,fsew0_360,LIY,0.8666778353806074
fsew0,fsew0_360,ULX,0.6404182726423405
fsew0,fsew0_360,ULY,0.7480928177478463
fsew0,fsew0_360,LLX,0.5176165186745872
fsew0,fsew0_360,LLY,0.8782392592899155
fsew0,fsew0_361,TDX,0.7114544951527731
fsew0,fsew0_361,TDY,0.8131857902086893
fsew0,fsew0_361,TBX,0.7326488518134132
fsew0,fsew0_361,TBY,0.8403755037414172
fsew0,fsew0_361,TTX,0.7073399948978272
fsew0,fsew0_361,TTY,0.8479372899095562
fsew0,fsew0_361,LIX,0.5879647787822053
fsew0,fsew0_361,LIY,0.9183605918208063
fsew0,fsew0_361,ULX,0.4758986325270616
fsew0,fsew0_361,ULY,0.8447513434387935
fsew0,fsew0_361,LLX,0.6842825892002156
fsew0,fsew0_361,LLY,0.8143493289305856
fsew0,fsew0_362,TDX,0.8345130054109209
fsew0,fsew0_362,TDY,0.7020365140428738
fsew0,fsew0_362,TBX,0.9006751591907677
fsew0,fsew0_362,TBY,0.8286125181272299
fsew0,fsew0_362,TTX,0.8859675413014185
fsew0,fsew0_362,TTY,0.8422542648803921
fsew0,fsew0_362,LIX,0.12597242921242544
fsew0,fsew0_362,LIY,0.8279084214444714
fsew0,fsew0_362,ULX,0.6136225363147921
fsew0,fsew0_362,ULY,0.7969077332266736
fsew0,fsew0_362,LLX,0.2631586069155901
fsew0,fsew0_362,LLY,0.9287033135533767
fsew0,fsew0_363,TDX,0.8775373433719315
fsew0,fsew0_363,TDY,0.7538204884568341
fsew0,fsew0_363,TBX,0.8925243831761008
fsew0,fsew0_363,TBY,0.8295396073254537
fsew0,fsew0_363,TTX,0.9089896225435014
fsew0,fsew0_363,TTY,0.7813243376693423
fsew0,fsew0_363,LIX,0.6091886067875248
fsew0,fsew0_363,LIY,0.9093413148864651
fsew0,fsew0_363,ULX,0.7948456561797479
fsew0,fsew0_363,ULY,0.6145175086008702
fsew0,fsew0_363,LLX,0.7280181393481931
fsew0,fsew0_363,LLY,0.8602234605453014
fsew0,fsew0_364,TDX,0.5866801471320425
fsew0,fsew0_364,TDY,0.8120596931527548
fsew0,fsew0_364,TBX,0.6349264262583229
fsew0,fsew0_364,TBY,0.9039074685663668
fsew0,fsew0_364,TTX,0.6872995632474574
fsew0,fsew0_364,TTY,0.8238589649127669
fsew0,fsew0_364,LIX,0.672775743416781
fsew0,fsew0_364,LIY,0.7590970038393773
fsew0,fsew0_364,ULX,0.5572989335100199
fsew0,fsew0_364,ULY,0.7521935119578204
fsew0,fsew0_364,LLX,0.675945035292049
fsew0,fsew0_364,LLY,0.8841636114569793
fsew0,fsew0_365,TDX,0.7613783300008491
fsew0,fsew0_365,TDY,0.8312933426949053
fsew0,fsew0_365,TBX,0.7138717740012445
fsew0,fsew0_365,TBY,0.904761162485178
fsew0,fsew0_365,TTX,0.6879766334053419
fsew0,fsew0_365,TTY,0.7889147927956277
fsew0,fsew0_365,LIX,0.8125140257352593
fsew0,fsew0_365,LIY,0.9180351318903626
fsew0,fsew0_365,ULX,0.44780799883635175
fsew0,fsew0_365,ULY,0.7837878280631213
fsew0,fsew0_365,LLX,0.6820231205424212
fsew0,fsew0_365,LLY,0.8996275483945048
fsew0,fsew0_366,TDX,0.6591551419290458
fsew0,fsew0_366,TDY,0.9008247993750411
fsew0,fsew0_366,TBX,0.7281570671850991
fsew0,fsew0_366,TBY,0.8834341001240985
fsew0,fsew0_366,TTX,0.7037324565892034
fsew0,fsew0_366,TTY,0.8006331726610421
fsew0,fsew0_366,LIX,0.8223554829688019
fsew0,fsew0_366,LIY,0.8993127337324821
fsew0,fsew0_366,ULX,0.4596597165731267
fsew0,fsew0_366,ULY,0.8856496345118549
fsew0,fsew0_366,LLX,0.845792998446718
fsew0,fsew0_366,LLY,0.8977179842743944
fsew0,fsew0_367,TDX,0.7163537275015196
fsew0,fsew0_367,TDY,0.8548650789221925
fsew0,fsew0_367,TBX,0.7753787207598335
fsew0,fsew0_367,TBY,0.898281775525326
fsew0,fsew0_367,TTX,0.8165245557466608
fsew0,fsew0_367,TTY,0.7614912749033946
fsew0,fsew0_367,LIX,0.5178217963677003
fsew0,fsew0_367,LIY,0.8195729267951912
fsew0,fsew0_367,ULX,0.6242425602857465
fsew0,fsew0_367,ULY,0.18946801185005602
fsew0,fsew0_367,LLX,0.41236010676919893
fsew0,fsew0_367,LLY,0.8263726429529731
fsew0,fsew0_368,TDX,0.830273542760631
fsew0,fsew0_368,TDY,0.8758149174982228
fsew0,fsew0_368,TBX,0.8012605060492538
fsew0,fsew0_368,TBY,0.9279578394211766
fsew0,fsew0_368,TTX,0.7822187321893153
fsew0,fsew0_368,TTY,0.850025826344648
fsew0,fsew0_368,LIX,0.7313964250291973
fsew0,fsew0_368,LIY,0.8704257089071593
fsew0,fsew0_368,ULX,0.44521295051923154
fsew0,fsew0_368,ULY,0.7037298133066681
fsew0,fsew0_368,LLX,0.7363030629465872
fsew0,fsew0_368,LLY,0.919333095785309
fsew0,fsew0_369,TDX,0.7521075961233735
fsew0,fsew0_369,TDY,0.9146139516827656
fsew0,fsew0_369,TBX,0.7694970741694416
fsew0,fsew0_369,TBY,0.9445977586496296
fsew0,fsew0_369,TTX,0.7437867794573745
fsew0,fsew0_369,TTY,0.8307290404585532
fsew0,fsew0_369,LIX,0.5499127123389661
fsew0,fsew0_369,LIY,0.7415171073982685
fsew0,fsew0_369,ULX,0.6106538189218732
fsew0,fsew0_369,ULY,0.728008005943922
fsew0,fsew0_369,LLX,0.613041085768607
fsew0,fsew0_369,LLY,0.8448195846785429
fsew0,fsew0_370,TDX,0.6224181529200606
fsew0,fsew0_370,TDY,0.8844137724309306
fsew0,fsew0_370,TBX,0.6946102898892232
fsew0,fsew0_370,TBY,0.8862587053811616
fsew0,fsew0_370,TTX,0.7744703015436626
fsew0,fsew0_370,TTY,0.6925417800073018
fsew0,fsew0_370,LIX,0.3088135385300849
fsew0,fsew0_370,LIY,0.8134376363028403
fsew0,fsew0_370,ULX,0.4943510831731409
fsew0,fsew0_370,ULY,0.5282226167808156
fsew0,fsew0_370,LLX,0.31084881540712733
fsew0,fsew0_370,LLY,0.885461498571982
fsew0,fsew0_371,TDX,0.6612242118919968
fsew0,fsew0_371,TDY,0.891669384448769
fsew0,fsew0_371,TBX,0.7378492395435956
fsew0,fsew0_371,TBY,0.8954371404302487
fsew0,fsew0_371,TTX,0.7321873831720839
fsew0,fsew0_371,TTY,0.7491486333383012
fsew0,fsew0_371,LIX,0.4699015236213414
fsew0,fsew0_371,LIY,0.7578315373746999
fsew0,fsew0_371,ULX,0.4456724118203188
fsew0,fsew0_371,ULY,0.8674444811196259
fsew0,fsew0_371,LLX,0.08359294748523867
fsew0,fsew0_371,LLY,0.9074599305397457
fsew0,fsew0_372,TDX,0.8560354298091976
fsew0,fsew0_372,TDY,0.737620810671783
fsew0,fsew0_372,TBX,0.887605378733516
fsew0,fsew0_372,TBY,0.7197088321031011
fsew0,fsew0_372,TTX,0.9270891137613718
fsew0,fsew0_372,TTY,0.7692896025876307
fsew0,fsew0_372,LIX,0.6474413546978369
fsew0,fsew0_372,LIY,0.8566916174970007
fsew0,fsew0_372,ULX,0.30920977806487043
fsew0,fsew0_372,ULY,0.8390097642451761
fsew0,fsew0_372,LLX,0.39924560988477903
fsew0,fsew0_372,LLY,0.861988657167305
fsew0,fsew0_373,TDX,0.47724636405315335
fsew0,fsew0_373,TDY,0.7740328142153442
fsew0,fsew0_373,TBX,0.5559555459931828
fsew0,fsew0_373,TBY,0.881827906894123
fsew0,fsew0_373,TTX,0.651194092469841
fsew0,fsew0_373,TTY,0.6893528414327411
fsew0,fsew0_373,LIX,0.8407957549587884
fsew0,fsew0_373,LIY,0.8837473337399063
fsew0,fsew0_373,ULX,0.715179229074545
fsew0,fsew0_373,ULY,0.582656124028179
fsew0,fsew0_373,LLX,0.8449268901699574
fsew0,fsew0_373,LLY,0.8976348118960359
fsew0,fsew0_374,TDX,0.682107135859314
fsew0,fsew0_374,TDY,0.8541558149596349
fsew0,fsew0_374,TBX,0.8156166383437011
fsew0,fsew0_374,TBY,0.9338312498886722
fsew0,fsew0_374,TTX,0.8404523737589726
fsew0,fsew0_374,TTY,0.8064553993138323
fsew0,fsew0_374,LIX,0.28281447001541704
fsew0,fsew0_374,LIY,0.8612819463554774
fsew0,fsew0_374,ULX,0.7299301368172264
fsew0,fsew0_374,ULY,0.8447149878263154
fsew0,fsew0_374,LLX,0.46047034394688036
fsew0,fsew0_374,LLY,0.8441320749782408
fsew0,fsew0_375,TDX,0.8732557077218619
fsew0,fsew0_375,TDY,0.8325922036108986
fsew0,fsew0_375,TBX,0.8952725455150237
fsew0,fsew0_375,TBY,0.8600118189665698
fsew0,fsew0_375,TTX,0.865387420115956
fsew0,fsew0_375,TTY,0.6426139765300165
fsew0,fsew0_375,LIX,0.46086174408518155
fsew0,fsew0_375,LIY,0.7908852085464274
fsew0,fsew0_375,ULX,0.7685910288273656
fsew0,fsew0_375,ULY,0.6257131820728374
fsew0,fsew0_375,LLX,0.6931607168259178
fsew0,fsew0_375,LLY,0.884295709376766
fsew0,fsew0_376,TDX,0.8071739335108415
fsew0,fsew0_376,TDY,0.7493496220203695
fsew0,fsew0_376,TBX,0.7630803896923566
fsew0,fsew0_376,TBY,0.8424110108357061
fsew0,fsew0_376,TTX,0.7783236171894385
fsew0,fsew0_376,TTY,0.8513632804001667
fsew0,fsew0_376,LIX,0.6831895072774057
fsew0,fsew0_376,LIY,0.8998775610867952
fsew0,fsew0_376,ULX,0.602954113502149
fsew0,fsew0_376,ULY,0.8254043493284169
fsew0,fsew0_376,LLX,0.5980827263652573
fsew0,fsew0_376,LLY,0.888551209347893
fsew0,fsew0_377,TDX,0.6402243237380592
fsew0,fsew0_377,TDY,0.8412779019453056
fsew0,fsew0_377,TBX,0.7671854277067269
fsew0,fsew0_377,TBY,0.7879418961162802
fsew0,fsew0_377,TTX,0.7485032792572548
fsew0,fsew0_377,TTY,0.7338634306841232
fsew0,fsew0_377,LIX,0.6340339467302142
fsew0,fsew0_377,LIY,0.8605636573624432
fsew0,fsew0_377,ULX,0.6228878631059496
fsew0,fsew0_377,ULY,0.6822992094214457
fsew0,fsew0_377,LLX,0.5201331489332963
fsew0,fsew0_377,LLY,0.8883566786241243
fsew0,fsew0_378,TDX,0.7321684995977332
fsew0,fsew0_378,TDY,0.881990979980153
fsew0,fsew0_378,TBX,0.7419262977635623
fsew0,fsew0_378,TBY,0.8502671029091218
fsew0,fsew0_378,TTX,0.8020256071922194
fsew0,fsew0_378,TTY,0.7279809612947268
fsew0,fsew0_378,LIX,0.5152655970346907
fsew0,fsew0_378,LIY,0.7214109455398201
fsew0,fsew0_378,ULX,0.7492693350562607
fsew0,fsew0_378,ULY,0.7877696994834108
fsew0,fsew0_378,LLX,0.29737749848442746
fsew0,fsew0_378,LLY,0.905605360649591
fsew0,fsew0_379,TDX,0.8498012042808912
fsew0,fsew0_379,TDY,0.8485854919698573
fsew0,fsew0_379,TBX,0.8895296024003578
fsew0,fsew0_379,TBY,0.9269808554764457
fsew0,fsew0_379,TTX,0.8332031540327748
fsew0,fsew0_379,TTY,0.7583668066695014
fsew0,fsew0_379,LIX,0.6980542459848124
fsew0,fsew0_379,LIY,0.7827993756566464
fsew0,fsew0_379,ULX,0.43606480857814556
fsew0,fsew0_379,ULY,0.7632693909618349
fsew0,fsew0_379,LLX,0.5556536092653159
fsew0,fsew0_379,LLY,0.8576760492106252
fsew0,fsew0_380,TDX,0.6086355685100504
fsew0,fsew0_380,TDY,0.8429449289266504
fsew0,fsew0_380,TBX,0.8171872036249507
fsew0,fsew0_380,TBY,0.9227966989294386
fsew0,fsew0_380,TTX,0.7893657062754563
fsew0,fsew0_380,TTY,0.7250612052795241
fsew0,fsew0_380,LIX,0.8958046734610801
fsew0,fsew0_380,LIY,0.7676268303713305
fsew0,fsew0_380,ULX,0.6873410430106749
fsew0,fsew0_380,ULY,0.07684274449078024
fsew0,fsew0_380,LLX,0.9137335110594161
fsew0,fsew0_380,LLY,0.8526969119324551
fsew0,fsew0_381,TDX,0.7454194170237133
fsew0,fsew0_381,TDY,0.841004733944066
fsew0,fsew0_381,TBX,0.7543846238622348
fsew0,fsew0_381,TBY,0.7530905384887956
fsew0,fsew0_381,TTX,0.8275944111062701
fsew0,fsew0_381,TTY,0.605885936826335
fsew0,fsew0_381,LIX,0.5396545479321099
fsew0,fsew0_381,LIY,0.8419763518285718
fsew0,fsew0_381,ULX,0.5987490928500937
fsew0,fsew0_381,ULY,0.29222312098445974
fsew0,fsew0_381,LLX,0.7726818853423684
fsew0,fsew0_381,LLY,0.695359240554651
fsew0,fsew0_382,TDX,0.5644725221029083
fsew0,fsew0_382,TDY,0.9179086019957016
fsew0,fsew0_382,TBX,0.5246213878059727
fsew0,fsew0_382,TBY,0.8559063167779049
fsew0,fsew0_382,TTX,0.5916740754912592
fsew0,fsew0_382,TTY,0.7315429885589176
fsew0,fsew0_382,LIX,0.22530354888058832
fsew0,fsew0_382,LIY,0.8223756893779135
fsew0,fsew0_382,ULX,0.7779861925136241
fsew0,fsew0_382,ULY,0.8907111288244491
fsew0,fsew0_382,LLX,0.5950903293330962
fsew0,fsew0_382,LLY,0.8649244235513925
fsew0,fsew0_383,TDX,0.572544551565211
fsew0,fsew0_383,TDY,0.8005343354959616
fsew0,fsew0_383,TBX,0.6216462780628244
fsew0,fsew0_383,TBY,0.8366585150666634
fsew0,fsew0_383,TTX,0.746865716029023
fsew0,fsew0_383,TTY,0.7886024045625086
fsew0,fsew0_383,LIX,0.7227908419336607
fsew0,fsew0_383,LIY,0.8802223600999055
fsew0,fsew0_383,ULX,0.2319029054368018
fsew0,fsew0_383,ULY,0.6259755309177342
fsew0,fsew0_383,LLX,0.49163616861938836
fsew0,fsew0_383,LLY,0.8052616349486009
fsew0,fsew0_384,TDX,0.7360925994105045
fsew0,fsew0_384,TDY,0.7850262768887747
fsew0,fsew0_384,TBX,0.7782954020346032
fsew0,fsew0_384,TBY,0.8529764575498028
fsew0,fsew0_384,TTX,0.733067800012174
fsew0,fsew0_384,TTY,0.8476722576737695
fsew0,fsew0_384,LIX,0.6172143307753688
fsew0,fsew0_384,LIY,0.8726958147474208
fsew0,fsew0_384,ULX,0.5786506091694998
fsew0,fsew0_384,ULY,0.7711739778223292
fsew0,fsew0_384,LLX,0.6745945286032263
fsew0,fsew0_384,LLY,0.8463299562879523
fsew0,fsew0_385,TDX,0.5329133383279545
fsew0,fsew0_385,TDY,0.8986249798336874
fsew0,fsew0_385,TBX,0.60031095573401
fsew0,fsew0_385,TBY,0.8537229862396384
fsew0,fsew0_385,TTX,0.7808362618736977
fsew0,fsew0_385,TTY,0.8242230678139952
fsew0,fsew0_385,LIX,0.741062559930987
fsew0,fsew0_385,LIY,0.639048232112837
fsew0,fsew0_385,ULX,0.6151019208690178
fsew0,fsew0_385,ULY,0.8338244791071715
fsew0,fsew0_385,LLX,0.6953593159071929
fsew0,fsew0_385,LLY,0.8441889129210295
fsew0,fsew0_386,TDX,0.7883154407288354
fsew0,fsew0_386,TDY,0.851560271463277
fsew0,fsew0_386,TBX,0.7888266836282375
fsew0,fsew0_386,TBY,0.9084469054321725
fsew0,fsew0_386,TTX,0.8150719887573658
fsew0,fsew0_386,TTY,0.9068758389789678
fsew0,fsew0_386,LIX,0.6493141106806619
fsew0,fsew0_386,LIY,0.9172381013757944
fsew0,fsew0_386,ULX,0.599326859629932
fsew0,fsew0_386,ULY,0.602205916263164
fsew0,fsew0_386,LLX,0.6486117225392029
fsew0,fsew0_386,LLY,0.8815984094118204
fsew0,fsew0_387,TDX,0.7294352339627658
fsew0,fsew0_387,TDY,0.8615806756636312
fsew0,fsew0_387,TBX,0.6415892800911517
fsew0,fsew0_387,TBY,0.9149400933976047
fsew0,fsew0_387,TTX,0.5046240299046406
fsew0,fsew0_387,TTY,0.8725597467598856
fsew0,fsew0_387,LIX,0.4752719057431851
fsew0,fsew0_387,LIY,0.8545873027237725
fsew0,fsew0_387,ULX,0.44139993579253933
fsew0,fsew0_387,ULY,0.8229106824440477
fsew0,fsew0_387,LLX,0.654459091201944
fsew0,fsew0_387,LLY,0.8403899299967087
fsew0,fsew0_388,TDX,0.9058126736238877
fsew0,fsew0_388,TDY,0.708703120117754
fsew0,fsew0_388,TBX,0.8893844108756667
fsew0,fsew0_388,TBY,0.7802602315273863
fsew0,fsew0_388,TTX,0.8723636639239172
fsew0,fsew0_388,TTY,0.7587545683073468
fsew0,fsew0_388,LIX,0.3551161531350447
fsew0,fsew0_388,LIY,0.9196785871930375
fsew0,fsew0_388,ULX,0.7774277295247602
fsew0,fsew0_388,ULY,0.6314855916554234
fsew0,fsew0_388,LLX,0.7571334141566503
fsew0,fsew0_388,LLY,0.9370603367775221
fsew0,fsew0_389,TDX,0.5600424547801923
fsew0,fsew0_389,TDY,0.7364791384045711
fsew0,fsew0_389,TBX,0.658295993191144
fsew0,fsew0_389,TBY,0.8827836232502005
fsew0,fsew0_389,TTX,0.7215600989892165
fsew0,fsew0_389,TTY,0.8225325147140641
fsew0,fsew0_389,LIX,0.6021299851562475
fsew0,fsew0_389,LIY,0.8614879067872944
fsew0,fsew0_389,ULX,0.6779724787663699
fsew0,fsew0_389,ULY,0.7527162272752603
fsew0,fsew0_389,LLX,0.7258621451281039
fsew0,fsew0_389,LLY,0.8960573565497385
fsew0,fsew0_390,TDX,0.7615802084156998
fsew0,fsew0_390,TDY,0.800632079599105
fsew0,fsew0_390,TBX,0.8008645259029825
fsew0,fsew0_390,TBY,0.8107347539845314
fsew0,fsew0_390,TTX,0.750073684981195
fsew0,fsew0_390,TTY,0.6776055281488632
fsew0,fsew0_390,LIX,0.32206605478346106
fsew0,fsew0_390,LIY,0.7055654008433473
fsew0,fsew0_390,ULX,0.7663980356206129
fsew0,fsew0_390,ULY,0.5043698525531067
fsew0,fsew0_390,LLX,0.3702142872708003
fsew0,fsew0_390,LLY,0.7124190286290745
fsew0,fsew0_391,TDX,0.8119467929862632
fsew0,fsew0_391,TDY,0.7292238725057576
fsew0,fsew0_391,TBX,0.8498732881280868
fsew0,fsew0_391,TBY,0.742948336212324
fsew0,fsew0_391,TTX,0.9129128706810932
fsew0,fsew0_391,TTY,0.7436107576780554
fsew0,fsew0_391,LIX,0.6794773947269916
fsew0,fsew0_391,LIY,0.8405301652575471
fsew0,fsew0_391,ULX,0.5422938284405386
fsew0,fsew0_391,ULY,0.79504724969293
fsew0,fsew0_391,LLX,0.5138720046085843
fsew0,fsew0_391,LLY,0.8301045792597405
fsew0,fsew0_392,TDX,0.835594373839514
fsew0,fsew0_392,TDY,0.7192662872791655
fsew0,fsew0_392,TBX,0.8100607028211383
fsew0,fsew0_392,TBY,0.8110671903682382
fsew0,fsew0_392,TTX,0.8566634803657056
fsew0,fsew0_392,TTY,0.8573336297005331
fsew0,fsew0_392,LIX,0.5142776324677132
fsew0,fsew0_392,LIY,0.735116618521465
fsew0,fsew0_392,ULX,0.7428029565877808
fsew0,fsew0_392,ULY,0.6562511467540345
fsew0,fsew0_392,LLX,0.7849365347477871
fsew0,fsew0_392,LLY,0.805428545424639
fsew0,fsew0_393,TDX,0.6621229229669605
fsew0,fsew0_393,TDY,0.8658839619292091
fsew0,fsew0_393,TBX,0.6965046130953431
fsew0,fsew0_393,TBY,0.7898765918077401
fsew0,fsew0_393,TTX,0.8106491162320274
fsew0,fsew0_393,TTY,0.7787260161825823
fsew0,fsew0_393,LIX,0.34786226139404136
fsew0,fsew0_393,LIY,0.8361836475877149
fsew0,fsew0_393,ULX,0.37918121115302833
fsew0,fsew0_393,ULY,0.6933776410293816
fsew0,fsew0_393,LLX,0.23929541478185018
fsew0,fsew0_393,LLY,0.8110671011975925
fsew0,fsew0_394,TDX,0.3428554961747021
fsew0,fsew0_394,TDY,0.8104571964864664
fsew0,fsew0_394,TBX,0.6223113887660552
fsew0,fsew0_394,TBY,0.7766251094352403
fsew0,fsew0_394,TTX,0.6484852105352213
fsew0,fsew0_394,TTY,0.7909603042151251
fsew0,fsew0_394,LIX,0.7551546295513702
fsew0,fsew0_394,LIY,0.694919703549529
fsew0,fsew0_394,ULX,0.01744719155072925
fsew0,fsew0_394,ULY,0.6192549058745394
fsew0,fsew0_394,LLX,0.5707902230282264
fsew0,fsew0_394,LLY,0.7991681750859952
fsew0,fsew0_395,TDX,0.7644509260464531
fsew0,fsew0_395,TDY,0.841417865635637
fsew0,fsew0_395,TBX,0.8485923134732242
fsew0,fsew0_395,TBY,0.8830155930102929
fsew0,fsew0_395,TTX,0.8512987243941995
fsew0,fsew0_395,TTY,0.7542825306804601
fsew0,fsew0_395,LIX,0.6442603392027676
fsew0,fsew0_395,LIY,0.8376424618256086
fsew0,fsew0_395,ULX,0.6183321520761944
fsew0,fsew0_395,ULY,0.8194559911736994
fsew0,fsew0_395,LLX,0.7123581082089944
fsew0,fsew0_395,LLY,0.843119172116279
fsew0,fsew0_396,TDX,0.5858394711309313
fsew0,fsew0_396,TDY,0.8603422370968157
fsew0,fsew0_396,TBX,0.7270123101785303
fsew0,fsew0_396,TBY,0.9068843695689999
fsew0,fsew0_396,TTX,0.7068988376753833
fsew0,fsew0_396,TTY,0.8617148875161266
fsew0,fsew0_396,LIX,0.6052479883204968
fsew0,fsew0_396,LIY,0.7248297419270656
fsew0,fsew0_396,ULX,0.7008259336110826
fsew0,fsew0_396,ULY,0.8045717786233119
fsew0,fsew0_396,LLX,0.7973597936148684
fsew0,fsew0_396,LLY,0.8363878940563896
fsew0,fsew0_397,TDX,0.5928297474139954
fsew0,fsew0_397,TDY,0.8938203153853044
fsew0,fsew0_397,TBX,0.6500843787751974
fsew0,fsew0_397,TBY,0.9220130281016475
fsew0,fsew0_397,TTX,0.7427861487186644
fsew0,fsew0_397,TTY,0.7070317405251405
fsew0,fsew0_397,LIX,0.5175140989923427
fsew0,fsew0_397,LIY,0.7339559427643493
fsew0,fsew0_397,ULX,0.6573121383810332
fsew0,fsew0_397,ULY,0.7351950075647924
fsew0,fsew0_397,LLX,0.5711782151349819
fsew0,fsew0_397,LLY,0.8130605646878052
fsew0,fsew0_398,TDX,0.6286884697397215
fsew0,fsew0_398,TDY,0.8233873647046748
fsew0,fsew0_398,TBX,0.5832741748886879
fsew0,fsew0_398,TBY,0.8777611296597005
fsew0,fsew0_398,TTX,0.6667433278693502
fsew0,fsew0_398,TTY,0.7757037438729519
fsew0,fsew0_398,LIX,0.8181470559144796
fsew0,fsew0_398,LIY,0.8706813510808212
fsew0,fsew0_398,ULX,0.40608445794616066
fsew0,fsew0_398,ULY,0.8068527517286728
fsew0,fsew0_398,LLX,0.7075975995892424
fsew0,fsew0_398,LLY,0.7292585990555418
fsew0,fsew0_399,TDX,0.4952273487496875
fsew0,fsew0_399,TDY,0.8675751760427679
fsew0,fsew0_399,TBX,0.54741903905286
fsew0,fsew0_399,TBY,0.7418410172373316
fsew0,fsew0_399,TTX,0.7836412817163914
fsew0,fsew0_399,TTY,0.5804599738096158
fsew0,fsew0_399,LIX,0.659905918225056
fsew0,fsew0_399,LIY,0.9239193699966871
fsew0,fsew0_399,ULX,0.45072396084578753
fsew0,fsew0_399,ULY,0.6557506536401279
fsew0,fsew0_399,LLX,0.4187342390759394
fsew0,fsew0_399,LLY,0.864054041775899
fsew0,fsew0_400,TDX,0.6620184223129728
fsew0,fsew0_400,TDY,0.8154015515951041
fsew0,fsew0_400,TBX,0.7980412322780643
fsew0,fsew0_400,TBY,0.8655762924074638
fsew0,fsew0_400,TTX,0.8415167197161695
fsew0,fsew0_400,TTY,0.7782903072453909
fsew0,fsew0_400,LIX,0.3351000173586748
fsew0,fsew0_400,LIY,0.8473864670170957
fsew0,fsew0_400,ULX,0.5411738638105154
fsew0,fsew0_400,ULY,0.8584080806318897
fsew0,fsew0_400,LLX,0.43299517010383415
fsew0,fsew0_400,LLY,0.844018646312171
fsew0,fsew0_401,TDX,0.7338077326799867
fsew0,fsew0_401,TDY,0.8271639314021781
fsew0,fsew0_401,TBX,0.7896916247195143
fsew0,fsew0_401,TBY,0.874559075043836
fsew0,fsew0_401,TTX,0.7229606023271219
fsew0,fsew0_401,TTY,0.716756492576571
fsew0,fsew0_401,LIX,0.6811936635778442
fsew0,fsew0_401,LIY,0.7912352233631598
fsew0,fsew0_401,ULX,0.7308024737087794
fsew0,fsew0_401,ULY,0.7081177715436514
fsew0,fsew0_401,LLX,0.8252746063970471
fsew0,fsew0_401,LLY,0.9102484124315562
fsew0,fsew0_402,TDX,0.7424192032762273
fsew0,fsew0_402,TDY,0.8549229207959596
fsew0,fsew0_402,TBX,0.8174862377286837
fsew0,fsew0_402,TBY,0.8751613254381615
fsew0,fsew0_402,TTX,0.8443177542477668
fsew0,fsew0_402,TTY,0.9181970249773599
fsew0,fsew0_402,LIX,0.29022156080588923
fsew0,fsew0_402,LIY,0.857189330339504
fsew0,fsew0_402,ULX,0.6991860455891288
fsew0,fsew0_402,ULY,-0.1910402225331877
fsew0,fsew0_402,LLX,0.27431209715971117
fsew0,fsew0_402,LLY,0.9060134237758705
fsew0,fsew0_403,TDX,0.8507649630313089
fsew0,fsew0_403,TDY,0.8839188039831753
fsew0,fsew0_403,TBX,0.8556565740704083
fsew0,fsew0_403,TBY,0.8543825569292607
fsew0,fsew0_403,TTX,0.7873904925274785
fsew0,fsew0_403,TTY,0.5256238596688315
fsew0,fsew0_403,LIX,0.5334920933857835
fsew0,fsew0_403,LIY,0.7281863875307211
fsew0,fsew0_403,ULX,0.5399759159269595
fsew0,fsew0_403,ULY,0.6574584341440166
fsew0,fsew0_403,LLX,0.6178241875711565
fsew0,fsew0_403,LLY,0.8994791483704238
fsew0,fsew0_404,TDX,0.6815101707627218
fsew0,fsew0_404,TDY,0.8507278320911422
fsew0,fsew0_404,TBX,0.7467082592021212
fsew0,fsew0_404,TBY,0.8367366860718286
fsew0,fsew0_404,TTX,0.7869766785288244
fsew0,fsew0_404,TTY,0.8809654677346719
fsew0,fsew0_404,LIX,0.4581590602811105
fsew0,fsew0_404,LIY,0.8005971298156812
fsew0,fsew0_404,ULX,0.5052189799312841
fsew0,fsew0_404,ULY,0.8679636098722266
fsew0,fsew0_404,LLX,0.5344656639943434
fsew0,fsew0_404,LLY,0.8581018287201383
fsew0,fsew0_405,TDX,0.5986692336096421
fsew0,fsew0_405,TDY,0.7708935045364225
fsew0,fsew0_405,TBX,0.7287559112669685
fsew0,fsew0_405,TBY,0.8091491577435269
fsew0,fsew0_405,TTX,0.8433294403987076
fsew0,fsew0_405,TTY,0.5456927623421279
fsew0,fsew0_405,LIX,0.7309435706277937
fsew0,fsew0_405,LIY,0.7626762795242641
fsew0,fsew0_405,ULX,0.7573390251919635
fsew0,fsew0_405,ULY,0.4376112394268662
fsew0,fsew0_405,LLX,0.839252324542139
fsew0,fsew0_405,LLY,0.9325557680294319
fsew0,fsew0_406,TDX,0.47476210128949853
fsew0,fsew0_406,TDY,0.8441276353411109
fsew0,fsew0_406,TBX,0.4502451093864124
fsew0,fsew0_406,TBY,0.8790418867921592
fsew0,fsew0_406,TTX,0.5326319113201261
fsew0,fsew0_406,TTY,0.8701328187652124
fsew0,fsew0_406,LIX,0.7151380844197207
fsew0,fsew0_406,LIY,0.7654579726535622
fsew0,fsew0_406,ULX,0.7202688151401996
fsew0,fsew0_406,ULY,0.92397723239998
fsew0,fsew0_406,LLX,0.7788030679666148
fsew0,fsew0_406,LLY,0.8193366141541956
fsew0,fsew0_407,TDX,0.7715951972527697
fsew0,fsew0_407,TDY,0.7570001729764051
fsew0,fsew0_407,TBX,0.7733741705769165
fsew0,fsew0_407,TBY,0.870548360219202
fsew0,fsew0_407,TTX,0.8998310010412047
fsew0,fsew0_407,TTY,0.89070129478538
fsew0,fsew0_407,LIX,0.37925466427827553
fsew0,fsew0_407,LIY,0.8933898851027513
fsew0,fsew0_407,ULX,0.6415237082366425
fsew0,fsew0_407,ULY,0.5518521026430439
fsew0,fsew0_407,LLX,0.6432075834314037
fsew0,fsew0_407,LLY,0.861625947507063
fsew0,fsew0_408,TDX,0.8181461303531283
fsew0,fsew0_408,TDY,0.9221610024016784
fsew0,fsew0_408,TBX,0.8524261152347724
fsew0,fsew0_408,TBY,0.8758800918069962
fsew0,fsew0_408,TTX,0.9003411278865645
fsew0,fsew0_408,TTY,0.8841419603581152
fsew0,fsew0_408,LIX,0.37596187907021217
fsew0,fsew0_408,LIY,0.8512761604788736
fsew0,fsew0_408,ULX,0.666426140329445
fsew0,fsew0_408,ULY,0.8578166032698225
fsew0,fsew0_408,LLX,0.7058014320372674
fsew0,fsew0_408,LLY,0.9169213753415026
fsew0,fsew0_409,TDX,0.6315532407245017
fsew0,fsew0_409,TDY,0.839624229399911
fsew0,fsew0_409,TBX,0.6763470744201566
fsew0,fsew0_409,TBY,0.9252897050829179
fsew0,fsew0_409,TTX,0.7733203456566868
fsew0,fsew0_409,TTY,0.9455515396905236
fsew0,fsew0_409,LIX,0.3715521333285657
fsew0,fsew0_409,LIY,0.9093350997663319
fsew0,fsew0_409,ULX,0.5426599851414939
fsew0,fsew0_409,ULY,0.8329760515974752
fsew0,fsew0_409,LLX,0.4509729895588495
fsew0,fsew0_409,LLY,0.8853777919201172
fsew0,fsew0_410,TDX,0.7879349877494546
fsew0,fsew0_410,TDY,0.8003811269882946
fsew0,fsew0_410,TBX,0.8219987073421139
fsew0,fsew0_410,TBY,0.8265742622846576
fsew0,fsew0_410,TTX,0.8308085461089487
fsew0,fsew0_410,TTY,0.7694189643810516
fsew0,fsew0_410,LIX,0.5001857661220523
fsew0,fsew0_410,LIY,0.9276031648504373
fsew0,fsew0_410,ULX,0.8054965128060442
fsew0,fsew0_410,ULY,0.5996407665014584
fsew0,fsew0_410,LLX,0.5494380511482758
fsew0,fsew0_410,LLY,0.9264461249180362
fsew0,fsew0_411,TDX,0.8039785910083667
fsew0,fsew0_411,TDY,0.9276562121963793
fsew0,fsew0_411,TBX,0.8233274939326095
fsew0,fsew0_411,TBY,0.9424129486284012
fsew0,fsew0_411,TTX,0.4473870557166016
fsew0,fsew0_411,TTY,0.9028445093386642
fsew0,fsew0_411,LIX,0.5260724547827261
fsew0,fsew0_411,LIY,0.7949741856068787
fsew0,fsew0_411,ULX,0.5131674960284205
fsew0,fsew0_411,ULY,0.8430763191270497
fsew0,fsew0_411,LLX,0.41044996438820164
fsew0,fsew0_411,LLY,0.9189809910072764
fsew0,fsew0_412,TDX,0.66934429661122
fsew0,fsew0_412,TDY,0.9084655403885086
fsew0,fsew0_412,TBX,0.6897778380488537
fsew0,fsew0_412,TBY,0.8835561411466859
fsew0,fsew0_412,TTX,0.7594957152988409
fsew0,fsew0_412,TTY,0.8724922792341225
fsew0,fsew0_412,LIX,0.6529609959404691
fsew0,fsew0_412,LIY,0.8067616932031679
fsew0,fsew0_412,ULX,0.35897402444845383
fsew0,fsew0_412,ULY,0.7754829929137698
fsew0,fsew0_412,LLX,0.6127604324497089
fsew0,fsew0_412,LLY,0.8405073805349682
fsew0,fsew0_413,TDX,0.6798147035703794
fsew0,fsew0_413,TDY,0.8697722738617385
fsew0,fsew0_413,TBX,0.7604402379424101
fsew0,fsew0_413,TBY,0.9170819748079032
fsew0,fsew0_413,TTX,0.7489427145548143
fsew0,fsew0_413,TTY,0.8732224189236345
fsew0,fsew0_413,LIX,0.27541896179759
fsew0,fsew0_413,LIY,0.8892515751913753
fsew0,fsew0_413,ULX,0.6717653107490698
fsew0,fsew0_413,ULY,0.8388336151606249
fsew0,fsew0_413,LLX,0.7369506043995295
fsew0,fsew0_413,LLY,0.9038431492148178
fsew0,fsew0_414,TDX,0.8351791938995436
fsew0,fsew0_414,TDY,0.8257858355427707
fsew0,fsew0_414,TBX,0.8376759140474886
fsew0,fsew0_414,TBY,0.8532940547961541
fsew0,fsew0_414,TTX,0.7577422134697583
fsew0,fsew0_414,TTY,0.7477847892733873
fsew0,fsew0_414,LIX,0.6102966880919571
fsew0,fsew0_414,LIY,0.9009015601061668
fsew0,fsew0_414,ULX,0.6496089371431301
fsew0,fsew0_414,ULY,0.7718800655219656
fsew0,fsew0_414,LLX,0.5286397985133378
fsew0,fsew0_414,LLY,0.9070289892110942
fsew0,fsew0_415,TDX,0.8688459305285143
fsew0,fsew0_415,TDY,0.6271186898573767
fsew0,fsew0_415,TBX,0.925760899737912
fsew0,fsew0_415,TBY,0.8818721361449875
fsew0,fsew0_415,TTX,0.922131424400649
fsew0,fsew0_415,TTY,0.9221469337604767
fsew0,fsew0_415,LIX,0.32773634054296497
fsew0,fsew0_415,LIY,0.8349026427867741
fsew0,fsew0_415,ULX,0.33210609006325836
fsew0,fsew0_415,ULY,0.7344644149718441
fsew0,fsew0_415,LLX,0.5596488250083399
fsew0,fsew0_415,LLY,0.8572680419742702
fsew0,fsew0_416,TDX,0.6132023192611562
fsew0,fsew0_416,TDY,0.8519871607356145
fsew0,fsew0_416,TBX,0.7536269274813698
fsew0,fsew0_416,TBY,0.8057210909611843
fsew0,fsew0_416,TTX,0.7825610855799322
fsew0,fsew0_416,TTY,0.6882466554601899
fsew0,fsew0_416,LIX,0.7200242757224283
fsew0,fsew0_416,LIY,0.8080958939541089
fsew0,fsew0_416,ULX,0.626979318738405
fsew0,fsew0_416,ULY,0.7132222816268212
fsew0,fsew0_416,LLX,0.6939622039653246
fsew0,fsew0_416,LLY,0.8139361550310888
fsew0,fsew0_417,TDX,0.7789595808119998
fsew0,fsew0_417,TDY,0.8721624647215281
fsew0,fsew0_417,TBX,0.8110521564231253
fsew0,fsew0_417,TBY,0.8460889347236975
fsew0,fsew0_417,TTX,0.8431275230477905
fsew0,fsew0_417,TTY,0.801783938795357
fsew0,fsew0_417,LIX,0.509976980531911
fsew0,fsew0_417,LIY,0.7382440599667279
fsew0,fsew0_417,ULX,0.70266106152372
fsew0,fsew0_417,ULY,0.8013321096631033
fsew0,fsew0_417,LLX,0.7063103639843397
fsew0,fsew0_417,LLY,0.8783483341019142
fsew0,fsew0_418,TDX,0.6656574993688241
fsew0,fsew0_418,TDY,0.87391352520269
fsew0,fsew0_418,TBX,0.7722501626809962
fsew0,fsew0_418,TBY,0.9335508754115798
fsew0,fsew0_418,TTX,0.8038775398433381
fsew0,fsew0_418,TTY,0.911059870419273
fsew0,fsew0_418,LIX,0.6662696279761863
fsew0,fsew0_418,LIY,0.7964010632179872
fsew0,fsew0_418,ULX,0.6287167961477205
fsew0,fsew0_418,ULY,0.668326513921605
fsew0,fsew0_418,LLX,0.5677504387294878
fsew0,fsew0_418,LLY,0.8600898827428473
fsew0,fsew0_419,TDX,0.6593637967283034
fsew0,fsew0_419,TDY,0.904700859787547
fsew0,fsew0_419,TBX,0.7449192969431584
fsew0,fsew0_419,TBY,0.9071441676654857
fsew0,fsew0_419,TTX,0.8315278274650021
fsew0,fsew0_419,TTY,0.8804469956591253
fsew0,fsew0_419,LIX,0.18434394270775226
fsew0,fsew0_419,LIY,0.8676558437272082
fsew0,fsew0_419,ULX,0.5721862928330339
fsew0,fsew0_419,ULY,0.6057519300678085
fsew0,fsew0_419,LLX,0.4427086331026008
fsew0,fsew0_419,LLY,0.743701619733915
fsew0,fsew0_420,TDX,0.6257779593302583
fsew0,fsew0_420,TDY,0.871823050863199
fsew0,fsew0_420,TBX,0.6131905701864908
fsew0,fsew0_420,TBY,0.9053695707340883
fsew0,fsew0_420,TTX,0.6285613595114402
fsew0,fsew0_420,TTY,0.8895643336790157
fsew0,fsew0_420,LIX,0.5250257310998101
fsew0,fsew0_420,LIY,0.8397051670991884
fsew0,fsew0_420,ULX,0.5512108015795489
fsew0,fsew0_420,ULY,0.810635023856879
fsew0,fsew0_420,LLX,0.5298951669673689
fsew0,fsew0_420,LLY,0.8747486885993642
fsew0,fsew0_421,TDX,0.6265414428189268
fsew0,fsew0_421,TDY,0.8659981880752785
fsew0,fsew0_421,TBX,0.8160535300355353
fsew0,fsew0_421,TBY,0.9140204106552867
fsew0,fsew0_421,TTX,0.8406923452186138
fsew0,fsew0_421,TTY,0.8987371134896206
fsew0,fsew0_421,LIX,0.2984957307119026
fsew0,fsew0_421,LIY,0.9242498770267924
fsew0,fsew0_421,ULX,0.2722349425373817
fsew0,fsew0_421,ULY,0.6808952118769699
fsew0,fsew0_421,LLX,0.45938371507570014
fsew0,fsew0_421,LLY,0.9034727358032609
fsew0,fsew0_422,TDX,0.7534989799593407
fsew0,fsew0_422,TDY,0.844508107326387
fsew0,fsew0_422,TBX,0.8363538314101121
fsew0,fsew0_422,TBY,0.9127717016867528
fsew0,fsew0_422,TTX,0.8293455024518848
fsew0,fsew0_422,TTY,0.9013428093590393
fsew0,fsew0_422,LIX,0.5311728211720171
fsew0,fsew0_422,LIY,0.8998413029361156
fsew0,fsew0_422,ULX,0.6246666262378162
fsew0,fsew0_422,ULY,0.8659713407936405
fsew0,fsew0_422,LLX,0.21816153515277237
fsew0,fsew0_422,LLY,0.9149717103127248
fsew0,fsew0_423,TDX,0.8606390690057846
fsew0,fsew0_423,TDY,0.8598237750140265
fsew0,fsew0_423,TBX,0.8700983099598026
fsew0,fsew0_423,TBY,0.9291170382832162
fsew0,fsew0_423,TTX,0.8000143924391449
fsew0,fsew0_423,TTY,0.8978133348968048
fsew0,fsew0_423,LIX,0.7868122192024107
fsew0,fsew0_423,LIY,0.9024228692700675
fsew0,fsew0_423,ULX,0.7679051440820895
fsew0,fsew0_423,ULY,0.7761173094897983
fsew0,fsew0_423,LLX,0.8071657504309786
fsew0,fsew0_423,LLY,0.8187872826231112
fsew0,fsew0_424,TDX,0.6992351533737612
fsew0,fsew0_424,TDY,0.8894396553249161
fsew0,fsew0_424,TBX,0.7721175248088983
fsew0,fsew0_424,TBY,0.94026307631876
fsew0,fsew0_424,TTX,0.7714022319975897
fsew0,fsew0_424,TTY,0.8822999423903376
fsew0,fsew0_424,LIX,0.18323436826585607
fsew0,fsew0_424,LIY,0.8187295116505261
fsew0,fsew0_424,ULX,0.6598329004768508
fsew0,fsew0_424,ULY,0.657992904022628
fsew0,fsew0_424,LLX,0.45601531951665
fsew0,fsew0_424,LLY,0.8517843736858298
fsew0,fsew0_425,TDX,0.7178634614078738
fsew0,fsew0_425,TDY,0.8078698379039311
fsew0,fsew0_425,TBX,0.8257066621881902
fsew0,fsew0_425,TBY,0.8782386587566339
fsew0,fsew0_425,TTX,0.8862524578649292
fsew0,fsew0_425,TTY,0.8136368926856015
fsew0,fsew0_425,LIX,0.4172332655749601
fsew0,fsew0_425,LIY,0.8987214890593368
fsew0,fsew0_425,ULX,0.450758835191211
fsew0,fsew0_425,ULY,0.723978899367967
fsew0,fsew0_425,LLX,0.6911613995164332
fsew0,fsew0_425,LLY,0.8658909829085222
fsew0,fsew0_426,TDX,0.7699331417362724
fsew0,fsew0_426,TDY,0.8809135330401792
fsew0,fsew0_426,TBX,0.7945995294900179
fsew0,fsew0_426,TBY,0.8969954872920186
fsew0,fsew0_426,TTX,0.7945366660003921
fsew0,fsew0_426,TTY,0.8331870190693468
fsew0,fsew0_426,LIX,0.4477603250891997
fsew0,fsew0_426,LIY,0.7530801065160564
fsew0,fsew0_426,ULX,0.7548744903915927
fsew0,fsew0_426,ULY,0.8843243577123189
fsew0,fsew0_426,LLX,0.19273800357550533
fsew0,fsew0_426,LLY,0.8048904210848369
fsew0,fsew0_427,TDX,0.8191907998890133
fsew0,fsew0_427,TDY,0.6849455073582031
fsew0,fsew0_427,TBX,0.8344013275927236
fsew0,fsew0_427,TBY,0.7009704531119662
fsew0,fsew0_427,TTX,0.8593952298559124
fsew0,fsew0_427,TTY,0.7559246522056049
fsew0,fsew0_427,LIX,0.4800551608168048
fsew0,fsew0_427,LIY,0.7493336406378778
fsew0,fsew0_427,ULX,0.6409633502576328
fsew0,fsew0_427,ULY,0.780545761867037
fsew0,fsew0_427,LLX,0.5658840115029269
fsew0,fsew0_427,LLY,0.8261438159880602
fsew0,fsew0_428,TDX,0.6395132842825367
fsew0,fsew0_428,TDY,0.8342492821742629
fsew0,fsew0_428,TBX,0.7503595879056661
fsew0,fsew0_428,TBY,0.934136269211802
fsew0,fsew0_428,TTX,0.7500109613712014
fsew0,fsew0_428,TTY,0.8411865894573148
fsew0,fsew0_428,LIX,0.756572366529881
fsew0,fsew0_428,LIY,0.9064380963170389
fsew0,fsew0_428,ULX,0.33268561170924954
fsew0,fsew0_428,ULY,0.8110096465633937
fsew0,fsew0_428,LLX,0.4387750545145864
fsew0,fsew0_428,LLY,0.8251643320543227
fsew0,fsew0_429,TDX,0.8789944628142377
fsew0,fsew0_429,TDY,0.8286626516863477
fsew0,fsew0_429,TBX,0.8623642251449765
fsew0,fsew0_429,TBY,0.884946142530866
fsew0,fsew0_429,TTX,0.8896636115149906
fsew0,fsew0_429,TTY,0.7217536801337775
fsew0,fsew0_429,LIX,0.23527244634514682
fsew0,fsew0_429,LIY,0.7491157394420559
fsew0,fsew0_429,ULX,0.7254768294919539
fsew0,fsew0_429,ULY,0.7658676631463935
fsew0,fsew0_429,LLX,0.6135654532284277
fsew0,fsew0_429,LLY,0.859608468031529
fsew0,fsew0_430,TDX,0.8159103421463989
fsew0,fsew0_430,TDY,0.813236085480588
fsew0,fsew0_430,TBX,0.8405222450643411
fsew0,fsew0_430,TBY,0.8492135226501379
fsew0,fsew0_430,TTX,0.8071413397927842
fsew0,fsew0_430,TTY,0.7714719944853435
fsew0,fsew0_430,LIX,0.7297718531691202
fsew0,fsew0_430,LIY,0.8635698855345286
fsew0,fsew0_430,ULX,0.6705639113067388
fsew0,fsew0_430,ULY,0.8910143608971168
fsew0,fsew0_430,LLX,0.7066665853379867
fsew0,fsew0_430,LLY,0.8643487540591317
fsew0,fsew0_431,TDX,0.7435325819023539
fsew0,fsew0_431,TDY,0.8559193807893046
fsew0,fsew0_431,TBX,0.7700407128178465
fsew0,fsew0_431,TBY,0.8063891712708249
fsew0,fsew0_431,TTX,0.8299020506849282
fsew0,fsew0_431,TTY,0.7825352531768311
fsew0,fsew0_431,LIX,0.3911007222854783
fsew0,fsew0_431,LIY,0.8542048914036268
fsew0,fsew0_431,ULX,0.8702541685723779
fsew0,fsew0_431,ULY,0.538632469126704
fsew0,fsew0_431,LLX,0.5756095150919609
fsew0,fsew0_431,LLY,0.9367147634057899
fsew0,fsew0_432,TDX,0.2592151905119903
fsew0,fsew0_432,TDY,0.8577201269076931
fsew0,fsew0_432,TBX,0.5269604355594455
fsew0,fsew0_432,TBY,0.9518794106213812
fsew0,fsew0_432,TTX,0.7132138504968124
fsew0,fsew0_432,TTY,0.8565054693886978
fsew0,fsew0_432,LIX,0.614267566599838
fsew0,fsew0_432,LIY,0.9388078458534637
fsew0,fsew0_432,ULX,0.8544189765810458
fsew0,fsew0_432,ULY,0.7207030562539456
fsew0,fsew0_432,LLX,0.4095518660147921
fsew0,fsew0_432,LLY,0.8411264249038184
fsew0,fsew0_433,TDX,0.6269170058908683
fsew0,fsew0_433,TDY,0.9053768446750126
fsew0,fsew0_433,TBX,0.7610750786343451
fsew0,fsew0_433,TBY,0.8715264409896472
fsew0,fsew0_433,TTX,0.7771394663789059
fsew0,fsew0_433,TTY,0.8718308579725492
fsew0,fsew0_433,LIX,0.5989998006085685
fsew0,fsew0_433,LIY,0.7900252236153876
fsew0,fsew0_433,ULX,0.6574779997409642
fsew0,fsew0_433,ULY,0.7944734990708407
fsew0,fsew0_433,LLX,0.4985190941117869
fsew0,fsew0_433,LLY,0.911515930630821
fsew0,fsew0_434,TDX,0.6253882683700984
fsew0,fsew0_434,TDY,0.9027919688501844
fsew0,fsew0_434,TBX,0.7571669176653203
fsew0,fsew0_434,TBY,0.9527386127556728
fsew0,fsew0_434,TTX,0.7112853204430319
fsew0,fsew0_434,TTY,0.9230968261792305
fsew0,fsew0_434,LIX,0.46635435675110765
fsew0,fsew0_434,LIY,0.8506828902326262
fsew0,fsew0_434,ULX,0.7514138219004093
fsew0,fsew0_434,ULY,0.7574599612184875
fsew0,fsew0_434,LLX,0.7313775464753279
fsew0,fsew0_434,LLY,0.8805014591188041
fsew0,fsew0_435,TDX,0.32959503353788294
fsew0,fsew0_435,TDY,0.8651013235518404
fsew0,fsew0_435,TBX,0.4689676113345648
fsew0,fsew0_435,TBY,0.8673933791068226
fsew0,fsew0_435,TTX,0.7120388613932277
fsew0,fsew0_435,TTY,0.7925694470197324
fsew0,fsew0_435,LIX,0.5112237561124094
fsew0,fsew0_435,LIY,0.9007434830922467
fsew0,fsew0_435,ULX,0.6159481220254795
fsew0,fsew0_435,ULY,0.8639614508936008
fsew0,fsew0_435,LLX,0.6189880879058899
fsew0,fsew0_435,LLY,0.8589176638531615
fsew0,fsew0_436,TDX,0.7389904068398153
fsew0,fsew0_436,TDY,0.8762753067184781
fsew0,fsew0_436,TBX,0.7850282487044281
fsew0,fsew0_436,TBY,0.927665756205166
fsew0,fsew0_436,TTX,0.8063903587388088
fsew0,fsew0_436,TTY,0.7675071924589608
fsew0,fsew0_436,LIX,0.20883996487830533
fsew0,fsew0_436,LIY,0.7442539689769697
fsew0,fsew0_436,ULX,0.5767766511586165
fsew0,fsew0_436,ULY,0.8732884242205101
fsew0,fsew0_436,LLX,0.24618305039787108
fsew0,fsew0_436,LLY,0.8898004677383462
fsew0,fsew0_437,TDX,0.708829482204199
fsew0,fsew0_437,TDY,0.8226967117015218
fsew0,fsew0_437,TBX,0.7504476950012775
fsew0,fsew0_437,TBY,0.8195503100654044
fsew0,fsew0_437,TTX,0.7995852082303831
fsew0,fsew0_437,TTY,0.8148127397639525
fsew0,fsew0_437,LIX,0.5091920883571678
fsew0,fsew0_437,LIY,0.9243294022884182
fsew0,fsew0_437,ULX,0.5493885858095561
fsew0,fsew0_437,ULY,0.8413785454640618
fsew0,fsew0_437,LLX,0.7654828302466349
fsew0,fsew0_437,LLY,0.8966399387697068
fsew0,fsew0_438,TDX,0.6198750982577049
fsew0,fsew0_438,TDY,0.8317849870712853
fsew0,fsew0_438,TBX,0.7887663050050885
fsew0,fsew0_438,TBY,0.9054771540260604
fsew0,fsew0_438,TTX,0.8689079375410376
fsew0,fsew0_438,TTY,0.8727187836206585
fsew0,fsew0_438,LIX,0.4113892106652924
fsew0,fsew0_438,LIY,0.8065747353091457
fsew0,fsew0_438,ULX,0.7057354109959544
fsew0,fsew0_438,ULY,0.6253005721105405
fsew0,fsew0_438,LLX,0.611669993917157
fsew0,fsew0_438,LLY,0.8903614000924517
fsew0,fsew0_439,TDX,0.6482464227351789
fsew0,fsew0_439,TDY,0.8109364235549071
fsew0,fsew0_439,TBX,0.7024913711122673
fsew0,fsew0_439,TBY,0.758512125085391
fsew0,fsew0_439,TTX,0.8403118700974159
fsew0,fsew0_439,TTY,0.6898797192744898
fsew0,fsew0_439,LIX,0.628042308479168
fsew0,fsew0_439,LIY,0.8964601430845273
fsew0,fsew0_439,ULX,0.5145682903387212
fsew0,fsew0_439,ULY,0.6404453085182267
fsew0,fsew0_439,LLX,0.5490955443409219
fsew0,fsew0_439,LLY,0.7899435038176328
fsew0,fsew0_440,TDX,0.7886749894931051
fsew0,fsew0_440,TDY,0.8796567755350053
fsew0,fsew0_440,TBX,0.8136199621919531
fsew0,fsew0_440,TBY,0.9072856262554578
fsew0,fsew0_440,TTX,0.8478556962761007
fsew0,fsew0_440,TTY,0.7873252686840887
fsew0,fsew0_440,LIX,0.4717173071850351
fsew0,fsew0_440,LIY,0.8225691677823804
fsew0,fsew0_440,ULX,0.6810315906980765
fsew0,fsew0_440,ULY,0.871271918378952
fsew0,fsew0_440,LLX,0.4561979165845061
fsew0,fsew0_440,LLY,0.8986249481073095
fsew0,fsew0_441,TDX,0.7456214959843926
fsew0,fsew0_441,TDY,0.9026730786525727
fsew0,fsew0_441,TBX,0.7912061398737159
fsew0,fsew0_441,TBY,0.9070974035233469
fsew0,fsew0_441,TTX,0.8101593121836564
fsew0,fsew0_441,TTY,0.8770170065847157
fsew0,fsew0_441,LIX,0.35121171100806253
fsew0,fsew0_441,LIY,0.8381168794895925
fsew0,fsew0_441,ULX,0.7943154820226703
fsew0,fsew0_441,ULY,0.6509117374403175
fsew0,fsew0_441,LLX,0.7365403985847155
fsew0,fsew0_441,LLY,0.9285422456404195
fsew0,fsew0_442,TDX,0.4793584938683194
fsew0,fsew0_442,TDY,0.7865836992600758
fsew0,fsew0_442,TBX,0.5825017684385901
fsew0,fsew0_442,TBY,0.8560090356479204
fsew0,fsew0_442,TTX,0.7418377567265292
fsew0,fsew0_442,TTY,0.7794793408386516
fsew0,fsew0_442,LIX,0.47785035396923137
fsew0,fsew0_442,LIY,0.921535063463141
fsew0,fsew0_442,ULX,0.6662703912584728
fsew0,fsew0_442,ULY,0.5195534013676649
fsew0,fsew0_442,LLX,0.6358201761914416
fsew0,fsew0_442,LLY,0.845566101277584
fsew0,fsew0_443,TDX,0.23244550491122712
fsew0,fsew0_443,TDY,0.8600266569624728
fsew0,fsew0_443,TBX,0.36110603916022743
fsew0,fsew0_443,TBY,0.9555637632079832
fsew0,fsew0_443,TTX,0.4745002235952065
fsew0,fsew0_443,TTY,0.6647641229495119
fsew0,fsew0_443,LIX,0.26253849943012625
fsew0,fsew0_443,LIY,0.704747653212517
fsew0,fsew0_443,ULX,0.5847698840192374
fsew0,fsew0_443,ULY,0.8430026173590494
fsew0,fsew0_443,LLX,0.5559208315418098
fsew0,fsew0_443,LLY,0.8487161889437131
fsew0,fsew0_444,TDX,0.6270170467176674
fsew0,fsew0_444,TDY,0.8363040552592134
fsew0,fsew0_444,TBX,0.7273692758685529
fsew0,fsew0_444,TBY,0.8647260272156428
fsew0,fsew0_444,TTX,0.7941544966508687
fsew0,fsew0_444,TTY,0.6963724013832461
fsew0,fsew0_444,LIX,0.6228738393531797
fsew0,fsew0_444,LIY,0.8279422837637097
fsew0,fsew0_444,ULX,0.696316603900892
fsew0,fsew0_444,ULY,0.6632989673237146
fsew0,fsew0_444,LLX,0.6566797763397929
fsew0,fsew0_444,LLY,0.8282381144313709
fsew0,fsew0_445,TDX,0.744373333946147
fsew0,fsew0_445,TDY,0.8432397908337942
fsew0,fsew0_445,TBX,0.8152680131565339
fsew0,fsew0_445,TBY,0.8125228236967457
fsew0,fsew0_445,TTX,0.8397594246542525
fsew0,fsew0_445,TTY,0.802738153849474
fsew0,fsew0_445,LIX,0.34981423962269
fsew0,fsew0_445,LIY,0.727253913744405
fsew0,fsew0_445,ULX,0.6705131292379394
fsew0,fsew0_445,ULY,0.5599448021688747
fsew0,fsew0_445,LLX,0.5819647109350631
fsew0,fsew0_445,LLY,0.8608964241739021
fsew0,fsew0_446,TDX,0.6644512191798585
fsew0,fsew0_446,TDY,0.8415343229350516
fsew0,fsew0_446,TBX,0.7944281054599795
fsew0,fsew0_446,TBY,0.8075022134175657
fsew0,fsew0_446,TTX,0.8220676879117202
fsew0,fsew0_446,TTY,0.712249175915273
fsew0,fsew0_446,LIX,0.6068631612344683
fsew0,fsew0_446,LIY,0.6719639782352004
fsew0,fsew0_446,ULX,0.7719577834828829
fsew0,fsew0_446,ULY,0.7585800728506947
fsew0,fsew0_446,LLX,0.7421270811263775
fsew0,fsew0_446,LLY,0.8660222038153664
fsew0,fsew0_447,TDX,0.8573370726897823
fsew0,fsew0_447,TDY,0.7910789273929987
fsew0,fsew0_447,TBX,0.8931687237815082
fsew0,fsew0_447,TBY,0.8982077395502769
fsew0,fsew0_447,TTX,0.8474147876825893
fsew0,fsew0_447,TTY,0.8814931758329828
fsew0,fsew0_447,LIX,0.5699591029666572
fsew0,fsew0_447,LIY,0.8281369920652314
fsew0,fsew0_447,ULX,0.5498091220207623
fsew0,fsew0_447,ULY,0.6727592676864009
fsew0,fsew0_447,LLX,0.5899451379737142
fsew0,fsew0_447,LLY,0.8588813229739615
fsew0,fsew0_448,TDX,0.6279241081468561
fsew0,fsew0_448,TDY,0.7949527745155303
fsew0,fsew0_448,TBX,0.5775361169883162
fsew0,fsew0_448,TBY,0.8942605469275827
fsew0,fsew0_448,TTX,0.529345596753981
fsew0,fsew0_448,TTY,0.7596359757353439
fsew0,fsew0_448,LIX,0.5105979962664011
fsew0,fsew0_448,LIY,0.7782603686372846
fsew0,fsew0_448,ULX,0.47415374073475225
fsew0,fsew0_448,ULY,0.658661981142774
fsew0,fsew0_448,LLX,0.5316209585692313
fsew0,fsew0_448,LLY,0.6607300196081077
fsew0,fsew0_449,TDX,0.4502981644666851
fsew0,fsew0_449,TDY,0.8581826819917113
fsew0,fsew0_449,TBX,0.7419063283008579
fsew0,fsew0_449,TBY,0.8275889458655125
fsew0,fsew0_449,TTX,0.6191403071726862
fsew0,fsew0_449,TTY,0.892465257763945
fsew0,fsew0_449,LIX,0.24784509933678228
fsew0,fsew0_449,LIY,0.8661725784215087
fsew0,fsew0_449,ULX,0.7029498475720343
fsew0,fsew0_449,ULY,0.8203896689628442
fsew0,fsew0_449,LLX,0.4652396456924573
fsew0,fsew0_449,LLY,0.8948110708338295
fsew0,fsew0_450,TDX,0.5839534372819313
fsew0,fsew0_450,TDY,0.8964808823758488
fsew0,fsew0_450,TBX,0.8471789168002879
fsew0,fsew0_450,TBY,0.944589711483723
fsew0,fsew0_450,TTX,0.8466498534726701
fsew0,fsew0_450,TTY,0.9040712531823013
fsew0,fsew0_450,LIX,0.573046428372525
fsew0,fsew0_450,LIY,0.8979246235963652
fsew0,fsew0_450,ULX,0.6357009113815946
fsew0,fsew0_450,ULY,0.3196737422889097
fsew0,fsew0_450,LLX,0.6056833067021741
fsew0,fsew0_450,LLY,0.8080758368153161
fsew0,fsew0_451,TDX,0.744607986050645
fsew0,fsew0_451,TDY,0.7876714615377785
fsew0,fsew0_451,TBX,0.7545430394772743
fsew0,fsew0_451,TBY,0.8361408109791914
fsew0,fsew0_451,TTX,0.6588535564039999
fsew0,fsew0_451,TTY,0.8438202537657181
fsew0,fsew0_451,LIX,0.6338464866320191
fsew0,fsew0_451,LIY,0.864915757274138
fsew0,fsew0_451,ULX,0.5875282551961707
fsew0,fsew0_451,ULY,0.4576378118688301
fsew0,fsew0_451,LLX,0.6328629912809997
fsew0,fsew0_451,LLY,0.9020594592779823
fsew0,fsew0_452,TDX,0.8283340812575918
fsew0,fsew0_452,TDY,0.8612358584802973
fsew0,fsew0_452,TBX,0.8517395785660982
fsew0,fsew0_452,TBY,0.8215630204949278
fsew0,fsew0_452,TTX,0.8564152883738048
fsew0,fsew0_452,TTY,0.7800937197707257
fsew0,fsew0_452,LIX,0.5307038460604881
fsew0,fsew0_452,LIY,0.8833894703250574
fsew0,fsew0_452,ULX,0.7865644140673291
fsew0,fsew0_452,ULY,0.8288615416810495
fsew0,fsew0_452,LLX,0.47692357422757425
fsew0,fsew0_452,LLY,0.8058040558451263
fsew0,fsew0_453,TDX,0.6530411119060962
fsew0,fsew0_453,TDY,0.7856781884533768
fsew0,fsew0_453,TBX,0.7041377329306746
fsew0,fsew0_453,TBY,0.8366937521160343
fsew0,fsew0_453,TTX,0.8134458468431979
fsew0,fsew0_453,TTY,0.7424789439488522
fsew0,fsew0_453,LIX,0.6052952612143024
fsew0,fsew0_453,LIY,0.7397270985818126
fsew0,fsew0_453,ULX,0.8119133506687005
fsew0,fsew0_453,ULY,0.8527337639881154
fsew0,fsew0_453,LLX,0.5961665919517973
fsew0,fsew0_453,LLY,0.790868244902273
fsew0,fsew0_454,TDX,0.7527143312757082
fsew0,fsew0_454,TDY,0.8693880460201084
fsew0,fsew0_454,TBX,0.7676028868947784
fsew0,fsew0_454,TBY,0.8980854290584869
fsew0,fsew0_454,TTX,0.7661337449982042
fsew0,fsew0_454,TTY,0.8061620544960998
fsew0,fsew0_454,LIX,0.24499496899860457
fsew0,fsew0_454,LIY,0.7902655293071299
fsew0,fsew0_454,ULX,0.5420434623285172
fsew0,fsew0_454,ULY,0.8705371537791887
fsew0,fsew0_454,LLX,0.5229591487075148
fsew0,fsew0_454,LLY,0.8334763145958307
fsew0,fsew0_455,TDX,0.6226516264092206
fsew0,fsew0_455,TDY,0.9230566644391353
fsew0,fsew0_455,TBX,0.8381736444781746
fsew0,fsew0_455,TBY,0.7636951682709492
fsew0,fsew0_455,TTX,0.8899304146598562
fsew0,fsew0_455,TTY,0.8329025935230311
fsew0,fsew0_455,LIX,0.7235871209128834
fsew0,fsew0_455,LIY,0.9054592734480517
fsew0,fsew0_455,ULX,0.5972729547286607
fsew0,fsew0_455,ULY,0.8951326250083642
fsew0,fsew0_455,LLX,0.5414161194003048
fsew0,fsew0_455,LLY,0.9058757704100627
fsew0,fsew0_456,TDX,0.6997679574177099
fsew0,fsew0_456,TDY,0.7468289375572945
fsew0,fsew0_456,TBX,0.7129077367281353
fsew0,fsew0_456,TBY,0.7203888525422544
fsew0,fsew0_456,TTX,0.7669791029258283
fsew0,fsew0_456,TTY,0.8295200360394275
fsew0,fsew0_456,LIX,0.028752633309245542
fsew0,fsew0_456,LIY,0.8573255436711312
fsew0,fsew0_456,ULX,0.6433522106533703
fsew0,fsew0_456,ULY,0.6867735343838045
fsew0,fsew0_456,LLX,0.3362705433703983
fsew0,fsew0_456,LLY,0.9117710413110293
fsew0,fsew0_457,TDX,0.8582150835986211
fsew0,fsew0_457,TDY,0.6417836887815619
fsew0,fsew0_457,TBX,0.8583850563759835
fsew0,fsew0_457,TBY,0.8502113214899303
fsew0,fsew0_457,TTX,0.8557691564066569
fsew0,fsew0_457,TTY,0.7931781003277737
fsew0,fsew0_457,LIX,0.7092528188649225
fsew0,fsew0_457,LIY,0.8330186931800179
fsew0,fsew0_457,ULX,0.8314998307765146
fsew0,fsew0_457,ULY,0.6000913251626647
fsew0,fsew0_457,LLX,0.7846258930157646
fsew0,fsew0_457,LLY,0.8593176355477923
fsew0,fsew0_458,TDX,0.842200550031496
fsew0,fsew0_458,TDY,0.7942943653344329
fsew0,fsew0_458,TBX,0.8073851189099002
fsew0,fsew0_458,TBY,0.8435398332951841
fsew0,fsew0_458,TTX,0.8210775992589358
fsew0,fsew0_458,TTY,0.8014738045456574
fsew0,fsew0_458,LIX,0.6209126484303185
fsew0,fsew0_458,LIY,0.7208304374354859
fsew0,fsew0_458,ULX,0.41384542251128914
fsew0,fsew0_458,ULY,0.7919286855802997
fsew0,fsew0_458,LLX,0.5279200715789659
fsew0,fsew0_458,LLY,0.8944155210351222
fsew0,fsew0_459,TDX,0.6350308355340178
fsew0,fsew0_459,TDY,0.8355441020354313
fsew0,fsew0_459,TBX,0.637603955263404
fsew0,fsew0_459,TBY,0.86607028245211
fsew0,fsew0_459,TTX,0.6645502855199906
fsew0,fsew0_459,TTY,0.7371452637535832
fsew0,fsew0_459,LIX,0.4452387969761539
fsew0,fsew0_459,LIY,0.8461904766319296
fsew0,fsew0_459,ULX,0.5459436433565406
fsew0,fsew0_459,ULY,0.788457380514933
fsew0,fsew0_459,LLX,0.5685294442294522
fsew0,fsew0_459,LLY,0.8899985181293363
fsew0,fsew0_460,TDX,0.7948712739806494
fsew0,fsew0_460,TDY,0.940831254863309
fsew0,fsew0_460,TBX,0.8674568987477862
fsew0,fsew0_460,TBY,0.9119851660120036
fsew0,fsew0_460,TTX,0.8111886058363006
fsew0,fsew0_460,TTY,0.826223116213181
fsew0,fsew0_460,LIX,0.4063841633924053
fsew0,fsew0_460,LIY,0.8789548472901767
fsew0,fsew0_460,ULX,0.29191260321273943
fsew0,fsew0_460,ULY,0.7955092692974931
fsew0,fsew0_460,LLX,0.2793870680057506
fsew0,fsew0_460,LLY,0.7948984824746066
msak0,msak0_001,TDX,0.8890905105706767
msak0,msak0_001,TDY,0.8146492540569686
msak0,msak0_001,TBX,0.931226837405966
msak0,msak0_001,TBY,0.8369840693256193
msak0,msak0_001,TTX,0.9113788327452133
msak0,msak0_001,TTY,0.5859257729702765
msak0,msak0_001,LIX,0.23173248288434656
msak0,msak0_001,LIY,0.6987664402673135
msak0,msak0_001,ULX,0.6598830180748633
msak0,msak0_001,ULY,0.8576239556621721
msak0,msak0_001,LLX,0.37496812720016076
msak0,msak0_001,LLY,0.7696464804159896
msak0,msak0_002,TDX,0.5197994941722521
msak0,msak0_002,TDY,0.8423821435646244
msak0,msak0_002,TBX,0.7277325480623388
msak0,msak0_002,TBY,0.9404331665555405
msak0,msak0_002,TTX,0.8381013849643517
msak0,msak0_002,TTY,0.5224621350655144
msak0,msak0_002,LIX,0.7746363222990119
msak0,msak0_002,LIY,0.7840815698425951
msak0,msak0_002,ULX,0.6908711831942946
msak0,msak0_002,ULY,0.6670936614880704
msak0,msak0_002,LLX,0.8218075382829493
msak0,msak0_002,LLY,0.8469642609870685
msak0,msak0_003,TDX,0.7472472263815695
msak0,msak0_003,TDY,0.7550187099906486
msak0,msak0_003,TBX,0.6965947693332011
msak0,msak0_003,TBY,0.9276889614927354
msak0,msak0_003,TTX,0.652114068424537
msak0,msak0_003,TTY,0.7263444691425369
msak0,msak0_003,LIX,0.7234303733096086
msak0,msak0_003,LIY,0.7054629941401092
msak0,msak0_003,ULX,0.5050574315667152
msak0,msak0_003,ULY,0.8312105414713131
msak0,msak0_003,LLX,0.42459609192012376
msak0,msak0_003,LLY,0.6459776497863591
msak0,msak0_004,TDX,0.6340493215747547
msak0,msak0_004,TDY,0.8978417578642511
msak0,msak0_004,TBX,0.8533866526844484
msak0,msak0_004,TBY,0.898343791437973
msak0,msak0_004,TTX,0.82972195868318
msak0,msak0_004,TTY,0.7633670844708609
msak0,msak0_004,LIX,0.8291310938977914
msak0,msak0_004,LIY,0.6694819547154895
msak0,msak0_004,ULX,0.7032445691156474
msak0,msak0_004,ULY,0.9309514231315675
msak0,msak0_004,LLX,0.8857670306777357
msak0,msak0_004,LLY,0.8936849971794489
msak0,msak0_005,TDX,0.7767236084430401
msak0,msak0_005,TDY,0.9320904102339191
msak0,msak0_005,TBX,0.6735106483558874
msak0,msak0_005,TBY,0.946885968803506
msak0,msak0_005,TTX,0.6712152446546119
msak0,msak0_005,TTY,0.8803458498522325
msak0,msak0_005,LIX,0.8440277479016883
msak0,msak0_005,LIY,0.8839369659161207
msak0,msak0_005,ULX,0.5836033114774767
msak0,msak0_005,ULY,0.8480051382101736
msak0,msak0_005,LLX,0.8177959589116456
msak0,msak0_005,LLY,0.9013299581425562
msak0,msak0_006,TDX,0.9164699540732069
msak0,msak0_006,TDY,0.7933099153013166
msak0,msak0_006,TBX,0.8926032282156984
msak0,msak0_006,TBY,0.7911383761006006
msak0,msak0_006,TTX,0.8821573770687678
msak0,msak0_006,TTY,0.735265804839031
msak0,msak0_006,LIX,0.8025109540924704
msak0,msak0_006,LIY,0.8905461719156013
msak0,msak0_006,ULX,0.3103396109212126
msak0,msak0_006,ULY,0.858548382234017
msak0,msak0_006,LLX,0.818052221287717
msak0,msak0_006,LLY,0.8781714999983659
msak0,msak0_007,TDX,0.3733277340994249
msak0,msak0_007,TDY,0.8284129052592522
msak0,msak0_007,TBX,0.6468595084163731
msak0,msak0_007,TBY,0.8486018603113622
msak0,msak0_007,TTX,0.6185401775651087
msak0,msak0_007,TTY,0.5759352763111406
msak0,msak0_007,LIX,0.8926433555846802
msak0,msak0_007,LIY,0.856282676180178
msak0,msak0_007,ULX,0.5339917751202505
msak0,msak0_007,ULY,0.8147179414118769
msak0,msak0_007,LLX,0.9161959950133186
msak0,msak0_007,LLY,0.8463415630573654
msak0,msak0_008,TDX,0.8278641743214288
msak0,msak0_008,TDY,0.7454775262364296
msak0,msak0_008,TBX,0.8132827785977839
msak0,msak0_008,TBY,0.8551553458905947
msak0,msak0_008,TTX,0.8371371275891346
msak0,msak0_008,TTY,0.8123858407218175
msak0,msak0_008,LIX,0.8383776105344468
msak0,msak0_008,LIY,0.8822763284709909
msak0,msak0_008,ULX,0.7702086075975347
msak0,msak0_008,ULY,0.8762992467616786
msak0,msak0_008,LLX,0.9163225000592062
msak0,msak0_008,LLY,0.9193376054724832
msak0,msak0_009,TDX,0.9210709689011903
msak0,msak0_009,TDY,0.7345852836936745
msak0,msak0_009,TBX,0.9026462141731575
msak0,msak0_009,TBY,0.8265241079139837
msak0,msak0_009,TTX,0.9145338695630981
msak0,msak0_009,TTY,0.7622011419405175
msak0,msak0_009,LIX,0.6046948275990075
msak0,msak0_009,LIY,0.8093042714498999
msak0,msak0_009,ULX,0.6793297864251354
msak0,msak0_009,ULY,0.8495690193088618
msak0,msak0_009,LLX,0.8746619874745961
msak0,msak0_009,LLY,0.9603063832403173
msak0,msak0_010,TDX,0.8498668445506825
msak0,msak0_010,TDY,0.8662372706925502
msak0,msak0_010,TBX,0.8757537389645698
msak0,msak0_010,TBY,0.9064008821211385
msak0,msak0_010,TTX,0.9059235020158749
msak0,msak0_010,TTY,0.846309108645017
msak0,msak0_010,LIX,0.7687809901626551
msak0,msak0_010,LIY,0.785093323992687
msak0,msak0_010,ULX,0.790976230183357
msak0,msak0_010,ULY,0.8663268238877485
msak0,msak0_010,LLX,0.792546404822598
msak0,msak0_010,LLY,0.847905401258341
msak0,msak0_011,TDX,0.8206055768254246
msak0,msak0_011,TDY,0.8465674361693323
msak0,msak0_011,TBX,0.8907329831572363
msak0,msak0_011,TBY,0.8730862449401983
msak0,msak0_011,TTX,0.8590588005240285
msak0,msak0_011,TTY,0.7842158879903766
msak0,msak0_011,LIX,0.76777436623441
msak0,msak0_011,LIY,0.7995009912725198
msak0,msak0_011,ULX,0.6142789728412567
msak0,msak0_011,ULY,0.8773505855923918
msak0,msak0_011,LLX,0.8475708148609915
msak0,msak0_011,LLY,0.9208316805588246
msak0,msak0_012,TDX,0.8259489981286796
msak0,msak0_012,TDY,0.7792313053373175
msak0,msak0_012,TBX,0.8227473037060341
msak0,msak0_012,TBY,0.8126788802926206
msak0,msak0_012,TTX,0.8889660895627369
msak0,msak0_012,TTY,0.6361558551399861
msak0,msak0_012,LIX,0.44407117664651363
msak0,msak0_012,LIY,0.8037013133857634
msak0,msak0_012,ULX,0.8628962340694396
msak0,msak0_012,ULY,0.8345810320334247
msak0,msak0_012,LLX,0.865416410598582
msak0,msak0_012,LLY,0.9231174923372306
msak0,msak0_013,TDX,0.7717025679673079
msak0,msak0_013,TDY,0.9114650007726456
msak0,msak0_013,TBX,0.8023448029318266
msak0,msak0_013,TBY,0.856112835953914
msak0,msak0_013,TTX,0.8819045071513918
msak0,msak0_013,TTY,0.4602330401721614
msak0,msak0_013,LIX,0.5992001303250483
msak0,msak0_013,LIY,0.8352298840120103
msak0,msak0_013,ULX,0.708083358953306
msak0,msak0_013,ULY,0.8281893860967375
msak0,msak0_013,LLX,0.7212935435222412
msak0,msak0_013,LLY,0.8909173216316365
msak0,msak0_014,TDX,0.8692762236885226
msak0,msak0_014,TDY,0.8641802774621186
msak0,msak0_014,TBX,0.8520129191196557
msak0,msak0_014,TBY,0.9211932454372651
msak0,msak0_014,TTX,0.8544696919247176
msak0,msak0_014,TTY,0.88350610918799
msak0,msak0_014,LIX,0.7208340412007899
msak0,msak0_014,LIY,0.7633663718891672
msak0,msak0_014,ULX,0.648256415759014
msak0,msak0_014,ULY,0.8721400883271049
msak0,msak0_014,LLX,0.7199718344406902
msak0,msak0_014,LLY,0.8926499936206471
msak0,msak0_015,TDX,0.7138819477170413
msak0,msak0_015,TDY,0.8969183955528683
msak0,msak0_015,TBX,0.8563525295814512
msak0,msak0_015,TBY,0.8950488106992064
msak0,msak0_015,TTX,0.9027961061183957
msak0,msak0_015,TTY,0.876432205063024
msak0,msak0_015,LIX,0.8178745293964307
msak0,msak0_015,LIY,0.7641737341112133
msak0,msak0_015,ULX,0.704134921873605
msak0,msak0_015,ULY,0.8162991674807263
msak0,msak0_015,LLX,0.9081418850283602
msak0,msak0_015,LLY,0.8936167373411579
msak0,msak0_016,TDX,0.7793131511368617
msak0,msak0_016,TDY,0.3571657338515877
msak0,msak0_016,TBX,0.8061513250069682
msak0,msak0_016,TBY,0.8083338634463729
msak0,msak0_016,TTX,0.8339871202057226
msak0,msak0_016,TTY,0.8721097952429999
msak0,msak0_016,LIX,0.7277586273062915
msak0,msak0_016,LIY,0.8667476775718871
msak0,msak0_016,ULX,0.7190944105629347
msak0,msak0_016,ULY,0.9181181266820093
msak0,msak0_016,LLX,0.8592633014633685
msak0,msak0_016,LLY,0.8686166147613211
msak0,msak0_017,TDX,0.6608770177370815
msak0,msak0_017,TDY,0.749019673001913
msak0,msak0_017,TBX,0.6953157428698955
msak0,msak0_017,TBY,0.8043441051436032
msak0,msak0_017,TTX,0.7989779344867401
msak0,msak0_017,TTY,0.7051513502017541
msak0,msak0_017,LIX,0.8384830539198973
msak0,msak0_017,LIY,0.7615869908153783
msak0,msak0_017,ULX,0.7540975231380094
msak0,msak0_017,ULY,0.846353462816968
msak0,msak0_017,LLX,0.7484538657246378
msak0,msak0_017,LLY,0.8688782651389607
msak0,msak0_018,TDX,0.5771255361319619
msak0,msak0_018,TDY,0.6514795325086133
msak0,msak0_018,TBX,0.590870099108851
msak0,msak0_018,TBY,0.8072996593568762
msak0,msak0_018,TTX,0.6749498950887692
msak0,msak0_018,TTY,0.7489418152735425
msak0,msak0_018,LIX,0.8623723171003869
msak0,msak0_018,LIY,0.8408051134405384
msak0,msak0_018,ULX,0.5903859198807676
msak0,msak0_018,ULY,0.898364471661463
msak0,msak0_018,LLX,0.8694492575130598
msak0,msak0_018,LLY,0.9380155334121952
msak0,msak0_019,TDX,0.6918489116908466
msak0,msak0_019,TDY,0.8204069651173238
msak0,msak0_019,TBX,0.667135731051881
msak0,msak0_019,TBY,0.8302687396714098
msak0,msak0_019,TTX,0.6987702871462562
msak0,msak0_019,TTY,0.6524442786532322
msak0,msak0_019,LIX,0.8155625513636069
msak0,msak0_019,LIY,0.8586242616627057
msak0,msak0_019,ULX,0.4019888358359784
msak0,msak0_019,ULY,0.8968854339466352
msak0,msak0_019,LLX,0.8834574501795529
msak0,msak0_019,LLY,0.9296721908147638
msak0,msak0_020,TDX,0.835519998568878
msak0,msak0_020,TDY,0.7831109472781758
msak0,msak0_020,TBX,0.820816160034978
msak0,msak0_020,TBY,0.9433011995588462
msak0,msak0_020,TTX,0.8582155142598753
msak0,msak0_020,TTY,0.9022708982221369
msak0,msak0_020,LIX,0.7153546618165493
msak0,msak0_020,LIY,0.7044003022192152
msak0,msak0_020,ULX,0.7508834404339908
msak0,msak0_020,ULY,0.9328409218723719
msak0,msak0_020,LLX,0.6366544258897567
msak0,msak0_020,LLY,0.810164755121809
msak0,msak0_021,TDX,0.7813554664157961
msak0,msak0_021,TDY,0.8002062721996622
msak0,msak0_021,TBX,0.7346475808359902
msak0,msak0_021,TBY,0.927212429038337
msak0,msak0_021,TTX,0.6481912132028133
msak0,msak0_021,TTY,0.4882567260968923
msak0,msak0_021,LIX,0.729757175005639
msak0,msak0_021,LIY,0.6612088328497985
msak0,msak0_021,ULX,0.6895161901923083
msak0,msak0_021,ULY,0.7527670008892862
msak0,msak0_021,LLX,0.8160098757209204
msak0,msak0_021,LLY,0.9070049378268827
msak0,msak0_022,TDX,0.816436039450319
msak0,msak0_022,TDY,0.6794458577764415
msak0,msak0_022,TBX,0.7760424564580782
msak0,msak0_022,TBY,0.8922803511961961
msak0,msak0_022,TTX,0.8121744818676536
msak0,msak0_022,TTY,0.8064409087372101
msak0,msak0_022,LIX,0.7825809960877141
msak0,msak0_022,LIY,0.8054044119240686
msak0,msak0_022,ULX,0.7416879613640684
msak0,msak0_022,ULY,0.7671910518406286
msak0,msak0_022,LLX,0.6634776599788547
msak0,msak0_022,LLY,0.8000849342975316
msak0,msak0_023,TDX,0.5267049493123783
msak0,msak0_023,TDY,0.9219979803983436
msak0,msak0_023,TBX,0.6790193739785828
msak0,msak0_023,TBY,0.9353190381413629
msak0,msak0_023,TTX,0.8263199385810508
msak0,msak0_023,TTY,0.9242932634792989
msak0,msak0_023,LIX,0.7965055859032276
msak0,msak0_023,LIY,0.9032066396157437
msak0,msak0_023,ULX,0.6369801054214976
msak0,msak0_023,ULY,0.8717693122439587
msak0,msak0_023,LLX,0.8692821491650633
msak0,msak0_023,LLY,0.925487889071947
msak0,msak0_024,TDX,0.8195990990667017
msak0,msak0_024,TDY,0.7227989562748908
msak0,msak0_024,TBX,0.8238607841683523
msak0,msak0_024,TBY,0.8493117651509926
msak0,msak0_024,TTX,0.9094521126534488
msak0,msak0_024,TTY,0.909290176698394
msak0,msak0_024,LIX,0.8065800927159723
msak0,msak0_024,LIY,0.7778074807714775
msak0,msak0_024,ULX,0.7558174121564405
msak0,msak0_024,ULY,0.8988621047220808
msak0,msak0_024,LLX,0.8124271331107289
msak0,msak0_024,LLY,0.7625638140782859
msak0,msak0_025,TDX,0.6673265866577497
msak0,msak0_025,TDY,0.8365234163139054
msak0,msak0_025,TBX,0.7547561203573243
msak0,msak0_025,TBY,0.842164409011119
msak0,msak0_025,TTX,0.7469520844356939
msak0,msak0_025,TTY,0.6525600173230345
msak0,msak0_025,LIX,0.5965387910059728
msak0,msak0_025,LIY,0.7986735997865659
msak0,msak0_025,ULX,0.754812895679149
msak0,msak0_025,ULY,0.9019463317539763
msak0,msak0_025,LLX,0.9319388093481784
msak0,msak0_025,LLY,0.8509468023107796
msak0,msak0_026,TDX,0.6361933841275891
msak0,msak0_026,TDY,0.8305944491709948
msak0,msak0_026,TBX,0.6523333152488768
msak0,msak0_026,TBY,0.776002915059251
msak0,msak0_026,TTX,0.814888644326232
msak0,msak0_026,TTY,0.667869768791753
msak0,msak0_026,LIX,0.8227803144120849
msak0,msak0_026,LIY,0.6968875076785825
msak0,msak0_026,ULX,0.6181750925612653
msak0,msak0_026,ULY,0.8708204321980424
msak0,msak0_026,LLX,0.915360941698901
msak0,msak0_026,LLY,0.9034593267480572
msak0,msak0_027,TDX,0.5363918540275204
msak0,msak0_027,TDY,0.8345222886680068
msak0,msak0_027,TBX,0.6242188651203652
msak0,msak0_027,TBY,0.9015687487918523
msak0,msak0_027,TTX,0.765125981224991
msak0,msak0_027,TTY,0.6961641879194542
msak0,msak0_027,LIX,0.8103937685475722
msak0,msak0_027,LIY,0.8954133218170139
msak0,msak0_027,ULX,0.3986095967875661
msak0,msak0_027,ULY,0.8259133428875175
msak0,msak0_027,LLX,0.920551655758848
msak0,msak0_027,LLY,0.845416439257452
msak0,msak0_028,TDX,0.7441163145763249
msak0,msak0_028,TDY,0.7733571713859145
msak0,msak0_028,TBX,0.8081649235418675
msak0,msak0_028,TBY,0.5598230085929627
msak0,msak0_028,TTX,0.8276810032651234
msak0,msak0_028,TTY,0.6968662148111686
msak0,msak0_028,LIX,0.7703176336277943
msak0,msak0_028,LIY,0.8797730925762844
msak0,msak0_028,ULX,0.2521209692954577
msak0,msak0_028,ULY,0.8374034356969295
msak0,msak0_028,LLX,0.7724856689976152
msak0,msak0_028,LLY,0.9281673427468161
msak0,msak0_029,TDX,0.5984777244414711
msak0,msak0_029,TDY,0.7226060795083044
msak0,msak0_029,TBX,0.5907033397220308
msak0,msak0_029,TBY,0.7001794671748334
msak0,msak0_029,TTX,0.43885672088516225
msak0,msak0_029,TTY,0.7013999254671328
msak0,msak0_029,LIX,0.7191092958584795
msak0,msak0_029,LIY,0.8924521924055059
msak0,msak0_029,ULX,0.7659437085841363
msak0,msak0_029,ULY,0.8925949752728806
msak0,msak0_029,LLX,0.8863994018089232
msak0,msak0_029,LLY,0.9493173150475019
msak0,msak0_030,TDX,0.7437860843317545
msak0,msak0_030,TDY,0.8675967465166846
msak0,msak0_030,TBX,0.8332899564270052
msak0,msak0_030,TBY,0.5470579561628871
msak0,msak0_030,TTX,0.8499812266861348
msak0,msak0_030,TTY,0.3351481592895441
msak0,msak0_030,LIX,0.5961087463405815
msak0,msak0_030,LIY,0.8261877044767243
msak0,msak0_030,ULX,0.676337626488417
msak0,msak0_030,ULY,0.5714757443597646
msak0,msak0_030,LLX,0.797823681448204
msak0,msak0_030,LLY,0.9093068738734856
msak0,msak0_031,TDX,0.5050536976359716
msak0,msak0_031,TDY,0.7603140838427319
msak0,msak0_031,TBX,0.5149900168435205
msak0,msak0_031,TBY,0.8525157927394101
msak0,msak0_031,TTX,0.133527214736529
msak0,msak0_031,TTY,0.6523554315315809
msak0,msak0_031,LIX,0.8027283849740949
msak0,msak0_031,LIY,0.764372578087136
msak0,msak0_031,ULX,0.6230787362197233
msak0,msak0_031,ULY,0.8516199837522361
msak0,msak0_031,LLX,0.6755488240810168
msak0,msak0_031,LLY,0.8262085558557244
msak0,msak0_032,TDX,0.8004254842412715
msak0,msak0_032,TDY,0.7702380662186438
msak0,msak0_032,TBX,0.8300307299443518
msak0,msak0_032,TBY,0.8854304935406596
msak0,msak0_032,TTX,0.7829660282739609
msak0,msak0_032,TTY,0.9221576386572405
msak0,msak0_032,LIX,0.8127832976994313
msak0,msak0_032,LIY,0.9097539269566094
msak0,msak0_032,ULX,0.19900898837254366
msak0,msak0_032,ULY,0.7727277325163214
msak0,msak0_032,LLX,0.8820486630842732
msak0,msak0_032,LLY,0.9385216889034728
msak0,msak0_033,TDX,0.5530293009550012
msak0,msak0_033,TDY,0.8703255516502506
msak0,msak0_033,TBX,0.6988324304170731
msak0,msak0_033,TBY,0.849982973175947
msak0,msak0_033,TTX,0.7927242660581414
msak0,msak0_033,TTY,0.862499404071985
msak0,msak0_033,LIX,0.7999046763820036
msak0,msak0_033,LIY,0.9334411441792632
msak0,msak0_033,ULX,0.8583613384846853
msak0,msak0_033,ULY,0.9479502710715867
msak0,msak0_033,LLX,0.8120570344212726
msak0,msak0_033,LLY,0.8493634805667727
msak0,msak0_034,TDX,0.7687981359573319
msak0,msak0_034,TDY,0.8459454430480057
msak0,msak0_034,TBX,0.8320050155299944
msak0,msak0_034,TBY,0.9462314076823976
msak0,msak0_034,TTX,0.8963360446814734
msak0,msak0_034,TTY,0.868051407905567
msak0,msak0_034,LIX,0.8301578930460879
msak0,msak0_034,LIY,0.903440113094664
msak0,msak0_034,ULX,0.8924464177465244
msak0,msak0_034,ULY,0.7986589021010816
msak0,msak0_034,LLX,0.8447749944771489
msak0,msak0_034,LLY,0.792409426553172
msak0,msak0_035,TDX,0.7828874946001225
msak0,msak0_035,TDY,0.7496855060047675
msak0,msak0_035,TBX,0.8201767806766982
msak0,msak0_035,TBY,0.7742136935775075
msak0,msak0_035,TTX,0.854225796008506
msak0,msak0_035,TTY,0.7114059806026604
msak0,msak0_035,LIX,0.5563283965250938
msak0,msak0_035,LIY,0.809497164995037
msak0,msak0_035,ULX,0.6730028670199407
msak0,msak0_035,ULY,0.9473440842638001
msak0,msak0_035,LLX,0.7392565222251487
msak0,msak0_035,LLY,0.7740840988046465
msak0,msak0_036,TDX,0.6998573048469147
msak0,msak0_036,TDY,0.5740230738998077
msak0,msak0_036,TBX,0.8177140205548681
msak0,msak0_036,TBY,0.7115776126728975
msak0,msak0_036,TTX,0.8738898700521
msak0,msak0_036,TTY,0.7526853023076255
msak0,msak0_036,LIX,0.737156810409435
msak0,msak0_036,LIY,0.8795056470942737
msak0,msak0_036,ULX,0.7339308759168253
msak0,msak0_036,ULY,0.9176950810314757
msak0,msak0_036,LLX,0.7861024687309116
msak0,msak0_036,LLY,0.8756398583385593
msak0,msak0_037,TDX,0.6425531366688848
msak0,msak0_037,TDY,0.7092890207777781
msak0,msak0_037,TBX,0.7017877114026462
msak0,msak0_037,TBY,0.6804971453931528
msak0,msak0_037,TTX,0.8381729069815373
msak0,msak0_037,TTY,0.7395314435027726
msak0,msak0_037,LIX,0.7681647555227767
msak0,msak0_037,LIY,0.7910584936906729
msak0,msak0_037,ULX,0.7257305611960266
msak0,msak0_037,ULY,0.9107152546969439
msak0,msak0_037,LLX,0.7136227699318562
msak0,msak0_037,LLY,0.6757739846493153
msak0,msak0_038,TDX,0.47074749445117386
msak0,msak0_038,TDY,0.6817739228084964
msak0,msak0_038,TBX,0.5358423672133067
msak0,msak0_038,TBY,0.8045744598594421
msak0,msak0_038,TTX,0.5848611838277862
msak0,msak0_038,TTY,0.6768147920140539
msak0,msak0_038,LIX,0.7089323600129871
msak0,msak0_038,LIY,0.8740299030655055
msak0,msak0_038,ULX,0.7784934785688866
msak0,msak0_038,ULY,0.9475078931278994
msak0,msak0_038,LLX,0.7817213345315295
msak0,msak0_038,LLY,0.8906594625426938
msak0,msak0_039,TDX,0.7744835283932163
msak0,msak0_039,TDY,0.7796636044721004
msak0,msak0_039,TBX,0.8921710740739927
msak0,msak0_039,TBY,0.8349045004856012
msak0,msak0_039,TTX,0.8883413096305304
msak0,msak0_039,TTY,0.8997660319674794
msak0,msak0_039,LIX,0.6289090187466392
msak0,msak0_039,LIY,0.8731464425352605
msak0,msak0_039,ULX,0.64603772156833
msak0,msak0_039,ULY,0.8986115010110246
msak0,msak0_039,LLX,0.7821442585706768
msak0,msak0_039,LLY,0.8904913356180056
msak0,msak0_040,TDX,0.8138678215047924
msak0,msak0_040,TDY,0.9057570033075583
msak0,msak0_040,TBX,0.8774185063570287
msak0,msak0_040,TBY,0.8022824244496517
msak0,msak0_040,TTX,0.8368932993035115
msak0,msak0_040,TTY,0.7294190403701494
msak0,msak0_040,LIX,0.558568762114478
msak0,msak0_040,LIY,0.614333874640195
msak0,msak0_040,ULX,0.44936920506391514
msak0,msak0_040,ULY,0.8313650341992738
msak0,msak0_040,LLX,0.6508183752853425
msak0,msak0_040,LLY,0.7288414827416896
msak0,msak0_041,TDX,0.8015297714933954
msak0,msak0_041,TDY,0.9184966260782033
msak0,msak0_041,TBX,0.8149714908684751
msak0,msak0_041,TBY,0.8738916848864373
msak0,msak0_041,TTX,0.7930639521114088
msak0,msak0_041,TTY,0.8334515646244975
msak0,msak0_041,LIX,0.8623585836403497
msak0,msak0_041,LIY,0.9296510186885183
msak0,msak0_041,ULX,0.5463808549473663
msak0,msak0_041,ULY,0.8909760769039768
msak0,msak0_041,LLX,0.8923161370877932
msak0,msak0_041,LLY,0.7998086949769123
msak0,msak0_042,TDX,0.8163184023205476
msak0,msak0_042,TDY,0.8013687955794976
msak0,msak0_042,TBX,0.8448423899393218
msak0,msak0_042,TBY,0.7779589553273235
msak0,msak0_042,TTX,0.8787186499642089
msak0,msak0_042,TTY,0.5622921359983692
msak0,msak0_042,LIX,0.7150194290284615
msak0,msak0_042,LIY,0.8738300389220399
msak0,msak0_042,ULX,0.3071899895202709
msak0,msak0_042,ULY,0.8362364104812652
msak0,msak0_042,LLX,0.8014480955791727
msak0,msak0_042,LLY,0.8885776348938638
msak0,msak0_043,TDX,0.886994386281593
msak0,msak0_043,TDY,0.8863896605508067
msak0,msak0_043,TBX,0.909549339344048
msak0,msak0_043,TBY,0.8472091174727151
msak0,msak0_043,TTX,0.9212781183229899
msak0,msak0_043,TTY,0.41335371385133457
msak0,msak0_043,LIX,0.4699443827532772
msak0,msak0_043,LIY,0.8114438513633939
msak0,msak0_043,ULX,0.5147719679704227
msak0,msak0_043,ULY,0.7751099053487336
msak0,msak0_043,LLX,0.6448115088317627
msak0,msak0_043,LLY,0.7771089073814172
msak0,msak0_044,TDX,0.8391380927017033
msak0,msak0_044,TDY,0.920658191353119
msak0,msak0_044,TBX,0.8617076298740529
msak0,msak0_044,TBY,0.875817402584311
msak0,msak0_044,TTX,0.8625920096040867
msak0,msak0_044,TTY,0.7924776873618335
msak0,msak0_044,LIX,0.7793616605304194
msak0,msak0_044,LIY,0.8386322455826122
msak0,msak0_044,ULX,0.6846916587293492
msak0,msak0_044,ULY,0.9204910965290876
msak0,msak0_044,LLX,0.8177186086793323
msak0,msak0_044,LLY,0.904320520113107
msak0,msak0_045,TDX,0.7461104001791016
msak0,msak0_045,TDY,0.6338255846407852
msak0,msak0_045,TBX,0.8068989954096644
msak0,msak0_045,TBY,0.763709012534695
msak0,msak0_045,TTX,0.8689059493715854
msak0,msak0_045,TTY,0.833255289948566
msak0,msak0_045,LIX,0.8227669180431494
msak0,msak0_045,LIY,0.9234748254124798
msak0,msak0_045,ULX,0.4234621440347566
msak0,msak0_045,ULY,0.640702435363159
msak0,msak0_045,LLX,0.8604142974470818
msak0,msak0_045,LLY,0.8323795607196148
msak0,msak0_046,TDX,0.7402666781738028
msak0,msak0_046,TDY,0.9430752629931325
msak0,msak0_046,TBX,0.8117308851693343
msak0,msak0_046,TBY,0.6068645597321619
msak0,msak0_046,TTX,0.8545805631663733
msak0,msak0_046,TTY,0.8175510163480065
msak0,msak0_046,LIX,0.7094243617462493
msak0,msak0_046,LIY,0.8104944146378779
msak0,msak0_046,ULX,0.7465831004129198
msak0,msak0_046,ULY,0.8970705513126686
msak0,msak0_046,LLX,0.7053529026716974
msak0,msak0_046,LLY,0.8578387763762259
msak0,msak0_047,TDX,0.7881496315041644
msak0,msak0_047,TDY,0.888865911870616
msak0,msak0_047,TBX,0.7973996811395911
msak0,msak0_047,TBY,0.8481151493963122
msak0,msak0_047,TTX,0.8362207155473975
msak0,msak0_047,TTY,0.8603165990330585
msak0,msak0_047,LIX,0.8621227193643276
msak0,msak0_047,LIY,0.8201262195573433
msak0,msak0_047,ULX,0.9372560137009736
msak0,msak0_047,ULY,0.881047143739369
msak0,msak0_047,LLX,0.9102822694644006
msak0,msak0_047,LLY,0.9052431679612236
msak0,msak0_048,TDX,0.8056504117931533
msak0,msak0_048,TDY,0.8936863794100433
msak0,msak0_048,TBX,0.7842219219504609
msak0,msak0_048,TBY,0.8777876798796928
msak0,msak0_048,TTX,0.8300053609659738
msak0,msak0_048,TTY,0.7963905698286837
msak0,msak0_048,LIX,0.7341919212584403
msak0,msak0_048,LIY,0.7696051787789636
msak0,msak0_048,ULX,0.6755588014655799
msak0,msak0_048,ULY,0.8115372669607215
msak0,msak0_048,LLX,0.8337100393777819
msak0,msak0_048,LLY,0.9317341206630055
msak0,msak0_049,TDX,0.7076379166723037
msak0,msak0_049,TDY,0.6409474306561418
msak0,msak0_049,TBX,0.8017395081660215
msak0,msak0_049,TBY,0.7105572852160374
msak0,msak0_049,TTX,0.8354257710240917
msak0,msak0_049,TTY,0.7663282826155523
msak0,msak0_049,LIX,0.8782758605873502
msak0,msak0_049,LIY,0.849063507511374
msak0,msak0_049,ULX,0.6065452816588857
msak0,msak0_049,ULY,0.8157575865133603
msak0,msak0_049,LLX,0.7569414373014519
msak0,msak0_049,LLY,0.9128999907486207
msak0,msak0_050,TDX,0.8116988093914684
msak0,msak0_050,TDY,0.8672035926235742
msak0,msak0_050,TBX,0.8414962640694311
msak0,msak0_050,TBY,0.6649701420397418
msak0,msak0_050,TTX,0.8080638019782423
msak0,msak0_050,TTY,0.7628473374101101
msak0,msak0_050,LIX,0.8015921578471709
msak0,msak0_050,LIY,0.7835001213064906
msak0,msak0_050,ULX,0.6882653490349258
msak0,msak0_050,ULY,0.8600305023266513
msak0,msak0_050,LLX,0.911215372502181
msak0,msak0_050,LLY,0.9108970282619142
msak0,msak0_051,TDX,0.8583996507990852
msak0,msak0_051,TDY,0.8391471060097214
msak0,msak0_051,TBX,0.834327933930409
msak0,msak0_051,TBY,0.782499528171466
msak0,msak0_051,TTX,0.7556784818318253
msak0,msak0_051,TTY,0.8686694347186387
msak0,msak0_051,LIX,0.855635818029587
msak0,msak0_051,LIY,0.93161798236947
msak0,msak0_051,ULX,0.4821125552240329
msak0,msak0_051,ULY,0.9012122235128245
msak0,msak0_051,LLX,0.7435936897674573
msak0,msak0_051,LLY,0.9055608547667867
msak0,msak0_052,TDX,0.8474914314918414
msak0,msak0_052,TDY,0.8161702881424943
msak0,msak0_052,TBX,0.8637502851994998
msak0,msak0_052,TBY,0.7673758480147281
msak0,msak0_052,TTX,0.8564776317354275
msak0,msak0_052,TTY,0.818529456042081
msak0,msak0_052,LIX,0.8402407311590128
msak0,msak0_052,LIY,0.7978882466987601
msak0,msak0_052,ULX,0.5179164416749875
msak0,msak0_052,ULY,0.7936838948233875
msak0,msak0_052,LLX,0.8770266926092996
msak0,msak0_052,LLY,0.8847248115884482
msak0,msak0_053,TDX,0.7884593754385134
msak0,msak0_053,TDY,0.8937743724878142
msak0,msak0_053,TBX,0.8106572074647489
msak0,msak0_053,TBY,0.860795642401003
msak0,msak0_053,TTX,0.5194399539027829
msak0,msak0_053,TTY,0.5915323768334397
msak0,msak0_053,LIX,0.7714779600008833
msak0,msak0_053,LIY,0.7204608459449013
msak0,msak0_053,ULX,0.3708742572130816
msak0,msak0_053,ULY,0.8794032479841096
msak0,msak0_053,LLX,0.8648885712860747
msak0,msak0_053,LLY,0.9041818716144052
msak0,msak0_054,TDX,0.8656519670773293
msak0,msak0_054,TDY,0.8306923234056693
msak0,msak0_054,TBX,0.8908050373339415
msak0,msak0_054,TBY,0.7376358956572708
msak0,msak0_054,TTX,0.8643514358208971
msak0,msak0_054,TTY,0.7745034961546244
msak0,msak0_054,LIX,0.6255472724096539
msak0,msak0_054,LIY,0.8924625297228115
msak0,msak0_054,ULX,0.4448484422981727
msak0,msak0_054,ULY,0.8070660353441308
msak0,msak0_054,LLX,0.619369720291878
msak0,msak0_054,LLY,0.8541880915383852
msak0,msak0_055,TDX,0.6614809248812631
msak0,msak0_055,TDY,0.9151220521983827
msak0,msak0_055,TBX,0.7375715935423884
msak0,msak0_055,TBY,0.8082792357436666
msak0,msak0_055,TTX,0.6975165190280014
msak0,msak0_055,TTY,0.732280749903757
msak0,msak0_055,LIX,0.5350661011140132
msak0,msak0_055,LIY,0.8442441850186715
msak0,msak0_055,ULX,0.5845023694230075
msak0,msak0_055,ULY,0.86371510252578
msak0,msak0_055,LLX,0.7910834028152157
msak0,msak0_055,LLY,0.8775675022438786
msak0,msak0_056,TDX,0.7342680181919482
msak0,msak0_056,TDY,0.8318794385680631
msak0,msak0_056,TBX,0.6473835133520716
msak0,msak0_056,TBY,0.8146733244798642
msak0,msak0_056,TTX,0.7026963404629587
msak0,msak0_056,TTY,0.7236268089390596
msak0,msak0_056,LIX,0.7912338954719341
msak0,msak0_056,LIY,0.8482066156251752
msak0,msak0_056,ULX,0.39746957020069873
msak0,msak0_056,ULY,0.8305288372620173
msak0,msak0_056,LLX,0.7801017223299173
msak0,msak0_056,LLY,0.8800795513377889
msak0,msak0_057,TDX,0.8988237621392728
msak0,msak0_057,TDY,0.8231057135331877
msak0,msak0_057,TBX,0.9088909800899498
msak0,msak0_057,TBY,0.8408941113114212
msak0,msak0_057,TTX,0.8797618100729869
msak0,msak0_057,TTY,0.7604415879015698
msak0,msak0_057,LIX,0.5722212321502341
msak0,msak0_057,LIY,0.9233068268155542
msak0,msak0_057,ULX,0.6833829584129222
msak0,msak0_057,ULY,0.8951412434274509
msak0,msak0_057,LLX,0.9043110232168873
msak0,msak0_057,LLY,0.9132011720453886
msak0,msak0_058,TDX,0.8635522468080633
msak0,msak0_058,TDY,0.881441622023689
msak0,msak0_058,TBX,0.8896206746863626
msak0,msak0_058,TBY,0.7365579330592122
msak0,msak0_058,TTX,0.8269571244611759
msak0,msak0_058,TTY,0.7857621206652223
msak0,msak0_058,LIX,0.8178745809355713
msak0,msak0_058,LIY,0.8464085711791438
msak0,msak0_058,ULX,0.4810697544330181
msak0,msak0_058,ULY,0.8064602801481793
msak0,msak0_058,LLX,0.8458159691168514
msak0,msak0_058,LLY,0.8534831746728251
msak0,msak0_059,TDX,0.5268523993264699
msak0,msak0_059,TDY,0.901176419076796
msak0,msak0_059,TBX,0.5739267365620951
msak0,msak0_059,TBY,0.7025855967700858
msak0,msak0_059,TTX,0.707854475305983
msak0,msak0_059,TTY,0.585847677323916
msak0,msak0_059,LIX,0.8588330650723617
msak0,msak0_059,LIY,0.8784854706078862
msak0,msak0_059,ULX,0.2561461301475381
msak0,msak0_059,ULY,0.6281075010424426
msak0,msak0_059,LLX,0.8267849307556958
msak0,msak0_059,LLY,0.8027364716653062
msak0,msak0_060,TDX,0.5166865093330723
msak0,msak0_060,TDY,0.8748540638541067
msak0,msak0_060,TBX,0.7198555542151579
msak0,msak0_060,TBY,0.8466482305143742
msak0,msak0_060,TTX,0.7722719294670224
msak0,msak0_060,TTY,0.8888730681724701
msak0,msak0_060,LIX,0.7508578740971285
msak0,msak0_060,LIY,0.9007051007613616
msak0,msak0_060,ULX,0.5413043157581313
msak0,msak0_060,ULY,0.8518054214147277
msak0,msak0_060,LLX,0.8982226967340938
msak0,msak0_060,LLY,0.8970662252965054
msak0,msak0_061,TDX,0.8030142825065355
msak0,msak0_061,TDY,0.9011617549363705
msak0,msak0_061,TBX,0.821814988655453
msak0,msak0_061,TBY,0.5945600638497562
msak0,msak0_061,TTX,0.8921819563076386
msak0,msak0_061,TTY,0.7068672422966977
msak0,msak0_061,LIX,0.8785727937085922
msak0,msak0_061,LIY,0.8840628364106756
msak0,msak0_061,ULX,0.7314034833048434
msak0,msak0_061,ULY,0.8176562665054398
msak0,msak0_061,LLX,0.8813400354916213
msak0,msak0_061,LLY,0.8429097511760884
msak0,msak0_062,TDX,0.5489331310960517
msak0,msak0_062,TDY,0.8959933534436327
msak0,msak0_062,TBX,0.6546670525283557
msak0,msak0_062,TBY,0.7941608656957749
msak0,msak0_062,TTX,0.7540670177865517
msak0,msak0_062,TTY,0.8143584803306482
msak0,msak0_062,LIX,0.6925789615370567
msak0,msak0_062,LIY,0.7880778435599849
msak0,msak0_062,ULX,0.5966913171899395
msak0,msak0_062,ULY,0.8333080338355636
msak0,msak0_062,LLX,0.8391674768123922
msak0,msak0_062,LLY,0.8778671803100102
msak0,msak0_063,TDX,0.7941989812959496
msak0,msak0_063,TDY,0.6954633751722127
msak0,msak0_063,TBX,0.799400692541739
msak0,msak0_063,TBY,0.7956252580926254
msak0,msak0_063,TTX,0.8297914736403281
msak0,msak0_063,TTY,0.7233022984462902
msak0,msak0_063,LIX,0.8878722456184995
msak0,msak0_063,LIY,0.7005386573776795
msak0,msak0_063,ULX,0.6390268458658973
msak0,msak0_063,ULY,0.5961451711118436
msak0,msak0_063,LLX,0.9174705805479311
msak0,msak0_063,LLY,0.7824230939754728
msak0,msak0_064,TDX,0.8959438162635693
msak0,msak0_064,TDY,0.8768994332611602
msak0,msak0_064,TBX,0.8996513471059578
msak0,msak0_064,TBY,0.6111835671118909
msak0,msak0_064,TTX,0.9084006037985621
msak0,msak0_064,TTY,0.8741185600829973
msak0,msak0_064,LIX,0.8305867200310025
msak0,msak0_064,LIY,0.8997662234873276
msak0,msak0_064,ULX,0.4433195064704367
msak0,msak0_064,ULY,0.851292186454201
msak0,msak0_064,LLX,0.8468106108802619
msak0,msak0_064,LLY,0.8046321163794184
msak0,msak0_065,TDX,0.6726542949157354
msak0,msak0_065,TDY,0.8125958164221966
msak0,msak0_065,TBX,0.748505870101356
msak0,msak0_065,TBY,0.9118697483443282
msak0,msak0_065,TTX,0.8458691553229966
msak0,msak0_065,TTY,0.8238107733496044
msak0,msak0_065,LIX,0.8763305469479942
msak0,msak0_065,LIY,0.7854326409586261
msak0,msak0_065,ULX,0.5901929153808693
msak0,msak0_065,ULY,0.5329305594592145
msak0,msak0_065,LLX,0.8466996568012355
msak0,msak0_065,LLY,0.7905608382179407
msak0,msak0_066,TDX,0.8566622371417558
msak0,msak0_066,TDY,0.8834592972048909
msak0,msak0_066,TBX,0.8938666473157668
msak0,msak0_066,TBY,0.733082400090408
msak0,msak0_066,TTX,0.8796102318662804
msak0,msak0_066,TTY,0.7911152505693213
msak0,msak0_066,LIX,0.7085231307817335
msak0,msak0_066,LIY,0.8740378160674087
msak0,msak0_066,ULX,0.5074319790458434
msak0,msak0_066,ULY,0.8962127252065097
msak0,msak0_066,LLX,0.8582191887445026
msak0,msak0_066,LLY,0.9183809825982387
msak0,msak0_067,TDX,0.8988159320964331
msak0,msak0_067,TDY,0.8576744631995183
msak0,msak0_067,TBX,0.865858917105755
msak0,msak0_067,TBY,0.8777627427171987
msak0,msak0_067,TTX,0.8900158194818186
msak0,msak0_067,TTY,0.800144654643924
msak0,msak0_067,LIX,0.7096439945440787
msak0,msak0_067,LIY,0.856386540285596
msak0,msak0_067,ULX,0.6827138411284714
msak0,msak0_067,ULY,0.7514057857845511
msak0,msak0_067,LLX,0.42344615076789094
msak0,msak0_067,LLY,0.8290377605786784
msak0,msak0_068,TDX,0.7986227332094648
msak0,msak0_068,TDY,0.7452087858490518
msak0,msak0_068,TBX,0.7572307343053807
msak0,msak0_068,TBY,0.8814884715320527
msak0,msak0_068,TTX,0.8620580629132953
msak0,msak0_068,TTY,0.924123375828449
msak0,msak0_068,LIX,0.8814262996409267
msak0,msak0_068,LIY,0.7038075528136963
msak0,msak0_068,ULX,0.7012658622956142
msak0,msak0_068,ULY,0.9135849884444313
msak0,msak0_068,LLX,0.828370223903659
msak0,msak0_068,LLY,0.9006844163491141
msak0,msak0_069,TDX,0.9192405506851502
msak0,msak0_069,TDY,0.8685115805440189
msak0,msak0_069,TBX,0.9514371476227061
msak0,msak0_069,TBY,0.877171594550529
msak0,msak0_069,TTX,0.9349414504491701
msak0,msak0_069,TTY,0.864907824716378
msak0,msak0_069,LIX,0.7496584534694629
msak0,msak0_069,LIY,0.8936113057957076
msak0,msak0_069,ULX,0.6774275472414456
msak0,msak0_069,ULY,0.8345099673793682
msak0,msak0_069,LLX,0.9063802014019559
msak0,msak0_069,LLY,0.8890624231275078
msak0,msak0_070,TDX,0.270756462703454
msak0,msak0_070,TDY,0.8509817017862068
msak0,msak0_070,TBX,0.686141289746627
msak0,msak0_070,TBY,0.8153526316776369
msak0,msak0_070,TTX,0.7719009912788531
msak0,msak0_070,TTY,0.7569455115930436
msak0,msak0_070,LIX,0.7577944737427649
msak0,msak0_070,LIY,0.7900328017425801
msak0,msak0_070,ULX,0.7597681085035781
msak0,msak0_070,ULY,0.8118897869055723
msak0,msak0_070,LLX,0.8051043212411977
msak0,msak0_070,LLY,0.8614808328267237
msak0,msak0_071,TDX,0.84428495083742
msak0,msak0_071,TDY,0.8948955373014637
msak0,msak0_071,TBX,0.897314142283172
msak0,msak0_071,TBY,0.8358161150243502
msak0,msak0_071,TTX,0.8506376820110654
msak0,msak0_071,TTY,0.8700480713314365
msak0,msak0_071,LIX,0.8056789477106255
msak0,msak0_071,LIY,0.8879923880650208
msak0,msak0_071,ULX,0.6485938080982167
msak0,msak0_071,ULY,0.8929632072681254
msak0,msak0_071,LLX,0.7079963274190848
msak0,msak0_071,LLY,0.88742598877924
msak0,msak0_072,TDX,0.668089965841326
msak0,msak0_072,TDY,0.94436505685809
msak0,msak0_072,TBX,0.674644415161288
msak0,msak0_072,TBY,0.9174687474409389
msak0,msak0_072,TTX,0.8613559777915266
msak0,msak0_072,TTY,0.8092830764992544
msak0,msak0_072,LIX,0.6574614673277753
msak0,msak0_072,LIY,0.8743425969759471
msak0,msak0_072,ULX,0.7277091240776664
msak0,msak0_072,ULY,0.7338773302148263
msak0,msak0_072,LLX,0.9409835758327931
msak0,msak0_072,LLY,0.9140958326560652
msak0,msak0_073,TDX,0.6729579042039002
msak0,msak0_073,TDY,0.8950323352745784
msak0,msak0_073,TBX,0.6762879648346317
msak0,msak0_073,TBY,0.787222630023409
msak0,msak0_073,TTX,0.7908997300616305
msak0,msak0_073,TTY,0.6635825050921735
msak0,msak0_073,LIX,0.6250769494899836
msak0,msak0_073,LIY,0.8466352411042374
msak0,msak0_073,ULX,0.3275413915851925
msak0,msak0_073,ULY,0.8781507172912202
msak0,msak0_073,LLX,0.8289922692897705
msak0,msak0_073,LLY,0.9039005800855447
msak0,msak0_074,TDX,0.699104006687362
msak0,msak0_074,TDY,0.8641919189109606
msak0,msak0_074,TBX,0.7919736917335451
msak0,msak0_074,TBY,0.8656710694359259
msak0,msak0_074,TTX,0.8472336692947859
msak0,msak0_074,TTY,0.8448383294301929
msak0,msak0_074,LIX,0.8878187870304011
msak0,msak0_074,LIY,0.8637757478410327
msak0,msak0_074,ULX,0.5172642168398328
msak0,msak0_074,ULY,0.7888453617488311
msak0,msak0_074,LLX,0.7272585168944179
msak0,msak0_074,LLY,0.9219134004193997
msak0,msak0_075,TDX,0.9127403305141946
msak0,msak0_075,TDY,0.7692966153102349
msak0,msak0_075,TBX,0.8837133759727662
msak0,msak0_075,TBY,0.6635929609134864
msak0,msak0_075,TTX,0.8839372597583608
msak0,msak0_075,TTY,0.7829661798576835
msak0,msak0_075,LIX,0.7548744574038553
msak0,msak0_075,LIY,0.6221820547634779
msak0,msak0_075,ULX,0.35113356685250546
msak0,msak0_075,ULY,0.6830668841805787
msak0,msak0_075,LLX,0.6409745967266215
msak0,msak0_075,LLY,0.8513050221608478
msak0,msak0_076,TDX,0.8387699343584245
msak0,msak0_076,TDY,0.866580852820909
msak0,msak0_076,TBX,0.8106932826125731
msak0,msak0_076,TBY,0.8811886946403795
msak0,msak0_076,TTX,0.8781459949933074
msak0,msak0_076,TTY,0.9023034200972251
msak0,msak0_076,LIX,0.8719996908106716
msak0,msak0_076,LIY,0.841858062497057
msak0,msak0_076,ULX,0.4073825699434975
msak0,msak0_076,ULY,0.8494042671878108
msak0,msak0_076,LLX,0.6429539626656646
msak0,msak0_076,LLY,0.8280690499562676
msak0,msak0_077,TDX,0.6924238284919058
msak0,msak0_077,TDY,0.8461500110975678
msak0,msak0_077,TBX,0.7034444252235542
msak0,msak0_077,TBY,0.7713510164497784
msak0,msak0_077,TTX,0.7584387036514532
msak0,msak0_077,TTY,0.8026865136118705
msak0,msak0_077,LIX,0.7710163582086497
msak0,msak0_077,LIY,0.8495342922721901
msak0,msak0_077,ULX,0.36099385209499074
msak0,msak0_077,ULY,0.900026638112085
msak0,msak0_077,LLX,0.8591208674266995
msak0,msak0_077,LLY,0.8417108722661514
msak0,msak0_078,TDX,0.7527333353127351
msak0,msak0_078,TDY,0.7844634665581272
msak0,msak0_078,TBX,0.8300468254418139
msak0,msak0_078,TBY,0.662815850290272
msak0,msak0_078,TTX,0.9056318581337975
msak0,msak0_078,TTY,0.7039595189694148
msak0,msak0_078,LIX,0.7966040440186247
msak0,msak0_078,LIY,0.7832298843692326
msak0,msak0_078,ULX,0.7085733588845017
msak0,msak0_078,ULY,0.6360212580864789
msak0,msak0_078,LLX,0.9337079286474936
msak0,msak0_078,LLY,0.896218036571337
msak0,msak0_079,TDX,0.8067880406179763
msak0,msak0_079,TDY,0.8664837223983879
msak0,msak0_079,TBX,0.7835319973389552
msak0,msak0_079,TBY,0.8051941176393689
msak0,msak0_079,TTX,0.8124317153821744
msak0,msak0_079,TTY,0.49888754142804337
msak0,msak0_079,LIX,0.6090980287016395
msak0,msak0_079,LIY,0.734756539586314
msak0,msak0_079,ULX,0.43520586037500586
msak0,msak0_079,ULY,0.881153388430595
msak0,msak0_079,LLX,0.7589344110031148
msak0,msak0_079,LLY,0.876859032402781
msak0,msak0_080,TDX,0.712087401366601
msak0,msak0_080,TDY,0.7899975793428698
msak0,msak0_080,TBX,0.8301043131620647
msak0,msak0_080,TBY,0.6320359653911755
msak0,msak0_080,TTX,0.8492676251391994
msak0,msak0_080,TTY,0.7638858705456981
msak0,msak0_080,LIX,0.8220822212985736
msak0,msak0_080,LIY,0.8495943825039086
msak0,msak0_080,ULX,0.7567485320267799
msak0,msak0_080,ULY,0.8509447049723121
msak0,msak0_080,LLX,0.867046907131862
msak0,msak0_080,LLY,0.9111127334552147
msak0,msak0_081,TDX,0.8588796166440591
msak0,msak0_081,TDY,0.7766849212868638
msak0,msak0_081,TBX,0.8894929333750711
msak0,msak0_081,TBY,0.6762048543513776
msak0,msak0_081,TTX,0.9170183153502577
msak0,msak0_081,TTY,0.5953389765706486
msak0,msak0_081,LIX,0.6387727093368515
msak0,msak0_081,LIY,0.8134522114883319
msak0,msak0_081,ULX,0.4746981556821753
msak0,msak0_081,ULY,0.8372375335977982
msak0,msak0_081,LLX,0.7321819943593246
msak0,msak0_081,LLY,0.8809024988669697
msak0,msak0_082,TDX,0.855836700983691
msak0,msak0_082,TDY,0.8624026570466826
msak0,msak0_082,TBX,0.8301008318234745
msak0,msak0_082,TBY,0.7914683771968283
msak0,msak0_082,TTX,0.8566568278118128
msak0,msak0_082,TTY,0.8756246314324498
msak0,msak0_082,LIX,0.7619629780032876
msak0,msak0_082,LIY,0.7852403170336341
msak0,msak0_082,ULX,0.6699939584058946
msak0,msak0_082,ULY,0.905909908640069
msak0,msak0_082,LLX,0.817717526602423
msak0,msak0_082,LLY,0.8843475028450037
msak0,msak0_083,TDX,0.7448396440304542
msak0,msak0_083,TDY,0.9391582229732083
msak0,msak0_083,TBX,0.810364092908582
msak0,msak0_083,TBY,0.9513921903939826
msak0,msak0_083,TTX,0.8455732301809087
msak0,msak0_083,TTY,0.8976324194967088
msak0,msak0_083,LIX,0.2530472815808055
msak0,msak0_083,LIY,0.8051112807742322
msak0,msak0_083,ULX,0.5963154371752664
msak0,msak0_083,ULY,0.844915963930781
msak0,msak0_083,LLX,0.9283238194854282
msak0,msak0_083,LLY,0.8527911585207462
msak0,msak0_084,TDX,0.8609696107491467
msak0,msak0_084,TDY,0.905501033523183
msak0,msak0_084,TBX,0.8716771313728364
msak0,msak0_084,TBY,0.8269831088305565
msak0,msak0_084,TTX,0.8614103330661823
msak0,msak0_084,TTY,0.6531340727695953
msak0,msak0_084,LIX,0.8205530548698123
msak0,msak0_084,LIY,0.8524753658517311
msak0,msak0_084,ULX,0.5777950903540601
msak0,msak0_084,ULY,0.79118326084615
msak0,msak0_084,LLX,0.7928402714053807
msak0,msak0_084,LLY,0.7948941567362393
msak0,msak0_085,TDX,0.8423860271369501
msak0,msak0_085,TDY,0.9592875406817242
msak0,msak0_085,TBX,0.8874693034478529
msak0,msak0_085,TBY,0.9089923827303588
msak0,msak0_085,TTX,0.8456746473501634
msak0,msak0_085,TTY,0.763712248035775
msak0,msak0_085,LIX,0.7674189691917777
msak0,msak0_085,LIY,0.8459424798942909
msak0,msak0_085,ULX,0.7025803101468567
msak0,msak0_085,ULY,0.8523999959362396
msak0,msak0_085,LLX,0.8520005854482454
msak0,msak0_085,LLY,0.8344934379287001
msak0,msak0_086,TDX,0.6604984417998979
msak0,msak0_086,TDY,0.8490015918279905
msak0,msak0_086,TBX,0.4811418212756017
msak0,msak0_086,TBY,0.8040113072319458
msak0,msak0_086,TTX,0.4922881762112573
msak0,msak0_086,TTY,0.6203686282594583
msak0,msak0_086,LIX,0.7410466337505142
msak0,msak0_086,LIY,0.6675262556952295
msak0,msak0_086,ULX,0.29757858112765545
msak0,msak0_086,ULY,0.7771299223990382
msak0,msak0_086,LLX,0.7807121072599948
msak0,msak0_086,LLY,0.81069241080232
msak0,msak0_087,TDX,0.6811525100375132
msak0,msak0_087,TDY,0.856732434605079
msak0,msak0_087,TBX,0.7420957010607026
msak0,msak0_087,TBY,0.9126164117018085
msak0,msak0_087,TTX,0.7340696055652727
msak0,msak0_087,TTY,0.8379083893090765
msak0,msak0_087,LIX,0.7019077496960111
msak0,msak0_087,LIY,0.8770117160811569
msak0,msak0_087,ULX,0.5347524648439619
msak0,msak0_087,ULY,0.8369592176397022
msak0,msak0_087,LLX,0.8924095253251866
msak0,msak0_087,LLY,0.9015386417117125
msak0,msak0_088,TDX,0.731683641473207
msak0,msak0_088,TDY,0.9020163895894291
msak0,msak0_088,TBX,0.717301063646861
msak0,msak0_088,TBY,0.8128017121196107
msak0,msak0_088,TTX,0.823884412705568
msak0,msak0_088,TTY,0.2673541155214771
msak0,msak0_088,LIX,0.6759882505458615
msak0,msak0_088,LIY,0.780104911454905
msak0,msak0_088,ULX,0.4745415294767337
msak0,msak0_088,ULY,0.8712111418884194
msak0,msak0_088,LLX,0.6838165418888794
msak0,msak0_088,LLY,0.9110960878639528
msak0,msak0_089,TDX,0.898152922646593
msak0,msak0_089,TDY,0.7420985983512998
msak0,msak0_089,TBX,0.901144083992262
msak0,msak0_089,TBY,0.8417258758083219
msak0,msak0_089,TTX,0.9076026417803614
msak0,msak0_089,TTY,0.8621875373491477
msak0,msak0_089,LIX,0.8377887775239425
msak0,msak0_089,LIY,0.8996726300987918
msak0,msak0_089,ULX,0.3931039085834941
msak0,msak0_089,ULY,0.49278889657761843
msak0,msak0_089,LLX,0.8631630823376296
msak0,msak0_089,LLY,0.8797347277351046
msak0,msak0_090,TDX,0.7976895920787811
msak0,msak0_090,TDY,0.9044965451543834
msak0,msak0_090,TBX,0.8572674575553194
msak0,msak0_090,TBY,0.8625097692341296
msak0,msak0_090,TTX,0.8808893094035801
msak0,msak0_090,TTY,0.7491451159125395
msak0,msak0_090,LIX,0.8923202270386748
msak0,msak0_090,LIY,0.8589797719565283
msak0,msak0_090,ULX,0.4014870834878793
msak0,msak0_090,ULY,0.7263417234323835
msak0,msak0_090,LLX,0.8444125003267807
msak0,msak0_090,LLY,0.9155230704112436
msak0,msak0_091,TDX,0.857481645945948
msak0,msak0_091,TDY,0.8603440401158405
msak0,msak0_091,TBX,0.8744326249409554
msak0,msak0_091,TBY,0.7589513441759097
msak0,msak0_091,TTX,0.9178009314039857
msak0,msak0_091,TTY,0.7353374073771726
msak0,msak0_091,LIX,0.7734381467279355
msak0,msak0_091,LIY,0.8963152744584626
msak0,msak0_091,ULX,0.4985221299385996
msak0,msak0_091,ULY,0.8194813737104929
msak0,msak0_091,LLX,0.906223597163731
msak0,msak0_091,LLY,0.9360667556357263
msak0,msak0_092,TDX,0.6620526153487526
msak0,msak0_092,TDY,0.6820031986520781
msak0,msak0_092,TBX,0.6424058857023702
msak0,msak0_092,TBY,0.8732066451398415
msak0,msak0_092,TTX,0.804312820781252
msak0,msak0_092,TTY,0.8151408735337492
msak0,msak0_092,LIX,0.7828751627239781
msak0,msak0_092,LIY,0.8531175055574175
msak0,msak0_092,ULX,0.4972522875376137
msak0,msak0_092,ULY,0.803823180656443
msak0,msak0_092,LLX,0.5592451970161066
msak0,msak0_092,LLY,0.8618737895208958
msak0,msak0_093,TDX,0.783327112925249
msak0,msak0_093,TDY,0.8653785121303545
msak0,msak0_093,TBX,0.812674494785344
msak0,msak0_093,TBY,0.8934394945998057
msak0,msak0_093,TTX,0.785825773454706
msak0,msak0_093,TTY,0.7759188401941692
msak0,msak0_093,LIX,0.5633942792909177
msak0,msak0_093,LIY,0.591732469844633
msak0,msak0_093,ULX,0.6800528147060574
msak0,msak0_093,ULY,0.8134585152349152
msak0,msak0_093,LLX,0.6897160571937209
msak0,msak0_093,LLY,0.8130193670382194
msak0,msak0_094,TDX,0.8500733339231721
msak0,msak0_094,TDY,0.8450361927678712
msak0,msak0_094,TBX,0.8320301834610042
msak0,msak0_094,TBY,0.9016890321199865
msak0,msak0_094,TTX,0.8656967284705613
msak0,msak0_094,TTY,0.8479914968828525
msak0,msak0_094,LIX,0.5916319666028738
msak0,msak0_094,LIY,0.8280995835158257
msak0,msak0_094,ULX,0.549432792892748
msak0,msak0_094,ULY,0.8223193832072873
msak0,msak0_094,LLX,0.7726833473095862
msak0,msak0_094,LLY,0.8710883537231038
msak0,msak0_095,TDX,0.7768131944811624
msak0,msak0_095,TDY,0.8419097453591097
msak0,msak0_095,TBX,0.8404950021596191
msak0,msak0_095,TBY,0.6854314752122562
msak0,msak0_095,TTX,0.8983165691221706
msak0,msak0_095,TTY,0.39867425500420495
msak0,msak0_095,LIX,0.7123287890514212
msak0,msak0_095,LIY,0.7504681108974517
msak0,msak0_095,ULX,0.571648753284301
msak0,msak0_095,ULY,0.7914997214648779
msak0,msak0_095,LLX,0.707546106138386
msak0,msak0_095,LLY,0.873588252450644
msak0,msak0_096,TDX,0.8622096878040885
msak0,msak0_096,TDY,0.8984050017486682
msak0,msak0_096,TBX,0.8643191943151967
msak0,msak0_096,TBY,0.8814880233096416
msak0,msak0_096,TTX,0.9221574184106491
msak0,msak0_096,TTY,0.8740922023609173
msak0,msak0_096,LIX,0.454766948824165
msak0,msak0_096,LIY,0.8059892049611912
msak0,msak0_096,ULX,0.5213404445902842
msak0,msak0_096,ULY,0.9054686502596304
msak0,msak0_096,LLX,0.7265003123222953
msak0,msak0_096,LLY,0.9221416912193771
msak0,msak0_097,TDX,0.8620436455739262
msak0,msak0_097,TDY,0.8818942840221233
msak0,msak0_097,TBX,0.8832710900457486
msak0,msak0_097,TBY,0.6903273876678263
msak0,msak0_097,TTX,0.8834089334937666
msak0,msak0_097,TTY,0.8396250550631458
msak0,msak0_097,LIX,0.7379485444166659
msak0,msak0_097,LIY,0.8071398529887485
msak0,msak0_097,ULX,0.5647852842251607
msak0,msak0_097,ULY,0.6899491085007234
msak0,msak0_097,LLX,0.6736778293549966
msak0,msak0_097,LLY,0.8077663998274607
msak0,msak0_098,TDX,0.6072899903206391
msak0,msak0_098,TDY,0.876454080406101
msak0,msak0_098,TBX,0.6401927429528984
msak0,msak0_098,TBY,0.6947815379524894
msak0,msak0_098,TTX,0.7913196960369283
msak0,msak0_098,TTY,0.7805407458585655
msak0,msak0_098,LIX,0.8836563000683408
msak0,msak0_098,LIY,0.9399781024663684
msak0,msak0_098,ULX,0.5750227407132927
msak0,msak0_098,ULY,0.7807420699241849
msak0,msak0_098,LLX,0.7414503653627863
msak0,msak0_098,LLY,0.8573350532477757
msak0,msak0_099,TDX,0.8764391050659259
msak0,msak0_099,TDY,0.8733071187231544
msak0,msak0_099,TBX,0.8907141169065897
msak0,msak0_099,TBY,0.624063038028146
msak0,msak0_099,TTX,0.9216954465461193
msak0,msak0_099,TTY,0.7449842249473747
msak0,msak0_099,LIX,0.8302941002797143
msak0,msak0_099,LIY,0.873771732063916
msak0,msak0_099,ULX,0.33874778773826836
msak0,msak0_099,ULY,0.7729987835960982
msak0,msak0_099,LLX,0.8080866434654389
msak0,msak0_099,LLY,0.844800229098413
msak0,msak0_100,TDX,0.8495220938818823
msak0,msak0_100,TDY,0.8867026666198564
msak0,msak0_100,TBX,0.8486641930100446
msak0,msak0_100,TBY,0.8389307660327412
msak0,msak0_100,TTX,0.8699539603298114
msak0,msak0_100,TTY,0.7085687386471589
msak0,msak0_100,LIX,0.592820163253692
msak0,msak0_100,LIY,0.8350357352217126
msak0,msak0_100,ULX,0.5458988895090195
msak0,msak0_100,ULY,0.7971274042584409
msak0,msak0_100,LLX,0.7158973338452151
msak0,msak0_100,LLY,0.8847883210323578
msak0,msak0_101,TDX,0.7576870454735648
msak0,msak0_101,TDY,0.89741021554378
msak0,msak0_101,TBX,0.7897210252618172
msak0,msak0_101,TBY,0.8750262060865213
msak0,msak0_101,TTX,0.8194949413874124
msak0,msak0_101,TTY,0.6428296220131902
msak0,msak0_101,LIX,0.7882814960436454
msak0,msak0_101,LIY,0.8882547302538525
msak0,msak0_101,ULX,0.7128606557004821
msak0,msak0_101,ULY,0.8708133797394658
msak0,msak0_101,LLX,0.7806896463507575
msak0,msak0_101,LLY,0.8707235622072454
msak0,msak0_102,TDX,0.848954460650261
msak0,msak0_102,TDY,0.8246142749382381
msak0,msak0_102,TBX,0.853752348176485
msak0,msak0_102,TBY,0.7444058617274878
msak0,msak0_102,TTX,0.8329949483992088
msak0,msak0_102,TTY,0.6362066043050013
msak0,msak0_102,LIX,0.7931464250041368
msak0,msak0_102,LIY,0.8263556749849135
msak0,msak0_102,ULX,0.7017613255088772
msak0,msak0_102,ULY,0.6019107956664647
msak0,msak0_102,LLX,0.7729604576481576
msak0,msak0_102,LLY,0.8437818848085348
msak0,msak0_103,TDX,0.8422509840495622
msak0,msak0_103,TDY,0.8984668320764198
msak0,msak0_103,TBX,0.8180683720149612
msak0,msak0_103,TBY,0.8903318860712105
msak0,msak0_103,TTX,0.8357627494587044
msak0,msak0_103,TTY,0.8487776829855185
msak0,msak0_103,LIX,0.6058108540701282
msak0,msak0_103,LIY,0.8772640685778849
msak0,msak0_103,ULX,0.30444250721260646
msak0,msak0_103,ULY,0.8213432694562287
msak0,msak0_103,LLX,0.7667328785632609
msak0,msak0_103,LLY,0.8342327189992398
msak0,msak0_104,TDX,0.7913773019028932
msak0,msak0_104,TDY,0.8867494231618195
msak0,msak0_104,TBX,0.8033233681233031
msak0,msak0_104,TBY,0.6519128540214602
msak0,msak0_104,TTX,0.8729625056395912
msak0,msak0_104,TTY,0.7720836557729585
msak0,msak0_104,LIX,0.7221015469907661
msak0,msak0_104,LIY,0.9312600444079924
msak0,msak0_104,ULX,0.7414369182906292
msak0,msak0_104,ULY,0.8982068542804473
msak0,msak0_104,LLX,0.8577708911655623
msak0,msak0_104,LLY,0.8828202278053306
msak0,msak0_105,TDX,0.8107949580243932
msak0,msak0_105,TDY,0.8821555737914395
msak0,msak0_105,TBX,0.835944415040835
msak0,msak0_105,TBY,0.7251723165421851
msak0,msak0_105,TTX,0.8469040565949686
msak0,msak0_105,TTY,0.6939573433674341
msak0,msak0_105,LIX,0.7994746437463841
msak0,msak0_105,LIY,0.8454532087969587
msak0,msak0_105,ULX,0.3000522143982486
msak0,msak0_105,ULY,0.8507159248024619
msak0,msak0_105,LLX,0.8184973272524144
msak0,msak0_105,LLY,0.9365784202745283
msak0,msak0_106,TDX,0.7460457176579018
msak0,msak0_106,TDY,0.7999414977574827
msak0,msak0_106,TBX,0.8612845073035027
msak0,msak0_106,TBY,0.7371464966217908
msak0,msak0_106,TTX,0.8438684644013706
msak0,msak0_106,TTY,0.6370588628689303
msak0,msak0_106,LIX,0.6231711456741036
msak0,msak0_106,LIY,0.5465362312803145
msak0,msak0_106,ULX,0.5856813456245541
msak0,msak0_106,ULY,0.8938736031861909
msak0,msak0_106,LLX,0.639012983270698
msak0,msak0_106,LLY,0.8692683642061949
msak0,msak0_107,TDX,0.6361586674605663
msak0,msak0_107,TDY,0.797468741072605
msak0,msak0_107,TBX,0.8080651165930747
msak0,msak0_107,TBY,0.919443227222359
msak0,msak0_107,TTX,0.7967780761894168
msak0,msak0_107,TTY,0.807514384656399
msak0,msak0_107,LIX,0.7712348549617838
msak0,msak0_107,LIY,0.810512648075517
msak0,msak0_107,ULX,0.5383024666529157
msak0,msak0_107,ULY,0.8220525845084069
msak0,msak0_107,LLX,0.849433163485684
msak0,msak0_107,LLY,0.8349158296671936
msak0,msak0_108,TDX,0.7364945334202199
msak0,msak0_108,TDY,0.8106912787311892
msak0,msak0_108,TBX,0.6946846917619349
msak0,msak0_108,TBY,0.950632729000586
msak0,msak0_108,TTX,0.3754983799249558
msak0,msak0_108,TTY,0.8315767020857161
msak0,msak0_108,LIX,0.7549639005481686
msak0,msak0_108,LIY,0.6402222426093105
msak0,msak0_108,ULX,0.5042152771523641
msak0,msak0_108,ULY,0.6014945737265295
msak0,msak0_108,LLX,0.6142282497159388
msak0,msak0_108,LLY,0.7981316963316126
msak0,msak0_109,TDX,0.6765065882844356
msak0,msak0_109,TDY,0.9225673808491127
msak0,msak0_109,TBX,0.7239532804297084
msak0,msak0_109,TBY,0.7052592063379403
msak0,msak0_109,TTX,0.7763193518323918
msak0,msak0_109,TTY,0.7864989328704305
msak0,msak0_109,LIX,0.6915887911655776
msak0,msak0_109,LIY,0.731674332022015
msak0,msak0_109,ULX,0.5675057447421739
msak0,msak0_109,ULY,0.9208903661881495
msak0,msak0_109,LLX,0.8074130728233453
msak0,msak0_109,LLY,0.8885305053002083
msak0,msak0_110,TDX,0.7298389142918373
msak0,msak0_110,TDY,0.7473371115532615
msak0,msak0_110,TBX,0.7393889447736753
msak0,msak0_110,TBY,0.8497149362412523
msak0,msak0_110,TTX,0.5908196915470559
msak0,msak0_110,TTY,0.8277051776145576
msak0,msak0_110,LIX,0.7496703234510296
msak0,msak0_110,LIY,0.9427437146081333
msak0,msak0_110,ULX,0.7208560785576423
msak0,msak0_110,ULY,0.7565314818425039
msak0,msak0_110,LLX,0.725588871819827
msak0,msak0_110,LLY,0.8712732936516175
msak0,msak0_111,TDX,0.7863753455371918
msak0,msak0_111,TDY,0.9093502839255947
msak0,msak0_111,TBX,0.7914969574892745
msak0,msak0_111,TBY,0.8952826540738292
msak0,msak0_111,TTX,0.8246806184645679
msak0,msak0_111,TTY,0.6337102320889959
msak0,msak0_111,LIX,0.7685872179070024
msak0,msak0_111,LIY,0.7830965477978862
msak0,msak0_111,ULX,0.2778047377369877
msak0,msak0_111,ULY,0.7531998766215818
msak0,msak0_111,LLX,0.6869491763775335
msak0,msak0_111,LLY,0.8252074523783232
msak0,msak0_112,TDX,0.8370971111250016
msak0,msak0_112,TDY,0.8750248035902011
msak0,msak0_112,TBX,0.8506164125634572
msak0,msak0_112,TBY,0.8904400879656919
msak0,msak0_112,TTX,0.9152996578362268
msak0,msak0_112,TTY,0.6754294797276771
msak0,msak0_112,LIX,0.8252131082206827
msak0,msak0_112,LIY,0.8841038256501805
msak0,msak0_112,ULX,0.44715476900807244
msak0,msak0_112,ULY,0.8553693565990275
msak0,msak0_112,LLX,0.6109778137739964
msak0,msak0_112,LLY,0.8191929601853679
msak0,msak0_113,TDX,0.8894114335424814
msak0,msak0_113,TDY,0.8794644591262883
msak0,msak0_113,TBX,0.8904060215114515
msak0,msak0_113,TBY,0.7667693827143046
msak0,msak0_113,TTX,0.899127037484221
msak0,msak0_113,TTY,0.9135821940057476
msak0,msak0_113,LIX,0.9155300116634474
msak0,msak0_113,LIY,0.9415370159135914
msak0,msak0_113,ULX,0.7662811828760383
msak0,msak0_113,ULY,0.8088224546448356
msak0,msak0_113,LLX,0.8899990792331166
msak0,msak0_113,LLY,0.8681235075973108
msak0,msak0_114,TDX,0.5880104706352242
msak0,msak0_114,TDY,0.865390938067205
msak0,msak0_114,TBX,0.7701639023006098
msak0,msak0_114,TBY,0.813163126802013
msak0,msak0_114,TTX,0.6871227558170252
msak0,msak0_114,TTY,0.7212220790196593
msak0,msak0_114,LIX,0.7529485186389051
msak0,msak0_114,LIY,0.8121258479690259
msak0,msak0_114,ULX,0.7076465258815452
msak0,msak0_114,ULY,0.6492157715001592
msak0,msak0_114,LLX,0.893889553094693
msak0,msak0_114,LLY,0.9290190488150215
msak0,msak0_115,TDX,0.8499927371978299
msak0,msak0_115,TDY,0.8194993136204554
msak0,msak0_115,TBX,0.8494645811920213
msak0,msak0_115,TBY,0.7799388310531425
msak0,msak0_115,TTX,0.8758173415222542
msak0,msak0_115,TTY,0.7998791943836613
msak0,msak0_115,LIX,0.6954888216166024
msak0,msak0_115,LIY,0.8301699799504396
msak0,msak0_115,ULX,0.19052540221944103
msak0,msak0_115,ULY,0.8483637911840436
msak0,msak0_115,LLX,0.699820373273669
msak0,msak0_115,LLY,0.8232442862581479
msak0,msak0_116,TDX,0.8076695014310028
msak0,msak0_116,TDY,0.8152214884436634
msak0,msak0_116,TBX,0.722967604320411
msak0,msak0_116,TBY,0.8073221832869545
msak0,msak0_116,TTX,0.5807906301242589
msak0,msak0_116,TTY,0.8493272265722192
msak0,msak0_116,LIX,0.8267537278442638
msak0,msak0_116,LIY,0.892582564754567
msak0,msak0_116,ULX,0.7559539929656276
msak0,msak0_116,ULY,0.8563359799712641
msak0,msak0_116,LLX,0.762955560468882
msak0,msak0_116,LLY,0.9047182276092112
msak0,msak0_117,TDX,0.7802298521774618
msak0,msak0_117,TDY,0.9062711743195045
msak0,msak0_117,TBX,0.7648629436422623
msak0,msak0_117,TBY,0.7902562056497772
msak0,msak0_117,TTX,0.8542955505739546
msak0,msak0_117,TTY,0.6492326568905978
msak0,msak0_117,LIX,0.8630320839872098
msak0,msak0_117,LIY,0.8219609503038184
msak0,msak0_117,ULX,0.44524134025338935
msak0,msak0_117,ULY,0.764532024544157
msak0,msak0_117,LLX,0.7833392267254001
msak0,msak0_117,LLY,0.8193685772176273
msak0,msak0_118,TDX,0.6900191863450675
msak0,msak0_118,TDY,0.8458037524382719
msak0,msak0_118,TBX,0.7450597180916326
msak0,msak0_118,TBY,0.8479767527983307
msak0,msak0_118,TTX,0.870046907162961
msak0,msak0_118,TTY,0.847164363440023
msak0,msak0_118,LIX,0.6847996462795528
msak0,msak0_118,LIY,0.8566345535024826
msak0,msak0_118,ULX,0.6777868329983143
msak0,msak0_118,ULY,0.6486102959502004
msak0,msak0_118,LLX,0.8938916795856472
msak0,msak0_118,LLY,0.8538856306862166
msak0,msak0_119,TDX,0.7984324604029105
msak0,msak0_119,TDY,0.7714585311061559
msak0,msak0_119,TBX,0.8544644273955072
msak0,msak0_119,TBY,0.8255413159013696
msak0,msak0_119,TTX,0.8042794482339004
msak0,msak0_119,TTY,0.7835873587687375
msak0,msak0_119,LIX,0.6121039971694253
msak0,msak0_119,LIY,0.737623790273284
msak0,msak0_119,ULX,0.5327263639342407
msak0,msak0_119,ULY,0.9085100267942452
msak0,msak0_119,LLX,0.7516919695139967
msak0,msak0_119,LLY,0.895651405312393
msak0,msak0_120,TDX,0.6503116754397117
msak0,msak0_120,TDY,0.8053455526021829
msak0,msak0_120,TBX,0.7431858786083192
msak0,msak0_120,TBY,0.9112354702351336
msak0,msak0_120,TTX,0.699666971277407
msak0,msak0_120,TTY,0.8761029654222567
msak0,msak0_120,LIX,0.8143721853343279
msak0,msak0_120,LIY,0.8019838012401771
msak0,msak0_120,ULX,0.6197028913864275
msak0,msak0_120,ULY,0.8754672766032159
msak0,msak0_120,LLX,0.8499457915078243
msak0,msak0_120,LLY,0.832662076695183
msak0,msak0_121,TDX,0.7564086214161221
msak0,msak0_121,TDY,0.857066480110099
msak0,msak0_121,TBX,0.8835982365076127
msak0,msak0_121,TBY,0.8365705490853195
msak0,msak0_121,TTX,0.9131078550839913
msak0,msak0_121,TTY,0.8609941148038248
msak0,msak0_121,LIX,0.7187702568511154
msak0,msak0_121,LIY,0.8848184861268416
msak0,msak0_121,ULX,0.5853614883441148
msak0,msak0_121,ULY,0.9247904391797475
msak0,msak0_121,LLX,0.6253452878642858
msak0,msak0_121,LLY,0.8832317355219053
msak0,msak0_122,TDX,0.8174135020371274
msak0,msak0_122,TDY,0.8271094712282471
msak0,msak0_122,TBX,0.8278620375683572
msak0,msak0_122,TBY,0.7497149375996759
msak0,msak0_122,TTX,0.7796138013744803
msak0,msak0_122,TTY,0.7659455093162683
msak0,msak0_122,LIX,0.6588408307334702
msak0,msak0_122,LIY,0.8765459420903636
msak0,msak0_122,ULX,0.7068485361250136
msak0,msak0_122,ULY,0.7655093327042842
msak0,msak0_122,LLX,0.7641596619067036
msak0,msak0_122,LLY,0.8618883856522471
msak0,msak0_123,TDX,0.5342729573824591
msak0,msak0_123,TDY,0.8587634392956147
msak0,msak0_123,TBX,0.6941140507586644
msak0,msak0_123,TBY,0.7846965502234433
msak0,msak0_123,TTX,0.7534162846423705
msak0,msak0_123,TTY,0.6644127958383468
msak0,msak0_123,LIX,0.7176979408469272
msak0,msak0_123,LIY,0.7676262992873899
msak0,msak0_123,ULX,0.4860166026090896
msak0,msak0_123,ULY,0.8889692647305986
msak0,msak0_123,LLX,0.8246567315755365
msak0,msak0_123,LLY,0.8982679080589098
msak0,msak0_124,TDX,0.64529588299826
msak0,msak0_124,TDY,0.8790807615054353
msak0,msak0_124,TBX,0.7131799185740695
msak0,msak0_124,TBY,0.8815201610788571
msak0,msak0_124,TTX,0.6403705746153734
msak0,msak0_124,TTY,0.7418898593731903
msak0,msak0_124,LIX,0.6414481622986726
msak0,msak0_124,LIY,0.6241272604069813
msak0,msak0_124,ULX,0.7085878873350393
msak0,msak0_124,ULY,0.8221539036288852
msak0,msak0_124,LLX,0.8526896051324788
msak0,msak0_124,LLY,0.7233923271275979
msak0,msak0_125,TDX,0.8026596887138812
msak0,msak0_125,TDY,0.8812932521311305
msak0,msak0_125,TBX,0.8145889329953511
msak0,msak0_125,TBY,0.8977884306056054
msak0,msak0_125,TTX,0.8327157492261794
msak0,msak0_125,TTY,0.8600572406736212
msak0,msak0_125,LIX,0.7414375966329148
msak0,msak0_125,LIY,0.842582401836756
msak0,msak0_125,ULX,0.5035912995472657
msak0,msak0_125,ULY,0.5367277268726368
msak0,msak0_125,LLX,0.6754291494766717
msak0,msak0_125,LLY,0.844529003029076
msak0,msak0_126,TDX,0.8559384455113349
msak0,msak0_126,TDY,0.7734346500199851
msak0,msak0_126,TBX,0.8437867533947679
msak0,msak0_126,TBY,0.8296149017294268
msak0,msak0_126,TTX,0.7978247973265195
msak0,msak0_126,TTY,0.8879522557918881
msak0,msak0_126,LIX,0.7715153971247986
msak0,msak0_126,LIY,0.8923909371988599
msak0,msak0_126,ULX,0.2649396222752023
msak0,msak0_126,ULY,0.6674304246041063
msak0,msak0_126,LLX,0.4589187241023325
msak0,msak0_126,LLY,0.9258002311870597
msak0,msak0_127,TDX,0.8642199863650545
msak0,msak0_127,TDY,0.8661735555069532
msak0,msak0_127,TBX,0.8913562892443555
msak0,msak0_127,TBY,0.7788737036040422
msak0,msak0_127,TTX,0.8269735253140433
msak0,msak0_127,TTY,0.9173700379433214
msak0,msak0_127,LIX,0.5851486143099686
msak0,msak0_127,LIY,0.7604057597153335
msak0,msak0_127,ULX,0.6739298568009813
msak0,msak0_127,ULY,0.8472333684250819
msak0,msak0_127,LLX,0.8922412529354138
msak0,msak0_127,LLY,0.8269019309732752
msak0,msak0_128,TDX,0.889309760363804
msak0,msak0_128,TDY,0.4925486732333763
msak0,msak0_128,TBX,0.8359160442224066
msak0,msak0_128,TBY,0.8607468113554595
msak0,msak0_128,TTX,0.869502232307795
msak0,msak0_128,TTY,0.8264275497011424
msak0,msak0_128,LIX,0.6542805573220878
msak0,msak0_128,LIY,0.8551819267047379
msak0,msak0_128,ULX,0.3330335530814627
msak0,msak0_128,ULY,0.6831360014288393
msak0,msak0_128,LLX,0.5644867741809161
msak0,msak0_128,LLY,0.8443472242580402
msak0,msak0_129,TDX,0.910277423646625
msak0,msak0_129,TDY,0.8669239457379351
msak0,msak0_129,TBX,0.9406477916438776
msak0,msak0_129,TBY,0.8308720889521168
msak0,msak0_129,TTX,0.9583637611883093
msak0,msak0_129,TTY,0.8074975103807687
msak0,msak0_129,LIX,0.794113879726248
msak0,msak0_129,LIY,0.8166814499425339
msak0,msak0_129,ULX,0.6729623368831175
msak0,msak0_129,ULY,0.9020917634417546
msak0,msak0_129,LLX,0.880622069392413
msak0,msak0_129,LLY,0.8540356446779713
msak0,msak0_130,TDX,0.7981879230608399
msak0,msak0_130,TDY,0.8576182102825968
msak0,msak0_130,TBX,0.7898567187215335
msak0,msak0_130,TBY,0.8851386431033282
msak0,msak0_130,TTX,0.8848608670575374
msak0,msak0_130,TTY,0.523077408901439
msak0,msak0_130,LIX,0.5199153023968508
msak0,msak0_130,LIY,0.8459870897977542
msak0,msak0_130,ULX,0.6908857125036078
msak0,msak0_130,ULY,0.7610437745770945
msak0,msak0_130,LLX,0.7756414270805793
msak0,msak0_130,LLY,0.8754715386310304
msak0,msak0_131,TDX,0.8095643526045381
msak0,msak0_131,TDY,0.8889105312947259
msak0,msak0_131,TBX,0.8393116699762169
msak0,msak0_131,TBY,0.847879190681047
msak0,msak0_131,TTX,0.9132252309301253
msak0,msak0_131,TTY,0.7196217506959275
msak0,msak0_131,LIX,0.7957779236683973
msak0,msak0_131,LIY,0.821645038287656
msak0,msak0_131,ULX,0.16420268379397387
msak0,msak0_131,ULY,0.8912383602410214
msak0,msak0_131,LLX,0.8592786485071912
msak0,msak0_131,LLY,0.8292084409463764
msak0,msak0_132,TDX,0.8987875309749399
msak0,msak0_132,TDY,0.901429421706356
msak0,msak0_132,TBX,0.8842927029176869
msak0,msak0_132,TBY,0.8084006611084411
msak0,msak0_132,TTX,0.9325959878282405
msak0,msak0_132,TTY,0.8343460505660262
msak0,msak0_132,LIX,0.7374442121527399
msak0,msak0_132,LIY,0.9168648801972625
msak0,msak0_132,ULX,0.5255732057542574
msak0,msak0_132,ULY,0.6500238365645039
msak0,msak0_132,LLX,0.8526062386418491
msak0,msak0_132,LLY,0.9432152811928572
msak0,msak0_133,TDX,0.891849060424969
msak0,msak0_133,TDY,0.904485079177014
msak0,msak0_133,TBX,0.91797681203943
msak0,msak0_133,TBY,0.9025926839404913
msak0,msak0_133,TTX,0.8941772625661328
msak0,msak0_133,TTY,0.7279859372780688
msak0,msak0_133,LIX,0.8746617750039514
msak0,msak0_133,LIY,0.7853489398920288
msak0,msak0_133,ULX,0.6273591670491165
msak0,msak0_133,ULY,0.9190354657983759
msak0,msak0_133,LLX,0.8544160027949674
msak0,msak0_133,LLY,0.9124725748177906
msak0,msak0_134,TDX,0.8600834122145027
msak0,msak0_134,TDY,0.9080031065423738
msak0,msak0_134,TBX,0.8951831308977205
msak0,msak0_134,TBY,0.7979953347454363
msak0,msak0_134,TTX,0.8908781205539847
msak0,msak0_134,TTY,0.7969984121977829
msak0,msak0_134,LIX,0.6873861104146397
msak0,msak0_134,LIY,0.9034670406955776
msak0,msak0_134,ULX,0.5759653158716604
msak0,msak0_134,ULY,0.8876856962614722
msak0,msak0_134,LLX,0.6006572414358763
msak0,msak0_134,LLY,0.8932554058176841
msak0,msak0_135,TDX,0.6823643147357323
msak0,msak0_135,TDY,0.8838218471077216
msak0,msak0_135,TBX,0.8116867004875613
msak0,msak0_135,TBY,0.6771273920692543
msak0,msak0_135,TTX,0.829797928759484
msak0,msak0_135,TTY,0.8767795321256725
msak0,msak0_135,LIX,0.7562199919270687
msak0,msak0_135,LIY,0.6322194613963477
msak0,msak0_135,ULX,0.17825406389041326
msak0,msak0_135,ULY,0.817752451230769
msak0,msak0_135,LLX,0.6831483353863232
msak0,msak0_135,LLY,0.7848812051080607
msak0,msak0_136,TDX,0.8451312210880779
msak0,msak0_136,TDY,0.8761284495727338
msak0,msak0_136,TBX,0.8960980519688476
msak0,msak0_136,TBY,0.845154799649339
msak0,msak0_136,TTX,0.9324663619408917
msak0,msak0_136,TTY,0.8597214426635391
msak0,msak0_136,LIX,0.6969932543702345
msak0,msak0_136,LIY,0.9110529782745143
msak0,msak0_136,ULX,0.27164531874789744
msak0,msak0_136,ULY,0.8894861563738103
msak0,msak0_136,LLX,0.8367795388112612
msak0,msak0_136,LLY,0.8961569572946134
msak0,msak0_137,TDX,0.7912034357456794
msak0,msak0_137,TDY,0.8971953074222333
msak0,msak0_137,TBX,0.7960938522683858
msak0,msak0_137,TBY,0.6182412369760297
msak0,msak0_137,TTX,0.8309235851611748
msak0,msak0_137,TTY,0.6041346790765483
msak0,msak0_137,LIX,0.6757495747889255
msak0,msak0_137,LIY,0.7607889269746767
msak0,msak0_137,ULX,0.5027107961901164
msak0,msak0_137,ULY,0.9143752520539369
msak0,msak0_137,LLX,0.8220455399152915
msak0,msak0_137,LLY,0.8699591498519206
msak0,msak0_138,TDX,0.786311489075498
msak0,msak0_138,TDY,0.9019270509486678
msak0,msak0_138,TBX,0.7915980884917884
msak0,msak0_138,TBY,0.8540424372326114
msak0,msak0_138,TTX,0.8822699452773185
msak0,msak0_138,TTY,0.6816252274487351
msak0,msak0_138,LIX,0.5224060253640308
msak0,msak0_138,LIY,0.8478265345856834
msak0,msak0_138,ULX,0.5911599526100396
msak0,msak0_138,ULY,0.8251412603741103
msak0,msak0_138,LLX,0.8182460486800678
msak0,msak0_138,LLY,0.8637845018960525
msak0,msak0_139,TDX,0.8468668104240351
msak0,msak0_139,TDY,0.8399089697456988
msak0,msak0_139,TBX,0.8361161677151644
msak0,msak0_139,TBY,0.8795092827933807
msak0,msak0_139,TTX,0.8439587796395775
msak0,msak0_139,TTY,0.8532190385360461
msak0,msak0_139,LIX,0.7805037316668736
msak0,msak0_139,LIY,0.8484183625941072
msak0,msak0_139,ULX,0.41567264042274243
msak0,msak0_139,ULY,0.8307431586294128
msak0,msak0_139,LLX,0.5660072500841193
msak0,msak0_139,LLY,0.8903153245373043
msak0,msak0_140,TDX,0.5561624886208086
msak0,msak0_140,TDY,0.839448891098035
msak0,msak0_140,TBX,0.5624157096593048
msak0,msak0_140,TBY,0.7644864356940783
msak0,msak0_140,TTX,0.6327184349514614
msak0,msak0_140,TTY,0.49036965109211317
msak0,msak0_140,LIX,0.8181503832250459
msak0,msak0_140,LIY,0.6691988149673761
msak0,msak0_140,ULX,0.29689942238092965
msak0,msak0_140,ULY,0.8809244874318329
msak0,msak0_140,LLX,0.6128943888362325
msak0,msak0_140,LLY,0.8562192787041124
msak0,msak0_141,TDX,0.8008222313780732
msak0,msak0_141,TDY,0.8661795416296488
msak0,msak0_141,TBX,0.8277475838126076
msak0,msak0_141,TBY,0.8435370466125436
msak0,msak0_141,TTX,0.8792254958573393
msak0,msak0_141,TTY,0.8104303922458408
msak0,msak0_141,LIX,0.7327851658741337
msak0,msak0_141,LIY,0.8013820974527829
msak0,msak0_141,ULX,0.7607530824283485
msak0,msak0_141,ULY,0.9422618680122047
msak0,msak0_141,LLX,0.49112656713337977
msak0,msak0_141,LLY,0.6557108874467044
msak0,msak0_142,TDX,0.8372577456882555
msak0,msak0_142,TDY,0.9027297238431456
msak0,msak0_142,TBX,0.8185931846898025
msak0,msak0_142,TBY,0.7907987170348866
msak0,msak0_142,TTX,0.8114542481682004
msak0,msak0_142,TTY,0.7673540426129266
msak0,msak0_142,LIX,0.6571102724715878
msak0,msak0_142,LIY,0.8894310639801507
msak0,msak0_142,ULX,0.5676871398465078
msak0,msak0_142,ULY,0.7828398967518332
msak0,msak0_142,LLX,0.7850472082416371
msak0,msak0_142,LLY,0.9033455755315457
msak0,msak0_143,TDX,0.7066394578941717
msak0,msak0_143,TDY,0.9239393738103987
msak0,msak0_143,TBX,0.7518503404358836
msak0,msak0_143,TBY,0.879193446386899
msak0,msak0_143,TTX,0.7789076122602118
msak0,msak0_143,TTY,0.8669720381878598
msak0,msak0_143,LIX,0.6976737138948319
msak0,msak0_143,LIY,0.759198607552525
msak0,msak0_143,ULX,0.3239442819519545
msak0,msak0_143,ULY,0.8754714959488595
msak0,msak0_143,LLX,0.7194186554177968
msak0,msak0_143,LLY,0.8652798368461674
msak0,msak0_144,TDX,0.8205214317842386
msak0,msak0_144,TDY,0.7402091678376922
msak0,msak0_144,TBX,0.7963190992390738
msak0,msak0_144,TBY,0.7420949533137733
msak0,msak0_144,TTX,0.7467803261591512
msak0,msak0_144,TTY,0.8805981869031233
msak0,msak0_144,LIX,0.6277509133791834
msak0,msak0_144,LIY,0.8381826875859684
msak0,msak0_144,ULX,0.729108095632482
msak0,msak0_144,ULY,0.8571139498170839
msak0,msak0_144,LLX,0.7762720316123336
msak0,msak0_144,LLY,0.8843895445479032
msak0,msak0_145,TDX,0.8395342783663505
msak0,msak0_145,TDY,0.783555671590613
msak0,msak0_145,TBX,0.908243152627463
msak0,msak0_145,TBY,0.7201966616275064
msak0,msak0_145,TTX,0.8887758732731319
msak0,msak0_145,TTY,0.6934782156342431
msak0,msak0_145,LIX,0.749641552070597
msak0,msak0_145,LIY,0.8787424483581524
msak0,msak0_145,ULX,0.5819741820826726
msak0,msak0_145,ULY,0.8086025625840574
msak0,msak0_145,LLX,0.6065964053252415
msak0,msak0_145,LLY,0.9054878020402347
msak0,msak0_146,TDX,0.8582322898583097
msak0,msak0_146,TDY,0.8606856690483947
msak0,msak0_146,TBX,0.9190842888631385
msak0,msak0_146,TBY,0.4552172492612563
msak0,msak0_146,TTX,0.9359799112062912
msak0,msak0_146,TTY,0.7558162754011672
msak0,msak0_146,LIX,0.5896673849179501
msak0,msak0_146,LIY,0.5921848541184694
msak0,msak0_146,ULX,0.5925257678709419
msak0,msak0_146,ULY,0.8628837981161427
msak0,msak0_146,LLX,0.6314852552325336
msak0,msak0_146,LLY,0.8654076327419383
msak0,msak0_147,TDX,0.8537201585160037
msak0,msak0_147,TDY,0.8460246346386046
msak0,msak0_147,TBX,0.9062212950564033
msak0,msak0_147,TBY,0.8147647513572761
msak0,msak0_147,TTX,0.8061922630186605
msak0,msak0_147,TTY,0.76181257889336
msak0,msak0_147,LIX,0.8730145024787724
msak0,msak0_147,LIY,0.8370436383898656
msak0,msak0_147,ULX,0.6571906388132539
msak0,msak0_147,ULY,0.8472182418725177
msak0,msak0_147,LLX,0.8119554443378224
msak0,msak0_147,LLY,0.880448360793474
msak0,msak0_148,TDX,0.6984195097328698
msak0,msak0_148,TDY,0.6712467725050333
msak0,msak0_148,TBX,0.7074754916129322
msak0,msak0_148,TBY,0.5902460686786707
msak0,msak0_148,TTX,0.7867641382031751
msak0,msak0_148,TTY,0.7679000883200875
msak0,msak0_148,LIX,0.3266207556255129
msak0,msak0_148,LIY,0.8495839122809652
msak0,msak0_148,ULX,0.7037870179871742
msak0,msak0_148,ULY,0.7547759262736209
msak0,msak0_148,LLX,0.8680703093460974
msak0,msak0_148,LLY,0.8949270368867495
msak0,msak0_149,TDX,0.8536976663340055
msak0,msak0_149,TDY,0.8110398936827338
msak0,msak0_149,TBX,0.8087166739611875
msak0,msak0_149,TBY,0.8132472724654314
msak0,msak0_149,TTX,0.8206372235892344
msak0,msak0_149,TTY,0.8773283340893056
msak0,msak0_149,LIX,0.4204640208604196
msak0,msak0_149,LIY,0.7086651351924956
msak0,msak0_149,ULX,0.5589103262034498
msak0,msak0_149,ULY,0.8182391485782627
msak0,msak0_149,LLX,0.518140161542523
msak0,msak0_149,LLY,0.7461522318451344
msak0,msak0_150,TDX,0.8349825639186548
msak0,msak0_150,TDY,0.9327643817286186
msak0,msak0_150,TBX,0.8154458983373891
msak0,msak0_150,TBY,0.9090890687728737
msak0,msak0_150,TTX,0.8590693768185381
msak0,msak0_150,TTY,0.7809105213612433
msak0,msak0_150,LIX,0.825187371763034
msak0,msak0_150,LIY,0.7012087176591882
msak0,msak0_150,ULX,0.6896925717608315
msak0,msak0_150,ULY,0.8934314982829417
msak0,msak0_150,LLX,0.750378141084664
msak0,msak0_150,LLY,0.8989753776680511
msak0,msak0_151,TDX,0.7272679573194523
msak0,msak0_151,TDY,0.932848324775872
msak0,msak0_151,TBX,0.7452343051417973
msak0,msak0_151,TBY,0.8614467246844988
msak0,msak0_151,TTX,0.8050011065651745
msak0,msak0_151,TTY,0.8498759795140721
msak0,msak0_151,LIX,0.6242728217324468
msak0,msak0_151,LIY,0.8661796733639051
msak0,msak0_151,ULX,0.6633597598675351
msak0,msak0_151,ULY,0.8964711762797699
msak0,msak0_151,LLX,0.8371692460660781
msak0,msak0_151,LLY,0.9179246794760437
msak0,msak0_152,TDX,0.5794941182414222
msak0,msak0_152,TDY,0.9231230333693645
msak0,msak0_152,TBX,0.48801171420376255
msak0,msak0_152,TBY,0.8453827436037641
msak0,msak0_152,TTX,0.5961332404827895
msak0,msak0_152,TTY,0.7323189750999511
msak0,msak0_152,LIX,0.7810189890468262
msak0,msak0_152,LIY,0.7797922028777077
msak0,msak0_152,ULX,0.6507797922582078
msak0,msak0_152,ULY,0.9077315253708891
msak0,msak0_152,LLX,0.7298212725246298
msak0,msak0_152,LLY,0.7703971006065651
msak0,msak0_153,TDX,0.8562927266785803
msak0,msak0_153,TDY,0.8864233908584267
msak0,msak0_153,TBX,0.8885033264429912
msak0,msak0_153,TBY,0.7892313114771534
msak0,msak0_153,TTX,0.8731480965706209
msak0,msak0_153,TTY,0.4940878686024537
msak0,msak0_153,LIX,0.33905038967163004
msak0,msak0_153,LIY,0.8874675846230705
msak0,msak0_153,ULX,0.4440358333891955
msak0,msak0_153,ULY,0.9260350743909043
msak0,msak0_153,LLX,0.7582413651886105
msak0,msak0_153,LLY,0.9160983938750942
msak0,msak0_154,TDX,0.8376742463469032
msak0,msak0_154,TDY,0.8903567877697113
msak0,msak0_154,TBX,0.8765434239520663
msak0,msak0_154,TBY,0.8873145741373998
msak0,msak0_154,TTX,0.8842931108874601
msak0,msak0_154,TTY,0.7127575185425404
msak0,msak0_154,LIX,0.29820626965747354
msak0,msak0_154,LIY,0.8844153785463271
msak0,msak0_154,ULX,0.7651087486590324
msak0,msak0_154,ULY,0.9085427999908294
msak0,msak0_154,LLX,0.5740218387656622
msak0,msak0_154,LLY,0.8649812689648222
msak0,msak0_155,TDX,0.7940104835791837
msak0,msak0_155,TDY,0.8778744185446358
msak0,msak0_155,TBX,0.8340604357495339
msak0,msak0_155,TBY,0.7767750460937572
msak0,msak0_155,TTX,0.8051376431865725
msak0,msak0_155,TTY,0.8399518010776407
msak0,msak0_155,LIX,0.8390070156333269
msak0,msak0_155,LIY,0.927075658502718
msak0,msak0_155,ULX,0.6920758362132311
msak0,msak0_155,ULY,0.7640983399167456
msak0,msak0_155,LLX,0.8287742437107308
msak0,msak0_155,LLY,0.8551136162096701
msak0,msak0_156,TDX,0.8684527077627223
msak0,msak0_156,TDY,0.9332110664541088
msak0,msak0_156,TBX,0.8752266722215406
msak0,msak0_156,TBY,0.9104013142697863
msak0,msak0_156,TTX,0.8896809745152509
msak0,msak0_156,TTY,0.7879756654958903
msak0,msak0_156,LIX,0.7956109467310551
msak0,msak0_156,LIY,0.8861661187707138
msak0,msak0_156,ULX,0.6354689882663959
msak0,msak0_156,ULY,0.7639296207220129
msak0,msak0_156,LLX,0.8703937948014964
msak0,msak0_156,LLY,0.8793607955201159
msak0,msak0_157,TDX,0.8013749742385066
msak0,msak0_157,TDY,0.8892923443167513
msak0,msak0_157,TBX,0.8538753941501672
msak0,msak0_157,TBY,0.8120864545306894
msak0,msak0_157,TTX,0.8942513541282802
msak0,msak0_157,TTY,0.7969883714626355
msak0,msak0_157,LIX,0.7439362708650585
msak0,msak0_157,LIY,0.7995074983111079
msak0,msak0_157,ULX,0.8060483874768081
msak0,msak0_157,ULY,0.8236093923250686
msak0,msak0_157,LLX,0.7661876507220919
msak0,msak0_157,LLY,0.813439944628864
msak0,msak0_158,TDX,0.767766647017228
msak0,msak0_158,TDY,0.9269482815202422
msak0,msak0_158,TBX,0.8103097232080547
msak0,msak0_158,TBY,0.8146809498951629
msak0,msak0_158,TTX,0.8419538692951615
msak0,msak0_158,TTY,0.780223592764395
msak0,msak0_158,LIX,0.6780081941370026
msak0,msak0_158,LIY,0.8433012313657853
msak0,msak0_158,ULX,0.6426048237841469
msak0,msak0_158,ULY,0.9219440731221936
msak0,msak0_158,LLX,0.7258167062053599
msak0,msak0_158,LLY,0.826760579541506
msak0,msak0_159,TDX,0.8595271182527413
msak0,msak0_159,TDY,0.8410217607305076
msak0,msak0_159,TBX,0.8909242221149734
msak0,msak0_159,TBY,0.7645206189190306
msak0,msak0_159,TTX,0.9466997119185322
msak0,msak0_159,TTY,0.6516304755826651
msak0,msak0_159,LIX,0.636618940968908
msak0,msak0_159,LIY,0.8268121007883144
msak0,msak0_159,ULX,0.5537055672535951
msak0,msak0_159,ULY,0.8932686555737869
msak0,msak0_159,LLX,0.7884841190439641
msak0,msak0_159,LLY,0.8376130882128023
msak0,msak0_160,TDX,0.6906356884388595
msak0,msak0_160,TDY,0.9204664568059546
msak0,msak0_160,TBX,0.7353484991196407
msak0,msak0_160,TBY,0.7355720023816619
msak0,msak0_160,TTX,0.7850151888591452
msak0,msak0_160,TTY,0.6659230428419233
msak0,msak0_160,LIX,0.7220798521978082
msak0,msak0_160,LIY,0.7742981222197266
msak0,msak0_160,ULX,0.739357357388275
msak0,msak0_160,ULY,0.6776677640497624
msak0,msak0_160,LLX,0.738465129383186
msak0,msak0_160,LLY,0.8001713411596728
msak0,msak0_161,TDX,0.8446046252926224
msak0,msak0_161,TDY,0.7949026680247833
msak0,msak0_161,TBX,0.850427980490339
msak0,msak0_161,TBY,0.7000539781325495
msak0,msak0_161,TTX,0.82960784101498
msak0,msak0_161,TTY,0.8956917448263446
msak0,msak0_161,LIX,0.7205770277113357
msak0,msak0_161,LIY,0.7085895630021389
msak0,msak0_161,ULX,0.7294735640341283
msak0,msak0_161,ULY,0.8713869972940054
msak0,msak0_161,LLX,0.835428254125796
msak0,msak0_161,LLY,0.7839486449633348
msak0,msak0_162,TDX,0.7685719790729856
msak0,msak0_162,TDY,0.7234567929629178
msak0,msak0_162,TBX,0.8094821829554412
msak0,msak0_162,TBY,0.8649264929841981
msak0,msak0_162,TTX,0.884976026787947
msak0,msak0_162,TTY,0.8536204892582325
msak0,msak0_162,LIX,0.7363572012183128
msak0,msak0_162,LIY,0.8388565778352759
msak0,msak0_162,ULX,0.7878736107209484
msak0,msak0_162,ULY,0.8379725742095077
msak0,msak0_162,LLX,0.8173841130188333
msak0,msak0_162,LLY,0.82097353864068
msak0,msak0_163,TDX,0.6461508549776057
msak0,msak0_163,TDY,0.8402776719203761
msak0,msak0_163,TBX,0.7211334147131532
msak0,msak0_163,TBY,0.7509591076454569
msak0,msak0_163,TTX,0.7606079963724108
msak0,msak0_163,TTY,0.7972938991190278
msak0,msak0_163,LIX,0.6097148953646095
msak0,msak0_163,LIY,0.8281828818952708
msak0,msak0_163,ULX,0.6476411258738483
msak0,msak0_163,ULY,0.8138374631119158
msak0,msak0_163,LLX,0.8229078033264325
msak0,msak0_163,LLY,0.9086686384237213
msak0,msak0_164,TDX,0.9096865370057649
msak0,msak0_164,TDY,0.844905214659658
msak0,msak0_164,TBX,0.8709915802382217
msak0,msak0_164,TBY,0.871511908866529
msak0,msak0_164,TTX,0.8629501558257435
msak0,msak0_164,TTY,0.8743677990355468
msak0,msak0_164,LIX,0.7615695071357897
msak0,msak0_164,LIY,0.8567732806905591
msak0,msak0_164,ULX,0.6330922522128015
msak0,msak0_164,ULY,0.8410945663750663
msak0,msak0_164,LLX,0.6298801900640402
msak0,msak0_164,LLY,0.8973824649047808
msak0,msak0_165,TDX,0.7462766518445172
msak0,msak0_165,TDY,0.8758566253771175
msak0,msak0_165,TBX,0.6910214063163795
msak0,msak0_165,TBY,0.8057348851725394
msak0,msak0_165,TTX,0.8147247132608975
msak0,msak0_165,TTY,0.7853231060636636
msak0,msak0_165,LIX,0.6317459377656983
msak0,msak0_165,LIY,0.7916603077850453
msak0,msak0_165,ULX,0.22271497608094465
msak0,msak0_165,ULY,0.8913637999354498
msak0,msak0_165,LLX,0.8461950945816967
msak0,msak0_165,LLY,0.8864570461323195
msak0,msak0_166,TDX,0.7812679734088953
msak0,msak0_166,TDY,0.8823443646189814
msak0,msak0_166,TBX,0.7893652128520936
msak0,msak0_166,TBY,0.7430834161230871
msak0,msak0_166,TTX,0.7821382452116532
msak0,msak0_166,TTY,0.6017963448242242
msak0,msak0_166,LIX,0.8004974263133329
msak0,msak0_166,LIY,0.7438483019299198
msak0,msak0_166,ULX,0.4705929456899573
msak0,msak0_166,ULY,0.90322695247952
msak0,msak0_166,LLX,0.42758385451134273
msak0,msak0_166,LLY,0.7805548597448275
msak0,msak0_167,TDX,0.8789476685707609
msak0,msak0_167,TDY,0.8458664519713207
msak0,msak0_167,TBX,0.8932708561383196
msak0,msak0_167,TBY,0.8230506325402714
msak0,msak0_167,TTX,0.884555818053467
msak0,msak0_167,TTY,0.8157547506435425
msak0,msak0_167,LIX,0.7709394084586946
msak0,msak0_167,LIY,0.8705866193410535
msak0,msak0_167,ULX,0.6656609623063351
msak0,msak0_167,ULY,0.6356567925110206
msak0,msak0_167,LLX,0.7427210423729066
msak0,msak0_167,LLY,0.8164357476162643
msak0,msak0_168,TDX,0.7843634102365349
msak0,msak0_168,TDY,0.8876845552428199
msak0,msak0_168,TBX,0.7735179488033304
msak0,msak0_168,TBY,0.8535511812271013
msak0,msak0_168,TTX,0.8212677029252753
msak0,msak0_168,TTY,0.8227694649035796
msak0,msak0_168,LIX,0.7422678008131085
msak0,msak0_168,LIY,0.9219552788305074
msak0,msak0_168,ULX,0.4679198185907041
msak0,msak0_168,ULY,0.8668346915205473
msak0,msak0_168,LLX,0.736593187279669
msak0,msak0_168,LLY,0.8506830030776932
msak0,msak0_169,TDX,0.6840033487031216
msak0,msak0_169,TDY,0.9271147104661829
msak0,msak0_169,TBX,0.7684329657113266
msak0,msak0_169,TBY,0.8108487740037182
msak0,msak0_169,TTX,0.7987444177570715
msak0,msak0_169,TTY,0.7895739662003998
msak0,msak0_169,LIX,0.7162901876849421
msak0,msak0_169,LIY,0.7525723468995578
msak0,msak0_169,ULX,0.6348527889320119
msak0,msak0_169,ULY,0.8941394920665187
msak0,msak0_169,LLX,0.8361585749420111
msak0,msak0_169,LLY,0.8942169695966243
msak0,msak0_170,TDX,0.5272285823722263
msak0,msak0_170,TDY,0.9248883376876306
msak0,msak0_170,TBX,0.7071339673494942
msak0,msak0_170,TBY,0.8978952986109768
msak0,msak0_170,TTX,0.86466464446429
msak0,msak0_170,TTY,0.6654187866848722
msak0,msak0_170,LIX,0.7544006652734073
msak0,msak0_170,LIY,0.9063762956948908
msak0,msak0_170,ULX,0.7171167062294163
msak0,msak0_170,ULY,0.7836693179389488
msak0,msak0_170,LLX,0.9063465117575114
msak0,msak0_170,LLY,0.9408730169528443
msak0,msak0_171,TDX,0.8757541236297061
msak0,msak0_171,TDY,0.9168722310576817
msak0,msak0_171,TBX,0.8929069726276909
msak0,msak0_171,TBY,0.7281921200510945
msak0,msak0_171,TTX,0.9286798707175766
msak0,msak0_171,TTY,0.8638995945333192
msak0,msak0_171,LIX,0.8474573805975222
msak0,msak0_171,LIY,0.9206039478778254
msak0,msak0_171,ULX,0.762369456902601
msak0,msak0_171,ULY,0.8443516130653926
msak0,msak0_171,LLX,0.9119309792588193
msak0,msak0_171,LLY,0.878255188221847
msak0,msak0_172,TDX,0.67339752218821
msak0,msak0_172,TDY,0.9147664255540748
msak0,msak0_172,TBX,0.6724349641589299
msak0,msak0_172,TBY,0.8178653483088691
msak0,msak0_172,TTX,0.7669161236793831
msak0,msak0_172,TTY,0.7843824944677925
msak0,msak0_172,LIX,0.8054397240233049
msak0,msak0_172,LIY,0.8926206702831797
msak0,msak0_172,ULX,0.582975479785949
msak0,msak0_172,ULY,0.8493971620752386
msak0,msak0_172,LLX,0.8870119114082893
msak0,msak0_172,LLY,0.8466171265072564
msak0,msak0_173,TDX,0.7998113341839131
msak0,msak0_173,TDY,0.9395606528499306
msak0,msak0_173,TBX,0.8603550139385647
msak0,msak0_173,TBY,0.7366516914750562
msak0,msak0_173,TTX,0.9037271108393471
msak0,msak0_173,TTY,0.7946065887623236
msak0,msak0_173,LIX,0.6081370282966562
msak0,msak0_173,LIY,0.7907356520621655
msak0,msak0_173,ULX,0.5181959916558825
msak0,msak0_173,ULY,0.8341754378955037
msak0,msak0_173,LLX,0.7755126283199124
msak0,msak0_173,LLY,0.8812655365566299
msak0,msak0_174,TDX,0.7205547851945021
msak0,msak0_174,TDY,0.9009094492973692
msak0,msak0_174,TBX,0.7517682899719542
msak0,msak0_174,TBY,0.9197424466790877
msak0,msak0_174,TTX,0.8332251482897542
msak0,msak0_174,TTY,0.8018685510133988
msak0,msak0_174,LIX,0.8072201016289065
msak0,msak0_174,LIY,0.9103645561844479
msak0,msak0_174,ULX,0.6186563708785345
msak0,msak0_174,ULY,0.8393801672851615
msak0,msak0_174,LLX,0.8898969558376897
msak0,msak0_174,LLY,0.8764850375790241
msak0,msak0_175,TDX,0.8662171615017789
msak0,msak0_175,TDY,0.8096183710920396
msak0,msak0_175,TBX,0.8716850693281177
msak0,msak0_175,TBY,0.722935770244758
msak0,msak0_175,TTX,0.9122972368935408
msak0,msak0_175,TTY,0.7976714178605762
msak0,msak0_175,LIX,0.7566176159269339
msak0,msak0_175,LIY,0.8593205787585142
msak0,msak0_175,ULX,0.7472408535069838
msak0,msak0_175,ULY,0.8695654971419998
msak0,msak0_175,LLX,0.8873601814792262
msak0,msak0_175,LLY,0.9423590058714687
msak0,msak0_176,TDX,0.8836704292090288
msak0,msak0_176,TDY,0.861068704854988
msak0,msak0_176,TBX,0.9152868680773936
msak0,msak0_176,TBY,0.75843943246044
msak0,msak0_176,TTX,0.931568181008904
msak0,msak0_176,TTY,0.876223122558688
msak0,msak0_176,LIX,0.6203526090269612
msak0,msak0_176,LIY,0.8522851300817423
msak0,msak0_176,ULX,0.7381494893895959
msak0,msak0_176,ULY,0.8887342654319448
msak0,msak0_176,LLX,0.7679500124336299
msak0,msak0_176,LLY,0.8703269792074542
msak0,msak0_177,TDX,0.7415266557703525
msak0,msak0_177,TDY,0.8163356239853963
msak0,msak0_177,TBX,0.7380549136183551
msak0,msak0_177,TBY,0.8371961210948403
msak0,msak0_177,TTX,0.8317129951862526
msak0,msak0_177,TTY,0.8441345394532557
msak0,msak0_177,LIX,0.7407246039831
msak0,msak0_177,LIY,0.900698508925606
msak0,msak0_177,ULX,0.764798904329355
msak0,msak0_177,ULY,0.7345715005296605
msak0,msak0_177,LLX,0.8516863266618895
msak0,msak0_177,LLY,0.9140347803407723
msak0,msak0_178,TDX,0.8038071833695557
msak0,msak0_178,TDY,0.910516624984205
msak0,msak0_178,TBX,0.8428963205548152
msak0,msak0_178,TBY,0.7987980655758757
msak0,msak0_178,TTX,0.8334098100021641
msak0,msak0_178,TTY,0.7359739160702148
msak0,msak0_178,LIX,0.5283056249129731
msak0,msak0_178,LIY,0.768972253619781
msak0,msak0_178,ULX,0.5030717175901391
msak0,msak0_178,ULY,0.8908430687049548
msak0,msak0_178,LLX,0.7988391535230416
msak0,msak0_178,LLY,0.89329788806985
msak0,msak0_179,TDX,0.8608419061569613
msak0,msak0_179,TDY,0.8922895953908967
msak0,msak0_179,TBX,0.8649504529174408
msak0,msak0_179,TBY,0.8349769733714797
msak0,msak0_179,TTX,0.8384641899130437
msak0,msak0_179,TTY,0.8681738744903784
msak0,msak0_179,LIX,0.8272214347873077
msak0,msak0_179,LIY,0.8715540772903759
msak0,msak0_179,ULX,0.49388953412086706
msak0,msak0_179,ULY,0.8795303897458874
msak0,msak0_179,LLX,0.862836295836644
msak0,msak0_179,LLY,0.8682741037940835
msak0,msak0_180,TDX,0.8867378864401495
msak0,msak0_180,TDY,0.8275960505071426
msak0,msak0_180,TBX,0.9074989269669528
msak0,msak0_180,TBY,0.603889733550085
msak0,msak0_180,TTX,0.8946909574040708
msak0,msak0_180,TTY,0.6255475178550419
msak0,msak0_180,LIX,0.607566360643264
msak0,msak0_180,LIY,0.8428696421875583
msak0,msak0_180,ULX,0.33311401393081197
msak0,msak0_180,ULY,0.11586187225522813
msak0,msak0_180,LLX,0.48890891814842363
msak0,msak0_180,LLY,0.852746283775234
msak0,msak0_181,TDX,0.7797460572290014
msak0,msak0_181,TDY,0.892583180346242
msak0,msak0_181,TBX,0.8277058093970101
msak0,msak0_181,TBY,0.8477363166938227
msak0,msak0_181,TTX,0.8222095416227302
msak0,msak0_181,TTY,0.8245423816032807
msak0,msak0_181,LIX,0.8465323121600392
msak0,msak0_181,LIY,0.8692173685378527
msak0,msak0_181,ULX,0.2565352804919187
msak0,msak0_181,ULY,0.718955300595078
msak0,msak0_181,LLX,0.8590873299567515
msak0,msak0_181,LLY,0.8590425254098153
msak0,msak0_182,TDX,0.7264246543487806
msak0,msak0_182,TDY,0.9208534440611562
msak0,msak0_182,TBX,0.830169655830792
msak0,msak0_182,TBY,0.8053755171919234
msak0,msak0_182,TTX,0.7740900967133338
msak0,msak0_182,TTY,0.6628762282332783
msak0,msak0_182,LIX,0.7429057294312099
msak0,msak0_182,LIY,0.7940547069978504
msak0,msak0_182,ULX,0.6661613528023438
msak0,msak0_182,ULY,0.8944281064456288
msak0,msak0_182,LLX,0.8053904133737289
msak0,msak0_182,LLY,0.8500357178893955
msak0,msak0_183,TDX,0.779953905557593
msak0,msak0_183,TDY,0.7979856050311017
msak0,msak0_183,TBX,0.7860353621757354
msak0,msak0_183,TBY,0.8968751185311628
msak0,msak0_183,TTX,0.6107691284349612
msak0,msak0_183,TTY,0.7808622892700027
msak0,msak0_183,LIX,0.7345987773029875
msak0,msak0_183,LIY,0.9369472284473406
msak0,msak0_183,ULX,0.6910801422445448
msak0,msak0_183,ULY,0.8093901876519838
msak0,msak0_183,LLX,0.7008735510559115
msak0,msak0_183,LLY,0.844744000032596
msak0,msak0_184,TDX,0.8156016254173674
msak0,msak0_184,TDY,0.9110860216681571
msak0,msak0_184,TBX,0.8626118085303587
msak0,msak0_184,TBY,0.8844389648520855
msak0,msak0_184,TTX,0.8606224234320617
msak0,msak0_184,TTY,0.8161880121591503
msak0,msak0_184,LIX,0.6832154470501112
msak0,msak0_184,LIY,0.827068408537429
msak0,msak0_184,ULX,0.7019572742893464
msak0,msak0_184,ULY,0.7932686365525395
msak0,msak0_184,LLX,0.8031339507194938
msak0,msak0_184,LLY,0.8802278210830256
msak0,msak0_185,TDX,0.4581189135407238
msak0,msak0_185,TDY,0.7872133739241901
msak0,msak0_185,TBX,0.7811513070816751
msak0,msak0_185,TBY,0.6824580495439793
msak0,msak0_185,TTX,0.9026215384030604
msak0,msak0_185,TTY,0.7474375297526926
msak0,msak0_185,LIX,0.8724872351035495
msak0,msak0_185,LIY,0.6232428401163599
msak0,msak0_185,ULX,0.5774338313294196
msak0,msak0_185,ULY,0.7579302696269921
msak0,msak0_185,LLX,0.6808999943758204
msak0,msak0_185,LLY,0.7513966205405499
msak0,msak0_186,TDX,0.753234041411748
msak0,msak0_186,TDY,0.793234649272065
msak0,msak0_186,TBX,0.8098765911394212
msak0,msak0_186,TBY,0.7569806538293463
msak0,msak0_186,TTX,0.9321085335225271
msak0,msak0_186,TTY,0.8174616338919729
msak0,msak0_186,LIX,0.7860297219374002
msak0,msak0_186,LIY,0.8487126430734163
msak0,msak0_186,ULX,0.6563224078127947
msak0,msak0_186,ULY,0.8110206030366913
msak0,msak0_186,LLX,0.7398642846840378
msak0,msak0_186,LLY,0.7506225148431178
msak0,msak0_187,TDX,0.8485119775683784
msak0,msak0_187,TDY,0.7507335887838618
msak0,msak0_187,TBX,0.8394880077818693
msak0,msak0_187,TBY,0.7290743887337765
msak0,msak0_187,TTX,0.9093749131078462
msak0,msak0_187,TTY,0.6946436349803646
msak0,msak0_187,LIX,0.854566315870992
msak0,msak0_187,LIY,0.8800470617153893
msak0,msak0_187,ULX,0.7322027217927735
msak0,msak0_187,ULY,0.9000564461765705
msak0,msak0_187,LLX,0.9229884285214376
msak0,msak0_187,LLY,0.9415773466268348
msak0,msak0_188,TDX,0.8130809535102853
msak0,msak0_188,TDY,0.752654527531762
msak0,msak0_188,TBX,0.7347481864750725
msak0,msak0_188,TBY,0.6652924064164174
msak0,msak0_188,TTX,0.8895355261090052
msak0,msak0_188,TTY,0.8116108851146537
msak0,msak0_188,LIX,0.6919779375537676
msak0,msak0_188,LIY,0.8278328939950891
msak0,msak0_188,ULX,0.344661077081929
msak0,msak0_188,ULY,0.8986024121616284
msak0,msak0_188,LLX,0.8260826456881495
msak0,msak0_188,LLY,0.9301547123602355
msak0,msak0_189,TDX,0.8964882145834598
msak0,msak0_189,TDY,0.7456005906036988
msak0,msak0_189,TBX,0.881906983093935
msak0,msak0_189,TBY,0.864838923633288
msak0,msak0_189,TTX,0.9036975848498472
msak0,msak0_189,TTY,0.7991620905420707
msak0,msak0_189,LIX,0.7376684980340558
msak0,msak0_189,LIY,0.8682077399427509
msak0,msak0_189,ULX,0.6119988646975205
msak0,msak0_189,ULY,0.8027040520664489
msak0,msak0_189,LLX,0.8126879155930441
msak0,msak0_189,LLY,0.8962349550983382
msak0,msak0_190,TDX,0.7453849418591301
msak0,msak0_190,TDY,0.7918121950152486
msak0,msak0_190,TBX,0.7058471741146661
msak0,msak0_190,TBY,0.7816379040825899
msak0,msak0_190,TTX,0.7935893921448889
msak0,msak0_190,TTY,0.8741855577069577
msak0,msak0_190,LIX,0.663330652397422
msak0,msak0_190,LIY,0.868760871923854
msak0,msak0_190,ULX,0.5021907385459051
msak0,msak0_190,ULY,0.8111606546444793
msak0,msak0_190,LLX,0.8712273990058799
msak0,msak0_190,LLY,0.9453632336398201
msak0,msak0_191,TDX,0.7348820057578835
msak0,msak0_191,TDY,0.7712576483576422
msak0,msak0_191,TBX,0.8355213806330188
msak0,msak0_191,TBY,0.8016061716861543
msak0,msak0_191,TTX,0.830570891355392
msak0,msak0_191,TTY,0.8229001717215271
msak0,msak0_191,LIX,0.7356156062341553
msak0,msak0_191,LIY,0.8898082607078284
msak0,msak0_191,ULX,0.6871969077707428
msak0,msak0_191,ULY,0.8365321520558686
msak0,msak0_191,LLX,0.7386996352418804
msak0,msak0_191,LLY,0.715126259165579
msak0,msak0_192,TDX,0.8923982038170015
msak0,msak0_192,TDY,0.8135498681940363
msak0,msak0_192,TBX,0.8411550088123676
msak0,msak0_192,TBY,0.6958855492733165
msak0,msak0_192,TTX,0.8594773498635785
msak0,msak0_192,TTY,0.6623082086669961
msak0,msak0_192,LIX,0.7375881097573243
msak0,msak0_192,LIY,0.7662229905560284
msak0,msak0_192,ULX,0.7318162562722359
msak0,msak0_192,ULY,0.8664042053232032
msak0,msak0_192,LLX,0.7806475990132694
msak0,msak0_192,LLY,0.8095575040972502
msak0,msak0_193,TDX,0.8852222082948196
msak0,msak0_193,TDY,0.6522060428086053
msak0,msak0_193,TBX,0.8524296539175859
msak0,msak0_193,TBY,0.8423597935418191
msak0,msak0_193,TTX,0.9178122831847975
msak0,msak0_193,TTY,0.8695702577530472
msak0,msak0_193,LIX,0.8469802798075567
msak0,msak0_193,LIY,0.8647912128488562
msak0,msak0_193,ULX,0.6116642185044884
msak0,msak0_193,ULY,0.7222575762738087
msak0,msak0_193,LLX,0.8674756959362007
msak0,msak0_193,LLY,0.8336937624929116
msak0,msak0_194,TDX,0.8933148326917236
msak0,msak0_194,TDY,0.6386266045934481
msak0,msak0_194,TBX,0.8940250898286576
msak0,msak0_194,TBY,0.6640883115180857
msak0,msak0_194,TTX,0.9156469709941897
msak0,msak0_194,TTY,0.6785401420612873
msak0,msak0_194,LIX,0.8009972543613547
msak0,msak0_194,LIY,0.736516077900163
msak0,msak0_194,ULX,0.7366851946521275
msak0,msak0_194,ULY,0.6486479443828944
msak0,msak0_194,LLX,0.791582635180865
msak0,msak0_194,LLY,0.8923690395833784
msak0,msak0_195,TDX,0.8983181085891465
msak0,msak0_195,TDY,0.8731558199132609
msak0,msak0_195,TBX,0.9039228722331026
msak0,msak0_195,TBY,0.879803401548548
msak0,msak0_195,TTX,0.8704157444467365
msak0,msak0_195,TTY,0.8609645394128392
msak0,msak0_195,LIX,0.6447957293753911
msak0,msak0_195,LIY,0.7444010759322962
msak0,msak0_195,ULX,0.5941830977507335
msak0,msak0_195,ULY,0.8854298163490437
msak0,msak0_195,LLX,0.7280076771316856
msak0,msak0_195,LLY,0.8154351779132379
msak0,msak0_196,TDX,0.8869322891952501
msak0,msak0_196,TDY,0.6291750367135699
msak0,msak0_196,TBX,0.8536361276335999
msak0,msak0_196,TBY,0.7166326356574734
msak0,msak0_196,TTX,0.9022409823564589
msak0,msak0_196,TTY,0.8102067014373823
msak0,msak0_196,LIX,0.8234937074208653
msak0,msak0_196,LIY,0.9453139749148978
msak0,msak0_196,ULX,0.8852726499231319
msak0,msak0_196,ULY,0.7062934190086478
msak0,msak0_196,LLX,0.8253125535754963
msak0,msak0_196,LLY,0.8590797604872216
msak0,msak0_197,TDX,0.7236193792884411
msak0,msak0_197,TDY,0.47135764308448064
msak0,msak0_197,TBX,0.7953238778578132
msak0,msak0_197,TBY,0.8325003586302271
msak0,msak0_197,TTX,0.8101471846361988
msak0,msak0_197,TTY,0.9142863777010364
msak0,msak0_197,LIX,0.83716643725663
msak0,msak0_197,LIY,0.7323609540092805
msak0,msak0_197,ULX,0.5304738607165524
msak0,msak0_197,ULY,0.8847657291660062
msak0,msak0_197,LLX,0.8148312816627747
msak0,msak0_197,LLY,0.913923163858519
msak0,msak0_198,TDX,0.7547265888153668
msak0,msak0_198,TDY,0.6661525146959449
msak0,msak0_198,TBX,0.8837042056222159
msak0,msak0_198,TBY,0.6745861039700672
msak0,msak0_198,TTX,0.9295480712122453
msak0,msak0_198,TTY,0.8993207497668134
msak0,msak0_198,LIX,0.7090879284352888
msak0,msak0_198,LIY,0.8825468023116748
msak0,msak0_198,ULX,0.7068011789219765
msak0,msak0_198,ULY,0.8443175207317938
msak0,msak0_198,LLX,0.6784720825299654
msak0,msak0_198,LLY,0.8419909244151107
msak0,msak0_199,TDX,0.6792526156240611
msak0,msak0_199,TDY,0.7967345480500581
msak0,msak0_199,TBX,0.7160522235287615
msak0,msak0_199,TBY,0.8306649749761578
msak0,msak0_199,TTX,0.8108835582087072
msak0,msak0_199,TTY,0.8045269914033595
msak0,msak0_199,LIX,0.9361191963900414
msak0,msak0_199,LIY,0.9365311348653228
msak0,msak0_199,ULX,0.7075265090748047
msak0,msak0_199,ULY,0.7734287959149182
msak0,msak0_199,LLX,0.8992080122712471
msak0,msak0_199,LLY,0.8183464982796165
msak0,msak0_200,TDX,0.6596120180606276
msak0,msak0_200,TDY,0.8097203661593191
msak0,msak0_200,TBX,0.6248941120510457
msak0,msak0_200,TBY,0.8754724340147552
msak0,msak0_200,TTX,0.762339035650827
msak0,msak0_200,TTY,0.7045887191244873
msak0,msak0_200,LIX,0.8700756633097638
msak0,msak0_200,LIY,0.9160638058440328
msak0,msak0_200,ULX,0.2863497388249949
msak0,msak0_200,ULY,0.8056827241267805
msak0,msak0_200,LLX,0.8100128999785837
msak0,msak0_200,LLY,0.8615417233153148
msak0,msak0_201,TDX,0.8191561635942785
msak0,msak0_201,TDY,0.919038280800302
msak0,msak0_201,TBX,0.8629164736822785
msak0,msak0_201,TBY,0.9062402666726955
msak0,msak0_201,TTX,0.9190028436281359
msak0,msak0_201,TTY,0.8539689213934852
msak0,msak0_201,LIX,0.576585284850315
msak0,msak0_201,LIY,0.8259607987849908
msak0,msak0_201,ULX,0.6875616817070006
msak0,msak0_201,ULY,0.7822277330867508
msak0,msak0_201,LLX,0.6779532861096526
msak0,msak0_201,LLY,0.782626167171991
msak0,msak0_202,TDX,0.6905650297894483
msak0,msak0_202,TDY,0.731242370073755
msak0,msak0_202,TBX,0.46850000465220915
msak0,msak0_202,TBY,0.8475969162248824
msak0,msak0_202,TTX,0.5214639500266827
msak0,msak0_202,TTY,0.8065102081995564
msak0,msak0_202,LIX,0.610232437461905
msak0,msak0_202,LIY,0.8970126535294497
msak0,msak0_202,ULX,0.6897179993513467
msak0,msak0_202,ULY,0.9030518940362574
msak0,msak0_202,LLX,0.8049079390966186
msak0,msak0_202,LLY,0.8785893508664078
msak0,msak0_203,TDX,0.7646890877819369
msak0,msak0_203,TDY,0.8312593639279316
msak0,msak0_203,TBX,0.7945127876717827
msak0,msak0_203,TBY,0.8240278483474647
msak0,msak0_203,TTX,0.8056750591392029
msak0,msak0_203,TTY,0.8766882022779467
msak0,msak0_203,LIX,0.7228887059614435
msak0,msak0_203,LIY,0.8697297050542633
msak0,msak0_203,ULX,0.6822123991278849
msak0,msak0_203,ULY,0.831272251716726
msak0,msak0_203,LLX,0.6580713550671117
msak0,msak0_203,LLY,0.7247588114519283
msak0,msak0_204,TDX,0.8314217538914146
msak0,msak0_204,TDY,0.9168867995505482
msak0,msak0_204,TBX,0.8226738402233923
msak0,msak0_204,TBY,0.9425301350245402
msak0,msak0_204,TTX,0.8587119505447741
msak0,msak0_204,TTY,0.7802180354129454
msak0,msak0_204,LIX,0.7793689257646486
msak0,msak0_204,LIY,0.8517185027326807
msak0,msak0_204,ULX,0.47804734457044523
msak0,msak0_204,ULY,0.8575855850547938
msak0,msak0_204,LLX,0.7153845520182566
msak0,msak0_204,LLY,0.8327036693674627
msak0,msak0_205,TDX,0.8376292121678136
msak0,msak0_205,TDY,0.8728466071668669
msak0,msak0_205,TBX,0.8653506532911924
msak0,msak0_205,TBY,0.8796460508524484
msak0,msak0_205,TTX,0.8471524167698374
msak0,msak0_205,TTY,0.8365158141333577
msak0,msak0_205,LIX,0.6739641754659185
msak0,msak0_205,LIY,0.6785734632594149
msak0,msak0_205,ULX,0.5928738912665337
msak0,msak0_205,ULY,0.8754714946000426
msak0,msak0_205,LLX,0.7684889343305709
msak0,msak0_205,LLY,0.7131154914762983
msak0,msak0_206,TDX,0.8962510599665469
msak0,msak0_206,TDY,0.8434176355393518
msak0,msak0_206,TBX,0.8822099832365704
msak0,msak0_206,TBY,0.8465527775141246
msak0,msak0_206,TTX,0.8620298377615053
msak0,msak0_206,TTY,0.8617677334237999
msak0,msak0_206,LIX,0.8325772051338258
msak0,msak0_206,LIY,0.9557282665207447
msak0,msak0_206,ULX,0.3756330506363491
msak0,msak0_206,ULY,0.8246242213367267
msak0,msak0_206,LLX,0.8439247073895475
msak0,msak0_206,LLY,0.8856376483991169
msak0,msak0_207,TDX,0.8128576721732752
msak0,msak0_207,TDY,0.7902556638069732
msak0,msak0_207,TBX,0.8459190667591595
msak0,msak0_207,TBY,0.5506691733823953
msak0,msak0_207,TTX,0.88092829963833
msak0,msak0_207,TTY,0.8714942666387386
msak0,msak0_207,LIX,0.8226644231781516
msak0,msak0_207,LIY,0.8819481638007716
msak0,msak0_207,ULX,0.5680449431242651
msak0,msak0_207,ULY,0.8315132627399717
msak0,msak0_207,LLX,0.9293314212937794
msak0,msak0_207,LLY,0.9394629335316961
msak0,msak0_208,TDX,0.5323265929244929
msak0,msak0_208,TDY,0.8859989918315168
msak0,msak0_208,TBX,0.7608881402918641
msak0,msak0_208,TBY,0.6772089556591436
msak0,msak0_208,TTX,0.6899288380340145
msak0,msak0_208,TTY,0.6016116917837789
msak0,msak0_208,LIX,0.4690961091071021
msak0,msak0_208,LIY,0.8485414293757962
msak0,msak0_208,ULX,0.6627295649301798
msak0,msak0_208,ULY,0.7331690537353862
msak0,msak0_208,LLX,0.7997798774714742
msak0,msak0_208,LLY,0.9186959942305564
msak0,msak0_209,TDX,0.6309516095298165
msak0,msak0_209,TDY,0.8771905163113346
msak0,msak0_209,TBX,0.6660379724657458
msak0,msak0_209,TBY,0.7737903808523576
msak0,msak0_209,TTX,0.6839333415718784
msak0,msak0_209,TTY,0.6123851968888956
msak0,msak0_209,LIX,0.7725798631000182
msak0,msak0_209,LIY,0.891333578595418
msak0,msak0_209,ULX,0.4824029866542638
msak0,msak0_209,ULY,0.8064819296800598
msak0,msak0_209,LLX,0.8082495460234285
msak0,msak0_209,LLY,0.8741569244522793
msak0,msak0_210,TDX,0.742575082139479
msak0,msak0_210,TDY,0.897668488059552
msak0,msak0_210,TBX,0.8146874212793841
msak0,msak0_210,TBY,0.8015142907554565
msak0,msak0_210,TTX,0.8603668551783954
msak0,msak0_210,TTY,0.7364904587758261
msak0,msak0_210,LIX,0.8292946117648318
msak0,msak0_210,LIY,0.8502377937995178
msak0,msak0_210,ULX,0.335853787900764
msak0,msak0_210,ULY,0.8593719677211231
msak0,msak0_210,LLX,0.9152551256430245
msak0,msak0_210,LLY,0.8819864467914377
msak0,msak0_211,TDX,0.680625543123255
msak0,msak0_211,TDY,0.9372933146778025
msak0,msak0_211,TBX,0.8284130346646156
msak0,msak0_211,TBY,0.814773019272337
msak0,msak0_211,TTX,0.7869322091478886
msak0,msak0_211,TTY,0.35876567201849496
msak0,msak0_211,LIX,0.8625659356855774
msak0,msak0_211,LIY,0.6550121594068286
msak0,msak0_211,ULX,0.7782918687109511
msak0,msak0_211,ULY,0.8133734377013906
msak0,msak0_211,LLX,0.9144359191262685
msak0,msak0_211,LLY,0.8398270592191451
msak0,msak0_212,TDX,0.9080746021921811
msak0,msak0_212,TDY,0.9479334968816827
msak0,msak0_212,TBX,0.9117827052873074
msak0,msak0_212,TBY,0.9166105007576015
msak0,msak0_212,TTX,0.866444350797008
msak0,msak0_212,TTY,0.7485360208111563
msak0,msak0_212,LIX,0.7567718425820131
msak0,msak0_212,LIY,0.8845922324295212
msak0,msak0_212,ULX,0.6825869459179735
msak0,msak0_212,ULY,0.9322422836364392
msak0,msak0_212,LLX,0.9189323090251766
msak0,msak0_212,LLY,0.8410426375019625
msak0,msak0_213,TDX,0.7751458069201301
msak0,msak0_213,TDY,0.8330365265542872
msak0,msak0_213,TBX,0.733606328849243
msak0,msak0_213,TBY,0.733870326850908
msak0,msak0_213,TTX,0.8364005652970316
msak0,msak0_213,TTY,0.8251882260468576
msak0,msak0_213,LIX,0.5565288552137773
msak0,msak0_213,LIY,0.8069133746941285
msak0,msak0_213,ULX,0.37620423431177863
msak0,msak0_213,ULY,0.7999648191806372
msak0,msak0_213,LLX,0.7605117342303682
msak0,msak0_213,LLY,0.8746398489444137
msak0,msak0_214,TDX,0.9116251388380266
msak0,msak0_214,TDY,0.9121493743336091
msak0,msak0_214,TBX,0.8690072480989451
msak0,msak0_214,TBY,0.7366439002916635
msak0,msak0_214,TTX,0.8925382691508149
msak0,msak0_214,TTY,0.8375666584417736
msak0,msak0_214,LIX,0.8362306260257022
msak0,msak0_214,LIY,0.8651711343277607
msak0,msak0_214,ULX,0.688320053441631
msak0,msak0_214,ULY,0.8124167446702296
msak0,msak0_214,LLX,0.7813031399867836
msak0,msak0_214,LLY,0.9278133595635846
msak0,msak0_215,TDX,0.7169299646183602
msak0,msak0_215,TDY,0.7305149360269273
msak0,msak0_215,TBX,0.7571968039333402
msak0,msak0_215,TBY,0.7453876116869576
msak0,msak0_215,TTX,0.8645540664687719
msak0,msak0_215,TTY,0.7854745178886958
msak0,msak0_215,LIX,0.6980498070703512
msak0,msak0_215,LIY,0.7757690619390188
msak0,msak0_215,ULX,0.6431448297249762
msak0,msak0_215,ULY,0.9224996412930577
msak0,msak0_215,LLX,0.7392424647949223
msak0,msak0_215,LLY,0.8662855440904085
msak0,msak0_216,TDX,0.9062144114235692
msak0,msak0_216,TDY,0.7478341167191102
msak0,msak0_216,TBX,0.9252008170809771
msak0,msak0_216,TBY,0.4969549175214102
msak0,msak0_216,TTX,0.9445022002887261
msak0,msak0_216,TTY,0.8115207568192295
msak0,msak0_216,LIX,0.5643375221066242
msak0,msak0_216,LIY,0.7652328102558325
msak0,msak0_216,ULX,0.5866441698248597
msak0,msak0_216,ULY,0.8028748470073802
msak0,msak0_216,LLX,0.8892173288818427
msak0,msak0_216,LLY,0.8253582096661372
msak0,msak0_217,TDX,0.662207778530574
msak0,msak0_217,TDY,0.8912413567795748
msak0,msak0_217,TBX,0.7754016162344256
msak0,msak0_217,TBY,0.9120715558734634
msak0,msak0_217,TTX,0.8784086050710789
msak0,msak0_217,TTY,0.8989564942742564
msak0,msak0_217,LIX,0.7777911866950744
msak0,msak0_217,LIY,0.9414540253485227
msak0,msak0_217,ULX,0.7253367465714498
msak0,msak0_217,ULY,0.367031895895073
msak0,msak0_217,LLX,0.8292418142836543
msak0,msak0_217,LLY,0.7624653356770915
msak0,msak0_218,TDX,0.7001062581009346
msak0,msak0_218,TDY,0.9231497147544618
msak0,msak0_218,TBX,0.7391092276523379
msak0,msak0_218,TBY,0.8518017551446542
msak0,msak0_218,TTX,0.8446039967960212
msak0,msak0_218,TTY,0.817376999879592
msak0,msak0_218,LIX,0.5966032822739225
msak0,msak0_218,LIY,0.8062235862364892
msak0,msak0_218,ULX,0.7043081234020064
msak0,msak0_218,ULY,0.8519064845592124
msak0,msak0_218,LLX,0.5746632401233485
msak0,msak0_218,LLY,0.7036141730526966
msak0,msak0_219,TDX,0.7852439048552288
msak0,msak0_219,TDY,0.8294503011140347
msak0,msak0_219,TBX,0.767409265681358
msak0,msak0_219,TBY,0.771265333573404
msak0,msak0_219,TTX,0.8800149153067579
msak0,msak0_219,TTY,0.7570624288942722
msak0,msak0_219,LIX,0.48018775705300815
msak0,msak0_219,LIY,0.7777578379925638
msak0,msak0_219,ULX,0.39504831108057736
msak0,msak0_219,ULY,0.8589220272259315
msak0,msak0_219,LLX,0.8112021734714154
msak0,msak0_219,LLY,0.8363663150477747
msak0,msak0_220,TDX,0.7567992718209521
msak0,msak0_220,TDY,0.8353006946392333
msak0,msak0_220,TBX,0.7488433750622144
msak0,msak0_220,TBY,0.7492748914746269
msak0,msak0_220,TTX,0.8095024205965465
msak0,msak0_220,TTY,0.37908187432224394
msak0,msak0_220,LIX,0.6714118648560775
msak0,msak0_220,LIY,0.5073856951996898
msak0,msak0_220,ULX,0.14724353809885518
msak0,msak0_220,ULY,0.8534880138054126
msak0,msak0_220,LLX,0.42817166994090056
msak0,msak0_220,LLY,0.7923175048704049
msak0,msak0_221,TDX,0.4499476552345167
msak0,msak0_221,TDY,0.5793536024672572
msak0,msak0_221,TBX,0.2712677018229366
msak0,msak0_221,TBY,0.6180380371413123
msak0,msak0_221,TTX,0.4531304906308639
msak0,msak0_221,TTY,0.7662162439759712
msak0,msak0_221,LIX,0.7166918106718996
msak0,msak0_221,LIY,0.8929523348154312
msak0,msak0_221,ULX,0.5529070712891109
msak0,msak0_221,ULY,0.9036300837794978
msak0,msak0_221,LLX,0.756921586497508
msak0,msak0_221,LLY,0.883831914730832
msak0,msak0_222,TDX,0.8507936809447869
msak0,msak0_222,TDY,0.7987439793197815
msak0,msak0_222,TBX,0.8410657526595134
msak0,msak0_222,TBY,0.7177016509099785
msak0,msak0_222,TTX,0.8706775136598687
msak0,msak0_222,TTY,0.7083325805766427
msak0,msak0_222,LIX,0.811393949951119
msak0,msak0_222,LIY,0.7567230725771765
msak0,msak0_222,ULX,0.6633862523721126
msak0,msak0_222,ULY,0.7004446702056624
msak0,msak0_222,LLX,0.8921451772692476
msak0,msak0_222,LLY,0.8279110236867375
msak0,msak0_223,TDX,0.8467320807054227
msak0,msak0_223,TDY,0.8303498969841411
msak0,msak0_223,TBX,0.8587594651763936
msak0,msak0_223,TBY,0.8178545410481811
msak0,msak0_223,TTX,0.783664364344216
msak0,msak0_223,TTY,0.7240935667289062
msak0,msak0_223,LIX,0.7750890057125485
msak0,msak0_223,LIY,0.8484448170812778
msak0,msak0_223,ULX,0.7102073327998766
msak0,msak0_223,ULY,0.8531094610353643
msak0,msak0_223,LLX,0.7852636000935707
msak0,msak0_223,LLY,0.8472572809464438
msak0,msak0_224,TDX,0.7417274186843528
msak0,msak0_224,TDY,0.8609712982868226
msak0,msak0_224,TBX,0.7620198715213017
msak0,msak0_224,TBY,0.8620981507895417
msak0,msak0_224,TTX,0.881327903271641
msak0,msak0_224,TTY,0.7857359815522013
msak0,msak0_224,LIX,0.6986908508476235
msak0,msak0_224,LIY,0.885160501955762
msak0,msak0_224,ULX,0.6344222582187088
msak0,msak0_224,ULY,0.7961538441654461
msak0,msak0_224,LLX,0.8268537906353113
msak0,msak0_224,LLY,0.8510651359735347
msak0,msak0_225,TDX,0.8323088343148963
msak0,msak0_225,TDY,0.7538135344103793
msak0,msak0_225,TBX,0.8373025255145194
msak0,msak0_225,TBY,0.663010016328299
msak0,msak0_225,TTX,0.851702521179029
msak0,msak0_225,TTY,0.7712516529056074
msak0,msak0_225,LIX,0.6127452805468636
msak0,msak0_225,LIY,0.7651666209438448
msak0,msak0_225,ULX,0.5172599299608838
msak0,msak0_225,ULY,0.7708763579859743
msak0,msak0_225,LLX,0.8330538722153349
msak0,msak0_225,LLY,0.8280187829942423
msak0,msak0_226,TDX,0.7463810057927664
msak0,msak0_226,TDY,0.8639314379164303
msak0,msak0_226,TBX,0.7951618187774149
msak0,msak0_226,TBY,0.7692289997118069
msak0,msak0_226,TTX,0.7479819020529628
msak0,msak0_226,TTY,0.6542840547986859
msak0,msak0_226,LIX,0.6409555059122468
msak0,msak0_226,LIY,0.8896348478362509
msak0,msak0_226,ULX,0.4271698362873057
msak0,msak0_226,ULY,0.8686774859597075
msak0,msak0_226,LLX,0.6608139049320678
msak0,msak0_226,LLY,0.8241557360609791
msak0,msak0_227,TDX,0.7025347215676038
msak0,msak0_227,TDY,0.8531285053772408
msak0,msak0_227,TBX,0.7806276573418216
msak0,msak0_227,TBY,0.8314161532467408
msak0,msak0_227,TTX,0.8537462477452689
msak0,msak0_227,TTY,0.8398402141446201
msak0,msak0_227,LIX,0.5801780889054154
msak0,msak0_227,LIY,0.8533666191206574
msak0,msak0_227,ULX,0.7026936854088215
msak0,msak0_227,ULY,0.8606838680215584
msak0,msak0_227,LLX,0.795405055312736
msak0,msak0_227,LLY,0.9115539290548176
msak0,msak0_228,TDX,0.912687645205379
msak0,msak0_228,TDY,0.9098388454904339
msak0,msak0_228,TBX,0.906672687283574
msak0,msak0_228,TBY,0.904891934631444
msak0,msak0_228,TTX,0.9342869003729042
msak0,msak0_228,TTY,0.8457936119449525
msak0,msak0_228,LIX,0.809690569717672
msak0,msak0_228,LIY,0.9037095866527246
msak0,msak0_228,ULX,0.8282777663765942
msak0,msak0_228,ULY,0.8845541496329492
msak0,msak0_228,LLX,0.8139896748565782
msak0,msak0_228,LLY,0.657452132635483
msak0,msak0_229,TDX,0.8610728359525145
msak0,msak0_229,TDY,0.8364961586243219
msak0,msak0_229,TBX,0.8972972355120382
msak0,msak0_229,TBY,0.8271973832260022
msak0,msak0_229,TTX,0.8608364424763736
msak0,msak0_229,TTY,0.8951722378202387
msak0,msak0_229,LIX,0.7573833325999625
msak0,msak0_229,LIY,0.7951781887863851
msak0,msak0_229,ULX,-0.13772783238666114
msak0,msak0_229,ULY,0.7603373294102277
msak0,msak0_229,LLX,0.7349167744544618
msak0,msak0_229,LLY,0.892636059741216
msak0,msak0_230,TDX,0.8260912950748897
msak0,msak0_230,TDY,0.8829083744156914
msak0,msak0_230,TBX,0.8113110181027219
msak0,msak0_230,TBY,0.7917829110265878
msak0,msak0_230,TTX,0.8878214756398962
msak0,msak0_230,TTY,0.817431985746704
msak0,msak0_230,LIX,0.8026143715567875
msak0,msak0_230,LIY,0.8371587116371959
msak0,msak0_230,ULX,0.5754023422232741
msak0,msak0_230,ULY,0.7662808323198141
msak0,msak0_230,LLX,0.7361604233473916
msak0,msak0_230,LLY,0.8739048516425079
msak0,msak0_231,TDX,0.766752645657362
msak0,msak0_231,TDY,0.8695971638120618
msak0,msak0_231,TBX,0.744131211858599
msak0,msak0_231,TBY,0.7061735681572043
msak0,msak0_231,TTX,0.7369565393799272
msak0,msak0_231,TTY,0.7930814678081595
msak0,msak0_231,LIX,0.8884475548330726
msak0,msak0_231,LIY,0.6906631517011959
msak0,msak0_231,ULX,0.6679712840659116
msak0,msak0_231,ULY,0.8628609206526052
msak0,msak0_231,LLX,0.7023446552320493
msak0,msak0_231,LLY,0.8379330110066072
msak0,msak0_232,TDX,0.8208623513937545
msak0,msak0_232,TDY,0.9034071586513024
msak0,msak0_232,TBX,0.8799278540612904
msak0,msak0_232,TBY,0.8158105405206911
msak0,msak0_232,TTX,0.9313270443464173
msak0,msak0_232,TTY,0.8853981097451206
msak0,msak0_232,LIX,0.7618552143847469
msak0,msak0_232,LIY,0.7283186811576713
msak0,msak0_232,ULX,0.6546462868349698
msak0,msak0_232,ULY,0.8857913200688632
msak0,msak0_232,LLX,0.7528861596156816
msak0,msak0_232,LLY,0.8725869505456669
msak0,msak0_233,TDX,0.8841864384802198
msak0,msak0_233,TDY,0.8965371285272492
msak0,msak0_233,TBX,0.9199488843247902
msak0,msak0_233,TBY,0.7423482659900896
msak0,msak0_233,TTX,0.8278460077916642
msak0,msak0_233,TTY,0.7276349270102966
msak0,msak0_233,LIX,0.6539570191102232
msak0,msak0_233,LIY,0.8006876316444956
msak0,msak0_233,ULX,0.4372104783188732
msak0,msak0_233,ULY,0.8084049886412727
msak0,msak0_233,LLX,0.7380592700161345
msak0,msak0_233,LLY,0.88952630307671
msak0,msak0_234,TDX,0.8170479935064665
msak0,msak0_234,TDY,0.8817175087133053
msak0,msak0_234,TBX,0.809145917625581
msak0,msak0_234,TBY,0.8192783655842258
msak0,msak0_234,TTX,0.7157521374272973
msak0,msak0_234,TTY,0.5147733226234148
msak0,msak0_234,LIX,0.2798550811497963
msak0,msak0_234,LIY,0.7290542237189271
msak0,msak0_234,ULX,0.69538274911468
msak0,msak0_234,ULY,0.8231554090041904
msak0,msak0_234,LLX,0.7308881844033719
msak0,msak0_234,LLY,0.8970079928079977
msak0,msak0_235,TDX,0.8157048483658015
msak0,msak0_235,TDY,0.7030441978587904
msak0,msak0_235,TBX,0.8401834958041113
msak0,msak0_235,TBY,0.7792356020777357
msak0,msak0_235,TTX,0.8011441278960112
msak0,msak0_235,TTY,0.44820390701412
msak0,msak0_235,LIX,0.7987564312953032
msak0,msak0_235,LIY,0.7968092058610317
msak0,msak0_235,ULX,0.1593618861008891
msak0,msak0_235,ULY,0.7887818510464938
msak0,msak0_235,LLX,0.8057860648611834
msak0,msak0_235,LLY,0.8811381768241496
msak0,msak0_236,TDX,0.6964874992016769
msak0,msak0_236,TDY,0.8995968227960378
msak0,msak0_236,TBX,0.7149739497644301
msak0,msak0_236,TBY,0.8142848984424637
msak0,msak0_236,TTX,0.8449930607537102
msak0,msak0_236,TTY,0.8535662584713023
msak0,msak0_236,LIX,0.6411670713438952
msak0,msak0_236,LIY,0.9092952909499256
msak0,msak0_236,ULX,0.5368553338127903
msak0,msak0_236,ULY,0.8347232870500063
msak0,msak0_236,LLX,0.8359412300740736
msak0,msak0_236,LLY,0.8891788259965419
msak0,msak0_237,TDX,0.8085226127272491
msak0,msak0_237,TDY,0.7083822838446707
msak0,msak0_237,TBX,0.8294536487708397
msak0,msak0_237,TBY,0.8417470896946775
msak0,msak0_237,TTX,0.9155925283400709
msak0,msak0_237,TTY,0.896332875445422
msak0,msak0_237,LIX,0.7700304231644185
msak0,msak0_237,LIY,0.7759311526561073
msak0,msak0_237,ULX,0.49424635854384324
msak0,msak0_237,ULY,0.746890132733031
msak0,msak0_237,LLX,0.8893500683381078
msak0,msak0_237,LLY,0.8957521001468959
msak0,msak0_238,TDX,0.6508662751860536
msak0,msak0_238,TDY,0.9376167586061318
msak0,msak0_238,TBX,0.7694329512852345
msak0,msak0_238,TBY,0.8503878255523186
msak0,msak0_238,TTX,0.8435570955708577
msak0,msak0_238,TTY,0.6888082863266874
msak0,msak0_238,LIX,0.5629003353872509
msak0,msak0_238,LIY,0.7851748867700035
msak0,msak0_238,ULX,0.6887275627446479
msak0,msak0_238,ULY,0.8237618814523852
msak0,msak0_238,LLX,0.8376162128190056
msak0,msak0_238,LLY,0.8681764095733556
msak0,msak0_239,TDX,0.7675045429437538
msak0,msak0_239,TDY,0.5555971328724368
msak0,msak0_239,TBX,0.708255664804072
msak0,msak0_239,TBY,0.8330562590302303
msak0,msak0_239,TTX,0.8625855373494659
msak0,msak0_239,TTY,0.7726141240455061
msak0,msak0_239,LIX,0.4248167449878391
msak0,msak0_239,LIY,0.9277702987123547
msak0,msak0_239,ULX,0.8499857537507903
msak0,msak0_239,ULY,0.8920807977882722
msak0,msak0_239,LLX,0.7188990769762931
msak0,msak0_239,LLY,0.8903888067426187
msak0,msak0_240,TDX,0.7987444727437184
msak0,msak0_240,TDY,0.7634758791207986
msak0,msak0_240,TBX,0.8039448608171557
msak0,msak0_240,TBY,0.8267763330016928
msak0,msak0_240,TTX,0.8014819908319125
msak0,msak0_240,TTY,0.826673541793561
msak0,msak0_240,LIX,0.7604620636976508
msak0,msak0_240,LIY,0.8622944131908461
msak0,msak0_240,ULX,0.5833939413250595
msak0,msak0_240,ULY,0.8857855572948808
msak0,msak0_240,LLX,0.8687541279882847
msak0,msak0_240,LLY,0.9303702754996909
msak0,msak0_241,TDX,0.655264679290601
msak0,msak0_241,TDY,0.849631282126737
msak0,msak0_241,TBX,0.8014758576922925
msak0,msak0_241,TBY,0.6828659926426663
msak0,msak0_241,TTX,0.891237652283003
msak0,msak0_241,TTY,0.7860629893281181
msak0,msak0_241,LIX,0.7782463290588798
msak0,msak0_241,LIY,0.7768485226176932
msak0,msak0_241,ULX,0.44966084481254676
msak0,msak0_241,ULY,0.8540078748355808
msak0,msak0_241,LLX,0.8418631621316189
msak0,msak0_241,LLY,0.8173445344122838
msak0,msak0_242,TDX,0.9073000933544267
msak0,msak0_242,TDY,0.7714442861194593
msak0,msak0_242,TBX,0.9208719139741559
msak0,msak0_242,TBY,0.5221042702740776
msak0,msak0_242,TTX,0.9624724053093958
msak0,msak0_242,TTY,0.7900258309993181
msak0,msak0_242,LIX,0.8111591219429234
msak0,msak0_242,LIY,0.4481850102735352
msak0,msak0_242,ULX,0.6755595341733915
msak0,msak0_242,ULY,0.8449585758054804
msak0,msak0_242,LLX,0.5830275559278241
msak0,msak0_242,LLY,0.626809289376806
msak0,msak0_243,TDX,0.7197870811185851
msak0,msak0_243,TDY,0.7915009083486293
msak0,msak0_243,TBX,0.781192489600095
msak0,msak0_243,TBY,0.7843869079608428
msak0,msak0_243,TTX,0.829522023482246
msak0,msak0_243,TTY,0.8262768193263862
msak0,msak0_243,LIX,0.3383259920690461
msak0,msak0_243,LIY,0.7865014156579944
msak0,msak0_243,ULX,0.010178217500851008
msak0,msak0_243,ULY,0.875139259441179
msak0,msak0_243,LLX,0.30954810725406356
msak0,msak0_243,LLY,0.8033733572490899
msak0,msak0_244,TDX,0.9270605304345403
msak0,msak0_244,TDY,0.8963954821011167
msak0,msak0_244,TBX,0.9120274156022912
msak0,msak0_244,TBY,0.7356979605484253
msak0,msak0_244,TTX,0.922488670230741
msak0,msak0_244,TTY,0.7895424955429833
msak0,msak0_244,LIX,0.597850599020878
msak0,msak0_244,LIY,0.8455440587089375
msak0,msak0_244,ULX,0.518067839965379
msak0,msak0_244,ULY,0.8795468192485553
msak0,msak0_244,LLX,0.6699213805060594
msak0,msak0_244,LLY,0.8673534646924411
msak0,msak0_245,TDX,0.3480287441189366
msak0,msak0_245,TDY,0.8282628696817259
msak0,msak0_245,TBX,0.5310831002095994
msak0,msak0_245,TBY,0.8468093595567504
msak0,msak0_245,TTX,0.5274921581082572
msak0,msak0_245,TTY,0.6968394818735337
msak0,msak0_245,LIX,0.733160896396198
msak0,msak0_245,LIY,0.8127834342535815
msak0,msak0_245,ULX,0.7169713731917098
msak0,msak0_245,ULY,0.8439264006781521
msak0,msak0_245,LLX,0.8490324419042286
msak0,msak0_245,LLY,0.8804878643371876
msak0,msak0_246,TDX,0.8361386475301125
msak0,msak0_246,TDY,0.6236101879805307
msak0,msak0_246,TBX,0.7861417893555634
msak0,msak0_246,TBY,0.8734147778124082
msak0,msak0_246,TTX,0.6462653118203341
msak0,msak0_246,TTY,0.8747022479027264
msak0,msak0_246,LIX,0.7194816117150254
msak0,msak0_246,LIY,0.904230834753309
msak0,msak0_246,ULX,0.14282699748407324
msak0,msak0_246,ULY,0.8435692095389864
msak0,msak0_246,LLX,0.8038361959072076
msak0,msak0_246,LLY,0.9198145674367714
msak0,msak0_247,TDX,0.6928432679537004
msak0,msak0_247,TDY,0.8988040729401622
msak0,msak0_247,TBX,0.8014892819535422
msak0,msak0_247,TBY,0.8674446421072293
msak0,msak0_247,TTX,0.8498898227781568
msak0,msak0_247,TTY,0.8484192541427921
msak0,msak0_247,LIX,0.49223761083868667
msak0,msak0_247,LIY,0.8159897447989402
msak0,msak0_247,ULX,0.579984562500489
msak0,msak0_247,ULY,0.8935322853235411
msak0,msak0_247,LLX,0.579999640514614
msak0,msak0_247,LLY,0.8677021683765334
msak0,msak0_248,TDX,0.7140644574595234
msak0,msak0_248,TDY,0.8445650445378915
msak0,msak0_248,TBX,0.7686838282688445
msak0,msak0_248,TBY,0.8449805457292433
msak0,msak0_248,TTX,0.7571840186507299
msak0,msak0_248,TTY,0.7656163391714471
msak0,msak0_248,LIX,0.8308816242826312
msak0,msak0_248,LIY,0.8808895103308741
msak0,msak0_248,ULX,0.7115302310038767
msak0,msak0_248,ULY,0.9323088633706351
msak0,msak0_248,LLX,0.7845300013150981
msak0,msak0_248,LLY,0.8069755305792313
msak0,msak0_249,TDX,0.7347258356368357
msak0,msak0_249,TDY,0.9132543067132329
msak0,msak0_249,TBX,0.7724166476414345
msak0,msak0_249,TBY,0.6340075505220468
msak0,msak0_249,TTX,0.7768874744424897
msak0,msak0_249,TTY,0.6230497347296614
msak0,msak0_249,LIX,0.6907879009926751
msak0,msak0_249,LIY,0.5835379370978165
msak0,msak0_249,ULX,0.6361115284267389
msak0,msak0_249,ULY,0.7504266187200299
msak0,msak0_249,LLX,0.7699659027206923
msak0,msak0_249,LLY,0.9002089141209101
msak0,msak0_250,TDX,0.8848243002927724
msak0,msak0_250,TDY,0.8626282331982003
msak0,msak0_250,TBX,0.8984162069044441
msak0,msak0_250,TBY,0.8683920248665142
msak0,msak0_250,TTX,0.8980822676294532
msak0,msak0_250,TTY,0.82303505397834
msak0,msak0_250,LIX,0.779205635626944
msak0,msak0_250,LIY,0.8911465917812612
msak0,msak0_250,ULX,0.3545598218426604
msak0,msak0_250,ULY,0.6716661668733935
msak0,msak0_250,LLX,0.7822836409330595
msak0,msak0_250,LLY,0.8477075623259908
msak0,msak0_251,TDX,0.7399594758821235
msak0,msak0_251,TDY,0.8091069413052221
msak0,msak0_251,TBX,0.8587063073409649
msak0,msak0_251,TBY,0.8914048368238622
msak0,msak0_251,TTX,0.8917447486270533
msak0,msak0_251,TTY,0.9001387964875465
msak0,msak0_251,LIX,0.8214683561271406
msak0,msak0_251,LIY,0.9474434140605016
msak0,msak0_251,ULX,0.8521418488571141
msak0,msak0_251,ULY,0.8731211232723516
msak0,msak0_251,LLX,0.8979613638208106
msak0,msak0_251,LLY,0.8572770677328508
msak0,msak0_252,TDX,0.69556964046633
msak0,msak0_252,TDY,0.8308094598422187
msak0,msak0_252,TBX,0.7371883266585408
msak0,msak0_252,TBY,0.6990452220122246
msak0,msak0_252,TTX,0.771142480415618
msak0,msak0_252,TTY,0.6269238324556273
msak0,msak0_252,LIX,0.7985013321678303
msak0,msak0_252,LIY,0.8620594636836327
msak0,msak0_252,ULX,0.7838714066002163
msak0,msak0_252,ULY,0.7894703362775971
msak0,msak0_252,LLX,0.8345664754288481
msak0,msak0_252,LLY,0.8369373642471193
msak0,msak0_253,TDX,0.8754571507470524
msak0,msak0_253,TDY,0.8789142716490227
msak0,msak0_253,TBX,0.8837759376264632
msak0,msak0_253,TBY,0.907016629492013
msak0,msak0_253,TTX,0.840175376156578
msak0,msak0_253,TTY,0.8640795698519693
msak0,msak0_253,LIX,0.7855845356810962
msak0,msak0_253,LIY,0.9248817934600563
msak0,msak0_253,ULX,0.8461048116510977
msak0,msak0_253,ULY,0.8579006337746194
msak0,msak0_253,LLX,0.8913914231555975
msak0,msak0_253,LLY,0.9599185991814961
msak0,msak0_254,TDX,0.8503608250908914
msak0,msak0_254,TDY,0.8882558140305694
msak0,msak0_254,TBX,0.9000804046554408
msak0,msak0_254,TBY,0.7223733547148237
msak0,msak0_254,TTX,0.8938569368074518
msak0,msak0_254,TTY,0.7120742236294261
msak0,msak0_254,LIX,0.42534388666378586
msak0,msak0_254,LIY,0.8735957161266372
msak0,msak0_254,ULX,0.695988726400719
msak0,msak0_254,ULY,0.7394006635867295
msak0,msak0_254,LLX,0.8494448694907187
msak0,msak0_254,LLY,0.9148088431697834
msak0,msak0_255,TDX,0.7799728183133059
msak0,msak0_255,TDY,0.9143426264311053
msak0,msak0_255,TBX,0.8275942591176016
msak0,msak0_255,TBY,0.8160597659667792
msak0,msak0_255,TTX,0.8199133082906572
msak0,msak0_255,TTY,0.7830256257652803
msak0,msak0_255,LIX,0.6160609267851361
msak0,msak0_255,LIY,0.8566970782898043
msak0,msak0_255,ULX,0.4256429743855118
msak0,msak0_255,ULY,0.8875026614634876
msak0,msak0_255,LLX,0.7869562472076348
msak0,msak0_255,LLY,0.9196722666527223
msak0,msak0_256,TDX,0.7261702634677507
msak0,msak0_256,TDY,0.8798187203032495
msak0,msak0_256,TBX,0.7602609525133178
msak0,msak0_256,TBY,0.8523630177788883
msak0,msak0_256,TTX,0.6394926476467319
msak0,msak0_256,TTY,0.7773922179083423
msak0,msak0_256,LIX,0.7643030289473304
msak0,msak0_256,LIY,0.7484943849423833
msak0,msak0_256,ULX,0.6007497236129188
msak0,msak0_256,ULY,0.7401578704203324
msak0,msak0_256,LLX,0.7294191155575513
msak0,msak0_256,LLY,0.8244142082869119
msak0,msak0_257,TDX,0.5760353701275566
msak0,msak0_257,TDY,0.8805865881689385
msak0,msak0_257,TBX,0.7319813753815677
msak0,msak0_257,TBY,0.5988870282518506
msak0,msak0_257,TTX,0.7263132649629799
msak0,msak0_257,TTY,0.7359012628672779
msak0,msak0_257,LIX,0.5622229495710618
msak0,msak0_257,LIY,0.8514785095637999
msak0,msak0_257,ULX,0.740585945466842
msak0,msak0_257,ULY,0.6254100440484558
msak0,msak0_257,LLX,0.9317546292695446
msak0,msak0_257,LLY,0.908793863104838
msak0,msak0_258,TDX,0.6397998336787342
msak0,msak0_258,TDY,0.8788871565244031
msak0,msak0_258,TBX,0.7066023832616798
msak0,msak0_258,TBY,0.8952890861636157
msak0,msak0_258,TTX,0.7027080274401224
msak0,msak0_258,TTY,0.8376736474131858
msak0,msak0_258,LIX,0.650488450350311
msak0,msak0_258,LIY,0.6720442182999116
msak0,msak0_258,ULX,0.5521982166917928
msak0,msak0_258,ULY,0.8675260161565151
msak0,msak0_258,LLX,0.7692599598162191
msak0,msak0_258,LLY,0.8042642991492964
msak0,msak0_259,TDX,0.7777924620330439
msak0,msak0_259,TDY,0.7680584697802659
msak0,msak0_259,TBX,0.9113261273738973
msak0,msak0_259,TBY,0.6669555261961951
msak0,msak0_259,TTX,0.9271817022775916
msak0,msak0_259,TTY,0.8964737455541788
msak0,msak0_259,LIX,0.8968638859675597
msak0,msak0_259,LIY,0.9740193084518849
msak0,msak0_259,ULX,0.7352257348991292
msak0,msak0_259,ULY,0.8606193060922838
msak0,msak0_259,LLX,0.8432514173289816
msak0,msak0_259,LLY,0.8165163156212868
msak0,msak0_260,TDX,0.7136691339545388
msak0,msak0_260,TDY,0.8933663860044777
msak0,msak0_260,TBX,0.7218615370233892
msak0,msak0_260,TBY,0.8954121806088111
msak0,msak0_260,TTX,0.7935722775025903
msak0,msak0_260,TTY,0.8007027160917161
msak0,msak0_260,LIX,0.6620405611205833
msak0,msak0_260,LIY,0.8233718594198102
msak0,msak0_260,ULX,0.5239975981256457
msak0,msak0_260,ULY,0.823236216128761
msak0,msak0_260,LLX,0.7678734365368765
msak0,msak0_260,LLY,0.9511098944998546
msak0,msak0_261,TDX,0.6779127324542163
msak0,msak0_261,TDY,0.8239261651972867
msak0,msak0_261,TBX,0.7701356626246215
msak0,msak0_261,TBY,0.5938789043779947
msak0,msak0_261,TTX,0.8669776016304901
msak0,msak0_261,TTY,0.7690756865547882
msak0,msak0_261,LIX,0.6322566002707585
msak0,msak0_261,LIY,0.9098028964429926
msak0,msak0_261,ULX,0.7809441321961359
msak0,msak0_261,ULY,0.7360484059243434
msak0,msak0_261,LLX,0.903457360731203
msak0,msak0_261,LLY,0.8871891979267782
msak0,msak0_262,TDX,0.8503916354507399
msak0,msak0_262,TDY,0.9526620811236591
msak0,msak0_262,TBX,0.8691363359169828
msak0,msak0_262,TBY,0.7945121485892678
msak0,msak0_262,TTX,0.8553638331069244
msak0,msak0_262,TTY,0.6745867938517939
msak0,msak0_262,LIX,0.6883048412080118
msak0,msak0_262,LIY,0.615076867999547
msak0,msak0_262,ULX,0.7635903123117688
msak0,msak0_262,ULY,0.8464214055325443
msak0,msak0_262,LLX,0.6503487132049959
msak0,msak0_262,LLY,0.7732786681424056
msak0,msak0_263,TDX,0.7478708000418931
msak0,msak0_263,TDY,0.7974763485275245
msak0,msak0_263,TBX,0.7737907784099156
msak0,msak0_263,TBY,0.722656861576953
msak0,msak0_263,TTX,0.824096576441859
msak0,msak0_263,TTY,0.7653441616236439
msak0,msak0_263,LIX,0.8165666455251813
msak0,msak0_263,LIY,0.8128402516067551
msak0,msak0_263,ULX,0.7521018524804528
msak0,msak0_263,ULY,0.8707944217890956
msak0,msak0_263,LLX,0.8802619813998954
msak0,msak0_263,LLY,0.9127795898214431
msak0,msak0_264,TDX,0.8831430347717819
msak0,msak0_264,TDY,0.830166130523729
msak0,msak0_264,TBX,0.9276210454961316
msak0,msak0_264,TBY,0.8023435590928634
msak0,msak0_264,TTX,0.9418960579367874
msak0,msak0_264,TTY,0.7195484701873872
msak0,msak0_264,LIX,0.3669187601321008
msak0,msak0_264,LIY,0.8332075572488787
msak0,msak0_264,ULX,0.7112582396954518
msak0,msak0_264,ULY,0.7287339217402445
msak0,msak0_264,LLX,0.8977737995247921
msak0,msak0_264,LLY,0.9458478558867665
msak0,msak0_265,TDX,0.8545903557931329
msak0,msak0_265,TDY,0.852470349471644
msak0,msak0_265,TBX,0.8338182397992666
msak0,msak0_265,TBY,0.8665990665147257
msak0,msak0_265,TTX,0.8703998841642882
msak0,msak0_265,TTY,0.8736399970031525
msak0,msak0_265,LIX,0.8121377881411361
msak0,msak0_265,LIY,0.9309249591132246
msak0,msak0_265,ULX,0.5659867101343729
msak0,msak0_265,ULY,0.8671246185483084
msak0,msak0_265,LLX,0.8727630700351235
msak0,msak0_265,LLY,0.8682850654707006
msak0,msak0_266,TDX,0.8252240747445069
msak0,msak0_266,TDY,0.8925107254201924
msak0,msak0_266,TBX,0.9007087728615399
msak0,msak0_266,TBY,0.9290898630862175
msak0,msak0_266,TTX,0.9309547411652542
msak0,msak0_266,TTY,0.8586496191509182
msak0,msak0_266,LIX,0.4671831992452471
msak0,msak0_266,LIY,0.8138700282941584
msak0,msak0_266,ULX,0.8553561061880832
msak0,msak0_266,ULY,0.8368609171046855
msak0,msak0_266,LLX,0.7904890966881832
msak0,msak0_266,LLY,0.9396335741370181
msak0,msak0_267,TDX,0.7227771972501809
msak0,msak0_267,TDY,0.8840444719734145
msak0,msak0_267,TBX,0.781825026186675
msak0,msak0_267,TBY,0.7374059369042867
msak0,msak0_267,TTX,0.8550589080028936
msak0,msak0_267,TTY,0.7117281343605247
msak0,msak0_267,LIX,0.8908383455566374
msak0,msak0_267,LIY,0.8769866201016995
msak0,msak0_267,ULX,0.6129129726301877
msak0,msak0_267,ULY,0.568723695427343
msak0,msak0_267,LLX,0.9021784345661614
msak0,msak0_267,LLY,0.844193853361738
msak0,msak0_268,TDX,0.7134402537429229
msak0,msak0_268,TDY,0.19132846693537456
msak0,msak0_268,TBX,0.6254525226900945
msak0,msak0_268,TBY,0.6480529007643552
msak0,msak0_268,TTX,0.6492949757968739
msak0,msak0_268,TTY,0.9305288190501113
msak0,msak0_268,LIX,0.34831896278734714
msak0,msak0_268,LIY,0.7083227408028017
msak0,msak0_268,ULX,0.5915715211813246
msak0,msak0_268,ULY,0.8012838941806504
msak0,msak0_268,LLX,0.134044012076426
msak0,msak0_268,LLY,0.2936855924433085
msak0,msak0_269,TDX,0.8512733312036237
msak0,msak0_269,TDY,0.8307338238539987
msak0,msak0_269,TBX,0.8537797739192928
msak0,msak0_269,TBY,0.8341001231001977
msak0,msak0_269,TTX,0.8919410113908204
msak0,msak0_269,TTY,0.7723101258772807
msak0,msak0_269,LIX,0.647254782807643
msak0,msak0_269,LIY,0.905620132146941
msak0,msak0_269,ULX,0.6777139295712716
msak0,msak0_269,ULY,0.703311041734309
msak0,msak0_269,LLX,0.6996790096662641
msak0,msak0_269,LLY,0.8428226375809177
msak0,msak0_270,TDX,0.9085161700444354
msak0,msak0_270,TDY,0.8773531493637002
msak0,msak0_270,TBX,0.8896577144555261
msak0,msak0_270,TBY,0.834126978433916
msak0,msak0_270,TTX,0.9145870051137724
msak0,msak0_270,TTY,0.8609227681384657
msak0,msak0_270,LIX,0.408359146415549
msak0,msak0_270,LIY,0.7345512991854279
msak0,msak0_270,ULX,0.7900999522552795
msak0,msak0_270,ULY,0.8496044999243563
msak0,msak0_270,LLX,0.7516405309953498
msak0,msak0_270,LLY,0.8427238305683274
msak0,msak0_271,TDX,0.933711910844452
msak0,msak0_271,TDY,0.8423995638746093
msak0,msak0_271,TBX,0.9148500654344781
msak0,msak0_271,TBY,0.897157752658895
msak0,msak0_271,TTX,0.896825958573874
msak0,msak0_271,TTY,0.9059330494423884
msak0,msak0_271,LIX,0.32703319229317457
msak0,msak0_271,LIY,0.559478054650368
msak0,msak0_271,ULX,0.7537810626996059
msak0,msak0_271,ULY,0.8168249366978784
msak0,msak0_271,LLX,0.7374113683726208
msak0,msak0_271,LLY,0.884216471100472
msak0,msak0_272,TDX,0.8765542737881601
msak0,msak0_272,TDY,0.8115507725879905
msak0,msak0_272,TBX,0.8785021924738464
msak0,msak0_272,TBY,0.8818689619265649
msak0,msak0_272,TTX,0.9188568881290241
msak0,msak0_272,TTY,0.8220738825678037
msak0,msak0_272,LIX,0.793911777014499
msak0,msak0_272,LIY,0.8141100790159578
msak0,msak0_272,ULX,0.8994151139241855
msak0,msak0_272,ULY,0.7893804352991197
msak0,msak0_272,LLX,0.7807591850546483
msak0,msak0_272,LLY,0.8165108039101797
msak0,msak0_273,TDX,0.8843381275040452
msak0,msak0_273,TDY,0.8578088119409413
msak0,msak0_273,TBX,0.9190221019387438
msak0,msak0_273,TBY,0.881113832497674
msak0,msak0_273,TTX,0.9258425820122125
msak0,msak0_273,TTY,0.7824463807270714
msak0,msak0_273,LIX,0.7134208599312142
msak0,msak0_273,LIY,0.8568307564612202
msak0,msak0_273,ULX,0.7657457594044242
msak0,msak0_273,ULY,0.8279981995418173
msak0,msak0_273,LLX,0.8668765034652713
msak0,msak0_273,LLY,0.8903613495496365
msak0,msak0_274,TDX,0.8030994259201476
msak0,msak0_274,TDY,0.8397189702453115
msak0,msak0_274,TBX,0.8163282872388343
msak0,msak0_274,TBY,0.836359595837313
msak0,msak0_274,TTX,0.9091689166545314
msak0,msak0_274,TTY,0.8420087584787367
msak0,msak0_274,LIX,0.3155229728960436
msak0,msak0_274,LIY,0.9299849220046327
msak0,msak0_274,ULX,0.6030136923463466
msak0,msak0_274,ULY,0.8333229482834072
msak0,msak0_274,LLX,0.7249094902509542
msak0,msak0_274,LLY,0.8225599425933073
msak0,msak0_275,TDX,0.6280609791706142
msak0,msak0_275,TDY,0.87585187508107
msak0,msak0_275,TBX,0.6531091211941248
msak0,msak0_275,TBY,0.8249864752994573
msak0,msak0_275,TTX,0.8398256325566201
msak0,msak0_275,TTY,0.7706350574273323
msak0,msak0_275,LIX,0.7022236242268696
msak0,msak0_275,LIY,0.8765484638188734
msak0,msak0_275,ULX,0.7268474739347234
msak0,msak0_275,ULY,0.8085968872912319
msak0,msak0_275,LLX,0.781559465877179
msak0,msak0_275,LLY,0.9055227699244568
msak0,msak0_276,TDX,0.7715022484730205
msak0,msak0_276,TDY,0.8159178631294224
msak0,msak0_276,TBX,0.8548604745761759
msak0,msak0_276,TBY,0.6530664844048266
msak0,msak0_276,TTX,0.8480380274522348
msak0,msak0_276,TTY,0.36310965924975397
msak0,msak0_276,LIX,0.6471911854605679
msak0,msak0_276,LIY,0.8110319052014965
msak0,msak0_276,ULX,0.521608264367267
msak0,msak0_276,ULY,0.8377153686197427
msak0,msak0_276,LLX,0.8441811560405755
msak0,msak0_276,LLY,0.9063067796095804
msak0,msak0_277,TDX,0.5652631277760185
msak0,msak0_277,TDY,0.9019845623179994
msak0,msak0_277,TBX,0.6686555299164775
msak0,msak0_277,TBY,0.859376252061702
msak0,msak0_277,TTX,0.8383252555789991
msak0,msak0_277,TTY,0.8055709317720608
msak0,msak0_277,LIX,0.9181892845397148
msak0,msak0_277,LIY,0.9244891090462889
msak0,msak0_277,ULX,0.7005969258784452
msak0,msak0_277,ULY,0.903056163372078
msak0,msak0_277,LLX,0.8722821372657695
msak0,msak0_277,LLY,0.9195843265086682
msak0,msak0_278,TDX,0.7441214172057166
msak0,msak0_278,TDY,0.8905619385569462
msak0,msak0_278,TBX,0.6708511143604516
msak0,msak0_278,TBY,0.7176047720916001
msak0,msak0_278,TTX,0.8295321684801834
msak0,msak0_278,TTY,0.8865900395277637
msak0,msak0_278,LIX,0.6358649562186856
msak0,msak0_278,LIY,0.7983535316221281
msak0,msak0_278,ULX,0.46584291195979316
msak0,msak0_278,ULY,0.7190389753229359
msak0,msak0_278,LLX,0.7536294108256311
msak0,msak0_278,LLY,0.8192192064258971
msak0,msak0_279,TDX,0.6737925025530382
msak0,msak0_279,TDY,0.787796637191486
msak0,msak0_279,TBX,0.8256536615043956
msak0,msak0_279,TBY,0.5723797066609716
msak0,msak0_279,TTX,0.9385724664346393
msak0,msak0_279,TTY,0.7625090500612175
msak0,msak0_279,LIX,0.8549868531384041
msak0,msak0_279,LIY,0.7174525201770645
msak0,msak0_279,ULX,0.5990768023303559
msak0,msak0_279,ULY,0.8281237795656584
msak0,msak0_279,LLX,0.8783049061023821
msak0,msak0_279,LLY,0.7889336124188324
msak0,msak0_280,TDX,0.8875070317377043
msak0,msak0_280,TDY,0.911087470447188
msak0,msak0_280,TBX,0.9063135781312441
msak0,msak0_280,TBY,0.7818971823638063
msak0,msak0_280,TTX,0.8816921246323576
msak0,msak0_280,TTY,0.7274572622140895
msak0,msak0_280,LIX,0.7019840843017271
msak0,msak0_280,LIY,0.7542245491188275
msak0,msak0_280,ULX,0.7107107689315493
msak0,msak0_280,ULY,0.85438478002364
msak0,msak0_280,LLX,0.7256339002633923
msak0,msak0_280,LLY,0.8286777705532287
msak0,msak0_281,TDX,0.8406514613975289
msak0,msak0_281,TDY,0.8654948311820759
msak0,msak0_281,TBX,0.8781384358401861
msak0,msak0_281,TBY,0.8722495781171067
msak0,msak0_281,TTX,0.922461060834227
msak0,msak0_281,TTY,0.774631088739346
msak0,msak0_281,LIX,0.8146970808420699
msak0,msak0_281,LIY,0.8537221805254199
msak0,msak0_281,ULX,0.7416802655518082
msak0,msak0_281,ULY,0.8694096722008995
msak0,msak0_281,LLX,0.8628149576796912
msak0,msak0_281,LLY,0.9499145708641141
msak0,msak0_282,TDX,0.8553718779385088
msak0,msak0_282,TDY,0.7712469238248478
msak0,msak0_282,TBX,0.8538838973023718
msak0,msak0_282,TBY,0.8699245225059532
msak0,msak0_282,TTX,0.8412859506017057
msak0,msak0_282,TTY,0.8747758825280243
msak0,msak0_282,LIX,0.359765598948973
msak0,msak0_282,LIY,0.8891893598889331
msak0,msak0_282,ULX,0.7518991551692366
msak0,msak0_282,ULY,0.7641442637283378
msak0,msak0_282,LLX,0.7917053287657064
msak0,msak0_282,LLY,0.8487932545819392
msak0,msak0_283,TDX,0.7914569190555112
msak0,msak0_283,TDY,0.7920190297466911
msak0,msak0_283,TBX,0.820397093216846
msak0,msak0_283,TBY,0.7986864145696219
msak0,msak0_283,TTX,0.8266777435707962
msak0,msak0_283,TTY,0.7639556927948506
msak0,msak0_283,LIX,0.6249143811872003
msak0,msak0_283,LIY,0.7939180641103241
msak0,msak0_283,ULX,0.5079273027894889
msak0,msak0_283,ULY,0.8074370973006906
msak0,msak0_283,LLX,0.7911458432577161
msak0,msak0_283,LLY,0.8724158492620862
msak0,msak0_284,TDX,0.691573952478045
msak0,msak0_284,TDY,0.8850654359753224
msak0,msak0_284,TBX,0.5903572766708408
msak0,msak0_284,TBY,0.6798018928475432
msak0,msak0_284,TTX,0.8873239917161917
msak0,msak0_284,TTY,0.6841374949913155
msak0,msak0_284,LIX,0.8521734937316275
msak0,msak0_284,LIY,0.868336451870264
msak0,msak0_284,ULX,0.732288283365537
msak0,msak0_284,ULY,0.9178729884687001
msak0,msak0_284,LLX,0.8454064184135517
msak0,msak0_284,LLY,0.8251014775495723
msak0,msak0_285,TDX,0.9510795565799004
msak0,msak0_285,TDY,0.8414808927914524
msak0,msak0_285,TBX,0.9369484523903711
msak0,msak0_285,TBY,0.5787675776382923
msak0,msak0_285,TTX,0.959043234020907
msak0,msak0_285,TTY,0.7437579167356542
msak0,msak0_285,LIX,0.7176889276751354
msak0,msak0_285,LIY,0.834876980528336
msak0,msak0_285,ULX,0.6208242049393334
msak0,msak0_285,ULY,0.8416306766926148
msak0,msak0_285,LLX,0.681000213249473
msak0,msak0_285,LLY,0.8104458297751514
msak0,msak0_286,TDX,0.8570308869408019
msak0,msak0_286,TDY,0.8254461555144612
msak0,msak0_286,TBX,0.9174995786816039
msak0,msak0_286,TBY,0.7560523795270624
msak0,msak0_286,TTX,0.8925909944867564
msak0,msak0_286,TTY,0.7335913083949048
msak0,msak0_286,LIX,0.8094241830945406
msak0,msak0_286,LIY,0.8855607366326377
msak0,msak0_286,ULX,0.42603059723906883
msak0,msak0_286,ULY,0.8203439520429907
msak0,msak0_286,LLX,0.8350671931675163
msak0,msak0_286,LLY,0.8926513857132934
msak0,msak0_287,TDX,0.7440147606035187
msak0,msak0_287,TDY,0.8043986976081475
msak0,msak0_287,TBX,0.8485166011274088
msak0,msak0_287,TBY,0.6515632527642172
msak0,msak0_287,TTX,0.8818231990554498
msak0,msak0_287,TTY,0.7871817515874875
msak0,msak0_287,LIX,0.7660658325778266
msak0,msak0_287,LIY,0.8440549786171431
msak0,msak0_287,ULX,0.6927997785913832
msak0,msak0_287,ULY,0.7555345761110152
msak0,msak0_287,LLX,0.829158549638501
msak0,msak0_287,LLY,0.8633182808144733
msak0,msak0_288,TDX,0.7018523651674741
msak0,msak0_288,TDY,0.7980627372974564
msak0,msak0_288,TBX,0.6876434064883481
msak0,msak0_288,TBY,0.6777604101237235
msak0,msak0_288,TTX,0.7463898465717025
msak0,msak0_288,TTY,0.7054557383225869
msak0,msak0_288,LIX,0.657937318771629
msak0,msak0_288,LIY,0.74320410958742
msak0,msak0_288,ULX,0.5802293026405666
msak0,msak0_288,ULY,0.7735590782852828
msak0,msak0_288,LLX,0.47808465870907535
msak0,msak0_288,LLY,0.8290863892241439
msak0,msak0_289,TDX,0.8387773435755217
msak0,msak0_289,TDY,0.8185377514120794
msak0,msak0_289,TBX,0.8293315113902693
msak0,msak0_289,TBY,0.8567240905907441
msak0,msak0_289,TTX,0.7622908360534203
msak0,msak0_289,TTY,0.8677935313796443
msak0,msak0_289,LIX,0.7996367645485639
msak0,msak0_289,LIY,0.8518505333899712
msak0,msak0_289,ULX,0.7626792262557109
msak0,msak0_289,ULY,0.7747246422319833
msak0,msak0_289,LLX,0.8307733648288493
msak0,msak0_289,LLY,0.8984780660354057
msak0,msak0_290,TDX,0.7648763146338367
msak0,msak0_290,TDY,0.7282677393361927
msak0,msak0_290,TBX,0.8655287829435885
msak0,msak0_290,TBY,0.7928391985657779
msak0,msak0_290,TTX,0.9163837669640038
msak0,msak0_290,TTY,0.8495913918829988
msak0,msak0_290,LIX,0.7487974444562498
msak0,msak0_290,LIY,0.7605860290444089
msak0,msak0_290,ULX,0.39066755174026013
msak0,msak0_290,ULY,0.8021345698993355
msak0,msak0_290,LLX,0.7266881407681133
msak0,msak0_290,LLY,0.8045374912435074
msak0,msak0_291,TDX,0.7300806144839135
msak0,msak0_291,TDY,0.6605413402463874
msak0,msak0_291,TBX,0.7557044719362132
msak0,msak0_291,TBY,0.6499360859611601
msak0,msak0_291,TTX,0.8005425621419662
msak0,msak0_291,TTY,0.7650134398910426
msak0,msak0_291,LIX,0.6851282837830913
msak0,msak0_291,LIY,0.8039533285497249
msak0,msak0_291,ULX,0.37745504844537764
msak0,msak0_291,ULY,0.8165812576870441
msak0,msak0_291,LLX,0.7502633527722916
msak0,msak0_291,LLY,0.8440905018015202
msak0,msak0_292,TDX,0.6951755400116525
msak0,msak0_292,TDY,0.6972095946974319
msak0,msak0_292,TBX,0.8227058332455092
msak0,msak0_292,TBY,0.7180057318012777
msak0,msak0_292,TTX,0.8419097380053473
msak0,msak0_292,TTY,0.519765588594191
msak0,msak0_292,LIX,0.8644932128661338
msak0,msak0_292,LIY,0.6376003547508577
msak0,msak0_292,ULX,0.6179854156667299
msak0,msak0_292,ULY,0.854847164090218
msak0,msak0_292,LLX,0.8343775078316573
msak0,msak0_292,LLY,0.851307728380787
msak0,msak0_293,TDX,0.7693277891818958
msak0,msak0_293,TDY,0.471681227959846
msak0,msak0_293,TBX,0.8523774806280965
msak0,msak0_293,TBY,0.7551693481756033
msak0,msak0_293,TTX,0.8832621066228837
msak0,msak0_293,TTY,0.8873374911566513
msak0,msak0_293,LIX,0.679562108413059
msak0,msak0_293,LIY,0.8287480731231639
msak0,msak0_293,ULX,0.5150451742273997
msak0,msak0_293,ULY,0.6977386649956359
msak0,msak0_293,LLX,0.8185639759416252
msak0,msak0_293,LLY,0.8612272344524908
msak0,msak0_294,TDX,0.8536696691972688
msak0,msak0_294,TDY,0.7591831276864309
msak0,msak0_294,TBX,0.8331310686554231
msak0,msak0_294,TBY,0.7880697075705215
msak0,msak0_294,TTX,0.8551484018550659
msak0,msak0_294,TTY,0.7418773105404862
msak0,msak0_294,LIX,0.8006466373986477
msak0,msak0_294,LIY,0.8013826399089826
msak0,msak0_294,ULX,0.7378125509815564
msak0,msak0_294,ULY,0.8691780764523909
msak0,msak0_294,LLX,0.802201537626978
msak0,msak0_294,LLY,0.8210289334821333
msak0,msak0_295,TDX,0.7841436839985252
msak0,msak0_295,TDY,0.5921284701755684
msak0,msak0_295,TBX,0.9206978857632925
msak0,msak0_295,TBY,0.590929854058475
msak0,msak0_295,TTX,0.925068119980062
msak0,msak0_295,TTY,0.8625569028403959
msak0,msak0_295,LIX,0.7314436402367583
msak0,msak0_295,LIY,0.8410933454596536
msak0,msak0_295,ULX,0.5552273971595447
msak0,msak0_295,ULY,0.8365148873278649
msak0,msak0_295,LLX,0.8525710057539613
msak0,msak0_295,LLY,0.9058489136106762
msak0,msak0_296,TDX,0.6842202311946981
msak0,msak0_296,TDY,0.6486268950767073
msak0,msak0_296,TBX,0.7545308579662537
msak0,msak0_296,TBY,0.7538742193296206
msak0,msak0_296,TTX,0.7540972611919086
msak0,msak0_296,TTY,0.8216631549528486
msak0,msak0_296,LIX,0.7161640201102915
msak0,msak0_296,LIY,0.8936369136130341
msak0,msak0_296,ULX,0.721100726262613
msak0,msak0_296,ULY,0.8186492095882923
msak0,msak0_296,LLX,0.8173495724965278
msak0,msak0_296,LLY,0.9329059391899107
msak0,msak0_297,TDX,0.6947029147787863
msak0,msak0_297,TDY,0.7164983411724146
msak0,msak0_297,TBX,0.798484847739428
msak0,msak0_297,TBY,0.7012420760676348
msak0,msak0_297,TTX,0.6950549536740244
msak0,msak0_297,TTY,0.7839246120239332
msak0,msak0_297,LIX,0.7717846909723245
msak0,msak0_297,LIY,0.8641263572089729
msak0,msak0_297,ULX,0.4687588023114495
msak0,msak0_297,ULY,0.7573964450257734
msak0,msak0_297,LLX,0.7604468086001765
msak0,msak0_297,LLY,0.8038954327667461
msak0,msak0_298,TDX,0.5138622096472014
msak0,msak0_298,TDY,0.6232894489911053
msak0,msak0_298,TBX,0.7995930160425039
msak0,msak0_298,TBY,0.6970437628182726
msak0,msak0_298,TTX,0.8036055222832029
msak0,msak0_298,TTY,0.8215301266537156
msak0,msak0_298,LIX,0.8060047301755312
msak0,msak0_298,LIY,0.7777249271201122
msak0,msak0_298,ULX,0.42030584896603473
msak0,msak0_298,ULY,0.8924382634437977
msak0,msak0_298,LLX,0.7413952921123684
msak0,msak0_298,LLY,0.8456158255470453
msak0,msak0_299,TDX,0.7978176005000819
msak0,msak0_299,TDY,0.7671675763853505
msak0,msak0_299,TBX,0.8817152189900727
msak0,msak0_299,TBY,0.8665523606708241
msak0,msak0_299,TTX,0.8776973557041969
msak0,msak0_299,TTY,0.7661659271621709
msak0,msak0_299,LIX,0.8276241980086478
msak0,msak0_299,LIY,0.9029183606322776
msak0,msak0_299,ULX,0.7999966745777476
msak0,msak0_299,ULY,0.8345444639909813
msak0,msak0_299,LLX,0.9379038419141749
msak0,msak0_299,LLY,0.8725463851881391
msak0,msak0_300,TDX,0.9000905524613807
msak0,msak0_300,TDY,0.8412444958704931
msak0,msak0_300,TBX,0.9150862671713222
msak0,msak0_300,TBY,0.777456922734753
msak0,msak0_300,TTX,0.927904110538479
msak0,msak0_300,TTY,0.8368556981970683
msak0,msak0_300,LIX,0.6360315632876528
msak0,msak0_300,LIY,0.8595778585251604
msak0,msak0_300,ULX,0.4504884630505309
msak0,msak0_300,ULY,0.6476670152094949
msak0,msak0_300,LLX,0.8461119969925007
msak0,msak0_300,LLY,0.8856607453889216
msak0,msak0_301,TDX,0.8074841281643176
msak0,msak0_301,TDY,0.8986192848804633
msak0,msak0_301,TBX,0.7835219325070126
msak0,msak0_301,TBY,0.8385963401252803
msak0,msak0_301,TTX,0.8275703972323161
msak0,msak0_301,TTY,0.8297678764328883
msak0,msak0_301,LIX,0.6826477149801828
msak0,msak0_301,LIY,0.9034831019593913
msak0,msak0_301,ULX,0.633737315452128
msak0,msak0_301,ULY,0.7809849622063044
msak0,msak0_301,LLX,0.6402367393973377
msak0,msak0_301,LLY,0.7845236870338446
msak0,msak0_302,TDX,0.891344607975968
msak0,msak0_302,TDY,0.8552868742740938
msak0,msak0_302,TBX,0.8380892726568362
msak0,msak0_302,TBY,0.8406302809129164
msak0,msak0_302,TTX,0.8855375358943354
msak0,msak0_302,TTY,0.7361600727202262
msak0,msak0_302,LIX,0.4815528719168966
msak0,msak0_302,LIY,0.7750565670955432
msak0,msak0_302,ULX,0.6013118084523813
msak0,msak0_302,ULY,0.8291509947680513
msak0,msak0_302,LLX,0.7369244021987705
msak0,msak0_302,LLY,0.9191660124309657
msak0,msak0_303,TDX,0.8123166065923083
msak0,msak0_303,TDY,0.8448280963512514
msak0,msak0_303,TBX,0.8951411614120969
msak0,msak0_303,TBY,0.878189069341027
msak0,msak0_303,TTX,0.9367895363787475
msak0,msak0_303,TTY,0.858055314439434
msak0,msak0_303,LIX,0.7782203517974463
msak0,msak0_303,LIY,0.9078026280505596
msak0,msak0_303,ULX,0.43810613805878534
msak0,msak0_303,ULY,0.7871667618344275
msak0,msak0_303,LLX,0.6595966947941235
msak0,msak0_303,LLY,0.9297453475268748
msak0,msak0_304,TDX,0.7557951758518766
msak0,msak0_304,TDY,0.9462905562449939
msak0,msak0_304,TBX,0.8007213368626681
msak0,msak0_304,TBY,0.9239118840747522
msak0,msak0_304,TTX,0.8191264331053388
msak0,msak0_304,TTY,0.8045204981094097
msak0,msak0_304,LIX,0.5676370095306466
msak0,msak0_304,LIY,0.754314217381663
msak0,msak0_304,ULX,0.3352783568746874
msak0,msak0_304,ULY,0.8168913805968474
msak0,msak0_304,LLX,0.7295862201599449
msak0,msak0_304,LLY,0.9185512347095025
msak0,msak0_305,TDX,0.17278587375214516
msak0,msak0_305,TDY,0.8520686643152433
msak0,msak0_305,TBX,0.493953340386851
msak0,msak0_305,TBY,0.9070731461601111
msak0,msak0_305,TTX,0.7077300570603671
msak0,msak0_305,TTY,0.7945878838968767
msak0,msak0_305,LIX,0.7741274254487113
msak0,msak0_305,LIY,0.5983490385285093
msak0,msak0_305,ULX,0.16259225969268137
msak0,msak0_305,ULY,0.8502872745846466
msak0,msak0_305,LLX,0.8048013042892921
msak0,msak0_305,LLY,0.7226314581075988
msak0,msak0_306,TDX,0.7621127003523835
msak0,msak0_306,TDY,0.9150281182967053
msak0,msak0_306,TBX,0.7932326551147644
msak0,msak0_306,TBY,0.9273411111787847
msak0,msak0_306,TTX,0.7918277278283952
msak0,msak0_306,TTY,0.8255065609974378
msak0,msak0_306,LIX,0.6827465755127181
msak0,msak0_306,LIY,0.72644849452606
msak0,msak0_306,ULX,0.48882460284112855
msak0,msak0_306,ULY,0.7995700379901065
msak0,msak0_306,LLX,0.7900471544321386
msak0,msak0_306,LLY,0.8480649664494158
msak0,msak0_307,TDX,0.857490170768447
msak0,msak0_307,TDY,0.8118647359637616
msak0,msak0_307,TBX,0.8915665067153221
msak0,msak0_307,TBY,0.9206949942179724
msak0,msak0_307,TTX,0.9264940074253878
msak0,msak0_307,TTY,0.883945521136376
msak0,msak0_307,LIX,0.5584689175322721
msak0,msak0_307,LIY,0.791097417217182
msak0,msak0_307,ULX,0.6632191059836133
msak0,msak0_307,ULY,0.9114495770334201
msak0,msak0_307,LLX,0.7657359076496029
msak0,msak0_307,LLY,0.7805555962809908
msak0,msak0_308,TDX,0.6453571797126979
msak0,msak0_308,TDY,0.8277087872098022
msak0,msak0_308,TBX,0.8249051955868222
msak0,msak0_308,TBY,0.908072959647848
msak0,msak0_308,TTX,0.894738493625754
msak0,msak0_308,TTY,0.7799324821653252
msak0,msak0_308,LIX,0.7467919691021576
msak0,msak0_308,LIY,0.7288939421700914
msak0,msak0_308,ULX,0.774270252541102
msak0,msak0_308,ULY,0.7471642538073263
msak0,msak0_308,LLX,0.8018375763868025
msak0,msak0_308,LLY,0.9097273595019982
msak0,msak0_309,TDX,0.8148227687445135
msak0,msak0_309,TDY,0.9154518702016023
msak0,msak0_309,TBX,0.8608266390478575
msak0,msak0_309,TBY,0.8344520199007889
msak0,msak0_309,TTX,0.8860907225552912
msak0,msak0_309,TTY,0.8770131178082331
msak0,msak0_309,LIX,0.8571499577302516
msak0,msak0_309,LIY,0.8089767402073089
msak0,msak0_309,ULX,0.520514793080652
msak0,msak0_309,ULY,0.7729506581715233
msak0,msak0_309,LLX,0.7703623483774755
msak0,msak0_309,LLY,0.8658202511914178
msak0,msak0_310,TDX,0.7525108434956755
msak0,msak0_310,TDY,0.8469358533573457
msak0,msak0_310,TBX,0.8074076971591283
msak0,msak0_310,TBY,0.857373102246699
msak0,msak0_310,TTX,0.8236008978180681
msak0,msak0_310,TTY,0.8367801883933437
msak0,msak0_310,LIX,0.8973487321069311
msak0,msak0_310,LIY,0.8221720647850023
msak0,msak0_310,ULX,0.6388299139167721
msak0,msak0_310,ULY,0.7880213433188128
msak0,msak0_310,LLX,0.7745615509049276
msak0,msak0_310,LLY,0.819224697958327
msak0,msak0_311,TDX,0.735381674951029
msak0,msak0_311,TDY,0.8331281305914231
msak0,msak0_311,TBX,0.721018279262298
msak0,msak0_311,TBY,0.8310162846689657
msak0,msak0_311,TTX,0.780760330986349
msak0,msak0_311,TTY,0.8510386255657286
msak0,msak0_311,LIX,0.7295594194954691
msak0,msak0_311,LIY,0.6893556283302831
msak0,msak0_311,ULX,0.6061226888558979
msak0,msak0_311,ULY,0.9146921856637988
msak0,msak0_311,LLX,0.6899885456053175
msak0,msak0_311,LLY,0.890599271660806
msak0,msak0_312,TDX,0.7754473298298857
msak0,msak0_312,TDY,0.8953044791575814
msak0,msak0_312,TBX,0.812285125092955
msak0,msak0_312,TBY,0.9082226417110193
msak0,msak0_312,TTX,0.8006910992974933
msak0,msak0_312,TTY,0.8824993295079102
msak0,msak0_312,LIX,0.7082366672047233
msak0,msak0_312,LIY,0.5895273822035528
msak0,msak0_312,ULX,0.11939688432475698
msak0,msak0_312,ULY,0.869126951379694
msak0,msak0_312,LLX,0.4157677078682408
msak0,msak0_312,LLY,0.7547153897050155
msak0,msak0_313,TDX,0.5335949928692232
msak0,msak0_313,TDY,0.8068866754822088
msak0,msak0_313,TBX,0.6194282905151497
msak0,msak0_313,TBY,0.8277005524890118
msak0,msak0_313,TTX,0.8757682542090518
msak0,msak0_313,TTY,0.7195519883976967
msak0,msak0_313,LIX,0.3297274164492037
msak0,msak0_313,LIY,0.5966859630730386
msak0,msak0_313,ULX,0.712577000442551
msak0,msak0_313,ULY,0.8487975889593132
msak0,msak0_313,LLX,0.5479069154951777
msak0,msak0_313,LLY,0.8421945465398794
msak0,msak0_314,TDX,0.792284372136105
msak0,msak0_314,TDY,0.9200658810900172
msak0,msak0_314,TBX,0.8213167168171799
msak0,msak0_314,TBY,0.81173991795685
msak0,msak0_314,TTX,0.8215015339396007
msak0,msak0_314,TTY,0.49548021819650356
msak0,msak0_314,LIX,0.6962419826579028
msak0,msak0_314,LIY,0.6435673670085117
msak0,msak0_314,ULX,0.6267162081202029
msak0,msak0_314,ULY,0.8530330288762409
msak0,msak0_314,LLX,0.6745076211102863
msak0,msak0_314,LLY,0.7578370987471814
msak0,msak0_315,TDX,0.5563936896071349
msak0,msak0_315,TDY,0.9396483450478587
msak0,msak0_315,TBX,0.7226513152914104
msak0,msak0_315,TBY,0.8908341935381451
msak0,msak0_315,TTX,0.8692549369808462
msak0,msak0_315,TTY,0.7091915267006476
msak0,msak0_315,LIX,0.7067608808324831
msak0,msak0_315,LIY,0.7634156242187017
msak0,msak0_315,ULX,0.6294714241808939
msak0,msak0_315,ULY,0.8264973875716446
msak0,msak0_315,LLX,0.6543923521283892
msak0,msak0_315,LLY,0.7186966614693863
msak0,msak0_316,TDX,0.7381685269763599
msak0,msak0_316,TDY,0.7787843113980653
msak0,msak0_316,TBX,0.7449212703389259
msak0,msak0_316,TBY,0.8443134738172876
msak0,msak0_316,TTX,0.844916432142065
msak0,msak0_316,TTY,0.7557479614401319
msak0,msak0_316,LIX,0.8180123760036226
msak0,msak0_316,LIY,0.8133196556111597
msak0,msak0_316,ULX,0.46205158716734696
msak0,msak0_316,ULY,0.909141244079105
msak0,msak0_316,LLX,0.6656296400932757
msak0,msak0_316,LLY,0.8838937144750213
msak0,msak0_317,TDX,0.23162365668120788
msak0,msak0_317,TDY,-0.010305151919075552
msak0,msak0_317,TBX,0.24871367428994287
msak0,msak0_317,TBY,-0.1881196018422014
msak0,msak0_317,TTX,0.32941980092912
msak0,msak0_317,TTY,-0.13790556779292726
msak0,msak0_317,LIX,0.3526801084399812
msak0,msak0_317,LIY,0.3579567538219618
msak0,msak0_317,ULX,0.5075288464013339
msak0,msak0_317,ULY,0.3640761308480068
msak0,msak0_317,LLX,0.208319708126172
msak0,msak0_317,LLY,-0.12521801262538262
msak0,msak0_318,TDX,0.8854123712069957
msak0,msak0_318,TDY,0.8273923923956571
msak0,msak0_318,TBX,0.9024292744887503
msak0,msak0_318,TBY,0.8651724530713942
msak0,msak0_318,TTX,0.9267816316846421
msak0,msak0_318,TTY,0.8699442668204548
msak0,msak0_318,LIX,0.8252984743678933
msak0,msak0_318,LIY,0.8624824153920647
msak0,msak0_318,ULX,0.6787972882902805
msak0,msak0_318,ULY,0.835607702425719
msak0,msak0_318,LLX,0.8095747406984025
msak0,msak0_318,LLY,0.9114922227030611
msak0,msak0_319,TDX,0.7425875624912724
msak0,msak0_319,TDY,0.7317615537763607
msak0,msak0_319,TBX,0.8260952238809429
msak0,msak0_319,TBY,0.8497030354282274
msak0,msak0_319,TTX,0.8558792040980164
msak0,msak0_319,TTY,0.8558959503556796
msak0,msak0_319,LIX,0.5809277194459139
msak0,msak0_319,LIY,0.705111341110478
msak0,msak0_319,ULX,0.5722324852863244
msak0,msak0_319,ULY,0.9029722637819501
msak0,msak0_319,LLX,0.22285508409288737
msak0,msak0_319,LLY,0.8887230320418178
msak0,msak0_320,TDX,0.7047298637274881
msak0,msak0_320,TDY,0.8353900597038613
msak0,msak0_320,TBX,0.8265397348600175
msak0,msak0_320,TBY,0.876844193162332
msak0,msak0_320,TTX,0.874878443646183
msak0,msak0_320,TTY,0.9342188192113169
msak0,msak0_320,LIX,0.8197566783682455
msak0,msak0_320,LIY,0.8626238693587636
msak0,msak0_320,ULX,0.702369315688922
msak0,msak0_320,ULY,0.9440421858588058
msak0,msak0_320,LLX,0.8409663502840251
msak0,msak0_320,LLY,0.899450339683391
msak0,msak0_321,TDX,0.6165436081487041
msak0,msak0_321,TDY,0.8633455867330041
msak0,msak0_321,TBX,0.6800756741458677
msak0,msak0_321,TBY,0.8462373221012864
msak0,msak0_321,TTX,0.9013187636188776
msak0,msak0_321,TTY,0.7769668671966043
msak0,msak0_321,LIX,0.8620743649797952
msak0,msak0_321,LIY,0.9121360025352951
msak0,msak0_321,ULX,0.7485099643792297
msak0,msak0_321,ULY,0.714655785906942
msak0,msak0_321,LLX,0.8224257683304379
msak0,msak0_321,LLY,0.903714686237248
msak0,msak0_322,TDX,0.8362508490177334
msak0,msak0_322,TDY,0.8324501727234754
msak0,msak0_322,TBX,0.8306082017894029
msak0,msak0_322,TBY,0.728609007252478
msak0,msak0_322,TTX,0.8021412392270172
msak0,msak0_322,TTY,0.7861649201176132
msak0,msak0_322,LIX,0.5597430371213923
msak0,msak0_322,LIY,0.7915956237775988
msak0,msak0_322,ULX,0.3863588100299846
msak0,msak0_322,ULY,0.8501077788593754
msak0,msak0_322,LLX,0.7466192257537507
msak0,msak0_322,LLY,0.8850930636983416
msak0,msak0_323,TDX,0.7926083056130396
msak0,msak0_323,TDY,0.9187773127277961
msak0,msak0_323,TBX,0.8818099315294345
msak0,msak0_323,TBY,0.8483728904592406
msak0,msak0_323,TTX,0.9115543969647324
msak0,msak0_323,TTY,0.5576191960777457
msak0,msak0_323,LIX,0.7591397970172787
msak0,msak0_323,LIY,0.7012369542991079
msak0,msak0_323,ULX,0.2732813086746272
msak0,msak0_323,ULY,0.9183063020209945
msak0,msak0_323,LLX,0.6535155014367741
msak0,msak0_323,LLY,0.8913060170239694
msak0,msak0_324,TDX,0.578657833145651
msak0,msak0_324,TDY,0.8132681496827402
msak0,msak0_324,TBX,0.6443037918052208
msak0,msak0_324,TBY,0.7847870907912201
msak0,msak0_324,TTX,0.6502371764264447
msak0,msak0_324,TTY,0.7718561192434547
msak0,msak0_324,LIX,0.37963221879774756
msak0,msak0_324,LIY,0.7555676861790565
msak0,msak0_324,ULX,0.5714908749027006
msak0,msak0_324,ULY,0.9047172954129393
msak0,msak0_324,LLX,0.7932684976998297
msak0,msak0_324,LLY,0.8763427344702639
msak0,msak0_325,TDX,0.7762188430682406
msak0,msak0_325,TDY,0.8681117238017964
msak0,msak0_325,TBX,0.8447031221480943
msak0,msak0_325,TBY,0.7605164263750039
msak0,msak0_325,TTX,0.8901039207685442
msak0,msak0_325,TTY,0.8367629660095064
msak0,msak0_325,LIX,0.7742400382187056
msak0,msak0_325,LIY,0.7542604388600322
msak0,msak0_325,ULX,0.6439044724241537
msak0,msak0_325,ULY,0.9180892746952929
msak0,msak0_325,LLX,0.709837673032235
msak0,msak0_325,LLY,0.7268700614394267
msak0,msak0_326,TDX,0.6961103671471055
msak0,msak0_326,TDY,0.9033234127447385
msak0,msak0_326,TBX,0.7919917900001768
msak0,msak0_326,TBY,0.7227157253124178
msak0,msak0_326,TTX,0.8876742077726536
msak0,msak0_326,TTY,0.828473236967891
msak0,msak0_326,LIX,0.7119541231758357
msak0,msak0_326,LIY,0.8072879183113497
msak0,msak0_326,ULX,0.5293240099566864
msak0,msak0_326,ULY,0.8521557368198854
msak0,msak0_326,LLX,0.7706744978019288
msak0,msak0_326,LLY,0.9239899762190198
msak0,msak0_327,TDX,0.44518049233215473
msak0,msak0_327,TDY,0.8506723794778336
msak0,msak0_327,TBX,0.410345281404157
msak0,msak0_327,TBY,0.6053151837163313
msak0,msak0_327,TTX,0.6019809877662899
msak0,msak0_327,TTY,0.7341149882509265
msak0,msak0_327,LIX,0.3278012131111096
msak0,msak0_327,LIY,0.8400001335570915
msak0,msak0_327,ULX,0.533664106690946
msak0,msak0_327,ULY,0.8347860203716237
msak0,msak0_327,LLX,0.40263046747360876
msak0,msak0_327,LLY,0.7568470097595753
msak0,msak0_328,TDX,0.8579179628641014
msak0,msak0_328,TDY,0.7864815371409579
msak0,msak0_328,TBX,0.8807289653773324
msak0,msak0_328,TBY,0.7174765577595537
msak0,msak0_328,TTX,0.8861490656930939
msak0,msak0_328,TTY,0.703461606203275
msak0,msak0_328,LIX,0.4695702119590941
msak0,msak0_328,LIY,0.8481743974462823
msak0,msak0_328,ULX,0.6538575853377626
msak0,msak0_328,ULY,0.8656150197601494
msak0,msak0_328,LLX,0.8232304419042393
msak0,msak0_328,LLY,0.9390984264662223
msak0,msak0_329,TDX,0.6791816153986782
msak0,msak0_329,TDY,0.8392716018116604
msak0,msak0_329,TBX,0.7357175477110786
msak0,msak0_329,TBY,0.736919157082084
msak0,msak0_329,TTX,0.8344285797189999
msak0,msak0_329,TTY,0.8353311169755956
msak0,msak0_329,LIX,0.8548912479100369
msak0,msak0_329,LIY,0.8363255351234519
msak0,msak0_329,ULX,0.749716397274256
msak0,msak0_329,ULY,0.8572985727274889
msak0,msak0_329,LLX,0.8607894947221025
msak0,msak0_329,LLY,0.7418793711289927
msak0,msak0_330,TDX,0.7793859190843202
msak0,msak0_330,TDY,0.8064691304927557
msak0,msak0_330,TBX,0.8876241317782875
msak0,msak0_330,TBY,0.868958165342106
msak0,msak0_330,TTX,0.8975206709245336
msak0,msak0_330,TTY,0.8112157250535823
msak0,msak0_330,LIX,0.6879334167184908
msak0,msak0_330,LIY,0.7181398605811876
msak0,msak0_330,ULX,0.8699645277076993
msak0,msak0_330,ULY,0.8195278411397994
msak0,msak0_330,LLX,0.7350502626904771
msak0,msak0_330,LLY,0.8243582224997347
msak0,msak0_331,TDX,0.8949500263150922
msak0,msak0_331,TDY,0.8704175427457914
msak0,msak0_331,TBX,0.8867248869289189
msak0,msak0_331,TBY,0.7949873463771084
msak0,msak0_331,TTX,0.9008920419295777
msak0,msak0_331,TTY,0.8341887780691397
msak0,msak0_331,LIX,0.8329809786680467
msak0,msak0_331,LIY,0.8885449362476657
msak0,msak0_331,ULX,0.2554105154980212
msak0,msak0_331,ULY,0.3587953807394592
msak0,msak0_331,LLX,0.8646837858377531
msak0,msak0_331,LLY,0.9188892197604461
msak0,msak0_332,TDX,0.660747165126579
msak0,msak0_332,TDY,0.8494227425969607
msak0,msak0_332,TBX,0.70258017397759
msak0,msak0_332,TBY,0.9193550109676993
msak0,msak0_332,TTX,0.8552946641111099
msak0,msak0_332,TTY,0.8470828750772356
msak0,msak0_332,LIX,0.8854361578910485
msak0,msak0_332,LIY,0.8722304772437732
msak0,msak0_332,ULX,0.518694838222952
msak0,msak0_332,ULY,0.8883426546267252
msak0,msak0_332,LLX,0.8289939935641483
msak0,msak0_332,LLY,0.8863687155153419
msak0,msak0_333,TDX,0.7101674894812573
msak0,msak0_333,TDY,0.8680086950464315
msak0,msak0_333,TBX,0.7373307836175308
msak0,msak0_333,TBY,0.7863502536836915
msak0,msak0_333,TTX,0.7631904749787252
msak0,msak0_333,TTY,0.8755149945493144
msak0,msak0_333,LIX,0.6360704418269323
msak0,msak0_333,LIY,0.752989782695752
msak0,msak0_333,ULX,0.6571636579235847
msak0,msak0_333,ULY,0.7656980560858708
msak0,msak0_333,LLX,0.6668065194619346
msak0,msak0_333,LLY,0.8955466881676135
msak0,msak0_334,TDX,0.48281529549856345
msak0,msak0_334,TDY,0.8296509770938527
msak0,msak0_334,TBX,0.5322393187070272
msak0,msak0_334,TBY,0.8568316137482148
msak0,msak0_334,TTX,0.7326520762992843
msak0,msak0_334,TTY,0.6551794964590472
msak0,msak0_334,LIX,0.7356489434931168
msak0,msak0_334,LIY,0.7994405506014465
msak0,msak0_334,ULX,0.5502414000548961
msak0,msak0_334,ULY,0.9094639802790844
msak0,msak0_334,LLX,0.7771055808479868
msak0,msak0_334,LLY,0.8670291601334362
msak0,msak0_335,TDX,0.6963810817938615
msak0,msak0_335,TDY,0.8076158578339667
msak0,msak0_335,TBX,0.7705065232161733
msak0,msak0_335,TBY,0.8843194596700619
msak0,msak0_335,TTX,0.8704019071999098
msak0,msak0_335,TTY,0.6060075933067703
msak0,msak0_335,LIX,0.5681411074028193
msak0,msak0_335,LIY,0.7477271040141813
msak0,msak0_335,ULX,0.40961193074636365
msak0,msak0_335,ULY,0.8588614253683242
msak0,msak0_335,LLX,0.8159770346944275
msak0,msak0_335,LLY,0.8590173493515683
msak0,msak0_336,TDX,0.6680087943470913
msak0,msak0_336,TDY,0.8134224314105407
msak0,msak0_336,TBX,0.6467251716706505
msak0,msak0_336,TBY,0.8501139973450628
msak0,msak0_336,TTX,0.6784179022931508
msak0,msak0_336,TTY,0.7911296816843025
msak0,msak0_336,LIX,0.89521882505486
msak0,msak0_336,LIY,0.8052438604313177
msak0,msak0_336,ULX,0.4970323421511362
msak0,msak0_336,ULY,0.7553087763110606
msak0,msak0_336,LLX,0.886910689050706
msak0,msak0_336,LLY,0.851710333840667
msak0,msak0_337,TDX,0.8302762737329223
msak0,msak0_337,TDY,0.9001017977862096
msak0,msak0_337,TBX,0.8443623652285388
msak0,msak0_337,TBY,0.8460550637843963
msak0,msak0_337,TTX,0.9106203381608786
msak0,msak0_337,TTY,0.641679700079845
msak0,msak0_337,LIX,0.7551065316065385
msak0,msak0_337,LIY,0.8076097027174209
msak0,msak0_337,ULX,0.6874103811462189
msak0,msak0_337,ULY,0.8553549007576389
msak0,msak0_337,LLX,0.7971306758765675
msak0,msak0_337,LLY,0.8712081568798956
msak0,msak0_338,TDX,0.7477875874364636
msak0,msak0_338,TDY,0.8716727379555019
msak0,msak0_338,TBX,0.7730053529213147
msak0,msak0_338,TBY,0.9026896618267449
msak0,msak0_338,TTX,0.8616255491398028
msak0,msak0_338,TTY,0.8371920166415148
msak0,msak0_338,LIX,0.7182255337035872
msak0,msak0_338,LIY,0.842825006540322
msak0,msak0_338,ULX,0.708395225390729
msak0,msak0_338,ULY,0.9128795584844865
msak0,msak0_338,LLX,0.7003020106816531
msak0,msak0_338,LLY,0.9065694523795633
msak0,msak0_339,TDX,0.7613687082472423
msak0,msak0_339,TDY,0.8584750735059069
msak0,msak0_339,TBX,0.7909042899804081
msak0,msak0_339,TBY,0.830783031985008
msak0,msak0_339,TTX,0.8711661427086683
msak0,msak0_339,TTY,0.8348683558262062
msak0,msak0_339,LIX,0.552061584211082
msak0,msak0_339,LIY,0.803652398261423
msak0,msak0_339,ULX,0.4824720219190451
msak0,msak0_339,ULY,0.7845891306809734
msak0,msak0_339,LLX,0.6250362079356535
msak0,msak0_339,LLY,0.9193460935731893
msak0,msak0_340,TDX,0.8348018301875593
msak0,msak0_340,TDY,0.864926187338868
msak0,msak0_340,TBX,0.8238203690657974
msak0,msak0_340,TBY,0.870276787147111
msak0,msak0_340,TTX,0.8129304632334543
msak0,msak0_340,TTY,0.8750847491578538
msak0,msak0_340,LIX,0.668931880730963
msak0,msak0_340,LIY,0.8527475032979716
msak0,msak0_340,ULX,0.6657785730723017
msak0,msak0_340,ULY,0.7881761452068278
msak0,msak0_340,LLX,0.6869321140630603
msak0,msak0_340,LLY,0.9105331318338683
msak0,msak0_341,TDX,0.7566882387894424
msak0,msak0_341,TDY,0.8213752421922571
msak0,msak0_341,TBX,0.8210160489796242
msak0,msak0_341,TBY,0.7181523333985409
msak0,msak0_341,TTX,0.8411489240199413
msak0,msak0_341,TTY,0.7825271973899598
msak0,msak0_341,LIX,0.5513632386461785
msak0,msak0_341,LIY,0.8188526596090442
msak0,msak0_341,ULX,0.7759653276597038
msak0,msak0_341,ULY,0.9181599185248703
msak0,msak0_341,LLX,0.7188787824198428
msak0,msak0_341,LLY,0.9002862696406801
msak0,msak0_342,TDX,0.8102177315644031
msak0,msak0_342,TDY,0.865419201247791
msak0,msak0_342,TBX,0.8180241437113573
msak0,msak0_342,TBY,0.8493106169134037
msak0,msak0_342,TTX,0.8905056750835538
msak0,msak0_342,TTY,0.8749957884004168
msak0,msak0_342,LIX,0.7463848934215355
msak0,msak0_342,LIY,0.7303812956732797
msak0,msak0_342,ULX,0.7740420705025579
msak0,msak0_342,ULY,0.864675145860357
msak0,msak0_342,LLX,0.6925938309295837
msak0,msak0_342,LLY,0.8229905833098524
msak0,msak0_343,TDX,0.748017725399259
msak0,msak0_343,TDY,0.8496998262457547
msak0,msak0_343,TBX,0.8051076434262288
msak0,msak0_343,TBY,0.6878547893063219
msak0,msak0_343,TTX,0.8166009466855028
msak0,msak0_343,TTY,0.693196736515598
msak0,msak0_343,LIX,0.43627174222376874
msak0,msak0_343,LIY,0.8829618693563164
msak0,msak0_343,ULX,0.6970196405371993
msak0,msak0_343,ULY,0.7829729346349572
msak0,msak0_343,LLX,0.7665530308127378
msak0,msak0_343,LLY,0.9131118272751196
msak0,msak0_344,TDX,0.6657723085291953
msak0,msak0_344,TDY,0.8473456760569452
msak0,msak0_344,TBX,0.8070981032671234
msak0,msak0_344,TBY,0.9056156155476321
msak0,msak0_344,TTX,0.7129008686522014
msak0,msak0_344,TTY,0.8243789329460021
msak0,msak0_344,LIX,0.8777744765381258
msak0,msak0_344,LIY,0.8248254755253908
msak0,msak0_344,ULX,0.8344220883995717
msak0,msak0_344,ULY,0.7233128520192139
msak0,msak0_344,LLX,0.7691796982276048
msak0,msak0_344,LLY,0.9116333452071153
msak0,msak0_345,TDX,0.6059720510691786
msak0,msak0_345,TDY,0.8218380938997193
msak0,msak0_345,TBX,0.5759772833993658
msak0,msak0_345,TBY,0.8240332371299108
msak0,msak0_345,TTX,0.7309064400443912
msak0,msak0_345,TTY,0.7197470369706518
msak0,msak0_345,LIX,0.2897866831302864
msak0,msak0_345,LIY,0.7486039723456063
msak0,msak0_345,ULX,0.6574100947435374
msak0,msak0_345,ULY,0.7801800517498957
msak0,msak0_345,LLX,0.34546816138390846
msak0,msak0_345,LLY,0.8181705019787647
msak0,msak0_346,TDX,0.7965661520191394
msak0,msak0_346,TDY,0.9075427064131034
msak0,msak0_346,TBX,0.8554580069962399
msak0,msak0_346,TBY,0.8422075587414195
msak0,msak0_346,TTX,0.9081944675132109
msak0,msak0_346,TTY,0.8094592209774437
msak0,msak0_346,LIX,0.7177999276727587
msak0,msak0_346,LIY,0.9117095992111872
msak0,msak0_346,ULX,0.6195343835085307
msak0,msak0_346,ULY,0.8273946046942092
msak0,msak0_346,LLX,0.7179012763567763
msak0,msak0_346,LLY,0.9312769047695834
msak0,msak0_347,TDX,0.784054463397835
msak0,msak0_347,TDY,0.9283154248766122
msak0,msak0_347,TBX,0.9060162758779732
msak0,msak0_347,TBY,0.788181121118638
msak0,msak0_347,TTX,0.9128631295349389
msak0,msak0_347,TTY,0.6730585714123197
msak0,msak0_347,LIX,0.7561821903120709
msak0,msak0_347,LIY,0.8753124878919738
msak0,msak0_347,ULX,0.6827228071699692
msak0,msak0_347,ULY,0.7385991704692855
msak0,msak0_347,LLX,0.7615734966135957
msak0,msak0_347,LLY,0.9064194772790611
msak0,msak0_348,TDX,0.7501407624684049
msak0,msak0_348,TDY,0.6775525005851198
msak0,msak0_348,TBX,0.7251172194485181
msak0,msak0_348,TBY,0.806973013819709
msak0,msak0_348,TTX,0.8383444367307729
msak0,msak0_348,TTY,0.8507385056696103
msak0,msak0_348,LIX,0.704085138364709
msak0,msak0_348,LIY,0.7902239117983569
msak0,msak0_348,ULX,0.06813760331078642
msak0,msak0_348,ULY,0.8253438960028562
msak0,msak0_348,LLX,0.4943286202608866
msak0,msak0_348,LLY,0.825086926491252
msak0,msak0_349,TDX,0.8315028469302649
msak0,msak0_349,TDY,0.8536994237389506
msak0,msak0_349,TBX,0.8489250772134707
msak0,msak0_349,TBY,0.8569054274949882
msak0,msak0_349,TTX,0.9561940195216064
msak0,msak0_349,TTY,0.8445381773835866
msak0,msak0_349,LIX,0.8064982046758262
msak0,msak0_349,LIY,0.5634243492168979
msak0,msak0_349,ULX,0.6106241852739701
msak0,msak0_349,ULY,0.6876100801988198
msak0,msak0_349,LLX,0.8015956761437858
msak0,msak0_349,LLY,0.8175619028186379
msak0,msak0_350,TDX,0.8727156574292776
msak0,msak0_350,TDY,0.806878325641183
msak0,msak0_350,TBX,0.8588945196177172
msak0,msak0_350,TBY,0.856985651252236
msak0,msak0_350,TTX,0.9118510832320154
msak0,msak0_350,TTY,0.8914774967950234
msak0,msak0_350,LIX,0.8560542841784817
msak0,msak0_350,LIY,0.8752494030151272
msak0,msak0_350,ULX,0.716784115756575
msak0,msak0_350,ULY,0.8613707761636478
msak0,msak0_350,LLX,0.8174394560094408
msak0,msak0_350,LLY,0.8832450120708053
msak0,msak0_351,TDX,0.8036868358913951
msak0,msak0_351,TDY,0.8095045373012189
msak0,msak0_351,TBX,0.8468171963088621
msak0,msak0_351,TBY,0.7504933195907543
msak0,msak0_351,TTX,0.8964923219830571
msak0,msak0_351,TTY,0.7513334041656002
msak0,msak0_351,LIX,0.7286453635106039
msak0,msak0_351,LIY,0.7815067824736199
msak0,msak0_351,ULX,0.6253103004978462
msak0,msak0_351,ULY,0.712266732624874
msak0,msak0_351,LLX,0.7772744172721673
msak0,msak0_351,LLY,0.7982761776860425
msak0,msak0_352,TDX,0.8538432080641732
msak0,msak0_352,TDY,0.9084567528344233
msak0,msak0_352,TBX,0.8424662567168424
msak0,msak0_352,TBY,0.783687002228511
msak0,msak0_352,TTX,0.897381410858492
msak0,msak0_352,TTY,0.7399608559787048
msak0,msak0_352,LIX,0.7742508239873663
msak0,msak0_352,LIY,0.7649962607432231
msak0,msak0_352,ULX,0.6579237033389733
msak0,msak0_352,ULY,0.9138400653137801
msak0,msak0_352,LLX,0.7790183994891904
msak0,msak0_352,LLY,0.8621668522643097
msak0,msak0_353,TDX,0.6658338809766225
msak0,msak0_353,TDY,0.8839693335643546
msak0,msak0_353,TBX,0.7341441351858827
msak0,msak0_353,TBY,0.8528579459942877
msak0,msak0_353,TTX,0.7931124349125369
msak0,msak0_353,TTY,0.75389172627393
msak0,msak0_353,LIX,0.695365152745877
msak0,msak0_353,LIY,0.870109289960341
msak0,msak0_353,ULX,0.4620186768195513
msak0,msak0_353,ULY,0.8286916987760139
msak0,msak0_353,LLX,0.7966765542674381
msak0,msak0_353,LLY,0.866616385326342
msak0,msak0_354,TDX,0.7435407325300676
msak0,msak0_354,TDY,0.9022728912413797
msak0,msak0_354,TBX,0.7282291622102306
msak0,msak0_354,TBY,0.8454741915504821
msak0,msak0_354,TTX,0.7573579384079041
msak0,msak0_354,TTY,0.7477088265763915
msak0,msak0_354,LIX,0.7716079249415391
msak0,msak0_354,LIY,0.8154034678171522
msak0,msak0_354,ULX,0.6830127869985865
msak0,msak0_354,ULY,0.9028112427970736
msak0,msak0_354,LLX,0.8119095111666611
msak0,msak0_354,LLY,0.8073389726317309
msak0,msak0_355,TDX,0.8671584347875632
msak0,msak0_355,TDY,0.8572342663104435
msak0,msak0_355,TBX,0.8618509556997093
msak0,msak0_355,TBY,0.8524889015623994
msak0,msak0_355,TTX,0.8019467413036203
msak0,msak0_355,TTY,0.6957452472905363
msak0,msak0_355,LIX,0.6403428759205817
msak0,msak0_355,LIY,0.687569716482513
msak0,msak0_355,ULX,0.625016026240748
msak0,msak0_355,ULY,0.8859310179058104
msak0,msak0_355,LLX,0.8542256146776077
msak0,msak0_355,LLY,0.8774772048868372
msak0,msak0_356,TDX,0.8356275978899907
msak0,msak0_356,TDY,0.8913629129317104
msak0,msak0_356,TBX,0.8017392147368476
msak0,msak0_356,TBY,0.8749010777499129
msak0,msak0_356,TTX,0.9022021037052281
msak0,msak0_356,TTY,0.8519415101830392
msak0,msak0_356,LIX,0.6412691487058193
msak0,msak0_356,LIY,0.7485595197205295
msak0,msak0_356,ULX,0.6435108800311616
msak0,msak0_356,ULY,0.797987860343136
msak0,msak0_356,LLX,0.7598428944793322
msak0,msak0_356,LLY,0.9002117116639863
msak0,msak0_357,TDX,0.6959252287042907
msak0,msak0_357,TDY,0.8885283125639595
msak0,msak0_357,TBX,0.7175781847083802
msak0,msak0_357,TBY,0.8208789411478883
msak0,msak0_357,TTX,0.7247092570924012
msak0,msak0_357,TTY,0.6537278630392988
msak0,msak0_357,LIX,0.7577479372165662
msak0,msak0_357,LIY,0.7009075522543449
msak0,msak0_357,ULX,0.6689164215879232
msak0,msak0_357,ULY,0.8842103276015811
msak0,msak0_357,LLX,0.8155289506033245
msak0,msak0_357,LLY,0.8974465691133051
msak0,msak0_358,TDX,0.7126811395177334
msak0,msak0_358,TDY,0.7516754494853479
msak0,msak0_358,TBX,0.7681217646884662
msak0,msak0_358,TBY,0.8057344329845698
msak0,msak0_358,TTX,0.8754069068972717
msak0,msak0_358,TTY,0.8090737800663201
msak0,msak0_358,LIX,0.782421437916859
msak0,msak0_358,LIY,0.7436433572011067
msak0,msak0_358,ULX,0.5001531038726937
msak0,msak0_358,ULY,0.8206154122278805
msak0,msak0_358,LLX,0.502394468027685
msak0,msak0_358,LLY,0.6991967486111619
msak0,msak0_359,TDX,0.7801798196615705
msak0,msak0_359,TDY,0.8219009279966496
msak0,msak0_359,TBX,0.751258078249699
msak0,msak0_359,TBY,0.8739801033822763
msak0,msak0_359,TTX,0.8028831176750432
msak0,msak0_359,TTY,0.7479019195251582
msak0,msak0_359,LIX,0.7787090460019951
msak0,msak0_359,LIY,0.8870592967364708
msak0,msak0_359,ULX,0.6247868777522788
msak0,msak0_359,ULY,0.8470712359606378
msak0,msak0_359,LLX,0.6232601931733971
msak0,msak0_359,LLY,0.7410212534697822
msak0,msak0_360,TDX,0.766615352884532
msak0,msak0_360,TDY,0.5691002529592286
msak0,msak0_360,TBX,0.7878636901723574
msak0,msak0_360,TBY,0.9083202150555417
msak0,msak0_360,TTX,0.8826382248487247
msak0,msak0_360,TTY,0.8067671297063124
msak0,msak0_360,LIX,0.706995935565607
msak0,msak0_360,LIY,0.920036506735388
msak0,msak0_360,ULX,0.4992776348411698
msak0,msak0_360,ULY,0.859150161056702
msak0,msak0_360,LLX,0.7356594421077706
msak0,msak0_360,LLY,0.8646706060073197
msak0,msak0_361,TDX,0.6377400184055114
msak0,msak0_361,TDY,0.917418605727917
msak0,msak0_361,TBX,0.6912164020076285
msak0,msak0_361,TBY,0.8499846706322349
msak0,msak0_361,TTX,0.7259250408103026
msak0,msak0_361,TTY,0.8281774468437011
msak0,msak0_361,LIX,0.8758159677849068
msak0,msak0_361,LIY,0.9185035163872505
msak0,msak0_361,ULX,0.7580476332606174
msak0,msak0_361,ULY,0.746526879478682
msak0,msak0_361,LLX,0.9002873348350497
msak0,msak0_361,LLY,0.8756339114553757
msak0,msak0_362,TDX,0.7554591860813077
msak0,msak0_362,TDY,0.8419820867217142
msak0,msak0_362,TBX,0.7600279460837374
msak0,msak0_362,TBY,0.8370509951520716
msak0,msak0_362,TTX,0.886439751654268
msak0,msak0_362,TTY,0.9260699668177702
msak0,msak0_362,LIX,0.8016953278802201
msak0,msak0_362,LIY,0.8892491278246368
msak0,msak0_362,ULX,0.5374188408929856
msak0,msak0_362,ULY,0.7545612323462744
msak0,msak0_362,LLX,0.8466692858411691
msak0,msak0_362,LLY,0.9182191749094405
msak0,msak0_363,TDX,0.7493234619016333
msak0,msak0_363,TDY,0.8313702389127984
msak0,msak0_363,TBX,0.8161991605101058
msak0,msak0_363,TBY,0.9128074136826857
msak0,msak0_363,TTX,0.8868677914236242
msak0,msak0_363,TTY,0.8436939842871334
msak0,msak0_363,LIX,0.620563363705494
msak0,msak0_363,LIY,0.8659225008238819
msak0,msak0_363,ULX,0.758907527279114
msak0,msak0_363,ULY,0.8848098681776337
msak0,msak0_363,LLX,0.8751362910783784
msak0,msak0_363,LLY,0.8104939526887722
msak0,msak0_364,TDX,0.6624794830962342
msak0,msak0_364,TDY,0.8577528718052911
msak0,msak0_364,TBX,0.6907792545410415
msak0,msak0_364,TBY,0.8637470548154067
msak0,msak0_364,TTX,0.8945847159805633
msak0,msak0_364,TTY,0.755211494613605
msak0,msak0_364,LIX,0.8160148107595132
msak0,msak0_364,LIY,0.8343463621990617
msak0,msak0_364,ULX,0.5790168591778293
msak0,msak0_364,ULY,0.8655213082975883
msak0,msak0_364,LLX,0.8988590704505927
msak0,msak0_364,LLY,0.8884025436182138
msak0,msak0_365,TDX,0.6821265226910137
msak0,msak0_365,TDY,0.8330225165041558
msak0,msak0_365,TBX,0.5429645580363269
msak0,msak0_365,TBY,0.8674033462008444
msak0,msak0_365,TTX,0.6468791223471736
msak0,msak0_365,TTY,0.7625975260296033
msak0,msak0_365,LIX,0.8319747495257616
msak0,msak0_365,LIY,0.8655045823340977
msak0,msak0_365,ULX,0.6431645770516237
msak0,msak0_365,ULY,0.809042983925492
msak0,msak0_365,LLX,0.6009839329606472
msak0,msak0_365,LLY,0.727261173608056
msak0,msak0_366,TDX,0.6577204192576303
msak0,msak0_366,TDY,0.9238520448543662
msak0,msak0_366,TBX,0.7097811652203335
msak0,msak0_366,TBY,0.9190454232390336
msak0,msak0_366,TTX,0.7734033382699129
msak0,msak0_366,TTY,0.5358466766379881
msak0,msak0_366,LIX,0.7334524135818951
msak0,msak0_366,LIY,0.7948975029161338
msak0,msak0_366,ULX,0.497364485935554
msak0,msak0_366,ULY,0.8912917540265995
msak0,msak0_366,LLX,0.8637469649542959
msak0,msak0_366,LLY,0.9162997740155243
msak0,msak0_367,TDX,0.6991219861943819
msak0,msak0_367,TDY,0.8279571107559834
msak0,msak0_367,TBX,0.7233557622264903
msak0,msak0_367,TBY,0.8860329901428676
msak0,msak0_367,TTX,0.8636907148402796
msak0,msak0_367,TTY,0.7708089801822662
msak0,msak0_367,LIX,0.5023141147625045
msak0,msak0_367,LIY,0.8643773817952731
msak0,msak0_367,ULX,0.6068617516614454
msak0,msak0_367,ULY,0.6751732536304574
msak0,msak0_367,LLX,0.6561488069583612
msak0,msak0_367,LLY,0.835229406818397
msak0,msak0_368,TDX,0.6266858234559586
msak0,msak0_368,TDY,0.7990688680402411
msak0,msak0_368,TBX,0.7432813909431477
msak0,msak0_368,TBY,0.4802523249473504
msak0,msak0_368,TTX,0.8278942492828797
msak0,msak0_368,TTY,0.5325584876214607
msak0,msak0_368,LIX,0.7606940945572207
msak0,msak0_368,LIY,0.8495438246149164
msak0,msak0_368,ULX,0.6414634000998642
msak0,msak0_368,ULY,0.8343441400173784
msak0,msak0_368,LLX,0.8362774782649226
msak0,msak0_368,LLY,0.9003833877418037
msak0,msak0_369,TDX,0.6399905985063028
msak0,msak0_369,TDY,0.9192200348122224
msak0,msak0_369,TBX,0.7160941663679674
msak0,msak0_369,TBY,0.8992184763015936
msak0,msak0_369,TTX,0.798880828473581
msak0,msak0_369,TTY,0.753166376004974
msak0,msak0_369,LIX,0.6780191280499895
msak0,msak0_369,LIY,0.8191719078914914
msak0,msak0_369,ULX,0.5177362061323928
msak0,msak0_369,ULY,0.8729770399082871
msak0,msak0_369,LLX,0.797840923249483
msak0,msak0_369,LLY,0.8869459259695159
msak0,msak0_370,TDX,0.7984009744060474
msak0,msak0_370,TDY,0.8689294546699003
msak0,msak0_370,TBX,0.8060552504842142
msak0,msak0_370,TBY,0.7104279326096318
msak0,msak0_370,TTX,0.8595643625026742
msak0,msak0_370,TTY,0.8043809571211836
msak0,msak0_370,LIX,0.7594117641228282
msak0,msak0_370,LIY,0.7856340560956285
msak0,msak0_370,ULX,0.7153443971759674
msak0,msak0_370,ULY,0.7754019564595065
msak0,msak0_370,LLX,0.8642843811223183
msak0,msak0_370,LLY,0.9161331882410343
msak0,msak0_371,TDX,0.6968459238344922
msak0,msak0_371,TDY,0.8727798755905314
msak0,msak0_371,TBX,0.6887688723016615
msak0,msak0_371,TBY,0.8849189086519543
msak0,msak0_371,TTX,0.6293704303653147
msak0,msak0_371,TTY,0.7705216969927855
msak0,msak0_371,LIX,0.8009138252758664
msak0,msak0_371,LIY,0.6685782790844133
msak0,msak0_371,ULX,0.4914889076569415
msak0,msak0_371,ULY,0.8810902090064131
msak0,msak0_371,LLX,0.8031630258712867
msak0,msak0_371,LLY,0.8906746674732942
msak0,msak0_372,TDX,0.8283400188176554
msak0,msak0_372,TDY,0.8330307520400629
msak0,msak0_372,TBX,0.8158510246850904
msak0,msak0_372,TBY,0.8333893652586907
msak0,msak0_372,TTX,0.8932605631954885
msak0,msak0_372,TTY,0.7625869681174008
msak0,msak0_372,LIX,0.5582957636750204
msak0,msak0_372,LIY,0.7102039142451103
msak0,msak0_372,ULX,0.7691124888476962
msak0,msak0_372,ULY,0.868455643953172
msak0,msak0_372,LLX,0.6939471850959953
msak0,msak0_372,LLY,0.726672417648737
msak0,msak0_373,TDX,0.6026961115206045
msak0,msak0_373,TDY,0.856576473644374
msak0,msak0_373,TBX,0.6964819709347522
msak0,msak0_373,TBY,0.7684289831610938
msak0,msak0_373,TTX,0.7979236041888361
msak0,msak0_373,TTY,0.6445645257486387
msak0,msak0_373,LIX,0.8477277237759366
msak0,msak0_373,LIY,0.8448597039785349
msak0,msak0_373,ULX,0.582820237917945
msak0,msak0_373,ULY,0.8544106070816558
msak0,msak0_373,LLX,0.8973436958554064
msak0,msak0_373,LLY,0.8670807029054675
msak0,msak0_374,TDX,0.8411062709428768
msak0,msak0_374,TDY,0.9316423392362402
msak0,msak0_374,TBX,0.8826775829595065
msak0,msak0_374,TBY,0.9152297603852714
msak0,msak0_374,TTX,0.9433782545353313
msak0,msak0_374,TTY,0.8740522229863117
msak0,msak0_374,LIX,0.6914660626393643
msak0,msak0_374,LIY,0.8006916806701895
msak0,msak0_374,ULX,0.587883855113796
msak0,msak0_374,ULY,0.9232628608993104
msak0,msak0_374,LLX,0.7581675799319131
msak0,msak0_374,LLY,0.8541657147409164
msak0,msak0_375,TDX,0.8457455524214952
msak0,msak0_375,TDY,0.9164533328775557
msak0,msak0_375,TBX,0.8816071124846896
msak0,msak0_375,TBY,0.8989466386864994
msak0,msak0_375,TTX,0.9203519671820138
msak0,msak0_375,TTY,0.6250402211715449
msak0,msak0_375,LIX,0.34067708730991164
msak0,msak0_375,LIY,0.7457449242418853
msak0,msak0_375,ULX,0.7775899769298724
msak0,msak0_375,ULY,0.7507407919815442
msak0,msak0_375,LLX,0.7935515106961069
msak0,msak0_375,LLY,0.8215974897003122
msak0,msak0_376,TDX,0.7281891277422484
msak0,msak0_376,TDY,0.8132844190543497
msak0,msak0_376,TBX,0.7502001976340065
msak0,msak0_376,TBY,0.7424828059042384
msak0,msak0_376,TTX,0.8348436768357455
msak0,msak0_376,TTY,0.7990536914428884
msak0,msak0_376,LIX,0.8613090700678668
msak0,msak0_376,LIY,0.9275800512404858
msak0,msak0_376,ULX,0.48599293030853535
msak0,msak0_376,ULY,0.8598737690821114
msak0,msak0_376,LLX,0.8643404656681972
msak0,msak0_376,LLY,0.8847327847416606
msak0,msak0_377,TDX,0.7469669206963578
msak0,msak0_377,TDY,0.9230011482835482
msak0,msak0_377,TBX,0.7010955283353651
msak0,msak0_377,TBY,0.8524168223791069
msak0,msak0_377,TTX,0.8933619892761893
msak0,msak0_377,TTY,0.685679154080176
msak0,msak0_377,LIX,0.7177122684645059
msak0,msak0_377,LIY,0.8497314366082376
msak0,msak0_377,ULX,0.359246846437021
msak0,msak0_377,ULY,0.7965189302198107
msak0,msak0_377,LLX,0.7901497271217981
msak0,msak0_377,LLY,0.868634861730053
msak0,msak0_378,TDX,0.5680705497896114
msak0,msak0_378,TDY,0.8103696268283618
msak0,msak0_378,TBX,0.5579972156037688
msak0,msak0_378,TBY,0.814675921968835
msak0,msak0_378,TTX,0.8012113694022018
msak0,msak0_378,TTY,0.6793884847036383
msak0,msak0_378,LIX,0.6724860279299992
msak0,msak0_378,LIY,0.7799143167875197
msak0,msak0_378,ULX,0.5701105744326791
msak0,msak0_378,ULY,0.9067169926406266
msak0,msak0_378,LLX,0.70194242296415
msak0,msak0_378,LLY,0.8158892874441165
msak0,msak0_379,TDX,0.7928523747245376
msak0,msak0_379,TDY,0.8920151929005448
msak0,msak0_379,TBX,0.8181748107501255
msak0,msak0_379,TBY,0.9377546229159606
msak0,msak0_379,TTX,0.8986737284598664
msak0,msak0_379,TTY,0.6735638827070037
msak0,msak0_379,LIX,0.7165540874545735
msak0,msak0_379,LIY,0.829482368796261
msak0,msak0_379,ULX,0.6355606357531296
msak0,msak0_379,ULY,0.7483104058685747
msak0,msak0_379,LLX,0.6974837162143473
msak0,msak0_379,LLY,0.8688000944373393
msak0,msak0_380,TDX,0.6240476032717087
msak0,msak0_380,TDY,0.7606431768865299
msak0,msak0_380,TBX,0.7215008970545476
msak0,msak0_380,TBY,0.8121765449172262
msak0,msak0_380,TTX,0.7126011192446529
msak0,msak0_380,TTY,0.8274445853951722
msak0,msak0_380,LIX,0.9172971798102948
msak0,msak0_380,LIY,0.7496028259324391
msak0,msak0_380,ULX,0.7288742017833074
msak0,msak0_380,ULY,0.6470868489876278
msak0,msak0_380,LLX,0.7633682393331195
msak0,msak0_380,LLY,0.6828576531780214
msak0,msak0_381,TDX,0.6905074400920586
msak0,msak0_381,TDY,0.757666720335718
msak0,msak0_381,TBX,0.8042445146231239
msak0,msak0_381,TBY,0.650255605803207
msak0,msak0_381,TTX,0.8699457686886984
msak0,msak0_381,TTY,0.6988159525881801
msak0,msak0_381,LIX,0.5447124951155523
msak0,msak0_381,LIY,0.7902794989338129
msak0,msak0_381,ULX,0.762028339540983
msak0,msak0_381,ULY,0.8308805486823431
msak0,msak0_381,LLX,0.7575553699040648
msak0,msak0_381,LLY,0.8051381120280645
msak0,msak0_382,TDX,0.7466439444224809
msak0,msak0_382,TDY,0.8987195954390668
msak0,msak0_382,TBX,0.6453265514906791
msak0,msak0_382,TBY,0.6688368287218254
msak0,msak0_382,TTX,0.600840144519012
msak0,msak0_382,TTY,0.6916327333990852
msak0,msak0_382,LIX,0.5170100552338767
msak0,msak0_382,LIY,0.6475002955202495
msak0,msak0_382,ULX,0.7290799044964841
msak0,msak0_382,ULY,0.8820827909602743
msak0,msak0_382,LLX,0.7999557499110507
msak0,msak0_382,LLY,0.831545047883674
msak0,msak0_383,TDX,0.6211267123005297
msak0,msak0_383,TDY,0.8099768291493431
msak0,msak0_383,TBX,0.6459177244008123
msak0,msak0_383,TBY,0.7847886690610062
msak0,msak0_383,TTX,0.7419711939871396
msak0,msak0_383,TTY,0.8551787839770615
msak0,msak0_383,LIX,0.7166780323946719
msak0,msak0_383,LIY,0.8553586317975138
msak0,msak0_383,ULX,0.617641309013396
msak0,msak0_383,ULY,0.6647030010672423
msak0,msak0_383,LLX,0.7827995525476761
msak0,msak0_383,LLY,0.8698236993741257
msak0,msak0_384,TDX,0.4233298991260818
msak0,msak0_384,TDY,0.8236046037204345
msak0,msak0_384,TBX,0.6099740452023305
msak0,msak0_384,TBY,0.727667161161385
msak0,msak0_384,TTX,0.8056091914251422
msak0,msak0_384,TTY,0.7442153876438357
msak0,msak0_384,LIX,0.7186532642005974
msak0,msak0_384,LIY,0.8375345264235542
msak0,msak0_384,ULX,0.5358220652942179
msak0,msak0_384,ULY,0.7073694114678756
msak0,msak0_384,LLX,0.6652862535233235
msak0,msak0_384,LLY,0.8249401648052038
msak0,msak0_385,TDX,0.672983002388647
msak0,msak0_385,TDY,0.8929972017430634
msak0,msak0_385,TBX,0.7110098540791663
msak0,msak0_385,TBY,0.8319268571172976
msak0,msak0_385,TTX,0.8776009908064553
msak0,msak0_385,TTY,0.7570225897455295
msak0,msak0_385,LIX,0.7968955015811751
msak0,msak0_385,LIY,0.9029972081834293
msak0,msak0_385,ULX,0.31760359054107207
msak0,msak0_385,ULY,0.8851509587894846
msak0,msak0_385,LLX,0.7681911571728259
msak0,msak0_385,LLY,0.8661737096277758
msak0,msak0_386,TDX,0.5675205445934213
msak0,msak0_386,TDY,0.7292329884252897
msak0,msak0_386,TBX,0.612364272859136
msak0,msak0_386,TBY,0.7729026530549358
msak0,msak0_386,TTX,0.7501736682533386
msak0,msak0_386,TTY,0.8673612519311817
msak0,msak0_386,LIX,0.8267884293329375
msak0,msak0_386,LIY,0.8406721831900634
msak0,msak0_386,ULX,0.4002253257681565
msak0,msak0_386,ULY,0.8240072882296844
msak0,msak0_386,LLX,0.6197851122811018
msak0,msak0_386,LLY,0.8693542555384746
msak0,msak0_387,TDX,0.6247777287759089
msak0,msak0_387,TDY,0.9011533660514291
msak0,msak0_387,TBX,0.5480403032617537
msak0,msak0_387,TBY,0.8775276772155082
msak0,msak0_387,TTX,0.6833602863997003
msak0,msak0_387,TTY,0.8378332899645516
msak0,msak0_387,LIX,0.6613277585048645
msak0,msak0_387,LIY,0.7328820520961631
msak0,msak0_387,ULX,0.7993241374518897
msak0,msak0_387,ULY,0.8645852659928281
msak0,msak0_387,LLX,0.6913675859257683
msak0,msak0_387,LLY,0.7796834980102333
msak0,msak0_388,TDX,0.8438411763568432
msak0,msak0_388,TDY,0.8899583813142051
msak0,msak0_388,TBX,0.8616204453667058
msak0,msak0_388,TBY,0.8643203508935006
msak0,msak0_388,TTX,0.8898085814010404
msak0,msak0_388,TTY,0.7430031841979584
msak0,msak0_388,LIX,0.7710775432903201
msak0,msak0_388,LIY,0.8990558231227364
msak0,msak0_388,ULX,0.7732432010687423
msak0,msak0_388,ULY,0.8136787441622653
msak0,msak0_388,LLX,0.7785877606383274
msak0,msak0_388,LLY,0.8474528129629871
msak0,msak0_389,TDX,0.7727265340636197
msak0,msak0_389,TDY,0.9073488737702681
msak0,msak0_389,TBX,0.8447268543063109
msak0,msak0_389,TBY,0.6377566842248352
msak0,msak0_389,TTX,0.8735631002748239
msak0,msak0_389,TTY,0.8188013233864543
msak0,msak0_389,LIX,0.834033270129066
msak0,msak0_389,LIY,0.8408532979077972
msak0,msak0_389,ULX,0.7496030156744649
msak0,msak0_389,ULY,0.8770890955938103
msak0,msak0_389,LLX,0.8572185417220294
msak0,msak0_389,LLY,0.8974461806006239
msak0,msak0_390,TDX,0.6367724217205382
msak0,msak0_390,TDY,0.8417279837752223
msak0,msak0_390,TBX,0.7508595328198542
msak0,msak0_390,TBY,0.7875563788388523
msak0,msak0_390,TTX,0.8789771612116793
msak0,msak0_390,TTY,0.7582175030252426
msak0,msak0_390,LIX,0.5282628754899004
msak0,msak0_390,LIY,0.67714090075811
msak0,msak0_390,ULX,0.7093728705636786
msak0,msak0_390,ULY,0.7562738358375947
msak0,msak0_390,LLX,0.6031683818173732
msak0,msak0_390,LLY,0.6151308627083482
msak0,msak0_391,TDX,0.8338351992737275
msak0,msak0_391,TDY,0.9107850005974677
msak0,msak0_391,TBX,0.8416982360271995
msak0,msak0_391,TBY,0.7933936422526828
msak0,msak0_391,TTX,0.9257081077287769
msak0,msak0_391,TTY,0.644039244857221
msak0,msak0_391,LIX,0.7548067205941724
msak0,msak0_391,LIY,0.6676437108956907
msak0,msak0_391,ULX,0.7142169367878201
msak0,msak0_391,ULY,0.8553293617212211
msak0,msak0_391,LLX,0.6839440084675762
msak0,msak0_391,LLY,0.6723439163268798
msak0,msak0_392,TDX,0.7196497647336714
msak0,msak0_392,TDY,0.8299465685189834
msak0,msak0_392,TBX,0.6655702490432708
msak0,msak0_392,TBY,0.8869348765811088
msak0,msak0_392,TTX,0.8368988083762703
msak0,msak0_392,TTY,0.8022199480098869
msak0,msak0_392,LIX,0.36125861766828976
msak0,msak0_392,LIY,0.6852040241996532
msak0,msak0_392,ULX,0.5879079904748407
msak0,msak0_392,ULY,0.8860735366756582
msak0,msak0_392,LLX,0.4007584635553254
msak0,msak0_392,LLY,0.8067152622312798
msak0,msak0_393,TDX,0.7458424469233397
msak0,msak0_393,TDY,0.8800005831833456
msak0,msak0_393,TBX,0.8143726021409756
msak0,msak0_393,TBY,0.49953423703996824
msak0,msak0_393,TTX,0.8706126421150574
msak0,msak0_393,TTY,0.8120504477880752
msak0,msak0_393,LIX,0.6978350180536064
msak0,msak0_393,LIY,0.8335770610386739
msak0,msak0_393,ULX,0.5919751180917463
msak0,msak0_393,ULY,0.7423332473948788
msak0,msak0_393,LLX,0.8119138955883048
msak0,msak0_393,LLY,0.8412249689910649
msak0,msak0_394,TDX,0.4325334543896566
msak0,msak0_394,TDY,0.8216163443580017
msak0,msak0_394,TBX,0.7759550219397502
msak0,msak0_394,TBY,0.6698133740797005
msak0,msak0_394,TTX,0.8907168993875884
msak0,msak0_394,TTY,0.7993679417103862
msak0,msak0_394,LIX,0.698863843496178
msak0,msak0_394,LIY,0.35068610589217586
msak0,msak0_394,ULX,0.12910374172593253
msak0,msak0_394,ULY,0.7316055601521861
msak0,msak0_394,LLX,0.2835096397888297
msak0,msak0_394,LLY,0.639035517022246
msak0,msak0_395,TDX,0.8656865885309212
msak0,msak0_395,TDY,0.8661708338451493
msak0,msak0_395,TBX,0.8956410751528174
msak0,msak0_395,TBY,0.8353667067925572
msak0,msak0_395,TTX,0.9090519122936388
msak0,msak0_395,TTY,0.829781760055904
msak0,msak0_395,LIX,0.5337480366869987
msak0,msak0_395,LIY,0.8780178481978872
msak0,msak0_395,ULX,0.41169011944478845
msak0,msak0_395,ULY,0.8441699331062463
msak0,msak0_395,LLX,0.7742713532399781
msak0,msak0_395,LLY,0.8710755339386248
msak0,msak0_396,TDX,0.6638013499925098
msak0,msak0_396,TDY,0.8212628521390276
msak0,msak0_396,TBX,0.7373063302002517
msak0,msak0_396,TBY,0.6080393999850819
msak0,msak0_396,TTX,0.8679658722627152
msak0,msak0_396,TTY,0.7529390344277737
msak0,msak0_396,LIX,0.5164967776009445
msak0,msak0_396,LIY,0.8486172379764486
msak0,msak0_396,ULX,0.7366978402878115
msak0,msak0_396,ULY,0.9271489497972623
msak0,msak0_396,LLX,0.8390139504892303
msak0,msak0_396,LLY,0.9160227069648474
msak0,msak0_397,TDX,0.6889902254885578
msak0,msak0_397,TDY,0.9195865584722346
msak0,msak0_397,TBX,0.6793662945358925
msak0,msak0_397,TBY,0.9098537032344026
msak0,msak0_397,TTX,0.8230742602461855
msak0,msak0_397,TTY,0.8281511383995461
msak0,msak0_397,LIX,0.42556500880745063
msak0,msak0_397,LIY,0.8348366199245172
msak0,msak0_397,ULX,0.36318946379369127
msak0,msak0_397,ULY,0.8870625673224942
msak0,msak0_397,LLX,0.47867884537853966
msak0,msak0_397,LLY,0.9246583090749703
msak0,msak0_398,TDX,0.6989823984482436
msak0,msak0_398,TDY,0.6957383410714935
msak0,msak0_398,TBX,0.7642337234863872
msak0,msak0_398,TBY,0.6120783608984816
msak0,msak0_398,TTX,0.8109445953888185
msak0,msak0_398,TTY,0.7633679006243921
msak0,msak0_398,LIX,0.7919916701013303
msak0,msak0_398,LIY,0.7456170201887676
msak0,msak0_398,ULX,0.5862991213966178
msak0,msak0_398,ULY,0.6514239160188606
msak0,msak0_398,LLX,0.6881279636459279
msak0,msak0_398,LLY,0.7819609762252211
msak0,msak0_399,TDX,0.3964300946329546
msak0,msak0_399,TDY,0.8711915072882802
msak0,msak0_399,TBX,0.4085409298642237
msak0,msak0_399,TBY,0.7501631448474315
msak0,msak0_399,TTX,0.5951873637978697
msak0,msak0_399,TTY,0.5875794034705168
msak0,msak0_399,LIX,-0.009271738817384967
msak0,msak0_399,LIY,0.868087099060462
msak0,msak0_399,ULX,0.471166449840042
msak0,msak0_399,ULY,0.8564442687799444
msak0,msak0_399,LLX,0.6281545862747686
msak0,msak0_399,LLY,0.8841109086667305
msak0,msak0_400,TDX,0.6983219076274134
msak0,msak0_400,TDY,0.8593361231398493
msak0,msak0_400,TBX,0.6807208735909237
msak0,msak0_400,TBY,0.838559281273348
msak0,msak0_400,TTX,0.8332538250028902
msak0,msak0_400,TTY,0.8382680429581675
msak0,msak0_400,LIX,0.7344305092648113
msak0,msak0_400,LIY,0.8650707368354944
msak0,msak0_400,ULX,0.4999929953319775
msak0,msak0_400,ULY,0.8408974924845314
msak0,msak0_400,LLX,0.6378693120544869
msak0,msak0_400,LLY,0.8757947397212272
msak0,msak0_401,TDX,0.8615377477529436
msak0,msak0_401,TDY,0.7979714299601504
msak0,msak0_401,TBX,0.8394045872203033
msak0,msak0_401,TBY,0.7724377216346754
msak0,msak0_401,TTX,0.809561605169262
msak0,msak0_401,TTY,0.8224182740378493
msak0,msak0_401,LIX,0.8405777051448905
msak0,msak0_401,LIY,0.8689102583171011
msak0,msak0_401,ULX,0.6281290959518594
msak0,msak0_401,ULY,0.855983716850777
msak0,msak0_401,LLX,0.7683385932823379
msak0,msak0_401,LLY,0.8491923506015897
msak0,msak0_402,TDX,0.7868939853364817
msak0,msak0_402,TDY,0.814183638247016
msak0,msak0_402,TBX,0.76528558220109
msak0,msak0_402,TBY,0.5654704411109827
msak0,msak0_402,TTX,0.8494887993523887
msak0,msak0_402,TTY,0.9194401580108256
msak0,msak0_402,LIX,0.3588023243329221
msak0,msak0_402,LIY,0.9025479003742591
msak0,msak0_402,ULX,0.7233102595594115
msak0,msak0_402,ULY,0.8082534502977972
msak0,msak0_402,LLX,0.6491508174875059
msak0,msak0_402,LLY,0.8595875075567383
msak0,msak0_403,TDX,0.47398753719028264
msak0,msak0_403,TDY,0.880671312598767
msak0,msak0_403,TBX,0.5759578309200173
msak0,msak0_403,TBY,0.744364352516159
msak0,msak0_403,TTX,0.7099985345433562
msak0,msak0_403,TTY,0.5324069236116395
msak0,msak0_403,LIX,0.8121293067695565
msak0,msak0_403,LIY,0.8034980229499743
msak0,msak0_403,ULX,0.5449499806995852
msak0,msak0_403,ULY,0.7538426775152882
msak0,msak0_403,LLX,0.8889815852835754
msak0,msak0_403,LLY,0.9004942713818966
msak0,msak0_404,TDX,0.6978844579464577
msak0,msak0_404,TDY,0.9310371336134204
msak0,msak0_404,TBX,0.6755524386508764
msak0,msak0_404,TBY,0.8965690834060699
msak0,msak0_404,TTX,0.8910743103289032
msak0,msak0_404,TTY,0.8077620868727629
msak0,msak0_404,LIX,0.8103783914960703
msak0,msak0_404,LIY,0.8271477206141298
msak0,msak0_404,ULX,0.6438556569304651
msak0,msak0_404,ULY,0.8961851385662012
msak0,msak0_404,LLX,0.8292870579625692
msak0,msak0_404,LLY,0.8956958517766529
msak0,msak0_405,TDX,0.7923550278892352
msak0,msak0_405,TDY,0.8735867994817418
msak0,msak0_405,TBX,0.7788076660730893
msak0,msak0_405,TBY,0.8397062270670503
msak0,msak0_405,TTX,0.8792261571256897
msak0,msak0_405,TTY,0.7216989093264043
msak0,msak0_405,LIX,0.7308686153773554
msak0,msak0_405,LIY,0.8022062853991228
msak0,msak0_405,ULX,0.7406533072893267
msak0,msak0_405,ULY,0.8560706794880379
msak0,msak0_405,LLX,0.680327250515937
msak0,msak0_405,LLY,0.8227638814903799
msak0,msak0_406,TDX,0.6251543097754374
msak0,msak0_406,TDY,0.9077210978087034
msak0,msak0_406,TBX,0.6844351690958154
msak0,msak0_406,TBY,0.6559886187547548
msak0,msak0_406,TTX,0.8649719152123019
msak0,msak0_406,TTY,0.8876885796621622
msak0,msak0_406,LIX,0.6133508847774983
msak0,msak0_406,LIY,0.6256644310517481
msak0,msak0_406,ULX,0.8548657632408907
msak0,msak0_406,ULY,0.9149283778613456
msak0,msak0_406,LLX,0.8088618251981853
msak0,msak0_406,LLY,0.8247840001435052
msak0,msak0_407,TDX,0.8362356519384928
msak0,msak0_407,TDY,0.7396869069907658
msak0,msak0_407,TBX,0.8134211194275778
msak0,msak0_407,TBY,0.8167489590782742
msak0,msak0_407,TTX,0.9051180800853779
msak0,msak0_407,TTY,0.7748210314294866
msak0,msak0_407,LIX,0.6891486274269005
msak0,msak0_407,LIY,0.8678353390640419
msak0,msak0_407,ULX,0.8007119665889124
msak0,msak0_407,ULY,0.899197808294486
msak0,msak0_407,LLX,0.8837432036450986
msak0,msak0_407,LLY,0.7814630621636026
msak0,msak0_408,TDX,0.7999860664591225
msak0,msak0_408,TDY,0.8483394797010114
msak0,msak0_408,TBX,0.8650721651147786
msak0,msak0_408,TBY,0.7842899796082022
msak0,msak0_408,TTX,0.850469524478946
msak0,msak0_408,TTY,0.8900780956807118
msak0,msak0_408,LIX,0.7284758101094437
msak0,msak0_408,LIY,0.8447639181600993
msak0,msak0_408,ULX,0.7885441700089713
msak0,msak0_408,ULY,0.8544683587736832
msak0,msak0_408,LLX,0.7217628287448868
msak0,msak0_408,LLY,0.8807757038792915
msak0,msak0_409,TDX,0.6168802888283667
msak0,msak0_409,TDY,0.7954909982214187
msak0,msak0_409,TBX,0.4932279600186483
msak0,msak0_409,TBY,0.8108628536752824
msak0,msak0_409,TTX,0.841606038721073
msak0,msak0_409,TTY,0.8253000050623501
msak0,msak0_409,LIX,0.5620309155687004
msak0,msak0_409,LIY,0.8655409803959592
msak0,msak0_409,ULX,0.6580623579842517
msak0,msak0_409,ULY,0.9067748280494974
msak0,msak0_409,LLX,0.6168891571352002
msak0,msak0_409,LLY,0.9202932428199097
msak0,msak0_410,TDX,0.689589961796008
msak0,msak0_410,TDY,0.7832694836374751
msak0,msak0_410,TBX,0.6668741619538515
msak0,msak0_410,TBY,0.7165150938030785
msak0,msak0_410,TTX,0.817639192110538
msak0,msak0_410,TTY,0.7939815442405863
msak0,msak0_410,LIX,0.6398141838995886
msak0,msak0_410,LIY,0.875590875816321
msak0,msak0_410,ULX,0.7003826016598534
msak0,msak0_410,ULY,0.88299070473618
msak0,msak0_410,LLX,0.5665038097136662
msak0,msak0_410,LLY,0.84268392125569
msak0,msak0_411,TDX,0.6462847902815146
msak0,msak0_411,TDY,0.9369430685771754
msak0,msak0_411,TBX,0.6940693260445834
msak0,msak0_411,TBY,0.9139133196719268
msak0,msak0_411,TTX,0.8231165076123442
msak0,msak0_411,TTY,0.8421217269435509
msak0,msak0_411,LIX,0.4150672424216115
msak0,msak0_411,LIY,0.704086341605288
msak0,msak0_411,ULX,0.45854804009286054
msak0,msak0_411,ULY,0.8715413958648431
msak0,msak0_411,LLX,0.6727673430600781
msak0,msak0_411,LLY,0.8811657975992714
msak0,msak0_412,TDX,0.25663785059474703
msak0,msak0_412,TDY,0.7654568645982959
msak0,msak0_412,TBX,0.3387372541964091
msak0,msak0_412,TBY,0.7244408329795682
msak0,msak0_412,TTX,0.5880051958723199
msak0,msak0_412,TTY,0.7728967580383859
msak0,msak0_412,LIX,0.24447773866945
msak0,msak0_412,LIY,0.6900798776346131
msak0,msak0_412,ULX,0.5792809427716284
msak0,msak0_412,ULY,0.7960189358003537
msak0,msak0_412,LLX,0.6789965478480934
msak0,msak0_412,LLY,0.782134308513215
msak0,msak0_413,TDX,0.5920510200104587
msak0,msak0_413,TDY,0.7961695589350342
msak0,msak0_413,TBX,0.5680953756909258
msak0,msak0_413,TBY,0.7231356138747904
msak0,msak0_413,TTX,0.7524720585596593
msak0,msak0_413,TTY,0.6823462070394903
msak0,msak0_413,LIX,0.7819733054197692
msak0,msak0_413,LIY,0.8429099738318173
msak0,msak0_413,ULX,0.5905086861518944
msak0,msak0_413,ULY,0.8975978461500277
msak0,msak0_413,LLX,0.7565097881262485
msak0,msak0_413,LLY,0.812508082436833
msak0,msak0_414,TDX,0.554046299498104
msak0,msak0_414,TDY,0.8669143835282959
msak0,msak0_414,TBX,0.41228926660097764
msak0,msak0_414,TBY,0.8314891375861566
msak0,msak0_414,TTX,0.6579816561559996
msak0,msak0_414,TTY,0.7784586653577167
msak0,msak0_414,LIX,0.8457329655938333
msak0,msak0_414,LIY,0.8614267041436731
msak0,msak0_414,ULX,0.7459862566972385
msak0,msak0_414,ULY,0.7827462318643128
msak0,msak0_414,LLX,0.8687627015991888
msak0,msak0_414,LLY,0.8970110022694125
msak0,msak0_415,TDX,0.8157902738105259
msak0,msak0_415,TDY,0.8066595014990735
msak0,msak0_415,TBX,0.8809159325170605
msak0,msak0_415,TBY,0.8383857611517428
msak0,msak0_415,TTX,0.9345461133065845
msak0,msak0_415,TTY,0.9067774653557232
msak0,msak0_415,LIX,0.7439685169255263
msak0,msak0_415,LIY,0.9367411203560565
msak0,msak0_415,ULX,0.44657129140384494
msak0,msak0_415,ULY,0.8972150877401114
msak0,msak0_415,LLX,0.8944316753135555
msak0,msak0_415,LLY,0.9441218700381028
msak0,msak0_416,TDX,0.7170385511369799
msak0,msak0_416,TDY,0.9030057973692298
msak0,msak0_416,TBX,0.8278641229280215
msak0,msak0_416,TBY,0.7836915241265704
msak0,msak0_416,TTX,0.8866325680012677
msak0,msak0_416,TTY,0.6599375067095576
msak0,msak0_416,LIX,0.804326440279456
msak0,msak0_416,LIY,0.7579438111557357
msak0,msak0_416,ULX,0.5151336813993176
msak0,msak0_416,ULY,0.7886287519743177
msak0,msak0_416,LLX,0.8523681634564257
msak0,msak0_416,LLY,0.8270065210478188
msak0,msak0_417,TDX,0.7908259416392144
msak0,msak0_417,TDY,0.8746281307679759
msak0,msak0_417,TBX,0.8696632660042943
msak0,msak0_417,TBY,0.8352651079287245
msak0,msak0_417,TTX,0.9062955586899062
msak0,msak0_417,TTY,0.8443830463843123
msak0,msak0_417,LIX,0.7085788944578562
msak0,msak0_417,LIY,0.8379195656667344
msak0,msak0_417,ULX,0.7367703420577134
msak0,msak0_417,ULY,0.901904560633981
msak0,msak0_417,LLX,0.8629237248496089
msak0,msak0_417,LLY,0.9003278186113831
msak0,msak0_418,TDX,0.6873350169362723
msak0,msak0_418,TDY,0.8635241506018351
msak0,msak0_418,TBX,0.780481302782835
msak0,msak0_418,TBY,0.8123508913961205
msak0,msak0_418,TTX,0.8235871335450565
msak0,msak0_418,TTY,0.8060769093702239
msak0,msak0_418,LIX,0.2561745081459436
msak0,msak0_418,LIY,0.7042662096915694
msak0,msak0_418,ULX,0.6321359574927284
msak0,msak0_418,ULY,0.7725401730300524
msak0,msak0_418,LLX,0.6493928479994058
msak0,msak0_418,LLY,0.7894025436532252
msak0,msak0_419,TDX,0.4878933620004781
msak0,msak0_419,TDY,0.8245954280216631
msak0,msak0_419,TBX,0.5255611106815833
msak0,msak0_419,TBY,0.7054454742749493
msak0,msak0_419,TTX,0.548071297956995
msak0,msak0_419,TTY,0.8400309718818262
msak0,msak0_419,LIX,0.5936098691683012
msak0,msak0_419,LIY,0.6944541921144932
msak0,msak0_419,ULX,0.6958778310072395
msak0,msak0_419,ULY,0.9006930066312158
msak0,msak0_419,LLX,0.6441757866930238
msak0,msak0_419,LLY,0.8274851128950821
msak0,msak0_420,TDX,0.7763041198784222
msak0,msak0_420,TDY,0.8278813252646465
msak0,msak0_420,TBX,0.6907935728050544
msak0,msak0_420,TBY,0.8663195608578443
msak0,msak0_420,TTX,0.8158731522423477
msak0,msak0_420,TTY,0.9258335641917833
msak0,msak0_420,LIX,0.6216350402507932
msak0,msak0_420,LIY,0.8844669275631517
msak0,msak0_420,ULX,0.7442343803650531
msak0,msak0_420,ULY,0.79918960557416
msak0,msak0_420,LLX,0.5575430848549355
msak0,msak0_420,LLY,0.8902807590683858
msak0,msak0_421,TDX,0.8299540564072135
msak0,msak0_421,TDY,0.862971899127384
msak0,msak0_421,TBX,0.8502054074792502
msak0,msak0_421,TBY,0.6463624115752846
msak0,msak0_421,TTX,0.8841272604183932
msak0,msak0_421,TTY,0.8125295475483332
msak0,msak0_421,LIX,0.752478391786678
msak0,msak0_421,LIY,0.9292549994090133
msak0,msak0_421,ULX,0.4589325033653151
msak0,msak0_421,ULY,0.8123936387325871
msak0,msak0_421,LLX,0.7800584407763569
msak0,msak0_421,LLY,0.8738795809707167
msak0,msak0_422,TDX,0.800446146894749
msak0,msak0_422,TDY,0.8813217559291759
msak0,msak0_422,TBX,0.7826638147318982
msak0,msak0_422,TBY,0.7584533150057958
msak0,msak0_422,TTX,0.8458699721338054
msak0,msak0_422,TTY,0.8174877467344331
msak0,msak0_422,LIX,0.6354747537251869
msak0,msak0_422,LIY,0.8741786529825947
msak0,msak0_422,ULX,0.5723418683517578
msak0,msak0_422,ULY,0.8845212771010604
msak0,msak0_422,LLX,0.6908952563674838
msak0,msak0_422,LLY,0.9179914272954172
msak0,msak0_423,TDX,0.8710811568213369
msak0,msak0_423,TDY,0.7864417630555092
msak0,msak0_423,TBX,0.9198149034567877
msak0,msak0_423,TBY,0.6070575717217943
msak0,msak0_423,TTX,0.9523845154127677
msak0,msak0_423,TTY,0.84316205818162
msak0,msak0_423,LIX,0.7487355841025282
msak0,msak0_423,LIY,0.8781777618613609
msak0,msak0_423,ULX,0.7046168781723751
msak0,msak0_423,ULY,0.8149884484181465
msak0,msak0_423,LLX,0.7254762059400253
msak0,msak0_423,LLY,0.8926669884397229
msak0,msak0_424,TDX,0.7272623031627936
msak0,msak0_424,TDY,0.8828707664805212
msak0,msak0_424,TBX,0.8323363306400829
msak0,msak0_424,TBY,0.884135989706868
msak0,msak0_424,TTX,0.8839923167323558
msak0,msak0_424,TTY,0.8380020863965826
msak0,msak0_424,LIX,0.8526880452947949
msak0,msak0_424,LIY,0.7838475180017672
msak0,msak0_424,ULX,0.7111275821993776
msak0,msak0_424,ULY,0.6824843115274353
msak0,msak0_424,LLX,0.8204698114383225
msak0,msak0_424,LLY,0.877542590899862
msak0,msak0_425,TDX,0.8818805955143605
msak0,msak0_425,TDY,0.9058375894249316
msak0,msak0_425,TBX,0.7519147817410519
msak0,msak0_425,TBY,0.6307401699324257
msak0,msak0_425,TTX,0.7645710010293766
msak0,msak0_425,TTY,0.7820555025990064
msak0,msak0_425,LIX,0.8113362266096079
msak0,msak0_425,LIY,0.8561016914945059
msak0,msak0_425,ULX,0.5735019232880982
msak0,msak0_425,ULY,0.6706106906021417
msak0,msak0_425,LLX,0.8344528911531686
msak0,msak0_425,LLY,0.8407508091732924
msak0,msak0_426,TDX,0.813806427456768
msak0,msak0_426,TDY,0.8813740468940906
msak0,msak0_426,TBX,0.8822556271531087
msak0,msak0_426,TBY,0.7685846270866931
msak0,msak0_426,TTX,0.8988092121255581
msak0,msak0_426,TTY,0.8621641159196508
msak0,msak0_426,LIX,0.7417754916776429
msak0,msak0_426,LIY,0.8492455599061555
msak0,msak0_426,ULX,0.8020428292054546
msak0,msak0_426,ULY,0.9258036937214176
msak0,msak0_426,LLX,0.7967353760161101
msak0,msak0_426,LLY,0.912182892626723
msak0,msak0_427,TDX,0.7461766374925403
msak0,msak0_427,TDY,0.731903858007248
msak0,msak0_427,TBX,0.7837604492577535
msak0,msak0_427,TBY,0.7845207716064658
msak0,msak0_427,TTX,0.8492755278585653
msak0,msak0_427,TTY,0.7145395706732784
msak0,msak0_427,LIX,0.8260436585903675
msak0,msak0_427,LIY,0.6810172223127835
msak0,msak0_427,ULX,0.5144923153128996
msak0,msak0_427,ULY,0.8811650232066855
msak0,msak0_427,LLX,0.7722724429982689
msak0,msak0_427,LLY,0.8395543993643599
msak0,msak0_428,TDX,0.8068303117672216
msak0,msak0_428,TDY,0.9235374988811336
msak0,msak0_428,TBX,0.8321042471116565
msak0,msak0_428,TBY,0.9072551842987682
msak0,msak0_428,TTX,0.8385316177905126
msak0,msak0_428,TTY,0.7698989276652889
msak0,msak0_428,LIX,0.8881493670082039
msak0,msak0_428,LIY,0.820918018296364
msak0,msak0_428,ULX,0.6040022049407551
msak0,msak0_428,ULY,0.8352701800709131
msak0,msak0_428,LLX,0.907193930654376
msak0,msak0_428,LLY,0.9186087705210704
msak0,msak0_429,TDX,0.7985441936209947
msak0,msak0_429,TDY,0.8832280946154959
msak0,msak0_429,TBX,0.8037946273360175
msak0,msak0_429,TBY,0.9080444441805656
msak0,msak0_429,TTX,0.8904994363813666
msak0,msak0_429,TTY,0.8366608982843563
msak0,msak0_429,LIX,0.7878738793433718
msak0,msak0_429,LIY,0.7792862236649535
msak0,msak0_429,ULX,0.6979887165060434
msak0,msak0_429,ULY,0.7740885798120538
msak0,msak0_429,LLX,0.7260046147540369
msak0,msak0_429,LLY,0.8632805704317358
msak0,msak0_430,TDX,0.6458802963432276
msak0,msak0_430,TDY,0.7773227078555324
msak0,msak0_430,TBX,0.8363982949831159
msak0,msak0_430,TBY,0.7094098853147416
msak0,msak0_430,TTX,0.848278484010283
msak0,msak0_430,TTY,0.5862082353526027
msak0,msak0_430,LIX,0.7673803433291565
msak0,msak0_430,LIY,0.8323670123505308
msak0,msak0_430,ULX,0.6431122165218235
msak0,msak0_430,ULY,0.8760401750244544
msak0,msak0_430,LLX,0.6057813010363684
msak0,msak0_430,LLY,0.8761886426947701
msak0,msak0_431,TDX,0.743653013452297
msak0,msak0_431,TDY,0.9206589717208593
msak0,msak0_431,TBX,0.7776877172438059
msak0,msak0_431,TBY,0.8629785867982569
msak0,msak0_431,TTX,0.8262745927390229
msak0,msak0_431,TTY,0.8887058065667919
msak0,msak0_431,LIX,0.8321730142485653
msak0,msak0_431,LIY,0.8785689484200807
msak0,msak0_431,ULX,0.7562162710584892
msak0,msak0_431,ULY,0.8380170701859582
msak0,msak0_431,LLX,0.8937665100644633
msak0,msak0_431,LLY,0.8999498484376346
msak0,msak0_432,TDX,0.3144100799282299
msak0,msak0_432,TDY,0.9199193171068037
msak0,msak0_432,TBX,0.32710195022737026
msak0,msak0_432,TBY,0.8714768062068657
msak0,msak0_432,TTX,0.6621885965699403
msak0,msak0_432,TTY,0.6867261836189996
msak0,msak0_432,LIX,0.8450961102413755
msak0,msak0_432,LIY,0.8412401946916575
msak0,msak0_432,ULX,0.8512686721394401
msak0,msak0_432,ULY,0.8079455188635634
msak0,msak0_432,LLX,0.8849717500324635
msak0,msak0_432,LLY,0.7694130663378683
msak0,msak0_433,TDX,0.7495279062156402
msak0,msak0_433,TDY,0.8141968270054206
msak0,msak0_433,TBX,0.7078860159783541
msak0,msak0_433,TBY,0.8490288252799336
msak0,msak0_433,TTX,0.7524659423981088
msak0,msak0_433,TTY,0.8414951480115287
msak0,msak0_433,LIX,0.815657918091924
msak0,msak0_433,LIY,0.9137426876314886
msak0,msak0_433,ULX,0.5543500036473368
msak0,msak0_433,ULY,0.8417577655338219
msak0,msak0_433,LLX,0.8226469261044702
msak0,msak0_433,LLY,0.8547665167947937
msak0,msak0_434,TDX,0.8141333096134477
msak0,msak0_434,TDY,0.8333987126272384
msak0,msak0_434,TBX,0.8123170914120147
msak0,msak0_434,TBY,0.7233874104917749
msak0,msak0_434,TTX,0.8484060582775538
msak0,msak0_434,TTY,0.8383686073362315
msak0,msak0_434,LIX,0.7461712483592147
msak0,msak0_434,LIY,0.7781930333500173
msak0,msak0_434,ULX,0.5032438456726701
msak0,msak0_434,ULY,0.8174254406379132
msak0,msak0_434,LLX,0.9076889765857079
msak0,msak0_434,LLY,0.9106041084302446
msak0,msak0_435,TDX,0.5283844821957875
msak0,msak0_435,TDY,0.909826151265899
msak0,msak0_435,TBX,0.5469590016909915
msak0,msak0_435,TBY,0.8597844963860544
msak0,msak0_435,TTX,0.5290065847372256
msak0,msak0_435,TTY,0.757043250005932
msak0,msak0_435,LIX,0.6057652393991755
msak0,msak0_435,LIY,0.7520108629431935
msak0,msak0_435,ULX,0.7035605653920322
msak0,msak0_435,ULY,0.7966340852611185
msak0,msak0_435,LLX,0.6699170601508583
msak0,msak0_435,LLY,0.9004206037508415
msak0,msak0_436,TDX,0.5975716355976335
msak0,msak0_436,TDY,0.9158931425869664
msak0,msak0_436,TBX,0.7001529782375355
msak0,msak0_436,TBY,0.9261029833806681
msak0,msak0_436,TTX,0.624680695383339
msak0,msak0_436,TTY,0.905120426256088
msak0,msak0_436,LIX,0.5870804203747612
msak0,msak0_436,LIY,0.7229621830725566
msak0,msak0_436,ULX,0.24195115003645315
msak0,msak0_436,ULY,0.8151632270198236
msak0,msak0_436,LLX,0.5445909424732461
msak0,msak0_436,LLY,0.8175366013241039
msak0,msak0_437,TDX,0.7270183457539954
msak0,msak0_437,TDY,0.8398713984461468
msak0,msak0_437,TBX,0.7486107327849014
msak0,msak0_437,TBY,0.8828983227141398
msak0,msak0_437,TTX,0.7998008779052794
msak0,msak0_437,TTY,0.7946345429961835
msak0,msak0_437,LIX,0.7264001140611396
msak0,msak0_437,LIY,0.8133088424411563
msak0,msak0_437,ULX,0.8060865322568879
msak0,msak0_437,ULY,0.8921582024857834
msak0,msak0_437,LLX,0.7943510563109168
msak0,msak0_437,LLY,0.8638993585510556
msak0,msak0_438,TDX,0.6877164828998572
msak0,msak0_438,TDY,0.9061495370840826
msak0,msak0_438,TBX,0.6715302751823504
msak0,msak0_438,TBY,0.920257748245463
msak0,msak0_438,TTX,0.7786907560986409
msak0,msak0_438,TTY,0.8757418100218743
msak0,msak0_438,LIX,0.7786478851224224
msak0,msak0_438,LIY,0.7291089094343098
msak0,msak0_438,ULX,0.7295748484119163
msak0,msak0_438,ULY,0.725436110607775
msak0,msak0_438,LLX,0.7384567519344869
msak0,msak0_438,LLY,0.7852633539731739
msak0,msak0_439,TDX,0.734982520697583
msak0,msak0_439,TDY,0.81886933631014
msak0,msak0_439,TBX,0.7394792963923685
msak0,msak0_439,TBY,0.8271161424438216
msak0,msak0_439,TTX,0.8016575364534673
msak0,msak0_439,TTY,0.8297308378259288
msak0,msak0_439,LIX,0.8208642169557292
msak0,msak0_439,LIY,0.9079315908381349
msak0,msak0_439,ULX,0.5873030932874154
msak0,msak0_439,ULY,0.762946683222143
msak0,msak0_439,LLX,0.7407507763264934
msak0,msak0_439,LLY,0.8699401565595405
msak0,msak0_440,TDX,0.7877422268855921
msak0,msak0_440,TDY,0.7880804834089246
msak0,msak0_440,TBX,0.8543839213244807
msak0,msak0_440,TBY,0.8091492141908924
msak0,msak0_440,TTX,0.9285989757667689
msak0,msak0_440,TTY,0.8812318820443124
msak0,msak0_440,LIX,0.6200621261316559
msak0,msak0_440,LIY,0.8678065470359784
msak0,msak0_440,ULX,0.5560941894357564
msak0,msak0_440,ULY,0.9044489441048661
msak0,msak0_440,LLX,0.8045125939351043
msak0,msak0_440,LLY,0.8770981368869197
msak0,msak0_441,TDX,0.7869312297897977
msak0,msak0_441,TDY,0.8729010974217473
msak0,msak0_441,TBX,0.8534457807690953
msak0,msak0_441,TBY,0.8357345466051227
msak0,msak0_441,TTX,0.8736723358839834
msak0,msak0_441,TTY,0.8112416271824218
msak0,msak0_441,LIX,0.7962084359821138
msak0,msak0_441,LIY,0.8396944802588613
msak0,msak0_441,ULX,0.8382420357791597
msak0,msak0_441,ULY,0.7498370389208899
msak0,msak0_441,LLX,0.7771062560855081
msak0,msak0_441,LLY,0.8895388721145491
msak0,msak0_442,TDX,0.8360666923032292
msak0,msak0_442,TDY,0.8926896060644511
msak0,msak0_442,TBX,0.842156120321132
msak0,msak0_442,TBY,0.8963753552814329
msak0,msak0_442,TTX,0.8729242728935029
msak0,msak0_442,TTY,0.8584942024238623
msak0,msak0_442,LIX,0.8569313229364534
msak0,msak0_442,LIY,0.881538961520356
msak0,msak0_442,ULX,0.7310998919340803
msak0,msak0_442,ULY,0.7670806991492748
msak0,msak0_442,LLX,0.7531376503955033
msak0,msak0_442,LLY,0.8382788405258628
msak0,msak0_443,TDX,0.39698203665740556
msak0,msak0_443,TDY,0.9218499739593383
msak0,msak0_443,TBX,0.6326199367377471
msak0,msak0_443,TBY,0.8802946877401006
msak0,msak0_443,TTX,0.762221089287883
msak0,msak0_443,TTY,0.7828880505946312
msak0,msak0_443,LIX,0.9242863652031061
msak0,msak0_443,LIY,0.8074556358569267
msak0,msak0_443,ULX,0.47365545319405
msak0,msak0_443,ULY,0.9137421851901552
msak0,msak0_443,LLX,0.8880902106127346
msak0,msak0_443,LLY,0.7295913341004371
msak0,msak0_444,TDX,0.7801593989285446
msak0,msak0_444,TDY,0.8496496350324032
msak0,msak0_444,TBX,0.7876938949276823
msak0,msak0_444,TBY,0.790594716109271
msak0,msak0_444,TTX,0.8830982933443539
msak0,msak0_444,TTY,0.6709262310109982
msak0,msak0_444,LIX,0.6479323588113722
msak0,msak0_444,LIY,0.787161181070156
msak0,msak0_444,ULX,0.5015877486014018
msak0,msak0_444,ULY,0.7868664003721477
msak0,msak0_444,LLX,0.5441803496413652
msak0,msak0_444,LLY,0.8484876838332231
msak0,msak0_445,TDX,0.8348948528688429
msak0,msak0_445,TDY,0.7553341661450959
msak0,msak0_445,TBX,0.7823571055422354
msak0,msak0_445,TBY,0.7430622667762445
msak0,msak0_445,TTX,0.8045007092032161
msak0,msak0_445,TTY,0.8300014598008779
msak0,msak0_445,LIX,0.74115347637528
msak0,msak0_445,LIY,0.7976605703561463
msak0,msak0_445,ULX,0.6958566907697205
msak0,msak0_445,ULY,0.7760306601047076
msak0,msak0_445,LLX,0.804004143931912
msak0,msak0_445,LLY,0.842687341435866
msak0,msak0_446,TDX,0.7790729517299663
msak0,msak0_446,TDY,0.8101486142886914
msak0,msak0_446,TBX,0.8393949940551849
msak0,msak0_446,TBY,0.5823650834219304
msak0,msak0_446,TTX,0.8623264913238865
msak0,msak0_446,TTY,0.659466268010178
msak0,msak0_446,LIX,0.7495533672772361
msak0,msak0_446,LIY,0.7193984507920596
msak0,msak0_446,ULX,0.8181026194383155
msak0,msak0_446,ULY,0.8513695323244748
msak0,msak0_446,LLX,0.8345075117620241
msak0,msak0_446,LLY,0.8839262322930063
msak0,msak0_447,TDX,0.7954809565981332
msak0,msak0_447,TDY,0.8396915856998477
msak0,msak0_447,TBX,0.8796934299890192
msak0,msak0_447,TBY,0.6991717461177984
msak0,msak0_447,TTX,0.910573880765683
msak0,msak0_447,TTY,0.7826004641507955
msak0,msak0_447,LIX,0.6426108645410787
msak0,msak0_447,LIY,0.7674187979847342
msak0,msak0_447,ULX,0.2894857683012759
msak0,msak0_447,ULY,0.8008521748378183
msak0,msak0_447,LLX,0.7325121382275627
msak0,msak0_447,LLY,0.9105365946103945
msak0,msak0_448,TDX,0.49509462240507657
msak0,msak0_448,TDY,0.7726357892634901
msak0,msak0_448,TBX,0.6698701579457407
msak0,msak0_448,TBY,0.7383308732901558
msak0,msak0_448,TTX,0.6292926021382392
msak0,msak0_448,TTY,0.5828639220987072
msak0,msak0_448,LIX,0.7401256459129208
msak0,msak0_448,LIY,0.751557751398512
msak0,msak0_448,ULX,0.6694780663301622
msak0,msak0_448,ULY,0.7827688071439128
msak0,msak0_448,LLX,0.7456107998490931
msak0,msak0_448,LLY,0.8719258157877275
msak0,msak0_449,TDX,0.479622487406339
msak0,msak0_449,TDY,0.8414774005374378
msak0,msak0_449,TBX,0.5777084277323631
msak0,msak0_449,TBY,0.512884992033219
msak0,msak0_449,TTX,0.7499480470605174
msak0,msak0_449,TTY,0.7989669932327762
msak0,msak0_449,LIX,0.6928431519143142
msak0,msak0_449,LIY,0.8682090408336555
msak0,msak0_449,ULX,0.6037637273747993
msak0,msak0_449,ULY,0.8259672347075193
msak0,msak0_449,LLX,0.8911361519072158
msak0,msak0_449,LLY,0.9270724630887807
msak0,msak0_450,TDX,0.7784900936129008
msak0,msak0_450,TDY,0.8802808348517462
msak0,msak0_450,TBX,0.8494009622260723
msak0,msak0_450,TBY,0.8217873886154509
msak0,msak0_450,TTX,0.893816501094263
msak0,msak0_450,TTY,0.8762768023447104
msak0,msak0_450,LIX,0.7144247959617788
msak0,msak0_450,LIY,0.8408412843979448
msak0,msak0_450,ULX,0.6373508872593904
msak0,msak0_450,ULY,0.7259004693940224
msak0,msak0_450,LLX,0.745261508055684
msak0,msak0_450,LLY,0.8560964129439709
msak0,msak0_451,TDX,0.6796498635841762
msak0,msak0_451,TDY,0.8434270800154974
msak0,msak0_451,TBX,0.7796782287400204
msak0,msak0_451,TBY,0.7189019356245681
msak0,msak0_451,TTX,0.874612119335765
msak0,msak0_451,TTY,0.7780820345004972
msak0,msak0_451,LIX,0.7683996483176007
msak0,msak0_451,LIY,0.8378300804048726
msak0,msak0_451,ULX,0.5831492481461962
msak0,msak0_451,ULY,0.7079226057612459
msak0,msak0_451,LLX,0.8698137674553585
msak0,msak0_451,LLY,0.8987599075042337
msak0,msak0_452,TDX,0.7671406771981852
msak0,msak0_452,TDY,0.9026942402237473
msak0,msak0_452,TBX,0.8961514177001179
msak0,msak0_452,TBY,0.8125534546086296
msak0,msak0_452,TTX,0.8554297309326047
msak0,msak0_452,TTY,0.7349077181394262
msak0,msak0_452,LIX,0.5344336430955982
msak0,msak0_452,LIY,0.8409300944425817
msak0,msak0_452,ULX,0.6428117967051874
msak0,msak0_452,ULY,0.7926537850076338
msak0,msak0_452,LLX,0.832983287335249
msak0,msak0_452,LLY,0.85682333921891
msak0,msak0_453,TDX,0.7791949270679664
msak0,msak0_453,TDY,0.8361759084774629
msak0,msak0_453,TBX,0.756716918592888
msak0,msak0_453,TBY,0.8597057841265288
msak0,msak0_453,TTX,0.7953995678008762
msak0,msak0_453,TTY,0.6998925629786785
msak0,msak0_453,LIX,0.8877481979193648
msak0,msak0_453,LIY,0.9001679402024695
msak0,msak0_453,ULX,0.49946285582632677
msak0,msak0_453,ULY,0.8775727597188642
msak0,msak0_453,LLX,0.7449135581619151
msak0,msak0_453,LLY,0.8537709180519351
msak0,msak0_454,TDX,0.6533524380644837
msak0,msak0_454,TDY,0.6633290009874125
msak0,msak0_454,TBX,0.7885744822347195
msak0,msak0_454,TBY,0.79509522620881
msak0,msak0_454,TTX,0.8556991659253991
msak0,msak0_454,TTY,0.7790626597068009
msak0,msak0_454,LIX,0.6265757571092541
msak0,msak0_454,LIY,0.719215172942878
msak0,msak0_454,ULX,0.5117343438811092
msak0,msak0_454,ULY,0.8630539179040586
msak0,msak0_454,LLX,0.6284621667786188
msak0,msak0_454,LLY,0.7730288729882087
msak0,msak0_455,TDX,0.8260981323408149
msak0,msak0_455,TDY,0.7580918258277872
msak0,msak0_455,TBX,0.892256174539035
msak0,msak0_455,TBY,0.21281561122563183
msak0,msak0_455,TTX,0.9220111934399826
msak0,msak0_455,TTY,0.7074445048654596
msak0,msak0_455,LIX,0.23864714109381668
msak0,msak0_455,LIY,0.8896687271529393
msak0,msak0_455,ULX,0.5251030959512922
msak0,msak0_455,ULY,0.8047450690667006
msak0,msak0_455,LLX,0.7293946840933402
msak0,msak0_455,LLY,0.9292400597344109
msak0,msak0_456,TDX,0.7438886068844848
msak0,msak0_456,TDY,0.6278257124346271
msak0,msak0_456,TBX,0.815436008651285
msak0,msak0_456,TBY,0.6549702983297271
msak0,msak0_456,TTX,0.883886020036382
msak0,msak0_456,TTY,0.7710435691042351
msak0,msak0_456,LIX,0.4966777181043106
msak0,msak0_456,LIY,0.8549163153887189
msak0,msak0_456,ULX,0.577987550771367
msak0,msak0_456,ULY,0.8793510169111121
msak0,msak0_456,LLX,0.7514309535895339
msak0,msak0_456,LLY,0.8804913809092938
msak0,msak0_457,TDX,0.8958476764197724
msak0,msak0_457,TDY,0.8717987242062771
msak0,msak0_457,TBX,0.8975984184909266
msak0,msak0_457,TBY,0.7659216203869238
msak0,msak0_457,TTX,0.907064460745307
msak0,msak0_457,TTY,0.7313845365415433
msak0,msak0_457,LIX,0.7647255570074388
msak0,msak0_457,LIY,0.9231951948842771
msak0,msak0_457,ULX,0.8664302085003509
msak0,msak0_457,ULY,0.8746990578751668
msak0,msak0_457,LLX,0.8614646036607102
msak0,msak0_457,LLY,0.8199554089458218
msak0,msak0_458,TDX,0.8121457034017876
msak0,msak0_458,TDY,0.7597167778633438
msak0,msak0_458,TBX,0.8888493816349352
msak0,msak0_458,TBY,0.7789272206076323
msak0,msak0_458,TTX,0.9271724695325599
msak0,msak0_458,TTY,0.7148545814744938
msak0,msak0_458,LIX,0.834941811283976
msak0,msak0_458,LIY,0.7313750910553518
msak0,msak0_458,ULX,0.6438046676600245
msak0,msak0_458,ULY,0.8835230023624121
msak0,msak0_458,LLX,0.7823555612002454
msak0,msak0_458,LLY,0.9195595366804379
msak0,msak0_459,TDX,0.2912858255819639
msak0,msak0_459,TDY,0.8208321244313939
msak0,msak0_459,TBX,0.37028596444684847
msak0,msak0_459,TBY,0.7967660719679551
msak0,msak0_459,TTX,0.42928004450051593
msak0,msak0_459,TTY,0.45699430831066296
msak0,msak0_459,LIX,0.7433888269763047
msak0,msak0_459,LIY,0.7083483512535007
msak0,msak0_459,ULX,0.5558685800696412
msak0,msak0_459,ULY,0.8777314276929687
msak0,msak0_459,LLX,0.6322457441658456
msak0,msak0_459,LLY,0.8997276179419043
msak0,msak0_460,TDX,0.75601597087588
msak0,msak0_460,TDY,0.8536449706944631
msak0,msak0_460,TBX,0.8667283555056946
msak0,msak0_460,TBY,0.7662377890555232
msak0,msak0_460,TTX,0.9284678964372775
msak0,msak0_460,TTY,0.7995253179555843
msak0,msak0_460,LIX,0.6392390140805279
msak0,msak0_460,LIY,0.8646591888810182
msak0,msak0_460,ULX,0.8550513914251343
msak0,msak0_460,ULY,0.8412065530531356
msak0,msak0_460,LLX,0.8547020951539223
msak0,msak0_460,LLY,0.8552537795739723
maps0,maps0_001,TDX,0.8863853813957454
maps0,maps0_001,TDY,0.8873593920470443
maps0,maps0_001,TBX,0.8414025290348429
maps0,maps0_001,TBY,0.8772690676661185
maps0,maps0_001,TTX,0.8415230662754328
maps0,maps0_001,TTY,0.39366749231390535
maps0,maps0_001,LIX,0.6672314176319069
maps0,maps0_001,LIY,0.7390816477996014
maps0,maps0_001,ULX,0.6535334614984935
maps0,maps0_001,ULY,0.575688446919079
maps0,maps0_001,LLX,-0.5170552996171227
maps0,maps0_001,LLY,0.730429534203732
maps0,maps0_002,TDX,0.45275026359887993
maps0,maps0_002,TDY,0.8891529270409521
maps0,maps0_002,TBX,0.33342601980143555
maps0,maps0_002,TBY,0.9043996228589364
maps0,maps0_002,TTX,-0.2316500976865031
maps0,maps0_002,TTY,0.4493809177439037
maps0,maps0_002,LIX,0.8771192065690817
maps0,maps0_002,LIY,0.8099512974013878
maps0,maps0_002,ULX,0.657554211916016
maps0,maps0_002,ULY,0.3140147924565769
maps0,maps0_002,LLX,-0.1716090984773687
maps0,maps0_002,LLY,0.7857176848477373
maps0,maps0_003,TDX,0.8960616087600489
maps0,maps0_003,TDY,0.8188771983339718
maps0,maps0_003,TBX,0.8816130301948989
maps0,maps0_003,TBY,0.9154840836637093
maps0,maps0_003,TTX,0.7150552573984357
maps0,maps0_003,TTY,0.6187656235416262
maps0,maps0_003,LIX,0.6120260555736069
maps0,maps0_003,LIY,0.6333366158779854
maps0,maps0_003,ULX,0.8253570216581564
maps0,maps0_003,ULY,0.2583631897662743
maps0,maps0_003,LLX,-0.7465213335504836
maps0,maps0_003,LLY,0.8120631309543713
maps0,maps0_004,TDX,0.5355139438640475
maps0,maps0_004,TDY,0.941559404071452
maps0,maps0_004,TBX,0.6096984754593614
maps0,maps0_004,TBY,0.8951313968800163
maps0,maps0_004,TTX,0.28145900859478434
maps0,maps0_004,TTY,0.7997206838700405
maps0,maps0_004,LIX,0.5188278509649644
maps0,maps0_004,LIY,0.5970205065197616
maps0,maps0_004,ULX,0.7966278966599619
maps0,maps0_004,ULY,0.6405071900801204
maps0,maps0_004,LLX,-0.32035832335830167
maps0,maps0_004,LLY,0.8696325757667525
maps0,maps0_005,TDX,0.3678906558459547
maps0,maps0_005,TDY,0.9336845803048939
maps0,maps0_005,TBX,0.5237095049702111
maps0,maps0_005,TBY,0.9296576636262083
maps0,maps0_005,TTX,0.18475695626984898
maps0,maps0_005,TTY,0.819840550303359
maps0,maps0_005,LIX,0.8994970818219851
maps0,maps0_005,LIY,0.9317224509155497
maps0,maps0_005,ULX,0.3709546646300574
maps0,maps0_005,ULY,0.951204017756551
maps0,maps0_005,LLX,-0.07824542792150943
maps0,maps0_005,LLY,0.9308526296933447
maps0,maps0_006,TDX,0.8219943823410846
maps0,maps0_006,TDY,0.8814252187934837
maps0,maps0_006,TBX,0.8701807576788643
maps0,maps0_006,TBY,0.7556095402781683
maps0,maps0_006,TTX,0.7775941622583828
maps0,maps0_006,TTY,0.5743484451156053
maps0,maps0_006,LIX,0.7752341348982702
maps0,maps0_006,LIY,0.797726560555707
maps0,maps0_006,ULX,0.6146737508914882
maps0,maps0_006,ULY,0.6425739504832495
maps0,maps0_006,LLX,-0.12280461356651308
maps0,maps0_006,LLY,0.710952499143375
maps0,maps0_007,TDX,0.7086375125622003
maps0,maps0_007,TDY,0.8591955156768417
maps0,maps0_007,TBX,0.6877435281576437
maps0,maps0_007,TBY,0.8293839631567256
maps0,maps0_007,TTX,0.2300757363861187
maps0,maps0_007,TTY,0.501659159005278
maps0,maps0_007,LIX,0.7676128370629391
maps0,maps0_007,LIY,0.8401653166505334
maps0,maps0_007,ULX,0.1718654207110152
maps0,maps0_007,ULY,0.6775473656986054
maps0,maps0_007,LLX,-0.15600429907129654
maps0,maps0_007,LLY,0.7027509754328631
maps0,maps0_008,TDX,0.8508844502952311
maps0,maps0_008,TDY,0.8650527148771124
maps0,maps0_008,TBX,0.8089452868912259
maps0,maps0_008,TBY,0.8920930629491808
maps0,maps0_008,TTX,0.6975747381815283
maps0,maps0_008,TTY,0.8632611382836753
maps0,maps0_008,LIX,0.839308760678545
maps0,maps0_008,LIY,0.8520768883774669
maps0,maps0_008,ULX,0.7226381137006852
maps0,maps0_008,ULY,0.7093358904309051
maps0,maps0_008,LLX,-0.15442133167255853
maps0,maps0_008,LLY,0.9133164120671101
maps0,maps0_009,TDX,0.9112334312870595
maps0,maps0_009,TDY,0.8622629511275559
maps0,maps0_009,TBX,0.9101313234183861
maps0,maps0_009,TBY,0.918909797514293
maps0,maps0_009,TTX,0.9305977511471639
maps0,maps0_009,TTY,0.8784693546237056
maps0,maps0_009,LIX,0.8381535470904823
maps0,maps0_009,LIY,0.915775998779226
maps0,maps0_009,ULX,0.8345575163024118
maps0,maps0_009,ULY,0.29496864929314237
maps0,maps0_009,LLX,0.14813978278547335
maps0,maps0_009,LLY,0.9277771847118526
maps0,maps0_010,TDX,0.9074710794365167
maps0,maps0_010,TDY,0.9125703551197808
maps0,maps0_010,TBX,0.9133054010007794
maps0,maps0_010,TBY,0.8669515848628095
maps0,maps0_010,TTX,0.8916054101550207
maps0,maps0_010,TTY,0.8221790787923298
maps0,maps0_010,LIX,0.738078300097978
maps0,maps0_010,LIY,0.7850513544884696
maps0,maps0_010,ULX,0.847880107424152
maps0,maps0_010,ULY,0.531712778275384
maps0,maps0_010,LLX,-0.3956816220305686
maps0,maps0_010,LLY,0.602916267989296
maps0,maps0_011,TDX,0.9269287129996459
maps0,maps0_011,TDY,0.9266029863624745
maps0,maps0_011,TBX,0.9185877859832069
maps0,maps0_011,TBY,0.9435056288219762
maps0,maps0_011,TTX,0.8556036528725047
maps0,maps0_011,TTY,0.7717699152380592
maps0,maps0_011,LIX,0.04478046875831109
maps0,maps0_011,LIY,0.6128385076118082
maps0,maps0_011,ULX,0.7148297553245861
maps0,maps0_011,ULY,0.49460550522019
maps0,maps0_011,LLX,-0.6268195496164727
maps0,maps0_011,LLY,0.9460880646575789
maps0,maps0_012,TDX,0.9025061339394047
maps0,maps0_012,TDY,0.8897166071128072
maps0,maps0_012,TBX,0.8968060894271486
maps0,maps0_012,TBY,0.7795808788778431
maps0,maps0_012,TTX,0.8983619845541546
maps0,maps0_012,TTY,0.831247269310002
maps0,maps0_012,LIX,0.6906120850175023
maps0,maps0_012,LIY,0.7018834151635628
maps0,maps0_012,ULX,0.8628127983406143
maps0,maps0_012,ULY,0.8265388086575552
maps0,maps0_012,LLX,-0.6714415907980501
maps0,maps0_012,LLY,0.9389916577516968
maps0,maps0_013,TDX,0.861006044801376
maps0,maps0_013,TDY,0.9535550065592532
maps0,maps0_013,TBX,0.8568072040023785
maps0,maps0_013,TBY,0.8977534609167184
maps0,maps0_013,TTX,0.7299491907416519
maps0,maps0_013,TTY,0.8964937821455083
maps0,maps0_013,LIX,0.830961990159846
maps0,maps0_013,LIY,0.9233105544294429
maps0,maps0_013,ULX,0.812173340147581
maps0,maps0_013,ULY,0.7587768285780159
maps0,maps0_013,LLX,0.2774078324691945
maps0,maps0_013,LLY,0.8415860986060324
maps0,maps0_014,TDX,0.8217522774991927
maps0,maps0_014,TDY,0.9295998635449071
maps0,maps0_014,TBX,0.7576508742212359
maps0,maps0_014,TBY,0.9105513191843514
maps0,maps0_014,TTX,0.7539030639242545
maps0,maps0_014,TTY,0.849614807783625
maps0,maps0_014,LIX,0.4127006144461608
maps0,maps0_014,LIY,0.6909129663832708
maps0,maps0_014,ULX,0.7611767587922806
maps0,maps0_014,ULY,0.344954429773757
maps0,maps0_014,LLX,-0.5928685135663646
maps0,maps0_014,LLY,0.7518521520194122
maps0,maps0_015,TDX,0.8018448746073507
maps0,maps0_015,TDY,0.9148278516555362
maps0,maps0_015,TBX,0.8029550568058852
maps0,maps0_015,TBY,0.9372051185931144
maps0,maps0_015,TTX,0.6747621585841255
maps0,maps0_015,TTY,0.8812545065554914
maps0,maps0_015,LIX,0.3247022186436842
maps0,maps0_015,LIY,0.8390577427336849
maps0,maps0_015,ULX,0.44096784251589777
maps0,maps0_015,ULY,0.6606945489382312
maps0,maps0_015,LLX,-0.40631246271690485
maps0,maps0_015,LLY,0.8722985524734649
maps0,maps0_016,TDX,0.8898315807940588
maps0,maps0_016,TDY,0.8726842894577275
maps0,maps0_016,TBX,0.7834361374284089
maps0,maps0_016,TBY,0.7239919438319655
maps0,maps0_016,TTX,0.7068546369633741
maps0,maps0_016,TTY,0.865758390715593
maps0,maps0_016,LIX,0.5583602624634049
maps0,maps0_016,LIY,0.6459582766538982
maps0,maps0_016,ULX,0.8834990251207848
maps0,maps0_016,ULY,0.33427408454569596
maps0,maps0_016,LLX,-0.5960810846793986
maps0,maps0_016,LLY,0.9327533370288686
maps0,maps0_017,TDX,0.612419191263252
maps0,maps0_017,TDY,0.9254501372814498
maps0,maps0_017,TBX,0.5920769118052707
maps0,maps0_017,TBY,0.9380599476105062
maps0,maps0_017,TTX,0.21895904435346733
maps0,maps0_017,TTY,0.7851002016171804
maps0,maps0_017,LIX,0.7905829240673721
maps0,maps0_017,LIY,0.8612012311156292
maps0,maps0_017,ULX,0.3393770327446011
maps0,maps0_017,ULY,0.8342926078097728
maps0,maps0_017,LLX,-0.3069645514172425
maps0,maps0_017,LLY,0.9094344283272718
maps0,maps0_018,TDX,0.7912765278190564
maps0,maps0_018,TDY,0.8592817153598429
maps0,maps0_018,TBX,0.5904497862219537
maps0,maps0_018,TBY,0.8129728357119448
maps0,maps0_018,TTX,0.3623506487155537
maps0,maps0_018,TTY,0.8347137933622184
maps0,maps0_018,LIX,0.7393002291978059
maps0,maps0_018,LIY,0.8718075554770752
maps0,maps0_018,ULX,0.5650372224000219
maps0,maps0_018,ULY,0.44313631868682185
maps0,maps0_018,LLX,-0.14910657816474646
maps0,maps0_018,LLY,0.9225627963700548
maps0,maps0_019,TDX,0.3273693770977825
maps0,maps0_019,TDY,0.9011582028366365
maps0,maps0_019,TBX,0.4573000622877789
maps0,maps0_019,TBY,0.957252748445554
maps0,maps0_019,TTX,0.4806467884669921
maps0,maps0_019,TTY,0.8791318434292901
maps0,maps0_019,LIX,0.6291336298477939
maps0,maps0_019,LIY,0.8284393361475297
maps0,maps0_019,ULX,0.3703365553004856
maps0,maps0_019,ULY,0.7758886377351578
maps0,maps0_019,LLX,-0.5858833010387331
maps0,maps0_019,LLY,0.864365866474878
maps0,maps0_020,TDX,0.7615087559494476
maps0,maps0_020,TDY,0.8116792539051887
maps0,maps0_020,TBX,0.6843956921912504
maps0,maps0_020,TBY,0.906873926075669
maps0,maps0_020,TTX,0.7252239956101537
maps0,maps0_020,TTY,0.9315256245534766
maps0,maps0_020,LIX,0.3485879815483226
maps0,maps0_020,LIY,0.5131464423841214
maps0,maps0_020,ULX,0.7889439630641434
maps0,maps0_020,ULY,0.4896437660545514
maps0,maps0_020,LLX,-0.38939152900790414
maps0,maps0_020,LLY,0.8219652221555263
maps0,maps0_021,TDX,0.9320592382894858
maps0,maps0_021,TDY,0.9026759667905448
maps0,maps0_021,TBX,0.9184386901325416
maps0,maps0_021,TBY,0.905519161512136
maps0,maps0_021,TTX,0.8594545289076683
maps0,maps0_021,TTY,0.8632347903607073
maps0,maps0_021,LIX,0.781671347439372
maps0,maps0_021,LIY,0.6965975667772197
maps0,maps0_021,ULX,0.386074995730674
maps0,maps0_021,ULY,0.1720785540591416
maps0,maps0_021,LLX,-0.13874864791587638
maps0,maps0_021,LLY,0.8875044827888252
maps0,maps0_022,TDX,0.7296571920725426
maps0,maps0_022,TDY,0.862061726229878
maps0,maps0_022,TBX,0.6501347852194987
maps0,maps0_022,TBY,0.7933723923106913
maps0,maps0_022,TTX,0.5289909648184824
maps0,maps0_022,TTY,0.8620850898119872
maps0,maps0_022,LIX,0.3444951925509321
maps0,maps0_022,LIY,0.6427319238331145
maps0,maps0_022,ULX,0.36132752190025863
maps0,maps0_022,ULY,0.6369543811950138
maps0,maps0_022,LLX,-0.12108173368745277
maps0,maps0_022,LLY,0.8564284034878719
maps0,maps0_023,TDX,0.5993912421525458
maps0,maps0_023,TDY,0.9445948404185943
maps0,maps0_023,TBX,0.49546489990783155
maps0,maps0_023,TBY,0.9388009665234216
maps0,maps0_023,TTX,0.1446378338760231
maps0,maps0_023,TTY,0.8620799216085498
maps0,maps0_023,LIX,0.6810478826903297
maps0,maps0_023,LIY,0.8718729998347936
maps0,maps0_023,ULX,0.7078720859729424
maps0,maps0_023,ULY,0.5502057306274133
maps0,maps0_023,LLX,-0.29916914613549206
maps0,maps0_023,LLY,0.8065887818828572
maps0,maps0_024,TDX,0.7382978075156774
maps0,maps0_024,TDY,0.9300679907284642
maps0,maps0_024,TBX,0.7214274167948768
maps0,maps0_024,TBY,0.8731862952254528
maps0,maps0_024,TTX,0.7009199313986744
maps0,maps0_024,TTY,0.690433010487274
maps0,maps0_024,LIX,0.7533067658690309
maps0,maps0_024,LIY,0.8315482680075156
maps0,maps0_024,ULX,0.8170959565723853
maps0,maps0_024,ULY,0.6543652013215
maps0,maps0_024,LLX,-0.20570398196447073
maps0,maps0_024,LLY,0.9123998656215416
maps0,maps0_025,TDX,0.7313821129241974
maps0,maps0_025,TDY,0.8843534608449998
maps0,maps0_025,TBX,0.5804962543700972
maps0,maps0_025,TBY,0.9286021897386548
maps0,maps0_025,TTX,0.10818745214733477
maps0,maps0_025,TTY,0.8687739529988329
maps0,maps0_025,LIX,0.743194311630397
maps0,maps0_025,LIY,0.7981774863162979
maps0,maps0_025,ULX,0.7614466502065192
maps0,maps0_025,ULY,0.5157139907000801
maps0,maps0_025,LLX,-0.4772026686098147
maps0,maps0_025,LLY,0.9056161489354838
maps0,maps0_026,TDX,0.8006454843547921
maps0,maps0_026,TDY,0.8345879179483741
maps0,maps0_026,TBX,0.80293045235588
maps0,maps0_026,TBY,0.8499163157480413
maps0,maps0_026,TTX,0.7920710432108719
maps0,maps0_026,TTY,0.8968656865846041
maps0,maps0_026,LIX,0.42448290360434787
maps0,maps0_026,LIY,0.7654634544468225
maps0,maps0_026,ULX,0.7173476492415222
maps0,maps0_026,ULY,0.14456810030142903
maps0,maps0_026,LLX,-0.5482039252083438
maps0,maps0_026,LLY,0.8659280014645613
maps0,maps0_027,TDX,0.49369119275907364
maps0,maps0_027,TDY,0.9539382337220201
maps0,maps0_027,TBX,0.5631917741166778
maps0,maps0_027,TBY,0.8866709828188278
maps0,maps0_027,TTX,0.48946118086303053
maps0,maps0_027,TTY,0.7348635808855633
maps0,maps0_027,LIX,0.6200813885104599
maps0,maps0_027,LIY,0.8826635366320882
maps0,maps0_027,ULX,0.466586157085382
maps0,maps0_027,ULY,0.6498731760712175
maps0,maps0_027,LLX,-0.025781877347128834
maps0,maps0_027,LLY,0.8394391780643836
maps0,maps0_028,TDX,0.5137373907008281
maps0,maps0_028,TDY,0.8609314984075497
maps0,maps0_028,TBX,0.7442235884783346
maps0,maps0_028,TBY,0.851343879663996
maps0,maps0_028,TTX,0.7647609804957327
maps0,maps0_028,TTY,0.8195308131181861
maps0,maps0_028,LIX,0.7523693443904858
maps0,maps0_028,LIY,0.863323121939894
maps0,maps0_028,ULX,0.6889095320333027
maps0,maps0_028,ULY,0.07754429349437876
maps0,maps0_028,LLX,-0.7013470981794656
maps0,maps0_028,LLY,0.929007778019388
maps0,maps0_029,TDX,0.4822041094103023
maps0,maps0_029,TDY,0.9455242749950659
maps0,maps0_029,TBX,0.35464727915207583
maps0,maps0_029,TBY,0.8651218172470807
maps0,maps0_029,TTX,0.1720056105117688
maps0,maps0_029,TTY,0.8695232314835664
maps0,maps0_029,LIX,0.8524347525864734
maps0,maps0_029,LIY,0.7091217464781352
maps0,maps0_029,ULX,0.7984763760316863
maps0,maps0_029,ULY,0.2794751217217087
maps0,maps0_029,LLX,-0.20347157222824935
maps0,maps0_029,LLY,0.9188988449232827
maps0,maps0_030,TDX,0.7500824826370083
maps0,maps0_030,TDY,0.9111712339635415
maps0,maps0_030,TBX,0.8793712736486056
maps0,maps0_030,TBY,0.8435770567538806
maps0,maps0_030,TTX,0.8151426996217367
maps0,maps0_030,TTY,0.878504447733309
maps0,maps0_030,LIX,0.7123171630361148
maps0,maps0_030,LIY,0.8513422831737956
maps0,maps0_030,ULX,0.8877753341702035
maps0,maps0_030,ULY,0.2504400956690438
maps0,maps0_030,LLX,0.20361592700625628
maps0,maps0_030,LLY,0.8751671970249818
maps0,maps0_031,TDX,0.6978460344258451
maps0,maps0_031,TDY,0.9383969770021101
maps0,maps0_031,TBX,0.5400472787133704
maps0,maps0_031,TBY,0.8821921312344373
maps0,maps0_031,TTX,0.4345022317991889
maps0,maps0_031,TTY,0.8348202206167811
maps0,maps0_031,LIX,0.5255633999429807
maps0,maps0_031,LIY,0.8194355378629379
maps0,maps0_031,ULX,0.6689385898860293
maps0,maps0_031,ULY,0.7063070754605125
maps0,maps0_031,LLX,0.186663438604521
maps0,maps0_031,LLY,0.8445231878629947
maps0,maps0_032,TDX,0.6588325920105423
maps0,maps0_032,TDY,0.7629693738287943
maps0,maps0_032,TBX,0.6231618140169204
maps0,maps0_032,TBY,0.8025083993397909
maps0,maps0_032,TTX,0.41718369700050734
maps0,maps0_032,TTY,0.8677628212649385
maps0,maps0_032,LIX,0.7551224142278473
maps0,maps0_032,LIY,0.7055616443030271
maps0,maps0_032,ULX,0.7174992995739831
maps0,maps0_032,ULY,0.11108851384465654
maps0,maps0_032,LLX,-0.2914038503811073
maps0,maps0_032,LLY,0.8050521468121314
maps0,maps0_033,TDX,0.24971658646338374
maps0,maps0_033,TDY,0.937427259852042
maps0,maps0_033,TBX,0.3055274176421956
maps0,maps0_033,TBY,0.7935851331296551
maps0,maps0_033,TTX,0.5085574124833275
maps0,maps0_033,TTY,0.851952564948975
maps0,maps0_033,LIX,0.7124833152149128
maps0,maps0_033,LIY,0.748578736599683
maps0,maps0_033,ULX,0.8208029299792718
maps0,maps0_033,ULY,0.6274838397221271
maps0,maps0_033,LLX,-0.19928307801656167
maps0,maps0_033,LLY,0.6925667951281987
maps0,maps0_034,TDX,0.7982853420405063
maps0,maps0_034,TDY,0.8642452185535056
maps0,maps0_034,TBX,0.7464968761174444
maps0,maps0_034,TBY,0.8760102565437481
maps0,maps0_034,TTX,0.6175889982053809
maps0,maps0_034,TTY,0.773116551162748
maps0,maps0_034,LIX,0.7195250706126513
maps0,maps0_034,LIY,0.8827030311877315
maps0,maps0_034,ULX,0.775995886571784
maps0,maps0_034,ULY,0.3079572554699201
maps0,maps0_034,LLX,-0.48260225788629996
maps0,maps0_034,LLY,0.8239062010925335
maps0,maps0_035,TDX,0.8704131580982531
maps0,maps0_035,TDY,0.9346224435503309
maps0,maps0_035,TBX,0.8613876699899164
maps0,maps0_035,TBY,0.8380507012884175
maps0,maps0_035,TTX,0.8755773994316725
maps0,maps0_035,TTY,0.8370635179305606
maps0,maps0_035,LIX,0.594141000805597
maps0,maps0_035,LIY,0.8342365001963283
maps0,maps0_035,ULX,0.891308488828795
maps0,maps0_035,ULY,0.30296258616618693
maps0,maps0_035,LLX,-0.016513298984020923
maps0,maps0_035,LLY,0.5679037404039198
maps0,maps0_036,TDX,0.6450716439180959
maps0,maps0_036,TDY,0.9024243780071118
maps0,maps0_036,TBX,0.6670527228456938
maps0,maps0_036,TBY,0.8742609711802095
maps0,maps0_036,TTX,0.5417089626207192
maps0,maps0_036,TTY,0.8772288058672308
maps0,maps0_036,LIX,0.6278107884117936
maps0,maps0_036,LIY,0.8380783248085906
maps0,maps0_036,ULX,0.6446636870589616
maps0,maps0_036,ULY,0.747896344950603
maps0,maps0_036,LLX,-0.09954638098889852
maps0,maps0_036,LLY,0.7648205636170036
maps0,maps0_037,TDX,0.6021635266719931
maps0,maps0_037,TDY,0.9075457608725075
maps0,maps0_037,TBX,0.6751904694848179
maps0,maps0_037,TBY,0.846773885850964
maps0,maps0_037,TTX,0.46732299029773827
maps0,maps0_037,TTY,0.9065367828999196
maps0,maps0_037,LIX,0.5467221084647271
maps0,maps0_037,LIY,0.8065609242675464
maps0,maps0_037,ULX,0.7780313812795902
maps0,maps0_037,ULY,0.45325009075292405
maps0,maps0_037,LLX,-0.3299156294201398
maps0,maps0_037,LLY,0.6378017574129586
maps0,maps0_038,TDX,0.6814952900911645
maps0,maps0_038,TDY,0.8875136892568107
maps0,maps0_038,TBX,0.45777217464629766
maps0,maps0_038,TBY,0.8269386834735962
maps0,maps0_038,TTX,0.035225515226548626
maps0,maps0_038,TTY,0.8417661039011978
maps0,maps0_038,LIX,0.804928694352889
maps0,maps0_038,LIY,0.83082651176835
maps0,maps0_038,ULX,0.7072163984297659
maps0,maps0_038,ULY,0.6907236164867524
maps0,maps0_038,LLX,0.2974287195124706
maps0,maps0_038,LLY,0.8351334341209337
maps0,maps0_039,TDX,0.7310407357830555
maps0,maps0_039,TDY,0.9356144707511984
maps0,maps0_039,TBX,0.7889276041302701
maps0,maps0_039,TBY,0.9058449850168194
maps0,maps0_039,TTX,0.8428602717264458
maps0,maps0_039,TTY,0.929380791221821
maps0,maps0_039,LIX,0.739806219082736
maps0,maps0_039,LIY,0.8459597869284655
maps0,maps0_039,ULX,0.7558729067183511
maps0,maps0_039,ULY,0.3609907984101127
maps0,maps0_039,LLX,0.06859442671917393
maps0,maps0_039,LLY,0.8900730220663459
maps0,maps0_040,TDX,0.29652243927295385
maps0,maps0_040,TDY,0.8234871750038619
maps0,maps0_040,TBX,0.5893210003803595
maps0,maps0_040,TBY,0.8306054667808049
maps0,maps0_040,TTX,0.7147814348922458
maps0,maps0_040,TTY,0.807819895107433
maps0,maps0_040,LIX,0.6665678597815051
maps0,maps0_040,LIY,0.8764157909408306
maps0,maps0_040,ULX,0.3992553787647234
maps0,maps0_040,ULY,0.5818344933230302
maps0,maps0_040,LLX,0.1214272575648705
maps0,maps0_040,LLY,0.803721448157528
maps0,maps0_041,TDX,0.633832610964032
maps0,maps0_041,TDY,0.8722809425321602
maps0,maps0_041,TBX,0.722296735885673
maps0,maps0_041,TBY,0.8664611074779279
maps0,maps0_041,TTX,0.6222186206794844
maps0,maps0_041,TTY,0.8303856091701323
maps0,maps0_041,LIX,0.8095665953934864
maps0,maps0_041,LIY,0.898447378959705
maps0,maps0_041,ULX,0.7640656682164348
maps0,maps0_041,ULY,0.6348491943998782
maps0,maps0_041,LLX,-0.1396622001146376
maps0,maps0_041,LLY,0.903118333576152
maps0,maps0_042,TDX,0.5358828990109176
maps0,maps0_042,TDY,0.9485720747209638
maps0,maps0_042,TBX,0.8247108817972113
maps0,maps0_042,TBY,0.899579517978465
maps0,maps0_042,TTX,0.7874444133858997
maps0,maps0_042,TTY,0.7877661566917995
maps0,maps0_042,LIX,0.38790374642082803
maps0,maps0_042,LIY,0.8904997605064099
maps0,maps0_042,ULX,0.5032514525643162
maps0,maps0_042,ULY,0.4424678781345133
maps0,maps0_042,LLX,-0.3561346266675098
maps0,maps0_042,LLY,0.6816367355582571
maps0,maps0_043,TDX,0.6455959040402974
maps0,maps0_043,TDY,0.845381689783746
maps0,maps0_043,TBX,0.7315955351107888
maps0,maps0_043,TBY,0.7751745860734487
maps0,maps0_043,TTX,0.7042436276109242
maps0,maps0_043,TTY,0.772622710758993
maps0,maps0_043,LIX,0.4869739020814732
maps0,maps0_043,LIY,0.5697517455663271
maps0,maps0_043,ULX,0.3740477907000674
maps0,maps0_043,ULY,0.478323151410599
maps0,maps0_043,LLX,-0.31083544006341624
maps0,maps0_043,LLY,0.6821243069445228
maps0,maps0_044,TDX,0.7170263725419079
maps0,maps0_044,TDY,0.9643604501546816
maps0,maps0_044,TBX,0.5697681210577602
maps0,maps0_044,TBY,0.8551974708190984
maps0,maps0_044,TTX,0.04957220024335838
maps0,maps0_044,TTY,0.8736132842735321
maps0,maps0_044,LIX,0.17956409784137264
maps0,maps0_044,LIY,0.5326017670053613
maps0,maps0_044,ULX,0.8733878602671273
maps0,maps0_044,ULY,0.6187625705071399
maps0,maps0_044,LLX,-0.39286093096513125
maps0,maps0_044,LLY,0.784765546541125
maps0,maps0_045,TDX,0.6218551572264895
maps0,maps0_045,TDY,0.874051232202495
maps0,maps0_045,TBX,0.6416790656780579
maps0,maps0_045,TBY,0.6858821676770358
maps0,maps0_045,TTX,0.5946859574963352
maps0,maps0_045,TTY,0.8201728772814583
maps0,maps0_045,LIX,0.6062877207619344
maps0,maps0_045,LIY,0.7829377952728483
maps0,maps0_045,ULX,0.6533898753946866
maps0,maps0_045,ULY,0.6337921535668599
maps0,maps0_045,LLX,-0.25444262263437745
maps0,maps0_045,LLY,0.7660559451494271
maps0,maps0_046,TDX,0.8103324302723128
maps0,maps0_046,TDY,0.9675377364446807
maps0,maps0_046,TBX,0.6903863771155244
maps0,maps0_046,TBY,0.7828956112838334
maps0,maps0_046,TTX,0.444505438885109
maps0,maps0_046,TTY,0.8104748852925242
maps0,maps0_046,LIX,0.6591380827845683
maps0,maps0_046,LIY,0.7133721685922555
maps0,maps0_046,ULX,0.9167865304503298
maps0,maps0_046,ULY,0.051569847093923184
maps0,maps0_046,LLX,-0.4745003733423876
maps0,maps0_046,LLY,0.8288560284944085
maps0,maps0_047,TDX,0.7845743378835868
maps0,maps0_047,TDY,0.8944630465030783
maps0,maps0_047,TBX,0.6642452380049472
maps0,maps0_047,TBY,0.8350865941962845
maps0,maps0_047,TTX,0.6020734289099947
maps0,maps0_047,TTY,0.8333679164566281
maps0,maps0_047,LIX,0.5535526344474391
maps0,maps0_047,LIY,0.8620159514648498
maps0,maps0_047,ULX,0.8521952306223823
maps0,maps0_047,ULY,0.4835389041563447
maps0,maps0_047,LLX,-0.7118564996718331
maps0,maps0_047,LLY,0.500145878865016
maps0,maps0_048,TDX,0.7462103561333875
maps0,maps0_048,TDY,0.8982246713825645
maps0,maps0_048,TBX,0.8370424631609733
maps0,maps0_048,TBY,0.7694386646272285
maps0,maps0_048,TTX,0.896877824743749
maps0,maps0_048,TTY,0.7258048530944655
maps0,maps0_048,LIX,0.4567574434829105
maps0,maps0_048,LIY,0.7892635408527282
maps0,maps0_048,ULX,0.42591148493654807
maps0,maps0_048,ULY,0.5039504756599078
maps0,maps0_048,LLX,-0.5513913598551315
maps0,maps0_048,LLY,0.8415077015580882
maps0,maps0_049,TDX,0.7824294163146588
maps0,maps0_049,TDY,0.8402911121081924
maps0,maps0_049,TBX,0.7461985927496606
maps0,maps0_049,TBY,0.8413843522954008
maps0,maps0_049,TTX,0.6865617360612409
maps0,maps0_049,TTY,0.8278689089081518
maps0,maps0_049,LIX,0.3540017505752625
maps0,maps0_049,LIY,0.711044078501608
maps0,maps0_049,ULX,0.7191188058897263
maps0,maps0_049,ULY,0.39271650062537483
maps0,maps0_049,LLX,-0.3451685218498311
maps0,maps0_049,LLY,0.8918417078746238
maps0,maps0_050,TDX,0.7110974684926752
maps0,maps0_050,TDY,0.9460192249814189
maps0,maps0_050,TBX,0.7844837139933131
maps0,maps0_050,TBY,0.7893882775876121
maps0,maps0_050,TTX,0.6663797611511222
maps0,maps0_050,TTY,0.8242875915846879
maps0,maps0_050,LIX,0.2944408954524467
maps0,maps0_050,LIY,0.5839938923075692
maps0,maps0_050,ULX,0.7396429016542012
maps0,maps0_050,ULY,0.7237725378299598
maps0,maps0_050,LLX,-0.4791708017249876
maps0,maps0_050,LLY,0.812132160089636
maps0,maps0_051,TDX,0.6120997814143355
maps0,maps0_051,TDY,0.8888524268031531
maps0,maps0_051,TBX,0.4757911029295685
maps0,maps0_051,TBY,0.7809168004531815
maps0,maps0_051,TTX,0.13850477818718893
maps0,maps0_051,TTY,0.8751727820797286
maps0,maps0_051,LIX,0.7661387878583616
maps0,maps0_051,LIY,0.7727757154968248
maps0,maps0_051,ULX,0.7773325131723354
maps0,maps0_051,ULY,0.5879836778294815
maps0,maps0_051,LLX,-0.0897445837326055
maps0,maps0_051,LLY,0.8435758374158696
maps0,maps0_052,TDX,0.43977748147275214
maps0,maps0_052,TDY,0.9091658146554502
maps0,maps0_052,TBX,0.6033390434989065
maps0,maps0_052,TBY,0.8741568470722219
maps0,maps0_052,TTX,0.6996534171733028
maps0,maps0_052,TTY,0.7775952654998644
maps0,maps0_052,LIX,0.6849582129829981
maps0,maps0_052,LIY,0.8564430877633735
maps0,maps0_052,ULX,0.49414457513245064
maps0,maps0_052,ULY,0.43492793529164187
maps0,maps0_052,LLX,-0.4720581709088961
maps0,maps0_052,LLY,0.9241156361367971
maps0,maps0_053,TDX,0.7319773470773903
maps0,maps0_053,TDY,0.811943683581425
maps0,maps0_053,TBX,0.612114652268862
maps0,maps0_053,TBY,0.8431884662298843
maps0,maps0_053,TTX,0.5222945563132777
maps0,maps0_053,TTY,0.6887273555553896
maps0,maps0_053,LIX,0.5277390270348934
maps0,maps0_053,LIY,0.6304102397266461
maps0,maps0_053,ULX,0.8615120300994656
maps0,maps0_053,ULY,0.5812907652031373
maps0,maps0_053,LLX,-0.4838975537293559
maps0,maps0_053,LLY,0.8205186690637108
maps0,maps0_054,TDX,0.5742835665539687
maps0,maps0_054,TDY,0.8677170399513073
maps0,maps0_054,TBX,0.7347973149396771
maps0,maps0_054,TBY,0.8566753368470992
maps0,maps0_054,TTX,0.6761216896756039
maps0,maps0_054,TTY,0.7640392068557834
maps0,maps0_054,LIX,0.7294371844129676
maps0,maps0_054,LIY,0.8047029163271663
maps0,maps0_054,ULX,0.6293516153887879
maps0,maps0_054,ULY,0.7228118627410919
maps0,maps0_054,LLX,-0.2691442170443684
maps0,maps0_054,LLY,0.6733903833207784
maps0,maps0_055,TDX,0.45886801095078267
maps0,maps0_055,TDY,0.9467410556278089
maps0,maps0_055,TBX,0.608771695444927
maps0,maps0_055,TBY,0.8901756111882361
maps0,maps0_055,TTX,0.6199596706707009
maps0,maps0_055,TTY,0.857186550634969
maps0,maps0_055,LIX,0.6353081363462271
maps0,maps0_055,LIY,0.9100709304588801
maps0,maps0_055,ULX,0.7513519651703261
maps0,maps0_055,ULY,0.6215775033940858
maps0,maps0_055,LLX,0.24247704558143046
maps0,maps0_055,LLY,0.8135247383378298
maps0,maps0_056,TDX,0.5367971061337922
maps0,maps0_056,TDY,0.9124703722115249
maps0,maps0_056,TBX,0.5211512230364461
maps0,maps0_056,TBY,0.8735041984378411
maps0,maps0_056,TTX,0.40202354543162583
maps0,maps0_056,TTY,0.8352512856557582
maps0,maps0_056,LIX,0.7264446166755953
maps0,maps0_056,LIY,0.9029266788708687
maps0,maps0_056,ULX,0.5456854058793477
maps0,maps0_056,ULY,0.7680092518745573
maps0,maps0_056,LLX,0.321042315178373
maps0,maps0_056,LLY,0.8344851126326351
maps0,maps0_057,TDX,0.8356904415182301
maps0,maps0_057,TDY,0.881806627047754
maps0,maps0_057,TBX,0.8362696652505706
maps0,maps0_057,TBY,0.8259454618460834
maps0,maps0_057,TTX,0.8322430327348354
maps0,maps0_057,TTY,0.8764088057309607
maps0,maps0_057,LIX,0.5610797967624468
maps0,maps0_057,LIY,0.7543770749337038
maps0,maps0_057,ULX,0.8549798205289588
maps0,maps0_057,ULY,0.8625175265193143
maps0,maps0_057,LLX,0.04051855490363571
maps0,maps0_057,LLY,0.8015694505482681
maps0,maps0_058,TDX,0.6632617341257364
maps0,maps0_058,TDY,0.8599982091287126
maps0,maps0_058,TBX,0.8382182421857987
maps0,maps0_058,TBY,0.6924384634071344
maps0,maps0_058,TTX,0.7703873104340138
maps0,maps0_058,TTY,0.6793435910422654
maps0,maps0_058,LIX,0.24450118322743417
maps0,maps0_058,LIY,0.536741503748127
maps0,maps0_058,ULX,0.4751505766095769
maps0,maps0_058,ULY,0.7666278587801306
maps0,maps0_058,LLX,-0.6261350202950902
maps0,maps0_058,LLY,0.8753235801874955
maps0,maps0_059,TDX,0.5453020262467421
maps0,maps0_059,TDY,0.9422093279480882
maps0,maps0_059,TBX,0.7085290211805111
maps0,maps0_059,TBY,0.8720582662746303
maps0,maps0_059,TTX,0.5545233254803904
maps0,maps0_059,TTY,0.7821480960374738
maps0,maps0_059,LIX,0.7070530887518258
maps0,maps0_059,LIY,0.8545487909986872
maps0,maps0_059,ULX,0.07291922459330367
maps0,maps0_059,ULY,0.4418874370325324
maps0,maps0_059,LLX,-0.2018070777792881
maps0,maps0_059,LLY,0.8762878283776674
maps0,maps0_060,TDX,0.6466761494734692
maps0,maps0_060,TDY,0.817757639224016
maps0,maps0_060,TBX,0.6769688548582516
maps0,maps0_060,TBY,0.8206204432579829
maps0,maps0_060,TTX,0.48223164361732584
maps0,maps0_060,TTY,0.7094983865150069
maps0,maps0_060,LIX,0.732645351772633
maps0,maps0_060,LIY,0.9223598813073173
maps0,maps0_060,ULX,0.6776628927369429
maps0,maps0_060,ULY,0.6230234665106803
maps0,maps0_060,LLX,-0.390952683296428
maps0,maps0_060,LLY,0.8718686997055047
maps0,maps0_061,TDX,0.7509126750627896
maps0,maps0_061,TDY,0.9144206537271112
maps0,maps0_061,TBX,0.790357481162923
maps0,maps0_061,TBY,0.7860849536440955
maps0,maps0_061,TTX,0.6991015702559965
maps0,maps0_061,TTY,0.8549249909076014
maps0,maps0_061,LIX,0.7992470132733499
maps0,maps0_061,LIY,0.8559532090236297
maps0,maps0_061,ULX,0.8761178741624978
maps0,maps0_061,ULY,0.032306931748662546
maps0,maps0_061,LLX,0.06561255813438734
maps0,maps0_061,LLY,0.9008880125561288
maps0,maps0_062,TDX,0.7374342254144016
maps0,maps0_062,TDY,0.8853014264134178
maps0,maps0_062,TBX,0.7162647131708888
maps0,maps0_062,TBY,0.8609157973078818
maps0,maps0_062,TTX,0.6425687830778787
maps0,maps0_062,TTY,0.8365935767445098
maps0,maps0_062,LIX,0.5410737757531707
maps0,maps0_062,LIY,0.8829384226791728
maps0,maps0_062,ULX,0.77142734376302
maps0,maps0_062,ULY,0.5837338423265502
maps0,maps0_062,LLX,-0.5211767999601838
maps0,maps0_062,LLY,0.8341938116286373
maps0,maps0_063,TDX,0.8722801764528938
maps0,maps0_063,TDY,0.8896198414382414
maps0,maps0_063,TBX,0.9021169365417506
maps0,maps0_063,TBY,0.8401520100294692
maps0,maps0_063,TTX,0.8983162425733837
maps0,maps0_063,TTY,0.5818191765741202
maps0,maps0_063,LIX,0.20204054740925376
maps0,maps0_063,LIY,0.6844857704103661
maps0,maps0_063,ULX,0.31688298866845405
maps0,maps0_063,ULY,0.5437614459335613
maps0,maps0_063,LLX,-0.6263341615473559
maps0,maps0_063,LLY,0.7249165692925502
maps0,maps0_064,TDX,0.7710165842850417
maps0,maps0_064,TDY,0.927574626399241
maps0,maps0_064,TBX,0.7586932884898573
maps0,maps0_064,TBY,0.8441120642802213
maps0,maps0_064,TTX,0.6918499500328218
maps0,maps0_064,TTY,0.9413142938535707
maps0,maps0_064,LIX,0.8353473499772822
maps0,maps0_064,LIY,0.899767738782364
maps0,maps0_064,ULX,0.809442637055992
maps0,maps0_064,ULY,0.6306679545065267
maps0,maps0_064,LLX,-0.1362448215782389
maps0,maps0_064,LLY,0.7344216734112641
maps0,maps0_065,TDX,0.730824100581702
maps0,maps0_065,TDY,0.7569799272485753
maps0,maps0_065,TBX,0.6802218315948704
maps0,maps0_065,TBY,0.8970420094953966
maps0,maps0_065,TTX,0.681360451418559
maps0,maps0_065,TTY,0.8293757301634299
maps0,maps0_065,LIX,0.8273896179083978
maps0,maps0_065,LIY,0.85062438703007
maps0,maps0_065,ULX,0.5803937621204679
maps0,maps0_065,ULY,0.21149712011929078
maps0,maps0_065,LLX,-0.41313517830761415
maps0,maps0_065,LLY,0.8323308886907578
maps0,maps0_066,TDX,0.7243287764254196
maps0,maps0_066,TDY,0.9083261777519283
maps0,maps0_066,TBX,0.8771121198747306
maps0,maps0_066,TBY,0.8383693765764144
maps0,maps0_066,TTX,0.8808688826575397
maps0,maps0_066,TTY,0.8696784469702333
maps0,maps0_066,LIX,0.8292414725383228
maps0,maps0_066,LIY,0.7680178565317121
maps0,maps0_066,ULX,0.790390762249289
maps0,maps0_066,ULY,0.35371075936575713
maps0,maps0_066,LLX,-0.663862362001481
maps0,maps0_066,LLY,0.8716178055890964
maps0,maps0_067,TDX,0.6277961506041074
maps0,maps0_067,TDY,0.9106185611958768
maps0,maps0_067,TBX,0.7990475034317623
maps0,maps0_067,TBY,0.8218959408723752
maps0,maps0_067,TTX,0.8541786265289756
maps0,maps0_067,TTY,0.7457338145425405
maps0,maps0_067,LIX,0.6988798679524668
maps0,maps0_067,LIY,0.8904101142809502
maps0,maps0_067,ULX,0.7953753237000896
maps0,maps0_067,ULY,0.193381671804888
maps0,maps0_067,LLX,-0.05491636047430682
maps0,maps0_067,LLY,0.8199511866404205
maps0,maps0_068,TDX,0.8591179847683185
maps0,maps0_068,TDY,0.8758071181919239
maps0,maps0_068,TBX,0.738291182482357
maps0,maps0_068,TBY,0.8848916966032313
maps0,maps0_068,TTX,0.6321171883524481
maps0,maps0_068,TTY,0.9127901165554528
maps0,maps0_068,LIX,0.7873705172537284
maps0,maps0_068,LIY,0.798685298134478
maps0,maps0_068,ULX,0.7629028525034715
maps0,maps0_068,ULY,0.583732009701699
maps0,maps0_068,LLX,-0.10553763897327643
maps0,maps0_068,LLY,0.8708350818368669
maps0,maps0_069,TDX,0.8881397577596591
maps0,maps0_069,TDY,0.8238073913194961
maps0,maps0_069,TBX,0.8505902866230916
maps0,maps0_069,TBY,0.8369384859062544
maps0,maps0_069,TTX,0.8106637825159095
maps0,maps0_069,TTY,0.7789456026948643
maps0,maps0_069,LIX,0.6529835603089867
maps0,maps0_069,LIY,0.7252107789407696
maps0,maps0_069,ULX,0.7968943137018466
maps0,maps0_069,ULY,0.3676784572028232
maps0,maps0_069,LLX,-0.4770797496458111
maps0,maps0_069,LLY,0.8203876022832486
maps0,maps0_070,TDX,0.49796072171695355
maps0,maps0_070,TDY,0.8711162583312543
maps0,maps0_070,TBX,0.4845092874531528
maps0,maps0_070,TBY,0.9040051956460562
maps0,maps0_070,TTX,0.38665606916974343
maps0,maps0_070,TTY,0.5962246246850353
maps0,maps0_070,LIX,0.6854964779127386
maps0,maps0_070,LIY,0.8537485171181957
maps0,maps0_070,ULX,0.8177211973167241
maps0,maps0_070,ULY,0.2851310337495067
maps0,maps0_070,LLX,-0.14385869665031503
maps0,maps0_070,LLY,0.7514321775621969
maps0,maps0_071,TDX,0.7864923686014467
maps0,maps0_071,TDY,0.8338691094754841
maps0,maps0_071,TBX,0.8136457914913213
maps0,maps0_071,TBY,0.8622151370719402
maps0,maps0_071,TTX,0.7715534513853688
maps0,maps0_071,TTY,0.9299664324245834
maps0,maps0_071,LIX,0.7254443317594845
maps0,maps0_071,LIY,0.8930969802610568
maps0,maps0_071,ULX,0.7799299000228398
maps0,maps0_071,ULY,0.5412516586872754
maps0,maps0_071,LLX,-0.09873113280197171
maps0,maps0_071,LLY,0.6863018536719577
maps0,maps0_072,TDX,0.4904570981343649
maps0,maps0_072,TDY,0.931026379615662
maps0,maps0_072,TBX,0.7415632000489469
maps0,maps0_072,TBY,0.7703665772737629
maps0,maps0_072,TTX,0.8703308860453611
maps0,maps0_072,TTY,0.8185383541936795
maps0,maps0_072,LIX,0.9366045228968126
maps0,maps0_072,LIY,0.8931295264158003
maps0,maps0_072,ULX,0.7999331362129295
maps0,maps0_072,ULY,0.1875068611569768
maps0,maps0_072,LLX,0.22741443018513408
maps0,maps0_072,LLY,0.9085621963047297
maps0,maps0_073,TDX,0.5912506377870846
maps0,maps0_073,TDY,0.7984250225388071
maps0,maps0_073,TBX,0.6417659877781797
maps0,maps0_073,TBY,0.7877660262129276
maps0,maps0_073,TTX,0.6162597191645435
maps0,maps0_073,TTY,0.4528220423406271
maps0,maps0_073,LIX,0.6355237576647644
maps0,maps0_073,LIY,0.945638957637761
maps0,maps0_073,ULX,0.7530735375130925
maps0,maps0_073,ULY,0.412170021790126
maps0,maps0_073,LLX,-0.31552858351534685
maps0,maps0_073,LLY,0.8315947925461368
maps0,maps0_074,TDX,0.4530361936897117
maps0,maps0_074,TDY,0.9544728578841527
maps0,maps0_074,TBX,0.6887410816568719
maps0,maps0_074,TBY,0.935499392457937
maps0,maps0_074,TTX,0.5234988860294424
maps0,maps0_074,TTY,0.8549976462376591
maps0,maps0_074,LIX,0.7649966287032707
maps0,maps0_074,LIY,0.9082567600805842
maps0,maps0_074,ULX,0.3388942281902654
maps0,maps0_074,ULY,0.4473097602801754
maps0,maps0_074,LLX,0.12027993094333839
maps0,maps0_074,LLY,0.8527615476427924
maps0,maps0_075,TDX,0.6467154798614764
maps0,maps0_075,TDY,0.9191019505645013
maps0,maps0_075,TBX,0.6366952863806722
maps0,maps0_075,TBY,0.8898912900002287
maps0,maps0_075,TTX,0.723586160509516
maps0,maps0_075,TTY,0.7312022441024434
maps0,maps0_075,LIX,0.7133933550430783
maps0,maps0_075,LIY,0.7940911237751084
maps0,maps0_075,ULX,0.8354571628814591
maps0,maps0_075,ULY,0.5583939688734013
maps0,maps0_075,LLX,0.31204568049600667
maps0,maps0_075,LLY,0.7423266000181161
maps0,maps0_076,TDX,0.6095178603229106
maps0,maps0_076,TDY,0.8977906222135014
maps0,maps0_076,TBX,0.5921843913101371
maps0,maps0_076,TBY,0.9188719924598125
maps0,maps0_076,TTX,0.48529425456541386
maps0,maps0_076,TTY,0.9140802994806353
maps0,maps0_076,LIX,0.6709768298018685
maps0,maps0_076,LIY,0.7797254944927363
maps0,maps0_076,ULX,0.6254042210246271
maps0,maps0_076,ULY,0.7787275268306473
maps0,maps0_076,LLX,0.0841568021807557
maps0,maps0_076,LLY,0.8431431295623794
maps0,maps0_077,TDX,0.5069664962883272
maps0,maps0_077,TDY,0.8740218449876748
maps0,maps0_077,TBX,0.42531357306234746
maps0,maps0_077,TBY,0.890716042327447
maps0,maps0_077,TTX,0.3839139889535727
maps0,maps0_077,TTY,0.9114797520748793
maps0,maps0_077,LIX,0.8056579722814593
maps0,maps0_077,LIY,0.8695954999460506
maps0,maps0_077,ULX,0.41540359533460813
maps0,maps0_077,ULY,0.526518567723671
maps0,maps0_077,LLX,0.23303314772303427
maps0,maps0_077,LLY,0.7834262511903971
maps0,maps0_078,TDX,0.7173838753949745
maps0,maps0_078,TDY,0.7352413974936973
maps0,maps0_078,TBX,0.8452435957239156
maps0,maps0_078,TBY,0.8686250312285533
maps0,maps0_078,TTX,0.8954661167405175
maps0,maps0_078,TTY,0.6670325648882713
maps0,maps0_078,LIX,0.5146619704376509
maps0,maps0_078,LIY,0.8291958050144368
maps0,maps0_078,ULX,0.7323524829949465
maps0,maps0_078,ULY,0.3031218995575789
maps0,maps0_078,LLX,-0.2764607338684029
maps0,maps0_078,LLY,0.8837261922069736
maps0,maps0_079,TDX,0.6512759714079738
maps0,maps0_079,TDY,0.7824381744941165
maps0,maps0_079,TBX,0.700422746497175
maps0,maps0_079,TBY,0.8636864595004697
maps0,maps0_079,TTX,0.7139758014294862
maps0,maps0_079,TTY,0.8032805122978044
maps0,maps0_079,LIX,0.6232110421665624
maps0,maps0_079,LIY,0.6933722497261355
maps0,maps0_079,ULX,0.5175668261930643
maps0,maps0_079,ULY,0.7038910655250717
maps0,maps0_079,LLX,-0.1708021989250343
maps0,maps0_079,LLY,0.6452600713109842
maps0,maps0_080,TDX,0.6074806976360639
maps0,maps0_080,TDY,0.8049250925185986
maps0,maps0_080,TBX,0.6180069257017337
maps0,maps0_080,TBY,0.7577567892823558
maps0,maps0_080,TTX,0.5711306676433056
maps0,maps0_080,TTY,0.6556377116485893
maps0,maps0_080,LIX,0.6612102178509929
maps0,maps0_080,LIY,0.8706021176565439
maps0,maps0_080,ULX,0.7979102697844965
maps0,maps0_080,ULY,0.7665962826193167
maps0,maps0_080,LLX,0.03486013639167524
maps0,maps0_080,LLY,0.7668371679797729
maps0,maps0_081,TDX,0.7529929783484827
maps0,maps0_081,TDY,0.874165623960281
maps0,maps0_081,TBX,0.6889969395353883
maps0,maps0_081,TBY,0.8074391134278252
maps0,maps0_081,TTX,0.7239026289002928
maps0,maps0_081,TTY,0.7612696057956782
maps0,maps0_081,LIX,0.38904785071058856
maps0,maps0_081,LIY,0.7502386466329637
maps0,maps0_081,ULX,0.6994266070197743
maps0,maps0_081,ULY,0.29997254114530975
maps0,maps0_081,LLX,0.3007529312711157
maps0,maps0_081,LLY,0.7656078252214372
maps0,maps0_082,TDX,0.7610267017327511
maps0,maps0_082,TDY,0.9290302951240397
maps0,maps0_082,TBX,0.7079317227951832
maps0,maps0_082,TBY,0.8758400051577454
maps0,maps0_082,TTX,0.6615411753032698
maps0,maps0_082,TTY,0.8516386338618013
maps0,maps0_082,LIX,0.22906010143212988
maps0,maps0_082,LIY,0.756165483140241
maps0,maps0_082,ULX,0.75721007772169
maps0,maps0_082,ULY,0.6777850041698561
maps0,maps0_082,LLX,-0.3142506610930175
maps0,maps0_082,LLY,0.8172959474551502
maps0,maps0_083,TDX,0.7000057817453156
maps0,maps0_083,TDY,0.7872984662857763
maps0,maps0_083,TBX,0.7736292781560399
maps0,maps0_083,TBY,0.8783506305288131
maps0,maps0_083,TTX,0.7334667617486291
maps0,maps0_083,TTY,0.8661149522527497
maps0,maps0_083,LIX,0.8105213259025976
maps0,maps0_083,LIY,0.8552325459597374
maps0,maps0_083,ULX,0.7451903337576546
maps0,maps0_083,ULY,0.6111976280895609
maps0,maps0_083,LLX,-0.4492340729775565
maps0,maps0_083,LLY,0.7735382336910904
maps0,maps0_084,TDX,0.7517993406293585
maps0,maps0_084,TDY,0.9372971947562783
maps0,maps0_084,TBX,0.7361316499816027
maps0,maps0_084,TBY,0.8835473590014266
maps0,maps0_084,TTX,0.7002853943114901
maps0,maps0_084,TTY,0.8555501794623682
maps0,maps0_084,LIX,0.7656015432327258
maps0,maps0_084,LIY,0.8037434981058739
maps0,maps0_084,ULX,0.7161791267074393
maps0,maps0_084,ULY,0.6945870176544846
maps0,maps0_084,LLX,0.05207202363971398
maps0,maps0_084,LLY,0.8111514405566526
maps0,maps0_085,TDX,0.5698849670067936
maps0,maps0_085,TDY,0.9540374685432697
maps0,maps0_085,TBX,0.6040293222875777
maps0,maps0_085,TBY,0.9459369190251654
maps0,maps0_085,TTX,0.41959446466563116
maps0,maps0_085,TTY,0.6927788468315903
maps0,maps0_085,LIX,0.48619864232294224
maps0,maps0_085,LIY,0.9021409044010686
maps0,maps0_085,ULX,0.7243922507586914
maps0,maps0_085,ULY,0.5195591146813289
maps0,maps0_085,LLX,0.027456098319876353
maps0,maps0_085,LLY,0.8182739227638713
maps0,maps0_086,TDX,0.445164066226916
maps0,maps0_086,TDY,0.8908303045381808
maps0,maps0_086,TBX,0.5221029352679586
maps0,maps0_086,TBY,0.8945434622524677
maps0,maps0_086,TTX,0.3688672766825852
maps0,maps0_086,TTY,0.827283558178371
maps0,maps0_086,LIX,0.8395896373781949
maps0,maps0_086,LIY,0.8534639975960723
maps0,maps0_086,ULX,0.8207347926392597
maps0,maps0_086,ULY,0.22913378044328858
maps0,maps0_086,LLX,0.32927532603238757
maps0,maps0_086,LLY,0.871104512801716
maps0,maps0_087,TDX,0.8790085231455115
maps0,maps0_087,TDY,0.8206508719841815
maps0,maps0_087,TBX,0.8204249831947157
maps0,maps0_087,TBY,0.9281913238206885
maps0,maps0_087,TTX,0.7441996470788546
maps0,maps0_087,TTY,0.8822296716701769
maps0,maps0_087,LIX,0.5783512979779178
maps0,maps0_087,LIY,0.8235080339138219
maps0,maps0_087,ULX,0.5279116014170042
maps0,maps0_087,ULY,0.37852868722675315
maps0,maps0_087,LLX,-0.5193725773316111
maps0,maps0_087,LLY,0.920824566339351
maps0,maps0_088,TDX,0.696422399124535
maps0,maps0_088,TDY,0.9243163296126364
maps0,maps0_088,TBX,0.801909653147665
maps0,maps0_088,TBY,0.8272777108718794
maps0,maps0_088,TTX,0.7873245871755268
maps0,maps0_088,TTY,0.7383959964873223
maps0,maps0_088,LIX,0.7557387966827885
maps0,maps0_088,LIY,0.8679812975977552
maps0,maps0_088,ULX,0.6769107392556171
maps0,maps0_088,ULY,0.6312332983873707
maps0,maps0_088,LLX,0.14276702373551267
maps0,maps0_088,LLY,0.8176305398823753
maps0,maps0_089,TDX,0.9193181702954469
maps0,maps0_089,TDY,0.8433208834740723
maps0,maps0_089,TBX,0.8706453263169455
maps0,maps0_089,TBY,0.8590765259235229
maps0,maps0_089,TTX,0.7875217151837565
maps0,maps0_089,TTY,0.7200221658963929
maps0,maps0_089,LIX,0.5507189747129713
maps0,maps0_089,LIY,0.7878734487321034
maps0,maps0_089,ULX,0.7514057746651335
maps0,maps0_089,ULY,0.18359610693642697
maps0,maps0_089,LLX,-0.5951147004565138
maps0,maps0_089,LLY,0.8607144742591201
maps0,maps0_090,TDX,0.6333410499616521
maps0,maps0_090,TDY,0.9337258527602647
maps0,maps0_090,TBX,0.7381857953195174
maps0,maps0_090,TBY,0.8459524957465595
maps0,maps0_090,TTX,0.8474635391228138
maps0,maps0_090,TTY,0.8948929156885279
maps0,maps0_090,LIX,0.6936454508131197
maps0,maps0_090,LIY,0.7246291651066117
maps0,maps0_090,ULX,0.43363373959759116
maps0,maps0_090,ULY,0.3835611382905298
maps0,maps0_090,LLX,0.04762042376085968
maps0,maps0_090,LLY,0.8031449606827822
maps0,maps0_091,TDX,0.6004941214780036
maps0,maps0_091,TDY,0.8519596690762858
maps0,maps0_091,TBX,0.6875628396169255
maps0,maps0_091,TBY,0.9412057747251973
maps0,maps0_091,TTX,0.6574113464477996
maps0,maps0_091,TTY,0.9215628985091685
maps0,maps0_091,LIX,0.31460898073525495
maps0,maps0_091,LIY,0.8312525511944595
maps0,maps0_091,ULX,0.7457443682522434
maps0,maps0_091,ULY,0.7113321784351352
maps0,maps0_091,LLX,-0.2759444878043084
maps0,maps0_091,LLY,0.8857373058128342
maps0,maps0_092,TDX,0.8250986398904315
maps0,maps0_092,TDY,0.8835365484844873
maps0,maps0_092,TBX,0.7383696091933836
maps0,maps0_092,TBY,0.9339537619760409
maps0,maps0_092,TTX,0.49527350426078304
maps0,maps0_092,TTY,0.8338230677246484
maps0,maps0_092,LIX,0.6546214541505595
maps0,maps0_092,LIY,0.8439779104336312
maps0,maps0_092,ULX,0.6091710023091494
maps0,maps0_092,ULY,0.5614169806352837
maps0,maps0_092,LLX,-0.006384175765839386
maps0,maps0_092,LLY,0.8219414782332104
maps0,maps0_094,TDX,0.6028449728746682
maps0,maps0_094,TDY,0.755025551306038
maps0,maps0_094,TBX,0.6044178824521742
maps0,maps0_094,TBY,0.7690946835603616
maps0,maps0_094,TTX,0.5037190865797222
maps0,maps0_094,TTY,0.847185170296734
maps0,maps0_094,LIX,0.6299528838258397
maps0,maps0_094,LIY,0.8019648247646789
maps0,maps0_094,ULX,0.8562647615057213
maps0,maps0_094,ULY,-0.05356424488754103
maps0,maps0_094,LLX,0.23508678970672411
maps0,maps0_094,LLY,0.8472737562967483
maps0,maps0_095,TDX,0.6504247153521338
maps0,maps0_095,TDY,0.9324326875152745
maps0,maps0_095,TBX,0.6358924722904191
maps0,maps0_095,TBY,0.7816907104237725
maps0,maps0_095,TTX,0.6752974072076603
maps0,maps0_095,TTY,0.7603230869899428
maps0,maps0_095,LIX,0.8090474126196211
maps0,maps0_095,LIY,0.745764240280187
maps0,maps0_095,ULX,0.7792985379047593
maps0,maps0_095,ULY,0.555066785039063
maps0,maps0_095,LLX,0.18554932082342468
maps0,maps0_095,LLY,0.6994744881719005
maps0,maps0_096,TDX,0.5411248901680795
maps0,maps0_096,TDY,0.829583467012649
maps0,maps0_096,TBX,0.5845149650311108
maps0,maps0_096,TBY,0.8683792959203026
maps0,maps0_096,TTX,0.4841877910723085
maps0,maps0_096,TTY,0.8693773877558846
maps0,maps0_096,LIX,0.7399157268296981
maps0,maps0_096,LIY,0.8772968813385936
maps0,maps0_096,ULX,0.7595106125287903
maps0,maps0_096,ULY,0.7990059208977126
maps0,maps0_096,LLX,0.2242039139578735
maps0,maps0_096,LLY,0.8359117705540996
maps0,maps0_097,TDX,0.6687430674776303
maps0,maps0_097,TDY,0.9158448701046796
maps0,maps0_097,TBX,0.7670387726800318
maps0,maps0_097,TBY,0.8521812477528583
maps0,maps0_097,TTX,0.7790530636149825
maps0,maps0_097,TTY,0.8799212090430157
maps0,maps0_097,LIX,0.42785541339227595
maps0,maps0_097,LIY,0.8426662411322953
maps0,maps0_097,ULX,0.6655125409865671
maps0,maps0_097,ULY,0.36164470945166644
maps0,maps0_097,LLX,-0.0031659695939733287
maps0,maps0_097,LLY,0.8521157109008264
maps0,maps0_098,TDX,0.583923279014134
maps0,maps0_098,TDY,0.863801221854179
maps0,maps0_098,TBX,0.49341998934732606
maps0,maps0_098,TBY,0.9215407382589609
maps0,maps0_098,TTX,0.38385221746085985
maps0,maps0_098,TTY,0.8475339179870023
maps0,maps0_098,LIX,0.5850702642427176
maps0,maps0_098,LIY,0.88870322887717
maps0,maps0_098,ULX,0.5433153082610332
maps0,maps0_098,ULY,0.6875945689420403
maps0,maps0_098,LLX,-0.10502609506989731
maps0,maps0_098,LLY,0.825003350783573
maps0,maps0_099,TDX,0.6069217167934672
maps0,maps0_099,TDY,0.9403536569028824
maps0,maps0_099,TBX,0.6984170753029222
maps0,maps0_099,TBY,0.8651077922482827
maps0,maps0_099,TTX,0.7874747895264667
maps0,maps0_099,TTY,0.843006248906382
maps0,maps0_099,LIX,0.6793287256088537
maps0,maps0_099,LIY,0.8968825393120701
maps0,maps0_099,ULX,0.552127356386185
maps0,maps0_099,ULY,0.39791507448585794
maps0,maps0_099,LLX,-0.03689152090403671
maps0,maps0_099,LLY,0.7941427521105557
maps0,maps0_100,TDX,0.7701379233894001
maps0,maps0_100,TDY,0.8588723207593566
maps0,maps0_100,TBX,0.7940948667817872
maps0,maps0_100,TBY,0.8726459659417842
maps0,maps0_100,TTX,0.7593902292331649
maps0,maps0_100,TTY,0.765127332843138
maps0,maps0_100,LIX,0.6702048040395854
maps0,maps0_100,LIY,0.769664701469609
maps0,maps0_100,ULX,0.716269041590393
maps0,maps0_100,ULY,0.3027622096602931
maps0,maps0_100,LLX,-0.5143751684583877
maps0,maps0_100,LLY,0.8239067137731694
maps0,maps0_101,TDX,0.8900108750032293
maps0,maps0_101,TDY,0.9294223397368636
maps0,maps0_101,TBX,0.8650006049992076
maps0,maps0_101,TBY,0.7888985170779247
maps0,maps0_101,TTX,0.6132365521672292
maps0,maps0_101,TTY,0.7937683071141569
maps0,maps0_101,LIX,0.6216002643745389
maps0,maps0_101,LIY,0.8363512956477993
maps0,maps0_101,ULX,0.8064666706789193
maps0,maps0_101,ULY,0.6359009378274418
maps0,maps0_101,LLX,-0.26104292677269075
maps0,maps0_101,LLY,0.8677150385254834
maps0,maps0_102,TDX,0.5632253875558618
maps0,maps0_102,TDY,0.8979515124845554
maps0,maps0_102,TBX,0.5977105327186863
maps0,maps0_102,TBY,0.8196875747967804
maps0,maps0_102,TTX,0.5737419264338139
maps0,maps0_102,TTY,0.7044336206052593
maps0,maps0_102,LIX,0.6836838124723512
maps0,maps0_102,LIY,0.7450548847781584
maps0,maps0_102,ULX,0.7810081579263655
maps0,maps0_102,ULY,0.2585750845664713
maps0,maps0_102,LLX,-0.29832585059772415
maps0,maps0_102,LLY,0.830283721115402
maps0,maps0_103,TDX,0.6854735766848524
maps0,maps0_103,TDY,0.846519031969634
maps0,maps0_103,TBX,0.6739103419125186
maps0,maps0_103,TBY,0.9125534250614282
maps0,maps0_103,TTX,0.5245619846843186
maps0,maps0_103,TTY,0.9250711817338868
maps0,maps0_103,LIX,0.3817839889950919
maps0,maps0_103,LIY,0.7955196751748637
maps0,maps0_103,ULX,0.7323667546362359
maps0,maps0_103,ULY,0.4470215787859492
maps0,maps0_103,LLX,-0.32936572708537826
maps0,maps0_103,LLY,0.8502421158901315
maps0,maps0_104,TDX,0.6995950258204375
maps0,maps0_104,TDY,0.8934741218717114
maps0,maps0_104,TBX,0.5806029864747302
maps0,maps0_104,TBY,0.8790287822259244
maps0,maps0_104,TTX,0.45490645307574873
maps0,maps0_104,TTY,0.7617419188910396
maps0,maps0_104,LIX,0.5167945475196587
maps0,maps0_104,LIY,0.814666139295194
maps0,maps0_104,ULX,0.8036351505614979
maps0,maps0_104,ULY,0.7483155602023962
maps0,maps0_104,LLX,-0.23932141247133568
maps0,maps0_104,LLY,0.606639604460355
maps0,maps0_105,TDX,0.6597845155810869
maps0,maps0_105,TDY,0.9122685666867334
maps0,maps0_105,TBX,0.7432381559834643
maps0,maps0_105,TBY,0.8117271294318387
maps0,maps0_105,TTX,0.7596927657683011
maps0,maps0_105,TTY,0.8117753655832823
maps0,maps0_105,LIX,0.622317958762607
maps0,maps0_105,LIY,0.8265712843008605
maps0,maps0_105,ULX,0.5458488669387054
maps0,maps0_105,ULY,0.5451844411708267
maps0,maps0_105,LLX,0.5750425671576064
maps0,maps0_105,LLY,0.8577158094239169
maps0,maps0_106,TDX,0.6939464922463049
maps0,maps0_106,TDY,0.950515153990705
maps0,maps0_106,TBX,0.8094886046324641
maps0,maps0_106,TBY,0.9151425998868414
maps0,maps0_106,TTX,0.7590355091836287
maps0,maps0_106,TTY,0.8698422395506091
maps0,maps0_106,LIX,0.8209505707813818
maps0,maps0_106,LIY,0.9024839665013775
maps0,maps0_106,ULX,0.5839845309982832
maps0,maps0_106,ULY,-0.09286802205962717
maps0,maps0_106,LLX,0.24935712655649028
maps0,maps0_106,LLY,0.9214568533798473
maps0,maps0_107,TDX,0.783258625526437
maps0,maps0_107,TDY,0.8964291278417722
maps0,maps0_107,TBX,0.6995642955023305
maps0,maps0_107,TBY,0.9297782599600889
maps0,maps0_107,TTX,0.267304727837197
maps0,maps0_107,TTY,0.8089383177692642
maps0,maps0_107,LIX,0.4569332289601893
maps0,maps0_107,LIY,0.8388694503653897
maps0,maps0_107,ULX,0.8253988682735338
maps0,maps0_107,ULY,0.7100015487246238
maps0,maps0_107,LLX,0.08194377930323893
maps0,maps0_107,LLY,0.6438465111313731
maps0,maps0_108,TDX,0.8056075982283767
maps0,maps0_108,TDY,0.9300689310801709
maps0,maps0_108,TBX,0.71293148422638
maps0,maps0_108,TBY,0.865186135368586
maps0,maps0_108,TTX,0.6419863958655547
maps0,maps0_108,TTY,0.9147403642428542
maps0,maps0_108,LIX,0.6958859823988957
maps0,maps0_108,LIY,0.8231894035756758
maps0,maps0_108,ULX,0.8030345918896132
maps0,maps0_108,ULY,0.5323874876887731
maps0,maps0_108,LLX,-0.18674633993221051
maps0,maps0_108,LLY,0.8162997241209663
maps0,maps0_109,TDX,0.33993370807328677
maps0,maps0_109,TDY,0.9122837424668688
maps0,maps0_109,TBX,0.3612500744104301
maps0,maps0_109,TBY,0.9025810006503411
maps0,maps0_109,TTX,0.3980980438988795
maps0,maps0_109,TTY,0.8692879380475536
maps0,maps0_109,LIX,0.4854431277202474
maps0,maps0_109,LIY,0.7991237877448579
maps0,maps0_109,ULX,0.5590999739554461
maps0,maps0_109,ULY,0.590032909826319
maps0,maps0_109,LLX,0.019153624307044474
maps0,maps0_109,LLY,0.7971906884383574
maps0,maps0_110,TDX,0.5428718729932305
maps0,maps0_110,TDY,0.9131340287650827
maps0,maps0_110,TBX,0.5634063609817005
maps0,maps0_110,TBY,0.8279788629149619
maps0,maps0_110,TTX,0.4277050541150123
maps0,maps0_110,TTY,0.780964966866106
maps0,maps0_110,LIX,0.6040729634016077
maps0,maps0_110,LIY,0.8454886132330619
maps0,maps0_110,ULX,0.6584721296624606
maps0,maps0_110,ULY,0.7254935774449786
maps0,maps0_110,LLX,-0.23070706906682562
maps0,maps0_110,LLY,0.8603263152493438
maps0,maps0_111,TDX,0.5754126066735727
maps0,maps0_111,TDY,0.8611470699015478
maps0,maps0_111,TBX,0.7011316556909486
maps0,maps0_111,TBY,0.8714487086403754
maps0,maps0_111,TTX,0.7630646462349154
maps0,maps0_111,TTY,0.5243308696821107
maps0,maps0_111,LIX,0.6119823257406773
maps0,maps0_111,LIY,0.83591524106851
maps0,maps0_111,ULX,0.4616647422292771
maps0,maps0_111,ULY,0.7169457452917019
maps0,maps0_111,LLX,0.3746364825023705
maps0,maps0_111,LLY,0.7137827479240437
maps0,maps0_112,TDX,0.7336869615111558
maps0,maps0_112,TDY,0.8951717984463006
maps0,maps0_112,TBX,0.6254822546632214
maps0,maps0_112,TBY,0.8244739847337599
maps0,maps0_112,TTX,0.5587129051277041
maps0,maps0_112,TTY,0.7937884490041851
maps0,maps0_112,LIX,0.7701241176029919
maps0,maps0_112,LIY,0.8091097817613134
maps0,maps0_112,ULX,0.4138828933595564
maps0,maps0_112,ULY,0.5742943827694863
maps0,maps0_112,LLX,-0.15305827278028059
maps0,maps0_112,LLY,0.8495937967396175
maps0,maps0_113,TDX,0.7063611189465574
maps0,maps0_113,TDY,0.914273365996797
maps0,maps0_113,TBX,0.7523601868008943
maps0,maps0_113,TBY,0.8617158526601676
maps0,maps0_113,TTX,0.6319632331722951
maps0,maps0_113,TTY,0.840909963261694
maps0,maps0_113,LIX,0.5937200550250609
maps0,maps0_113,LIY,0.9156878367982132
maps0,maps0_113,ULX,0.7435805607936761
maps0,maps0_113,ULY,0.6682882288000818
maps0,maps0_113,LLX,-0.49765216717864136
maps0,maps0_113,LLY,0.7661441535358066
maps0,maps0_114,TDX,0.5528045902719615
maps0,maps0_114,TDY,0.8766346335529889
maps0,maps0_114,TBX,0.5590482167246696
maps0,maps0_114,TBY,0.8174790765840636
maps0,maps0_114,TTX,0.384792742245283
maps0,maps0_114,TTY,0.748381267905493
maps0,maps0_114,LIX,0.6077033258004272
maps0,maps0_114,LIY,0.7688471250215505
maps0,maps0_114,ULX,0.6199240467428101
maps0,maps0_114,ULY,0.3125739108342971
maps0,maps0_114,LLX,0.1427047912627946
maps0,maps0_114,LLY,0.6935466196986592
maps0,maps0_115,TDX,0.6084866879024255
maps0,maps0_115,TDY,0.9447210409266277
maps0,maps0_115,TBX,0.6882333994240171
maps0,maps0_115,TBY,0.8945933241010335
maps0,maps0_115,TTX,0.17082668962834088
maps0,maps0_115,TTY,0.8980735383850046
maps0,maps0_115,LIX,0.8514593526801923
maps0,maps0_115,LIY,0.857103962116751
maps0,maps0_115,ULX,0.7977373450495572
maps0,maps0_115,ULY,0.6849134178342149
maps0,maps0_115,LLX,0.7489687063313305
maps0,maps0_115,LLY,0.8253596016945962
maps0,maps0_116,TDX,0.6515771564139066
maps0,maps0_116,TDY,0.9291917690872623
maps0,maps0_116,TBX,0.49098280439025344
maps0,maps0_116,TBY,0.8622382616829354
maps0,maps0_116,TTX,0.32613192887747383
maps0,maps0_116,TTY,0.8068374847778398
maps0,maps0_116,LIX,0.7927001378261694
maps0,maps0_116,LIY,0.8737377959851494
maps0,maps0_116,ULX,0.6684302989704328
maps0,maps0_116,ULY,0.701958254808222
maps0,maps0_116,LLX,0.08088585688601341
maps0,maps0_116,LLY,0.8706264355340091
maps0,maps0_117,TDX,0.6719717241157276
maps0,maps0_117,TDY,0.9109483263509903
maps0,maps0_117,TBX,0.6970828089072284
maps0,maps0_117,TBY,0.7949643289769014
maps0,maps0_117,TTX,0.7127000388031283
maps0,maps0_117,TTY,0.6443061649867401
maps0,maps0_117,LIX,0.6367138705123113
maps0,maps0_117,LIY,0.7725547272456793
maps0,maps0_117,ULX,0.8116540292137454
maps0,maps0_117,ULY,0.6442158366492521
maps0,maps0_117,LLX,-0.13974448827620073
maps0,maps0_117,LLY,0.6463909088344938
maps0,maps0_118,TDX,0.7774435433128601
maps0,maps0_118,TDY,0.9368981730138146
maps0,maps0_118,TBX,0.7608765457811654
maps0,maps0_118,TBY,0.9435442303971573
maps0,maps0_118,TTX,0.703738592773023
maps0,maps0_118,TTY,0.7803231988082134
maps0,maps0_118,LIX,0.6383585850401345
maps0,maps0_118,LIY,0.8213096555726119
maps0,maps0_118,ULX,0.8315223837278585
maps0,maps0_118,ULY,-0.2546776763482191
maps0,maps0_118,LLX,0.20750659766015314
maps0,maps0_118,LLY,0.915393502893473
maps0,maps0_119,TDX,0.7242140256571329
maps0,maps0_119,TDY,0.7847124760648068
maps0,maps0_119,TBX,0.8099452981857413
maps0,maps0_119,TBY,0.8445793444809825
maps0,maps0_119,TTX,0.826789653577791
maps0,maps0_119,TTY,0.8812154005775966
maps0,maps0_119,LIX,0.7198783619026622
maps0,maps0_119,LIY,0.7039728741274387
maps0,maps0_119,ULX,0.7082576259420443
maps0,maps0_119,ULY,0.6822454500212839
maps0,maps0_119,LLX,0.31678180809447454
maps0,maps0_119,LLY,0.8708135849529378
maps0,maps0_120,TDX,0.7565092212780903
maps0,maps0_120,TDY,0.9358188105296228
maps0,maps0_120,TBX,0.718087224860477
maps0,maps0_120,TBY,0.9127613825931662
maps0,maps0_120,TTX,0.5658007685629881
maps0,maps0_120,TTY,0.8570609767135704
maps0,maps0_120,LIX,0.4544505056387209
maps0,maps0_120,LIY,0.6101161437106077
maps0,maps0_120,ULX,0.641196628443101
maps0,maps0_120,ULY,0.8007575669851036
maps0,maps0_120,LLX,-0.24378648605347691
maps0,maps0_120,LLY,0.74418050453935
maps0,maps0_121,TDX,0.6849498698631076
maps0,maps0_121,TDY,0.8100659343019407
maps0,maps0_121,TBX,0.7210870779926568
maps0,maps0_121,TBY,0.7847287907226396
maps0,maps0_121,TTX,0.7573580161441641
maps0,maps0_121,TTY,0.7448273780814187
maps0,maps0_121,LIX,0.7213914712064807
maps0,maps0_121,LIY,0.8349987720527395
maps0,maps0_121,ULX,0.37236257504834447
maps0,maps0_121,ULY,0.9186514473675763
maps0,maps0_121,LLX,0.2594175033089289
maps0,maps0_121,LLY,0.7677477579700615
maps0,maps0_122,TDX,0.8171340229632426
maps0,maps0_122,TDY,0.9338488315001138
maps0,maps0_122,TBX,0.8416540408822735
maps0,maps0_122,TBY,0.862759493134201
maps0,maps0_122,TTX,0.6964970340397121
maps0,maps0_122,TTY,0.9074321085729465
maps0,maps0_122,LIX,0.7291056237325292
maps0,maps0_122,LIY,0.8051667372059979
maps0,maps0_122,ULX,0.7850284962128414
maps0,maps0_122,ULY,0.5073572044027722
maps0,maps0_122,LLX,0.40761606373750897
maps0,maps0_122,LLY,0.8910318241063829
maps0,maps0_123,TDX,0.7229622175603535
maps0,maps0_123,TDY,0.9020671881799981
maps0,maps0_123,TBX,0.6822044916489914
maps0,maps0_123,TBY,0.8603734780617229
maps0,maps0_123,TTX,0.46143380027209757
maps0,maps0_123,TTY,0.6603951500548979
maps0,maps0_123,LIX,0.5197404787610116
maps0,maps0_123,LIY,0.8232293310158588
maps0,maps0_123,ULX,0.667832745982825
maps0,maps0_123,ULY,0.693743966824873
maps0,maps0_123,LLX,-0.34148991326963707
maps0,maps0_123,LLY,0.8024202489697675
maps0,maps0_124,TDX,0.4720016410910292
maps0,maps0_124,TDY,0.8869211616685986
maps0,maps0_124,TBX,0.48417566265684364
maps0,maps0_124,TBY,0.8490746364155036
maps0,maps0_124,TTX,0.5954640913946444
maps0,maps0_124,TTY,0.687666049294535
maps0,maps0_124,LIX,0.7077722726698326
maps0,maps0_124,LIY,0.8384472347300462
maps0,maps0_124,ULX,0.8110628745351368
maps0,maps0_124,ULY,0.572666372809072
maps0,maps0_124,LLX,0.43315414682801334
maps0,maps0_124,LLY,0.7093481964166986
maps0,maps0_125,TDX,0.6641457196712244
maps0,maps0_125,TDY,0.8787754239769956
maps0,maps0_125,TBX,0.7080298902049336
maps0,maps0_125,TBY,0.8742529736733217
maps0,maps0_125,TTX,0.8232888272922582
maps0,maps0_125,TTY,0.8817238739268698
maps0,maps0_125,LIX,0.6049303170232576
maps0,maps0_125,LIY,0.733502188064608
maps0,maps0_125,ULX,0.6610482853289487
maps0,maps0_125,ULY,0.10134141725717964
maps0,maps0_125,LLX,0.04868212446949669
maps0,maps0_125,LLY,0.821618628824206
maps0,maps0_126,TDX,0.8358764761330723
maps0,maps0_126,TDY,0.8827075963557665
maps0,maps0_126,TBX,0.7638342283296378
maps0,maps0_126,TBY,0.9004783194922861
maps0,maps0_126,TTX,0.7384042205234089
maps0,maps0_126,TTY,0.8871470057112022
maps0,maps0_126,LIX,0.5852471927606151
maps0,maps0_126,LIY,0.6916919930957827
maps0,maps0_126,ULX,0.6304547829902691
maps0,maps0_126,ULY,0.6906790316162393
maps0,maps0_126,LLX,-0.019478628645455024
maps0,maps0_126,LLY,0.9093455308632631
maps0,maps0_127,TDX,0.8053308320064639
maps0,maps0_127,TDY,0.6682727676891952
maps0,maps0_127,TBX,0.7530103563445263
maps0,maps0_127,TBY,0.7374733939221954
maps0,maps0_127,TTX,0.7260695242256997
maps0,maps0_127,TTY,0.7946768385931915
maps0,maps0_127,LIX,0.7184312138895881
maps0,maps0_127,LIY,0.6639774184016601
maps0,maps0_127,ULX,0.7935704965280009
maps0,maps0_127,ULY,0.7026391384540537
maps0,maps0_127,LLX,0.4036801491261477
maps0,maps0_127,LLY,0.7023462995794698
maps0,maps0_128,TDX,0.8830986613353609
maps0,maps0_128,TDY,0.8861278575271864
maps0,maps0_128,TBX,0.8530223207817512
maps0,maps0_128,TBY,0.7890828908292967
maps0,maps0_128,TTX,0.8012260826292118
maps0,maps0_128,TTY,0.8081337247626165
maps0,maps0_128,LIX,0.43303586978326897
maps0,maps0_128,LIY,0.7047875812382763
maps0,maps0_128,ULX,-0.03689836615181371
maps0,maps0_128,ULY,0.810014140764576
maps0,maps0_128,LLX,-0.5349502749287945
maps0,maps0_128,LLY,0.42709262787515595
maps0,maps0_129,TDX,0.8119320851910664
maps0,maps0_129,TDY,0.8606476759723188
maps0,maps0_129,TBX,0.7935674546713753
maps0,maps0_129,TBY,0.8950966841045184
maps0,maps0_129,TTX,0.789044487740731
maps0,maps0_129,TTY,0.8972497359121823
maps0,maps0_129,LIX,0.7211831971692905
maps0,maps0_129,LIY,0.7057783081854245
maps0,maps0_129,ULX,0.7286618383949367
maps0,maps0_129,ULY,0.7974996871996637
maps0,maps0_129,LLX,-0.040645811333365235
maps0,maps0_129,LLY,0.8176680458750103
maps0,maps0_130,TDX,0.8406906047440975
maps0,maps0_130,TDY,0.9239378235840195
maps0,maps0_130,TBX,0.804908900867696
maps0,maps0_130,TBY,0.8124909120538751
maps0,maps0_130,TTX,0.7483825037307428
maps0,maps0_130,TTY,0.41906244989448566
maps0,maps0_130,LIX,0.05346879624363116
maps0,maps0_130,LIY,0.6787790677529022
maps0,maps0_130,ULX,0.6407538586037732
maps0,maps0_130,ULY,0.6969453725341896
maps0,maps0_130,LLX,-0.35207470965634086
maps0,maps0_130,LLY,0.7743560558610627
maps0,maps0_131,TDX,0.6754897660148209
maps0,maps0_131,TDY,0.9173379115389754
maps0,maps0_131,TBX,0.6793825726894371
maps0,maps0_131,TBY,0.8996864884403196
maps0,maps0_131,TTX,0.8784625998299248
maps0,maps0_131,TTY,0.7404666299581385
maps0,maps0_131,LIX,0.7286212107688699
maps0,maps0_131,LIY,0.8391585755036236
maps0,maps0_131,ULX,0.12007457574648722
maps0,maps0_131,ULY,0.3876589245794056
maps0,maps0_131,LLX,-0.06324985587485858
maps0,maps0_131,LLY,0.7450157175486168
maps0,maps0_132,TDX,0.8279797859910936
maps0,maps0_132,TDY,0.8967411681442943
maps0,maps0_132,TBX,0.9150080102668869
maps0,maps0_132,TBY,0.7469463854925935
maps0,maps0_132,TTX,0.9411710703843396
maps0,maps0_132,TTY,0.841791231122482
maps0,maps0_132,LIX,0.9272431693606603
maps0,maps0_132,LIY,0.9301789059171482
maps0,maps0_132,ULX,0.7058350029197947
maps0,maps0_132,ULY,0.7274819127876407
maps0,maps0_132,LLX,0.07599197450256316
maps0,maps0_132,LLY,0.8897470646526606
maps0,maps0_133,TDX,0.8594432623673927
maps0,maps0_133,TDY,0.8745639823153111
maps0,maps0_133,TBX,0.8339841416436055
maps0,maps0_133,TBY,0.8952351960742249
maps0,maps0_133,TTX,0.739881593363999
maps0,maps0_133,TTY,0.6865744767302978
maps0,maps0_133,LIX,0.7412639290214442
maps0,maps0_133,LIY,0.8570746497185039
maps0,maps0_133,ULX,0.7442587733577735
maps0,maps0_133,ULY,0.5252263753231479
maps0,maps0_133,LLX,0.06890313627991276
maps0,maps0_133,LLY,0.8955890395174431
maps0,maps0_134,TDX,0.8703239744886501
maps0,maps0_134,TDY,0.8951759142580761
maps0,maps0_134,TBX,0.8903205805882843
maps0,maps0_134,TBY,0.9280942618475776
maps0,maps0_134,TTX,0.7382022709830306
maps0,maps0_134,TTY,0.8786989311699972
maps0,maps0_134,LIX,0.7815791174999337
maps0,maps0_134,LIY,0.8252021692151108
maps0,maps0_134,ULX,0.8589028545096407
maps0,maps0_134,ULY,0.5280574269420375
maps0,maps0_134,LLX,0.42431063626142557
maps0,maps0_134,LLY,0.8533027551405021
maps0,maps0_135,TDX,0.6943022652733587
maps0,maps0_135,TDY,0.8724247108374567
maps0,maps0_135,TBX,0.7713758359026344
maps0,maps0_135,TBY,0.7622346844954422
maps0,maps0_135,TTX,0.7687531966645113
maps0,maps0_135,TTY,0.7178326282985046
maps0,maps0_135,LIX,0.7572839338403621
maps0,maps0_135,LIY,0.7780392150119768
maps0,maps0_135,ULX,0.6496769040529939
maps0,maps0_135,ULY,-0.1066467252643861
maps0,maps0_135,LLX,-0.6092740762212779
maps0,maps0_135,LLY,0.8315212218495301
maps0,maps0_136,TDX,0.8600862646716693
maps0,maps0_136,TDY,0.9141726858143145
maps0,maps0_136,TBX,0.8630585341010495
maps0,maps0_136,TBY,0.9011526906645456
maps0,maps0_136,TTX,0.7924317591604003
maps0,maps0_136,TTY,0.8484914004484988
maps0,maps0_136,LIX,0.7686313500504625
maps0,maps0_136,LIY,0.8568102410862608
maps0,maps0_136,ULX,0.6600499240225044
maps0,maps0_136,ULY,0.7612829697552407
maps0,maps0_136,LLX,0.21674402513469093
maps0,maps0_136,LLY,0.8178320587953843
maps0,maps0_137,TDX,0.8346870600936899
maps0,maps0_137,TDY,0.9084036416836121
maps0,maps0_137,TBX,0.8717097402420367
maps0,maps0_137,TBY,0.8566092217761154
maps0,maps0_137,TTX,0.8711969355605823
maps0,maps0_137,TTY,0.8372577992383778
maps0,maps0_137,LIX,0.46800363170299136
maps0,maps0_137,LIY,0.6328419040260019
maps0,maps0_137,ULX,0.724703965274896
maps0,maps0_137,ULY,0.2556223105450808
maps0,maps0_137,LLX,0.15113747419034787
maps0,maps0_137,LLY,0.781847919659783
maps0,maps0_138,TDX,0.7761548709485795
maps0,maps0_138,TDY,0.9235786100333855
maps0,maps0_138,TBX,0.6961051737619032
maps0,maps0_138,TBY,0.8918293461884277
maps0,maps0_138,TTX,0.6749145264095017
maps0,maps0_138,TTY,0.7680805652789144
maps0,maps0_138,LIX,0.6513407490190365
maps0,maps0_138,LIY,0.8148168284788873
maps0,maps0_138,ULX,0.6961949310323144
maps0,maps0_138,ULY,0.7924937435193913
maps0,maps0_138,LLX,-0.07711364957522476
maps0,maps0_138,LLY,0.8459449762440383
maps0,maps0_139,TDX,0.8520186231677505
maps0,maps0_139,TDY,0.841518404227224
maps0,maps0_139,TBX,0.8149507167450404
maps0,maps0_139,TBY,0.7857306985117732
maps0,maps0_139,TTX,0.7391081376356843
maps0,maps0_139,TTY,0.8492239595589812
maps0,maps0_139,LIX,0.6253446350581419
maps0,maps0_139,LIY,0.7402780573785075
maps0,maps0_139,ULX,0.7336870713308333
maps0,maps0_139,ULY,0.39530478751044285
maps0,maps0_139,LLX,-0.05914695045729341
maps0,maps0_139,LLY,0.8642374354452179
maps0,maps0_140,TDX,0.47615002229268244
maps0,maps0_140,TDY,0.9369524255497903
maps0,maps0_140,TBX,0.5076408549985602
maps0,maps0_140,TBY,0.882171633170883
maps0,maps0_140,TTX,0.31205822287670365
maps0,maps0_140,TTY,0.6187781045802158
maps0,maps0_140,LIX,0.5495682856032044
maps0,maps0_140,LIY,0.7840306557591172
maps0,maps0_140,ULX,0.5454130710485803
maps0,maps0_140,ULY,0.3764605637974941
maps0,maps0_140,LLX,-0.0193701659170874
maps0,maps0_140,LLY,0.8286689283398346
maps0,maps0_141,TDX,0.6400848363620514
maps0,maps0_141,TDY,0.8613566971710015
maps0,maps0_141,TBX,0.5702038629638623
maps0,maps0_141,TBY,0.8858758980888388
maps0,maps0_141,TTX,0.5315531122186865
maps0,maps0_141,TTY,0.7899460682049809
maps0,maps0_141,LIX,0.6569284743019225
maps0,maps0_141,LIY,0.7561724559003927
maps0,maps0_141,ULX,0.8122352038755913
maps0,maps0_141,ULY,0.7317689887396406
maps0,maps0_141,LLX,-0.15665022639349527
maps0,maps0_141,LLY,0.6162251646220672
maps0,maps0_142,TDX,0.6594677104352076
maps0,maps0_142,TDY,0.9104488423555105
maps0,maps0_142,TBX,0.7037259445911541
maps0,maps0_142,TBY,0.9338074338656475
maps0,maps0_142,TTX,0.8123987703540525
maps0,maps0_142,TTY,0.8624179357950565
maps0,maps0_142,LIX,0.8079095869922117
maps0,maps0_142,LIY,0.8790492439995501
maps0,maps0_142,ULX,0.7615378705244862
maps0,maps0_142,ULY,-0.344578436555917
maps0,maps0_142,LLX,0.1695674263913781
maps0,maps0_142,LLY,0.9228573896360167
maps0,maps0_143,TDX,0.6166276578644441
maps0,maps0_143,TDY,0.9125996390463845
maps0,maps0_143,TBX,0.513407870123664
maps0,maps0_143,TBY,0.8925877242707725
maps0,maps0_143,TTX,0.1326680528195983
maps0,maps0_143,TTY,0.9146254483382366
maps0,maps0_143,LIX,0.7398888607962092
maps0,maps0_143,LIY,0.9382816969115683
maps0,maps0_143,ULX,0.8534080969520936
maps0,maps0_143,ULY,0.4518743392762317
maps0,maps0_143,LLX,0.34497497341650535
maps0,maps0_143,LLY,0.865808015916109
maps0,maps0_144,TDX,0.7842374036289559
maps0,maps0_144,TDY,0.8848849553433941
maps0,maps0_144,TBX,0.7612498039383285
maps0,maps0_144,TBY,0.849746966631346
maps0,maps0_144,TTX,0.605306247642744
maps0,maps0_144,TTY,0.8377452863328915
maps0,maps0_144,LIX,0.6577344403758169
maps0,maps0_144,LIY,0.7965461838598079
maps0,maps0_144,ULX,0.8170254095302648
maps0,maps0_144,ULY,0.0625510634108108
maps0,maps0_144,LLX,0.00749217710754702
maps0,maps0_144,LLY,0.8431878890420714
maps0,maps0_145,TDX,0.7547193147939065
maps0,maps0_145,TDY,0.9080455512531904
maps0,maps0_145,TBX,0.7308931822303406
maps0,maps0_145,TBY,0.8294290561143264
maps0,maps0_145,TTX,0.45349411548718577
maps0,maps0_145,TTY,0.6673357949258599
maps0,maps0_145,LIX,0.7620822242803353
maps0,maps0_145,LIY,0.799224015135592
maps0,maps0_145,ULX,0.7639051039004875
maps0,maps0_145,ULY,-0.008150534890138453
maps0,maps0_145,LLX,0.4441685746044386
maps0,maps0_145,LLY,0.8778754261776854
maps0,maps0_146,TDX,0.8249640219487732
maps0,maps0_146,TDY,0.8526227073199278
maps0,maps0_146,TBX,0.7926671982309117
maps0,maps0_146,TBY,0.6198215777450312
maps0,maps0_146,TTX,0.7304457237240767
maps0,maps0_146,TTY,0.7943388209751225
maps0,maps0_146,LIX,0.4572275381401723
maps0,maps0_146,LIY,0.5742427357413725
maps0,maps0_146,ULX,0.7825435603004913
maps0,maps0_146,ULY,0.17558856510987217
maps0,maps0_146,LLX,0.0461053543321623
maps0,maps0_146,LLY,0.8478972411844062
maps0,maps0_147,TDX,0.867904893120943
maps0,maps0_147,TDY,0.9464085782524014
maps0,maps0_147,TBX,0.8919542208250795
maps0,maps0_147,TBY,0.9088692852175158
maps0,maps0_147,TTX,0.8625283046425588
maps0,maps0_147,TTY,0.8136216532847722
maps0,maps0_147,LIX,0.7185045454007909
maps0,maps0_147,LIY,0.7447446623839349
maps0,maps0_147,ULX,0.8060587253151363
maps0,maps0_147,ULY,0.42265167440288454
maps0,maps0_147,LLX,-0.14997402095639578
maps0,maps0_147,LLY,0.8194242842757363
maps0,maps0_148,TDX,0.7253047813971569
maps0,maps0_148,TDY,0.9210387357641481
maps0,maps0_148,TBX,0.7525898307115299
maps0,maps0_148,TBY,0.8068133067552631
maps0,maps0_148,TTX,0.7379391373013969
maps0,maps0_148,TTY,0.8180368018596379
maps0,maps0_148,LIX,0.623657483037863
maps0,maps0_148,LIY,0.807543773917075
maps0,maps0_148,ULX,0.7636138940994287
maps0,maps0_148,ULY,0.3445786629172523
maps0,maps0_148,LLX,0.09905678918100272
maps0,maps0_148,LLY,0.9069954340916835
maps0,maps0_149,TDX,0.7433452363371775
maps0,maps0_149,TDY,0.9087424189593758
maps0,maps0_149,TBX,0.8080079741308362
maps0,maps0_149,TBY,0.8707687894039319
maps0,maps0_149,TTX,0.8067662274763562
maps0,maps0_149,TTY,0.8441624149733915
maps0,maps0_149,LIX,0.6050290596498086
maps0,maps0_149,LIY,0.8166823974040361
maps0,maps0_149,ULX,0.8933158508156313
maps0,maps0_149,ULY,0.39759865029780705
maps0,maps0_149,LLX,-0.07495502206561136
maps0,maps0_149,LLY,0.844516433153916
maps0,maps0_150,TDX,0.7920251533428616
maps0,maps0_150,TDY,0.9055409887639341
maps0,maps0_150,TBX,0.8137846091500818
maps0,maps0_150,TBY,0.8874434501980778
maps0,maps0_150,TTX,0.8042210183173257
maps0,maps0_150,TTY,0.8667410015044456
maps0,maps0_150,LIX,0.6758880394499286
maps0,maps0_150,LIY,0.8167359129828715
maps0,maps0_150,ULX,0.8221249022317259
maps0,maps0_150,ULY,0.20400904088318295
maps0,maps0_150,LLX,0.39095114454478674
maps0,maps0_150,LLY,0.7567412195625289
maps0,maps0_151,TDX,0.7392347452490392
maps0,maps0_151,TDY,0.8262563015032388
maps0,maps0_151,TBX,0.6533789362938816
maps0,maps0_151,TBY,0.9041198934139496
maps0,maps0_151,TTX,0.610276266219443
maps0,maps0_151,TTY,0.912924523943313
maps0,maps0_151,LIX,0.5534295858959899
maps0,maps0_151,LIY,0.8672982653301493
maps0,maps0_151,ULX,0.7680590022869864
maps0,maps0_151,ULY,0.667816146493705
maps0,maps0_151,LLX,-0.06674896215388915
maps0,maps0_151,LLY,0.8594156231552923
maps0,maps0_152,TDX,0.23564128398559908
maps0,maps0_152,TDY,0.9279782266035249
maps0,maps0_152,TBX,0.3994670112443949
maps0,maps0_152,TBY,0.8430829919371741
maps0,maps0_152,TTX,0.11688509650128594
maps0,maps0_152,TTY,0.807823178509772
maps0,maps0_152,LIX,0.390760205481476
maps0,maps0_152,LIY,0.34771790294520705
maps0,maps0_152,ULX,0.7448728643050265
maps0,maps0_152,ULY,0.5780439927256703
maps0,maps0_152,LLX,-0.3471919187442777
maps0,maps0_152,LLY,0.5826875334570457
maps0,maps0_153,TDX,0.8343079132905767
maps0,maps0_153,TDY,0.9387442040328827
maps0,maps0_153,TBX,0.8483283010221049
maps0,maps0_153,TBY,0.9190153989168326
maps0,maps0_153,TTX,0.8516352444287137
maps0,maps0_153,TTY,0.6893901756087484
maps0,maps0_153,LIX,0.6187694863706009
maps0,maps0_153,LIY,0.78327759303359
maps0,maps0_153,ULX,0.7556802957693205
maps0,maps0_153,ULY,0.6001597811913708
maps0,maps0_153,LLX,-0.23840121769334174
maps0,maps0_153,LLY,0.77059456198195
maps0,maps0_154,TDX,0.6470449254201288
maps0,maps0_154,TDY,0.9126247434413107
maps0,maps0_154,TBX,0.5414642288858197
maps0,maps0_154,TBY,0.8979447273411949
maps0,maps0_154,TTX,0.429035295541556
maps0,maps0_154,TTY,0.8645201301789398
maps0,maps0_154,LIX,0.2875995677676678
maps0,maps0_154,LIY,0.7738472681888322
maps0,maps0_154,ULX,0.7419186800883629
maps0,maps0_154,ULY,0.004823309001660851
maps0,maps0_154,LLX,-0.4262685275656149
maps0,maps0_154,LLY,0.7555494622949602
maps0,maps0_155,TDX,0.6413047741600166
maps0,maps0_155,TDY,0.8820024557141393
maps0,maps0_155,TBX,0.709615259970985
maps0,maps0_155,TBY,0.8341245356965814
maps0,maps0_155,TTX,0.6197072938996163
maps0,maps0_155,TTY,0.8595290405769834
maps0,maps0_155,LIX,0.4108167220296408
maps0,maps0_155,LIY,0.764476970486449
maps0,maps0_155,ULX,0.8214292742746955
maps0,maps0_155,ULY,0.6393485644246171
maps0,maps0_155,LLX,-0.07637694667316601
maps0,maps0_155,LLY,0.58804975530535
maps0,maps0_156,TDX,0.8513586544403159
maps0,maps0_156,TDY,0.8708946880983012
maps0,maps0_156,TBX,0.8605392805108718
maps0,maps0_156,TBY,0.8800477847789424
maps0,maps0_156,TTX,0.7161844710321428
maps0,maps0_156,TTY,0.8743316210884188
maps0,maps0_156,LIX,0.7987856499315023
maps0,maps0_156,LIY,0.8565622080903618
maps0,maps0_156,ULX,0.4868738362983569
maps0,maps0_156,ULY,0.5320706840112133
maps0,maps0_156,LLX,0.027347355589170397
maps0,maps0_156,LLY,0.8713757604449778
maps0,maps0_157,TDX,0.7649127975919211
maps0,maps0_157,TDY,0.8971010328092852
maps0,maps0_157,TBX,0.7515873631820881
maps0,maps0_157,TBY,0.843956870523028
maps0,maps0_157,TTX,0.6694912319981895
maps0,maps0_157,TTY,0.814097930179801
maps0,maps0_157,LIX,0.691296399111701
maps0,maps0_157,LIY,0.3432581555996784
maps0,maps0_157,ULX,0.9063446142869815
maps0,maps0_157,ULY,0.03063148531642392
maps0,maps0_157,LLX,0.09218011735711934
maps0,maps0_157,LLY,0.6681186453597996
maps0,maps0_158,TDX,0.7235334323140534
maps0,maps0_158,TDY,0.950726831807099
maps0,maps0_158,TBX,0.7174438543562375
maps0,maps0_158,TBY,0.8654758621365514
maps0,maps0_158,TTX,0.6779941008140329
maps0,maps0_158,TTY,0.8186284672232343
maps0,maps0_158,LIX,0.7815717531952967
maps0,maps0_158,LIY,0.8470443968591398
maps0,maps0_158,ULX,0.5658552876720906
maps0,maps0_158,ULY,0.6024382663625248
maps0,maps0_158,LLX,0.3854223567428537
maps0,maps0_158,LLY,0.6893538730768694
maps0,maps0_159,TDX,0.903449034666229
maps0,maps0_159,TDY,0.7729532934021364
maps0,maps0_159,TBX,0.8687989657000534
maps0,maps0_159,TBY,0.6004242948745828
maps0,maps0_159,TTX,0.8548754186239089
maps0,maps0_159,TTY,0.745385603175204
maps0,maps0_159,LIX,0.5996336855622707
maps0,maps0_159,LIY,0.7812369894197138
maps0,maps0_159,ULX,0.7643790732389135
maps0,maps0_159,ULY,0.15312372574809527
maps0,maps0_159,LLX,0.20784295363619096
maps0,maps0_159,LLY,0.8216272002031642
maps0,maps0_160,TDX,0.5516046372475216
maps0,maps0_160,TDY,0.6036043693618821
maps0,maps0_160,TBX,0.5578453744061855
maps0,maps0_160,TBY,0.8475192322818103
maps0,maps0_160,TTX,0.6139722849886194
maps0,maps0_160,TTY,0.7070459677969305
maps0,maps0_160,LIX,0.5359973460208899
maps0,maps0_160,LIY,0.7127671062083955
maps0,maps0_160,ULX,0.26196331015621627
maps0,maps0_160,ULY,-0.10645437443993137
maps0,maps0_160,LLX,0.4957314579984542
maps0,maps0_160,LLY,0.28258936659884726
maps0,maps0_161,TDX,0.6628997093000519
maps0,maps0_161,TDY,0.8264548216917429
maps0,maps0_161,TBX,0.7026539482536088
maps0,maps0_161,TBY,0.8476163416997005
maps0,maps0_161,TTX,0.7859317773149328
maps0,maps0_161,TTY,0.8434144157031048
maps0,maps0_161,LIX,0.750660711460013
maps0,maps0_161,LIY,0.7937801374346748
maps0,maps0_161,ULX,0.784142983355377
maps0,maps0_161,ULY,0.46989896843172385
maps0,maps0_161,LLX,-0.05456162929764927
maps0,maps0_161,LLY,0.691338492561104
maps0,maps0_162,TDX,0.7183934290742144
maps0,maps0_162,TDY,0.909307134874314
maps0,maps0_162,TBX,0.6501874373343148
maps0,maps0_162,TBY,0.8539596201763019
maps0,maps0_162,TTX,0.5011765869967937
maps0,maps0_162,TTY,0.8628173704886228
maps0,maps0_162,LIX,0.712023037376721
maps0,maps0_162,LIY,0.7942528507301945
maps0,maps0_162,ULX,0.7513272638421343
maps0,maps0_162,ULY,0.2320524484744686
maps0,maps0_162,LLX,-0.23647139412960272
maps0,maps0_162,LLY,0.8504375188866439
maps0,maps0_163,TDX,0.6860005543801347
maps0,maps0_163,TDY,0.9041660520570656
maps0,maps0_163,TBX,0.6303656245419486
maps0,maps0_163,TBY,0.7387873300683504
maps0,maps0_163,TTX,0.5597598598520847
maps0,maps0_163,TTY,0.8965521699418775
maps0,maps0_163,LIX,0.6965954408610233
maps0,maps0_163,LIY,0.7347094638748697
maps0,maps0_163,ULX,0.8356121937001384
maps0,maps0_163,ULY,0.28932140978454346
maps0,maps0_163,LLX,0.4964104341959651
maps0,maps0_163,LLY,0.858706247515029
maps0,maps0_164,TDX,0.8045051350911154
maps0,maps0_164,TDY,0.8421858500698846
maps0,maps0_164,TBX,0.7077892882566914
maps0,maps0_164,TBY,0.8600599587044273
maps0,maps0_164,TTX,0.5927920826965839
maps0,maps0_164,TTY,0.9244372510953585
maps0,maps0_164,LIX,0.5459815626164412
maps0,maps0_164,LIY,0.7246233032310464
maps0,maps0_164,ULX,0.8798998531038084
maps0,maps0_164,ULY,0.36703015873807526
maps0,maps0_164,LLX,0.00808880289464996
maps0,maps0_164,LLY,0.892370255634903
maps0,maps0_165,TDX,0.839619809214188
maps0,maps0_165,TDY,0.9068324003510959
maps0,maps0_165,TBX,0.8743960830017176
maps0,maps0_165,TBY,0.8059699208537905
maps0,maps0_165,TTX,0.7745211580116877
maps0,maps0_165,TTY,0.8353303046604945
maps0,maps0_165,LIX,0.7035411511603452
maps0,maps0_165,LIY,0.6893047471852612
maps0,maps0_165,ULX,0.7668549175456841
maps0,maps0_165,ULY,0.6898530284877235
maps0,maps0_165,LLX,-0.21182606028269516
maps0,maps0_165,LLY,0.7838930504143695
maps0,maps0_166,TDX,0.6181194073809414
maps0,maps0_166,TDY,0.8921783079691888
maps0,maps0_166,TBX,0.5472719976645936
maps0,maps0_166,TBY,0.8646493117925099
maps0,maps0_166,TTX,0.6058738399757275
maps0,maps0_166,TTY,0.7461679508528738
maps0,maps0_166,LIX,0.6851649947473587
maps0,maps0_166,LIY,0.6999465051404579
maps0,maps0_166,ULX,0.8156208733348613
maps0,maps0_166,ULY,0.6582618860487041
maps0,maps0_166,LLX,-0.02300095048279918
maps0,maps0_166,LLY,0.7054448608032262
maps0,maps0_167,TDX,0.823523755719968
maps0,maps0_167,TDY,0.8536185437779255
maps0,maps0_167,TBX,0.8576267678420819
maps0,maps0_167,TBY,0.8257926111612438
maps0,maps0_167,TTX,0.8503323880613087
maps0,maps0_167,TTY,0.8835393072473456
maps0,maps0_167,LIX,0.6748119433518264
maps0,maps0_167,LIY,0.8303296363218368
maps0,maps0_167,ULX,0.7633633261211531
maps0,maps0_167,ULY,0.5250080913668367
maps0,maps0_167,LLX,-0.22644814798492213
maps0,maps0_167,LLY,0.8240339799733821
maps0,maps0_168,TDX,0.7970393110510021
maps0,maps0_168,TDY,0.8714436643442451
maps0,maps0_168,TBX,0.6683805625833563
maps0,maps0_168,TBY,0.8752853083888015
maps0,maps0_168,TTX,0.6019563265025722
maps0,maps0_168,TTY,0.862720444992283
maps0,maps0_168,LIX,0.872203815139808
maps0,maps0_168,LIY,0.8837525889527034
maps0,maps0_168,ULX,0.664383345726339
maps0,maps0_168,ULY,0.5759934568165296
maps0,maps0_168,LLX,0.37501496703454773
maps0,maps0_168,LLY,0.810644717598206
maps0,maps0_169,TDX,0.7021430504449522
maps0,maps0_169,TDY,0.8598541782547096
maps0,maps0_169,TBX,0.7219692463643264
maps0,maps0_169,TBY,0.8372535681856551
maps0,maps0_169,TTX,0.5951237414890761
maps0,maps0_169,TTY,0.7649136180385975
maps0,maps0_169,LIX,0.7220658401389458
maps0,maps0_169,LIY,0.8356635595996894
maps0,maps0_169,ULX,0.7785155996916396
maps0,maps0_169,ULY,0.4624226775836653
maps0,maps0_169,LLX,0.19959140130959782
maps0,maps0_169,LLY,0.8405690869268096
maps0,maps0_170,TDX,0.5238143196637853
maps0,maps0_170,TDY,0.923369494129492
maps0,maps0_170,TBX,0.5043163651265569
maps0,maps0_170,TBY,0.9407331212573784
maps0,maps0_170,TTX,0.4150249604116895
maps0,maps0_170,TTY,0.8028681110205573
maps0,maps0_170,LIX,0.7278915501036738
maps0,maps0_170,LIY,0.8719023012696989
maps0,maps0_170,ULX,0.8946286999791287
maps0,maps0_170,ULY,0.11638521792207171
maps0,maps0_170,LLX,0.7333484687598002
maps0,maps0_170,LLY,0.812315047634023
maps0,maps0_171,TDX,0.8129784867771678
maps0,maps0_171,TDY,0.8923460323815572
maps0,maps0_171,TBX,0.8467638409714777
maps0,maps0_171,TBY,0.8529785712245362
maps0,maps0_171,TTX,0.7520687704245278
maps0,maps0_171,TTY,0.8652502013122036
maps0,maps0_171,LIX,0.7886057411278673
maps0,maps0_171,LIY,0.9174709487353747
maps0,maps0_171,ULX,0.7025859924830122
maps0,maps0_171,ULY,0.21216351849308673
maps0,maps0_171,LLX,0.2620159161299883
maps0,maps0_171,LLY,0.8356199898880977
maps0,maps0_172,TDX,0.6575859522047184
maps0,maps0_172,TDY,0.9213324249256586
maps0,maps0_172,TBX,0.6519872485989554
maps0,maps0_172,TBY,0.9145825092598704
maps0,maps0_172,TTX,0.557058755061423
maps0,maps0_172,TTY,0.8748263235918838
maps0,maps0_172,LIX,0.7984469706117255
maps0,maps0_172,LIY,0.8546953050256891
maps0,maps0_172,ULX,0.7544678117400754
maps0,maps0_172,ULY,0.46733833536320746
maps0,maps0_172,LLX,0.1949143354731428
maps0,maps0_172,LLY,0.8597868318003817
maps0,maps0_173,TDX,0.8227311262474275
maps0,maps0_173,TDY,0.9342832734524711
maps0,maps0_173,TBX,0.8109554851230163
maps0,maps0_173,TBY,0.816237270125981
maps0,maps0_173,TTX,0.8092450861995116
maps0,maps0_173,TTY,0.7408787509162128
maps0,maps0_173,LIX,0.7814578948782904
maps0,maps0_173,LIY,0.7453974353870233
maps0,maps0_173,ULX,0.6483217589788696
maps0,maps0_173,ULY,0.5667182594496124
maps0,maps0_173,LLX,0.4119932151363637
maps0,maps0_173,LLY,0.8371945165043023
maps0,maps0_174,TDX,0.8200625862678417
maps0,maps0_174,TDY,0.8388523360573329
maps0,maps0_174,TBX,0.8038574450369017
maps0,maps0_174,TBY,0.8801638297102453
maps0,maps0_174,TTX,0.6841347722821577
maps0,maps0_174,TTY,0.8780928960867159
maps0,maps0_174,LIX,0.7240962392343444
maps0,maps0_174,LIY,0.8837369757111362
maps0,maps0_174,ULX,0.7198381560064402
maps0,maps0_174,ULY,0.5361253774166009
maps0,maps0_174,LLX,-0.18501257336997848
maps0,maps0_174,LLY,0.9216520717760166
maps0,maps0_175,TDX,0.8770130148472906
maps0,maps0_175,TDY,0.868817672172027
maps0,maps0_175,TBX,0.8924982788046458
maps0,maps0_175,TBY,0.7958190136188386
maps0,maps0_175,TTX,0.8725627132282436
maps0,maps0_175,TTY,0.7724722380932731
maps0,maps0_175,LIX,0.812202771151435
maps0,maps0_175,LIY,0.6689309628459613
maps0,maps0_175,ULX,0.6872151069305884
maps0,maps0_175,ULY,0.5708614073934885
maps0,maps0_175,LLX,0.28345893143554396
maps0,maps0_175,LLY,0.7265043443281477
maps0,maps0_176,TDX,0.7580427294529906
maps0,maps0_176,TDY,0.9311858549453426
maps0,maps0_176,TBX,0.7045866994397336
maps0,maps0_176,TBY,0.8192019953321052
maps0,maps0_176,TTX,0.6981172306587237
maps0,maps0_176,TTY,0.7883422922432778
maps0,maps0_176,LIX,0.42241733898556777
maps0,maps0_176,LIY,0.7606606676791389
maps0,maps0_176,ULX,0.8397046031871775
maps0,maps0_176,ULY,0.6603303948986748
maps0,maps0_176,LLX,0.23862020590355204
maps0,maps0_176,LLY,0.832592232485445
maps0,maps0_177,TDX,0.6810941008586815
maps0,maps0_177,TDY,0.8157338334608671
maps0,maps0_177,TBX,0.6049843060588456
maps0,maps0_177,TBY,0.8637689363285241
maps0,maps0_177,TTX,0.2979534670928968
maps0,maps0_177,TTY,0.8683604660775789
maps0,maps0_177,LIX,0.838144413031872
maps0,maps0_177,LIY,0.926317057704066
maps0,maps0_177,ULX,0.774975460342211
maps0,maps0_177,ULY,0.29073754375318844
maps0,maps0_177,LLX,0.5992969330813027
maps0,maps0_177,LLY,0.9207780129631902
maps0,maps0_178,TDX,0.7604645759566598
maps0,maps0_178,TDY,0.908650539089934
maps0,maps0_178,TBX,0.8013467524848
maps0,maps0_178,TBY,0.8367335724383945
maps0,maps0_178,TTX,0.8182713966835629
maps0,maps0_178,TTY,0.7906231012635799
maps0,maps0_178,LIX,0.579980271238314
maps0,maps0_178,LIY,0.809470013696858
maps0,maps0_178,ULX,0.5435472114959279
maps0,maps0_178,ULY,0.6382014067852487
maps0,maps0_178,LLX,0.09168562630317745
maps0,maps0_178,LLY,0.8322025031500767
maps0,maps0_179,TDX,0.8846891220241966
maps0,maps0_179,TDY,0.9143913621549998
maps0,maps0_179,TBX,0.849015658331325
maps0,maps0_179,TBY,0.8533962759137486
maps0,maps0_179,TTX,0.7374656732500278
maps0,maps0_179,TTY,0.7850176405530636
maps0,maps0_179,LIX,0.6598194776551198
maps0,maps0_179,LIY,0.6530537428217091
maps0,maps0_179,ULX,0.8340635006231428
maps0,maps0_179,ULY,0.6288362445820576
maps0,maps0_179,LLX,-0.2373956517691705
maps0,maps0_179,LLY,0.6955723206838846
maps0,maps0_180,TDX,0.7950665150234555
maps0,maps0_180,TDY,0.833897182979846
maps0,maps0_180,TBX,0.863754498663285
maps0,maps0_180,TBY,0.7885856130152229
maps0,maps0_180,TTX,0.8918010455060125
maps0,maps0_180,TTY,0.8268903249940841
maps0,maps0_180,LIX,0.6786758023601817
maps0,maps0_180,LIY,0.7437371826922913
maps0,maps0_180,ULX,0.8320116027420649
maps0,maps0_180,ULY,0.01140058868117777
maps0,maps0_180,LLX,-0.131773672012166
maps0,maps0_180,LLY,0.8234790363257547
maps0,maps0_181,TDX,0.7914611954604277
maps0,maps0_181,TDY,0.886799502024176
maps0,maps0_181,TBX,0.8632052215481829
maps0,maps0_181,TBY,0.8666035226949685
maps0,maps0_181,TTX,0.8257155797401137
maps0,maps0_181,TTY,0.8792188796159855
maps0,maps0_181,LIX,0.7223045129472367
maps0,maps0_181,LIY,0.8610307805993803
maps0,maps0_181,ULX,0.6201664522569031
maps0,maps0_181,ULY,0.46984267338908303
maps0,maps0_181,LLX,-0.11490930276851878
maps0,maps0_181,LLY,0.9008477748226886
maps0,maps0_182,TDX,0.886979410614116
maps0,maps0_182,TDY,0.8608305251295044
maps0,maps0_182,TBX,0.8848428087569012
maps0,maps0_182,TBY,0.6904567771412002
maps0,maps0_182,TTX,0.8704875694712119
maps0,maps0_182,TTY,0.7605965441750421
maps0,maps0_182,LIX,0.17828851037202414
maps0,maps0_182,LIY,0.6698799872629886
maps0,maps0_182,ULX,0.7835556125108005
maps0,maps0_182,ULY,0.5876877606186927
maps0,maps0_182,LLX,-0.16767163720675232
maps0,maps0_182,LLY,0.7212821898255383
maps0,maps0_183,TDX,0.5809661623396594
maps0,maps0_183,TDY,0.8341966771959728
maps0,maps0_183,TBX,0.44561776681059606
maps0,maps0_183,TBY,0.8083699238196876
maps0,maps0_183,TTX,0.3255712462447003
maps0,maps0_183,TTY,0.8595006827940201
maps0,maps0_183,LIX,0.7524107892100411
maps0,maps0_183,LIY,0.8389476992291452
maps0,maps0_183,ULX,0.8987032725226682
maps0,maps0_183,ULY,0.5892878196739308
maps0,maps0_183,LLX,0.6360569431032889
maps0,maps0_183,LLY,0.8762210220140684
maps0,maps0_184,TDX,0.8032352184299801
maps0,maps0_184,TDY,0.8869971196370132
maps0,maps0_184,TBX,0.7926982812597689
maps0,maps0_184,TBY,0.8990600834429442
maps0,maps0_184,TTX,0.7029330451594961
maps0,maps0_184,TTY,0.7110289575314057
maps0,maps0_184,LIX,0.7675614951281731
maps0,maps0_184,LIY,0.7089919770122075
maps0,maps0_184,ULX,0.6894437142668132
maps0,maps0_184,ULY,0.40643305775713007
maps0,maps0_184,LLX,0.04599341220935559
maps0,maps0_184,LLY,0.7412054319548886
maps0,maps0_185,TDX,0.5128544593187614
maps0,maps0_185,TDY,0.8220425356576558
maps0,maps0_185,TBX,0.188265477811187
maps0,maps0_185,TBY,0.6563460429395007
maps0,maps0_185,TTX,0.3061036215907215
maps0,maps0_185,TTY,0.20460705324315634
maps0,maps0_185,LIX,0.6330035430360956
maps0,maps0_185,LIY,0.6822732136440691
maps0,maps0_185,ULX,0.8242790228788188
maps0,maps0_185,ULY,-0.3535538773837139
maps0,maps0_185,LLX,0.6217900939941705
maps0,maps0_185,LLY,0.778715790361668
maps0,maps0_186,TDX,0.6259799947917215
maps0,maps0_186,TDY,0.9314435173597296
maps0,maps0_186,TBX,0.6241590961378934
maps0,maps0_186,TBY,0.9158541450591547
maps0,maps0_186,TTX,0.6520786904057803
maps0,maps0_186,TTY,0.7876936741520383
maps0,maps0_186,LIX,0.6582210619301573
maps0,maps0_186,LIY,0.7469728256577146
maps0,maps0_186,ULX,0.8026247649361403
maps0,maps0_186,ULY,0.24373727640361809
maps0,maps0_186,LLX,-0.12733031338508927
maps0,maps0_186,LLY,0.7454647035275545
maps0,maps0_187,TDX,0.8869571262774896
maps0,maps0_187,TDY,0.9203239724538843
maps0,maps0_187,TBX,0.8396734161825918
maps0,maps0_187,TBY,0.7937654666072977
maps0,maps0_187,TTX,0.593852652939019
maps0,maps0_187,TTY,0.8557002444472382
maps0,maps0_187,LIX,0.8508662025577253
maps0,maps0_187,LIY,0.8754087054212211
maps0,maps0_187,ULX,0.8088758695424259
maps0,maps0_187,ULY,0.3144708502711959
maps0,maps0_187,LLX,0.5896047793448648
maps0,maps0_187,LLY,0.8887872134230396
maps0,maps0_188,TDX,0.6851467708775598
maps0,maps0_188,TDY,0.9237333375423872
maps0,maps0_188,TBX,0.46992837716871627
maps0,maps0_188,TBY,0.818044513299615
maps0,maps0_188,TTX,0.7391975504440089
maps0,maps0_188,TTY,0.7725131651075461
maps0,maps0_188,LIX,0.7033623952118342
maps0,maps0_188,LIY,0.8515413328140515
maps0,maps0_188,ULX,0.7907901263292939
maps0,maps0_188,ULY,0.2763814360142727
maps0,maps0_188,LLX,0.3074997672689261
maps0,maps0_188,LLY,0.90954801266141
maps0,maps0_189,TDX,0.8699230262424994
maps0,maps0_189,TDY,0.8062362502737104
maps0,maps0_189,TBX,0.8548407558368164
maps0,maps0_189,TBY,0.8104684812765447
maps0,maps0_189,TTX,0.8167141465612414
maps0,maps0_189,TTY,0.852261864500857
maps0,maps0_189,LIX,0.724095203713221
maps0,maps0_189,LIY,0.7509094989829304
maps0,maps0_189,ULX,0.7888549775246883
maps0,maps0_189,ULY,0.1468952616715506
maps0,maps0_189,LLX,0.1247612160789831
maps0,maps0_189,LLY,0.8869285554991917
maps0,maps0_190,TDX,0.7858025925572961
maps0,maps0_190,TDY,0.7664051174776562
maps0,maps0_190,TBX,0.4149801407308551
maps0,maps0_190,TBY,0.803236463611522
maps0,maps0_190,TTX,0.07534827618360544
maps0,maps0_190,TTY,0.9328699679511065
maps0,maps0_190,LIX,0.7666578883237746
maps0,maps0_190,LIY,0.9157212034181881
maps0,maps0_190,ULX,0.6860024007384733
maps0,maps0_190,ULY,0.3208562656186352
maps0,maps0_190,LLX,0.5735937293698539
maps0,maps0_190,LLY,0.9276544259575474
maps0,maps0_191,TDX,0.7067329919420068
maps0,maps0_191,TDY,0.9066724415230525
maps0,maps0_191,TBX,0.7344804376293648
maps0,maps0_191,TBY,0.9531399310960368
maps0,maps0_191,TTX,0.6945018284725756
maps0,maps0_191,TTY,0.8548227251004417
maps0,maps0_191,LIX,0.35004974668469
maps0,maps0_191,LIY,0.7653722401811325
maps0,maps0_191,ULX,0.6598462318489116
maps0,maps0_191,ULY,0.12467612358736091
maps0,maps0_191,LLX,-0.2160048044936316
maps0,maps0_191,LLY,0.7372850206865731
maps0,maps0_192,TDX,0.7701312821027235
maps0,maps0_192,TDY,0.8923210285511772
maps0,maps0_192,TBX,0.6999953360305099
maps0,maps0_192,TBY,0.6950123449242506
maps0,maps0_192,TTX,0.40977861994368125
maps0,maps0_192,TTY,0.7847793246461298
maps0,maps0_192,LIX,0.5049435157652007
maps0,maps0_192,LIY,0.6111728192249225
maps0,maps0_192,ULX,0.7841992684857906
maps0,maps0_192,ULY,0.5927209006327797
maps0,maps0_192,LLX,0.2688220736242527
maps0,maps0_192,LLY,0.5445077156204455
maps0,maps0_193,TDX,0.7979129601591292
maps0,maps0_193,TDY,0.838733726829291
maps0,maps0_193,TBX,0.6865916956525413
maps0,maps0_193,TBY,0.8764233141645528
maps0,maps0_193,TTX,0.6126249813708442
maps0,maps0_193,TTY,0.9290181813060288
maps0,maps0_193,LIX,0.707864125695609
maps0,maps0_193,LIY,0.8301949115764159
maps0,maps0_193,ULX,0.8022598040965658
maps0,maps0_193,ULY,0.29258221620658165
maps0,maps0_193,LLX,0.208620310014104
maps0,maps0_193,LLY,0.7900536374090462
maps0,maps0_194,TDX,0.8397543865581509
maps0,maps0_194,TDY,0.9015854854322531
maps0,maps0_194,TBX,0.8859758003013274
maps0,maps0_194,TBY,0.44657234162496223
maps0,maps0_194,TTX,0.8741565175610392
maps0,maps0_194,TTY,0.8678071732756935
maps0,maps0_194,LIX,0.6727363994752631
maps0,maps0_194,LIY,0.7520576895412638
maps0,maps0_194,ULX,0.791092548193944
maps0,maps0_194,ULY,0.33722491051565
maps0,maps0_194,LLX,0.16607208327245987
maps0,maps0_194,LLY,0.8416081582711328
maps0,maps0_195,TDX,0.7466286326918596
maps0,maps0_195,TDY,0.9091041638661205
maps0,maps0_195,TBX,0.7393466816052892
maps0,maps0_195,TBY,0.9106442253109847
maps0,maps0_195,TTX,0.7328801382150638
maps0,maps0_195,TTY,0.8487761254805063
maps0,maps0_195,LIX,0.7259632815198295
maps0,maps0_195,LIY,0.8290283927374119
maps0,maps0_195,ULX,0.8646025665632479
maps0,maps0_195,ULY,-0.09997106711286417
maps0,maps0_195,LLX,0.3213290497214707
maps0,maps0_195,LLY,0.837668869330777
maps0,maps0_196,TDX,0.8612716036047127
maps0,maps0_196,TDY,0.91414423492006
maps0,maps0_196,TBX,0.8591499548157433
maps0,maps0_196,TBY,0.8629031599618852
maps0,maps0_196,TTX,0.7682386769786689
maps0,maps0_196,TTY,0.8868173418754148
maps0,maps0_196,LIX,0.7239232846221676
maps0,maps0_196,LIY,0.8384942608005734
maps0,maps0_196,ULX,0.878075891892008
maps0,maps0_196,ULY,-0.08558106414251199
maps0,maps0_196,LLX,0.08584848778712006
maps0,maps0_196,LLY,0.9110684188354831
maps0,maps0_197,TDX,0.7321192593447597
maps0,maps0_197,TDY,0.8875690441697175
maps0,maps0_197,TBX,0.5566297630394802
maps0,maps0_197,TBY,0.8766026244214334
maps0,maps0_197,TTX,-0.020163632683544618
maps0,maps0_197,TTY,0.875608507873805
maps0,maps0_197,LIX,0.7486235751123658
maps0,maps0_197,LIY,0.8594546546753632
maps0,maps0_197,ULX,0.8620120535984904
maps0,maps0_197,ULY,0.09158237209013483
maps0,maps0_197,LLX,0.07214865522733543
maps0,maps0_197,LLY,0.8210273138831401
maps0,maps0_198,TDX,0.7941762263977785
maps0,maps0_198,TDY,0.8259328268328331
maps0,maps0_198,TBX,0.8031879343682976
maps0,maps0_198,TBY,0.8823412102843731
maps0,maps0_198,TTX,0.6518665176749506
maps0,maps0_198,TTY,0.8452417502899047
maps0,maps0_198,LIX,0.7454872991101374
maps0,maps0_198,LIY,0.7837778725293788
maps0,maps0_198,ULX,0.7504478225799621
maps0,maps0_198,ULY,0.40179247119153766
maps0,maps0_198,LLX,-0.5571565595188892
maps0,maps0_198,LLY,0.5083573529891474
maps0,maps0_199,TDX,0.734069040974922
maps0,maps0_199,TDY,0.881982171101892
maps0,maps0_199,TBX,0.6639714925625798
maps0,maps0_199,TBY,0.9686669772082817
maps0,maps0_199,TTX,0.44828925168768585
maps0,maps0_199,TTY,0.8251326040455235
maps0,maps0_199,LIX,0.8071052542855841
maps0,maps0_199,LIY,0.9131044009076769
maps0,maps0_199,ULX,0.9347308300497094
maps0,maps0_199,ULY,0.1278832276070039
maps0,maps0_199,LLX,0.48762137448783616
maps0,maps0_199,LLY,0.8789243116862279
maps0,maps0_200,TDX,0.38266511436396033
maps0,maps0_200,TDY,0.8989940027696772
maps0,maps0_200,TBX,0.19968239770939683
maps0,maps0_200,TBY,0.8958329166306696
maps0,maps0_200,TTX,0.16515899047311106
maps0,maps0_200,TTY,0.8224897706618569
maps0,maps0_200,LIX,0.9315801957210728
maps0,maps0_200,LIY,0.8727234956694496
maps0,maps0_200,ULX,0.323316662360695
maps0,maps0_200,ULY,0.40822780695061434
maps0,maps0_200,LLX,0.47915792380486527
maps0,maps0_200,LLY,0.8094287602926358
maps0,maps0_201,TDX,0.7618180174384112
maps0,maps0_201,TDY,0.8311625421935739
maps0,maps0_201,TBX,0.6368019048067151
maps0,maps0_201,TBY,0.9054502425517158
maps0,maps0_201,TTX,0.7271222880017056
maps0,maps0_201,TTY,0.8569243936799552
maps0,maps0_201,LIX,0.7016666870596799
maps0,maps0_201,LIY,0.7977769009079139
maps0,maps0_201,ULX,0.910693677839602
maps0,maps0_201,ULY,-0.16603426484106107
maps0,maps0_201,LLX,0.1611767498305376
maps0,maps0_201,LLY,0.6947911045432887
maps0,maps0_202,TDX,0.6157776895799557
maps0,maps0_202,TDY,0.8476658213264198
maps0,maps0_202,TBX,0.3722331989208361
maps0,maps0_202,TBY,0.7535121246876962
maps0,maps0_202,TTX,0.27166978266318764
maps0,maps0_202,TTY,0.8722095179204948
maps0,maps0_202,LIX,0.6552231514692017
maps0,maps0_202,LIY,0.74594349060482
maps0,maps0_202,ULX,0.8560126769496945
maps0,maps0_202,ULY,0.5213147125828901
maps0,maps0_202,LLX,0.2880075815089829
maps0,maps0_202,LLY,0.8115660773030483
maps0,maps0_203,TDX,0.7006464980337082
maps0,maps0_203,TDY,0.8400019977794413
maps0,maps0_203,TBX,0.7164694736058349
maps0,maps0_203,TBY,0.8995783241468379
maps0,maps0_203,TTX,0.7574202162381256
maps0,maps0_203,TTY,0.8769561156544216
maps0,maps0_203,LIX,0.5692492410692415
maps0,maps0_203,LIY,0.8283126384552161
maps0,maps0_203,ULX,0.835319963629285
maps0,maps0_203,ULY,0.29261843979355323
maps0,maps0_203,LLX,-0.4031098911376749
maps0,maps0_203,LLY,0.7939759999868272
maps0,maps0_204,TDX,0.8763728702316029
maps0,maps0_204,TDY,0.7972729680238718
maps0,maps0_204,TBX,0.8522987774153444
maps0,maps0_204,TBY,0.8633233504131707
maps0,maps0_204,TTX,0.8499765400109053
maps0,maps0_204,TTY,0.7983909146766573
maps0,maps0_204,LIX,0.45973535561362183
maps0,maps0_204,LIY,0.776127074893877
maps0,maps0_204,ULX,0.662578887897323
maps0,maps0_204,ULY,0.7892039740435047
maps0,maps0_204,LLX,-0.20860805782573708
maps0,maps0_204,LLY,0.7493276710162619
maps0,maps0_205,TDX,0.7243653915566787
maps0,maps0_205,TDY,0.8703654946149815
maps0,maps0_205,TBX,0.6948365322991972
maps0,maps0_205,TBY,0.8591145159753175
maps0,maps0_205,TTX,0.6442441970529458
maps0,maps0_205,TTY,0.8418964514410081
maps0,maps0_205,LIX,0.7264755543170655
maps0,maps0_205,LIY,0.763483649238966
maps0,maps0_205,ULX,0.7989516958792559
maps0,maps0_205,ULY,0.4510513418687791
maps0,maps0_205,LLX,-0.16481830589303256
maps0,maps0_205,LLY,0.8894173139876231
maps0,maps0_206,TDX,0.8537004565704334
maps0,maps0_206,TDY,0.9207666903697854
maps0,maps0_206,TBX,0.8949838116600504
maps0,maps0_206,TBY,0.9008011121216114
maps0,maps0_206,TTX,0.7437833744578192
maps0,maps0_206,TTY,0.9213897771925719
maps0,maps0_206,LIX,0.8095968009427751
maps0,maps0_206,LIY,0.9300451417936121
maps0,maps0_206,ULX,0.5284820791598298
maps0,maps0_206,ULY,0.8066693537264649
maps0,maps0_206,LLX,0.4525974809054999
maps0,maps0_206,LLY,0.8978195169130192
maps0,maps0_207,TDX,0.8020967612516215
maps0,maps0_207,TDY,0.8952411046211075
maps0,maps0_207,TBX,0.7642949888972979
maps0,maps0_207,TBY,0.7740445341405088
maps0,maps0_207,TTX,0.6858414735668406
maps0,maps0_207,TTY,0.8370581215505215
maps0,maps0_207,LIX,0.555610093146007
maps0,maps0_207,LIY,0.8356444872989954
maps0,maps0_207,ULX,0.822060199225716
maps0,maps0_207,ULY,0.3793057184385194
maps0,maps0_207,LLX,0.5789474366074139
maps0,maps0_207,LLY,0.8478724943997766
maps0,maps0_208,TDX,0.35516355391712356
maps0,maps0_208,TDY,0.9399028225864794
maps0,maps0_208,TBX,0.5780779345319685
maps0,maps0_208,TBY,0.9310082815447064
maps0,maps0_208,TTX,0.4884128796976615
maps0,maps0_208,TTY,0.7760683339016934
maps0,maps0_208,LIX,0.6410288441192191
maps0,maps0_208,LIY,0.5899256196648094
maps0,maps0_208,ULX,0.8467886882786547
maps0,maps0_208,ULY,0.6675858894973976
maps0,maps0_208,LLX,0.1283130084238765
maps0,maps0_208,LLY,0.8663121218969928
maps0,maps0_209,TDX,0.41680910512200164
maps0,maps0_209,TDY,0.9015581940245246
maps0,maps0_209,TBX,0.35171798519524844
maps0,maps0_209,TBY,0.9312572606601919
maps0,maps0_209,TTX,0.20258621610696634
maps0,maps0_209,TTY,0.9019932931157422
maps0,maps0_209,LIX,0.8251600562964544
maps0,maps0_209,LIY,0.9289072654001397
maps0,maps0_209,ULX,0.6831622824702441
maps0,maps0_209,ULY,0.42062283671960754
maps0,maps0_209,LLX,0.3525339305284612
maps0,maps0_209,LLY,0.8813347299077299
maps0,maps0_210,TDX,0.8106325013687401
maps0,maps0_210,TDY,0.9052198947906015
maps0,maps0_210,TBX,0.7641997897432881
maps0,maps0_210,TBY,0.8983059553321133
maps0,maps0_210,TTX,0.7207339728819107
maps0,maps0_210,TTY,0.7182677312770059
maps0,maps0_210,LIX,0.678153382567663
maps0,maps0_210,LIY,0.8742373711755701
maps0,maps0_210,ULX,0.6565919915107814
maps0,maps0_210,ULY,0.8770828026986331
maps0,maps0_210,LLX,0.1337075384667968
maps0,maps0_210,LLY,0.7823255133775703
maps0,maps0_211,TDX,0.6954228507336524
maps0,maps0_211,TDY,0.9141132691562449
maps0,maps0_211,TBX,0.6166303976472054
maps0,maps0_211,TBY,0.8564694548823788
maps0,maps0_211,TTX,0.6864183743751137
maps0,maps0_211,TTY,0.4936977169761174
maps0,maps0_211,LIX,0.7026183308510194
maps0,maps0_211,LIY,0.7121806704719372
maps0,maps0_211,ULX,0.8160733044575802
maps0,maps0_211,ULY,0.6682157741789988
maps0,maps0_211,LLX,0.014789360057207691
maps0,maps0_211,LLY,0.7098437004956443
maps0,maps0_212,TDX,0.7050269050210143
maps0,maps0_212,TDY,0.902903316227281
maps0,maps0_212,TBX,0.7426944583830027
maps0,maps0_212,TBY,0.8547566457980685
maps0,maps0_212,TTX,0.6916036794360302
maps0,maps0_212,TTY,0.764724516833937
maps0,maps0_212,LIX,0.569983468997891
maps0,maps0_212,LIY,0.9092115825976609
maps0,maps0_212,ULX,0.8208128536335455
maps0,maps0_212,ULY,0.8183166972612119
maps0,maps0_212,LLX,0.41432516321525603
maps0,maps0_212,LLY,0.8870236302524656
maps0,maps0_213,TDX,0.6888379591997613
maps0,maps0_213,TDY,0.9114751392862027
maps0,maps0_213,TBX,0.6925769367800524
maps0,maps0_213,TBY,0.7718604530578307
maps0,maps0_213,TTX,0.7336260007918787
maps0,maps0_213,TTY,0.8047680835469241
maps0,maps0_213,LIX,0.7344229992679386
maps0,maps0_213,LIY,0.832469755244696
maps0,maps0_213,ULX,0.829663201030044
maps0,maps0_213,ULY,-0.0380083423351009
maps0,maps0_213,LLX,0.4788780910914265
maps0,maps0_213,LLY,0.9116985335795246
maps0,maps0_214,TDX,0.6698619293428096
maps0,maps0_214,TDY,0.8555692833289051
maps0,maps0_214,TBX,0.6433416881693346
maps0,maps0_214,TBY,0.7755984189250761
maps0,maps0_214,TTX,0.28510625062720923
maps0,maps0_214,TTY,0.8235755685070052
maps0,maps0_214,LIX,0.5066552547979324
maps0,maps0_214,LIY,0.8680117649968528
maps0,maps0_214,ULX,0.5944598516926591
maps0,maps0_214,ULY,-0.053708223079554814
maps0,maps0_214,LLX,-0.2748231649472032
maps0,maps0_214,LLY,0.9077837689741055
maps0,maps0_215,TDX,0.8112591368496194
maps0,maps0_215,TDY,0.8757582579183645
maps0,maps0_215,TBX,0.7561561449702521
maps0,maps0_215,TBY,0.8943061993133479
maps0,maps0_215,TTX,0.5503571025304415
maps0,maps0_215,TTY,0.7805583286625312
maps0,maps0_215,LIX,0.6930092529721329
maps0,maps0_215,LIY,0.8495356743876783
maps0,maps0_215,ULX,0.8016691612604164
maps0,maps0_215,ULY,0.5261270931946671
maps0,maps0_215,LLX,0.4134401672497635
maps0,maps0_215,LLY,0.8082406760615098
maps0,maps0_216,TDX,0.7522522318141368
maps0,maps0_216,TDY,0.8118250050043423
maps0,maps0_216,TBX,0.8391562231947985
maps0,maps0_216,TBY,0.7062783746635956
maps0,maps0_216,TTX,0.8834344271684883
maps0,maps0_216,TTY,0.7974551469184528
maps0,maps0_216,LIX,0.7151648704800139
maps0,maps0_216,LIY,0.7452204197086665
maps0,maps0_216,ULX,0.8011421718674286
maps0,maps0_216,ULY,0.04285882907887815
maps0,maps0_216,LLX,0.44298271343410833
maps0,maps0_216,LLY,0.6230364501913475
maps0,maps0_217,TDX,0.5584721141628667
maps0,maps0_217,TDY,0.8513078197594806
maps0,maps0_217,TBX,0.496674011517309
maps0,maps0_217,TBY,0.9344133887070697
maps0,maps0_217,TTX,0.29037697563016657
maps0,maps0_217,TTY,0.9010525557287459
maps0,maps0_217,LIX,0.6772135942465022
maps0,maps0_217,LIY,0.9418363820022253
maps0,maps0_217,ULX,0.5717061678933899
maps0,maps0_217,ULY,0.07399601185307036
maps0,maps0_217,LLX,0.29542768141463516
maps0,maps0_217,LLY,0.6511093959560577
maps0,maps0_218,TDX,0.5661651746858886
maps0,maps0_218,TDY,0.9381038105187364
maps0,maps0_218,TBX,0.3768841650249023
maps0,maps0_218,TBY,0.8887781657280293
maps0,maps0_218,TTX,0.3688283486346901
maps0,maps0_218,TTY,0.8367719879350757
maps0,maps0_218,LIX,0.6983564395289817
maps0,maps0_218,LIY,0.9021981312757176
maps0,maps0_218,ULX,0.8270002782702673
maps0,maps0_218,ULY,0.2052825251996521
maps0,maps0_218,LLX,0.5033163412990563
maps0,maps0_218,LLY,0.7538569320655776
maps0,maps0_219,TDX,0.6473677470115834
maps0,maps0_219,TDY,0.8883343013290311
maps0,maps0_219,TBX,0.5783943658514277
maps0,maps0_219,TBY,0.9211303998528204
maps0,maps0_219,TTX,0.43956047042431073
maps0,maps0_219,TTY,0.7801888939743
maps0,maps0_219,LIX,0.5062600153946778
maps0,maps0_219,LIY,0.5278536570089928
maps0,maps0_219,ULX,0.6835158450931723
maps0,maps0_219,ULY,0.37451353020762057
maps0,maps0_219,LLX,0.12733451056411163
maps0,maps0_219,LLY,0.6630382777724929
maps0,maps0_220,TDX,0.8771586738909977
maps0,maps0_220,TDY,0.8827209434207471
maps0,maps0_220,TBX,0.8498558006985322
maps0,maps0_220,TBY,0.5974532636234787
maps0,maps0_220,TTX,0.8669287362507692
maps0,maps0_220,TTY,0.7752235213642142
maps0,maps0_220,LIX,0.20839598586798566
maps0,maps0_220,LIY,0.5091197667798278
maps0,maps0_220,ULX,0.512066857949441
maps0,maps0_220,ULY,0.2527834780593886
maps0,maps0_220,LLX,0.12630546472615442
maps0,maps0_220,LLY,0.6517993573110215
maps0,maps0_221,TDX,0.8393364516696662
maps0,maps0_221,TDY,0.786863399320658
maps0,maps0_221,TBX,0.799016805065109
maps0,maps0_221,TBY,0.7887892931346587
maps0,maps0_221,TTX,0.6484156586124651
maps0,maps0_221,TTY,0.704924761905431
maps0,maps0_221,LIX,0.7281780670911926
maps0,maps0_221,LIY,0.6809521142195651
maps0,maps0_221,ULX,0.4931672972558015
maps0,maps0_221,ULY,0.44142703970817954
maps0,maps0_221,LLX,0.3904406139966174
maps0,maps0_221,LLY,0.9001864430752515
maps0,maps0_222,TDX,0.6428736000817951
maps0,maps0_222,TDY,0.9404773519652057
maps0,maps0_222,TBX,0.7506609269399964
maps0,maps0_222,TBY,0.7737313213379747
maps0,maps0_222,TTX,0.7487995609593806
maps0,maps0_222,TTY,0.832224783663985
maps0,maps0_222,LIX,0.1820057912105371
maps0,maps0_222,LIY,0.8220393894566833
maps0,maps0_222,ULX,0.8358522206257916
maps0,maps0_222,ULY,0.07432196445880658
maps0,maps0_222,LLX,-0.35300538607004744
maps0,maps0_222,LLY,0.8025150628725244
maps0,maps0_223,TDX,0.7973297611573806
maps0,maps0_223,TDY,0.9144179942193214
maps0,maps0_223,TBX,0.810522784883197
maps0,maps0_223,TBY,0.7745417067520336
maps0,maps0_223,TTX,0.8034779342738029
maps0,maps0_223,TTY,0.7750955665890324
maps0,maps0_223,LIX,0.8186323323521632
maps0,maps0_223,LIY,0.515833528527758
maps0,maps0_223,ULX,0.7323792841075012
maps0,maps0_223,ULY,0.31497637071574935
maps0,maps0_223,LLX,-0.148349757276556
maps0,maps0_223,LLY,0.7622451429809258
maps0,maps0_224,TDX,0.543435964844213
maps0,maps0_224,TDY,0.850128500480992
maps0,maps0_224,TBX,0.5876111841351345
maps0,maps0_224,TBY,0.8703601406309448
maps0,maps0_224,TTX,0.5274645605163604
maps0,maps0_224,TTY,0.797086359831564
maps0,maps0_224,LIX,0.48009949376623356
maps0,maps0_224,LIY,0.7257759486364698
maps0,maps0_224,ULX,0.7791534746088745
maps0,maps0_224,ULY,0.507701258227774
maps0,maps0_224,LLX,0.1287775511148566
maps0,maps0_224,LLY,0.8131954722493869
maps0,maps0_225,TDX,0.7807224756778682
maps0,maps0_225,TDY,0.8154851667256066
maps0,maps0_225,TBX,0.8107773645161156
maps0,maps0_225,TBY,0.6338856987632896
maps0,maps0_225,TTX,0.8104222145015969
maps0,maps0_225,TTY,0.7314195307588492
maps0,maps0_225,LIX,0.5906540623928238
maps0,maps0_225,LIY,0.6599481240205199
maps0,maps0_225,ULX,0.7697020024230837
maps0,maps0_225,ULY,0.6000183935244647
maps0,maps0_225,LLX,-0.17202192935794516
maps0,maps0_225,LLY,0.7574575024700988
maps0,maps0_226,TDX,0.706659990741455
maps0,maps0_226,TDY,0.924125979947839
maps0,maps0_226,TBX,0.6921400964218938
maps0,maps0_226,TBY,0.8244004992001602
maps0,maps0_226,TTX,0.6194764989038541
maps0,maps0_226,TTY,0.7406316590010165
maps0,maps0_226,LIX,0.2461226598749449
maps0,maps0_226,LIY,0.8134256744281101
maps0,maps0_226,ULX,0.8954577773381627
maps0,maps0_226,ULY,0.6438717343820997
maps0,maps0_226,LLX,0.1697030679877512
maps0,maps0_226,LLY,0.7412484833807136
maps0,maps0_227,TDX,0.7690735739634056
maps0,maps0_227,TDY,0.8913013514155356
maps0,maps0_227,TBX,0.7687390253928834
maps0,maps0_227,TBY,0.8059249664026056
maps0,maps0_227,TTX,0.7402672529924467
maps0,maps0_227,TTY,0.7837979592336856
maps0,maps0_227,LIX,0.48803389055678825
maps0,maps0_227,LIY,0.809213922991688
maps0,maps0_227,ULX,0.8769153828692529
maps0,maps0_227,ULY,0.7219026160821274
maps0,maps0_227,LLX,0.15878286582774082
maps0,maps0_227,LLY,0.8157327514832657
maps0,maps0_228,TDX,0.6889675179945355
maps0,maps0_228,TDY,0.9044353832718417
maps0,maps0_228,TBX,0.8372337730939841
maps0,maps0_228,TBY,0.9140192350011292
maps0,maps0_228,TTX,0.9211233722262007
maps0,maps0_228,TTY,0.8600893795332685
maps0,maps0_228,LIX,0.760512074627121
maps0,maps0_228,LIY,0.7645245804460151
maps0,maps0_228,ULX,0.31085035337233224
maps0,maps0_228,ULY,0.6029031711236211
maps0,maps0_228,LLX,0.43527240786880633
maps0,maps0_228,LLY,0.7819235782974808
maps0,maps0_229,TDX,0.4942714175255252
maps0,maps0_229,TDY,0.9226467416123452
maps0,maps0_229,TBX,0.6185107128673797
maps0,maps0_229,TBY,0.8154879916547201
maps0,maps0_229,TTX,0.6170989043870254
maps0,maps0_229,TTY,0.8498242059691783
maps0,maps0_229,LIX,0.49691914983598556
maps0,maps0_229,LIY,0.5655606792877018
maps0,maps0_229,ULX,0.8026531295234017
maps0,maps0_229,ULY,0.8428767337923498
maps0,maps0_229,LLX,-0.3501705741645849
maps0,maps0_229,LLY,0.6860343547068787
maps0,maps0_230,TDX,0.6994297651663212
maps0,maps0_230,TDY,0.9228413544481946
maps0,maps0_230,TBX,0.7149758641325134
maps0,maps0_230,TBY,0.8894049801197255
maps0,maps0_230,TTX,0.6450484946652824
maps0,maps0_230,TTY,0.7386116311391291
maps0,maps0_230,LIX,0.8226931973181993
maps0,maps0_230,LIY,0.8852810491598869
maps0,maps0_230,ULX,0.8893647057750863
maps0,maps0_230,ULY,0.11386889154928154
maps0,maps0_230,LLX,0.41358320409194016
maps0,maps0_230,LLY,0.8376279254987108
maps0,maps0_231,TDX,0.7901781358555469
maps0,maps0_231,TDY,0.8598172264482585
maps0,maps0_231,TBX,0.8036288571558909
maps0,maps0_231,TBY,0.7262831930145397
maps0,maps0_231,TTX,0.7667740772768288
maps0,maps0_231,TTY,0.6882737518371732
maps0,maps0_231,LIX,0.540650490114624
maps0,maps0_231,LIY,0.8054817256279999
maps0,maps0_231,ULX,0.7534640180295538
maps0,maps0_231,ULY,0.11421684320420618
maps0,maps0_231,LLX,0.03562465013882982
maps0,maps0_231,LLY,0.8488333646711075
maps0,maps0_232,TDX,0.8744715080376143
maps0,maps0_232,TDY,0.8333499976472197
maps0,maps0_232,TBX,0.8930984419191591
maps0,maps0_232,TBY,0.8622482165061726
maps0,maps0_232,TTX,0.7767789495604466
maps0,maps0_232,TTY,0.8869776223390006
maps0,maps0_232,LIX,0.35062302311312615
maps0,maps0_232,LIY,0.6815110568767344
maps0,maps0_232,ULX,0.7672170900837247
maps0,maps0_232,ULY,0.4462364060715429
maps0,maps0_232,LLX,-0.5258473644149952
maps0,maps0_232,LLY,0.643712679600409
maps0,maps0_233,TDX,0.5644403617702078
maps0,maps0_233,TDY,0.8599606012571807
maps0,maps0_233,TBX,0.6611787716458053
maps0,maps0_233,TBY,0.8424272712892109
maps0,maps0_233,TTX,0.4931659333206223
maps0,maps0_233,TTY,0.7660737174358744
maps0,maps0_233,LIX,0.5873319880568884
maps0,maps0_233,LIY,0.7411821081391633
maps0,maps0_233,ULX,0.41681499764767604
maps0,maps0_233,ULY,0.2997913652835991
maps0,maps0_233,LLX,-0.5745731387075104
maps0,maps0_233,LLY,0.8190756476940788
maps0,maps0_234,TDX,0.9158855367069308
maps0,maps0_234,TDY,0.9551744900353664
maps0,maps0_234,TBX,0.8703899263096274
maps0,maps0_234,TBY,0.8198259302999459
maps0,maps0_234,TTX,0.6298521696003974
maps0,maps0_234,TTY,0.47718381958543926
maps0,maps0_234,LIX,0.44589983117700155
maps0,maps0_234,LIY,0.3931156874078216
maps0,maps0_234,ULX,0.6096853250286078
maps0,maps0_234,ULY,0.5138731654191264
maps0,maps0_234,LLX,-0.1980601106708558
maps0,maps0_234,LLY,0.78428107691717
maps0,maps0_235,TDX,0.6571156005559731
maps0,maps0_235,TDY,0.1557824668094918
maps0,maps0_235,TBX,0.30695362583257974
maps0,maps0_235,TBY,0.5714813674303519
maps0,maps0_235,TTX,0.4221378718784833
maps0,maps0_235,TTY,0.8654412637388389
maps0,maps0_235,LIX,0.7335997516162163
maps0,maps0_235,LIY,0.843034171802058
maps0,maps0_235,ULX,0.2527257926731824
maps0,maps0_235,ULY,-0.12291701188798651
maps0,maps0_235,LLX,0.052350340306417685
maps0,maps0_235,LLY,0.646254889482027
maps0,maps0_236,TDX,0.7944266760126221
maps0,maps0_236,TDY,0.8500728724258048
maps0,maps0_236,TBX,0.7758501264145853
maps0,maps0_236,TBY,0.8728290093887829
maps0,maps0_236,TTX,0.7284588246351469
maps0,maps0_236,TTY,0.857931517455159
maps0,maps0_236,LIX,0.9099659808859322
maps0,maps0_236,LIY,0.9155504880157953
maps0,maps0_236,ULX,0.681851225509173
maps0,maps0_236,ULY,0.7340535805949358
maps0,maps0_236,LLX,0.5866239397283861
maps0,maps0_236,LLY,0.884138338880119
maps0,maps0_237,TDX,0.878707827216111
maps0,maps0_237,TDY,0.9161792302947445
maps0,maps0_237,TBX,0.8982700498440337
maps0,maps0_237,TBY,0.8386938287895155
maps0,maps0_237,TTX,0.8667999472556596
maps0,maps0_237,TTY,0.8404185765745238
maps0,maps0_237,LIX,0.6429574217754195
maps0,maps0_237,LIY,0.6462309096424033
maps0,maps0_237,ULX,0.7312577071500462
maps0,maps0_237,ULY,0.3967523222120135
maps0,maps0_237,LLX,-0.2606958231833141
maps0,maps0_237,LLY,0.7263409550434288
maps0,maps0_238,TDX,0.919473398607114
maps0,maps0_238,TDY,0.8885590146094658
maps0,maps0_238,TBX,0.9225243106132861
maps0,maps0_238,TBY,0.8584996462800895
maps0,maps0_238,TTX,0.8848005630134019
maps0,maps0_238,TTY,0.7738308847199017
maps0,maps0_238,LIX,0.8205570585357482
maps0,maps0_238,LIY,0.830674319094543
maps0,maps0_238,ULX,0.5584766686196366
maps0,maps0_238,ULY,0.7710053391083032
maps0,maps0_238,LLX,0.26616688483750905
maps0,maps0_238,LLY,0.7507468839662181
maps0,maps0_239,TDX,0.8756614298822462
maps0,maps0_239,TDY,0.8795387149270641
maps0,maps0_239,TBX,0.8786989292817715
maps0,maps0_239,TBY,0.8109574026623915
maps0,maps0_239,TTX,0.8160399220123085
maps0,maps0_239,TTY,0.8645165406294336
maps0,maps0_239,LIX,0.518087920985965
maps0,maps0_239,LIY,0.7861919389480733
maps0,maps0_239,ULX,0.7721651922307117
maps0,maps0_239,ULY,0.7504409111534701
maps0,maps0_239,LLX,0.14665501631290478
maps0,maps0_239,LLY,0.6855414790053191
maps0,maps0_240,TDX,0.7432692482198523
maps0,maps0_240,TDY,0.9176947854503927
maps0,maps0_240,TBX,0.7807346141056358
maps0,maps0_240,TBY,0.9370412482952488
maps0,maps0_240,TTX,0.6623272768339821
maps0,maps0_240,TTY,0.9102104698347687
maps0,maps0_240,LIX,0.7966986270530754
maps0,maps0_240,LIY,0.9201818154191788
maps0,maps0_240,ULX,0.7077612858785096
maps0,maps0_240,ULY,0.507222137332063
maps0,maps0_240,LLX,-0.19990737158123648
maps0,maps0_240,LLY,0.8448288406574669
maps0,maps0_241,TDX,0.8550040149873251
maps0,maps0_241,TDY,0.8523844779384685
maps0,maps0_241,TBX,0.8395725403647988
maps0,maps0_241,TBY,0.7841770736841333
maps0,maps0_241,TTX,0.7732212759024765
maps0,maps0_241,TTY,0.6334017052696951
maps0,maps0_241,LIX,0.5047028131247472
maps0,maps0_241,LIY,0.8276964728188032
maps0,maps0_241,ULX,0.7536336661424115
maps0,maps0_241,ULY,0.6450569491824627
maps0,maps0_241,LLX,-0.3648136472887283
maps0,maps0_241,LLY,0.7764454632578214
maps0,maps0_242,TDX,0.811359265208952
maps0,maps0_242,TDY,0.8476379697237143
maps0,maps0_242,TBX,0.7589888903721542
maps0,maps0_242,TBY,0.4679270753965546
maps0,maps0_242,TTX,0.7295429719068542
maps0,maps0_242,TTY,0.8780869531563509
maps0,maps0_242,LIX,0.6268753628790352
maps0,maps0_242,LIY,0.6647855593770656
maps0,maps0_242,ULX,0.41135806676398534
maps0,maps0_242,ULY,0.47546256476300397
maps0,maps0_242,LLX,-0.2024060918333261
maps0,maps0_242,LLY,0.5527168781552723
maps0,maps0_243,TDX,0.5923799507578137
maps0,maps0_243,TDY,0.8567581609902932
maps0,maps0_243,TBX,0.6790980912094073
maps0,maps0_243,TBY,0.8549094033943887
maps0,maps0_243,TTX,0.6108707112809215
maps0,maps0_243,TTY,0.8166704441715963
maps0,maps0_243,LIX,0.6819928785115101
maps0,maps0_243,LIY,0.8384195429968475
maps0,maps0_243,ULX,0.79753442678439
maps0,maps0_243,ULY,0.6850610876536392
maps0,maps0_243,LLX,0.05459411869976546
maps0,maps0_243,LLY,0.8042944707990883
maps0,maps0_244,TDX,0.8091891891183594
maps0,maps0_244,TDY,0.8937941606856716
maps0,maps0_244,TBX,0.874336164557342
maps0,maps0_244,TBY,0.7249027744432851
maps0,maps0_244,TTX,0.8850311984061101
maps0,maps0_244,TTY,0.7692066723691929
maps0,maps0_244,LIX,0.7541196309281037
maps0,maps0_244,LIY,0.8355471285783499
maps0,maps0_244,ULX,0.7633719548870802
maps0,maps0_244,ULY,0.5035687401428693
maps0,maps0_244,LLX,0.32562359291687876
maps0,maps0_244,LLY,0.7412036482643174
maps0,maps0_245,TDX,0.8042146272120368
maps0,maps0_245,TDY,0.8998678654505556
maps0,maps0_245,TBX,0.7494083113675961
maps0,maps0_245,TBY,0.8562667892959726
maps0,maps0_245,TTX,0.6790666932755839
maps0,maps0_245,TTY,0.7223043018206486
maps0,maps0_245,LIX,0.5157348221284279
maps0,maps0_245,LIY,0.679468425340256
maps0,maps0_245,ULX,0.8331612788439804
maps0,maps0_245,ULY,0.4382084546013206
maps0,maps0_245,LLX,-0.018998020098836107
maps0,maps0_245,LLY,0.7329954305934253
maps0,maps0_246,TDX,0.8390410863038651
maps0,maps0_246,TDY,0.8927997297305622
maps0,maps0_246,TBX,0.8017488401523106
maps0,maps0_246,TBY,0.8943699901637439
maps0,maps0_246,TTX,0.7610610714643748
maps0,maps0_246,TTY,0.8867663250183524
maps0,maps0_246,LIX,0.7838528716842238
maps0,maps0_246,LIY,0.7810654183796386
maps0,maps0_246,ULX,0.6434866557262257
maps0,maps0_246,ULY,0.7693767280601712
maps0,maps0_246,LLX,0.06428964821918493
maps0,maps0_246,LLY,0.9052854292073239
maps0,maps0_247,TDX,0.7602932114727425
maps0,maps0_247,TDY,0.9221614064067829
maps0,maps0_247,TBX,0.7599304518189907
maps0,maps0_247,TBY,0.8926471565426812
maps0,maps0_247,TTX,0.6356006204779995
maps0,maps0_247,TTY,0.945431801246927
maps0,maps0_247,LIX,0.7594640594344825
maps0,maps0_247,LIY,0.8067004996119064
maps0,maps0_247,ULX,0.8703033495148029
maps0,maps0_247,ULY,0.1351245292970536
maps0,maps0_247,LLX,0.11616062354677442
maps0,maps0_247,LLY,0.8382270748530396
maps0,maps0_248,TDX,0.6351976247657554
maps0,maps0_248,TDY,0.8664098220458073
maps0,maps0_248,TBX,0.6263360469261295
maps0,maps0_248,TBY,0.7680998082505787
maps0,maps0_248,TTX,0.7098618927318046
maps0,maps0_248,TTY,0.7159674592105633
maps0,maps0_248,LIX,0.404653866542738
maps0,maps0_248,LIY,0.7035131107697907
maps0,maps0_248,ULX,0.8715450290021021
maps0,maps0_248,ULY,0.21490288213956893
maps0,maps0_248,LLX,-0.13709383331353592
maps0,maps0_248,LLY,0.7983386312156956
maps0,maps0_249,TDX,0.5307542481803889
maps0,maps0_249,TDY,0.9211284034892028
maps0,maps0_249,TBX,0.5390309080518715
maps0,maps0_249,TBY,0.8246125904557101
maps0,maps0_249,TTX,0.757507604392715
maps0,maps0_249,TTY,0.6788964531160209
maps0,maps0_249,LIX,0.30838214725855234
maps0,maps0_249,LIY,0.5339826988382296
maps0,maps0_249,ULX,0.7066055100279333
maps0,maps0_249,ULY,0.4456207753612447
maps0,maps0_249,LLX,-0.22917075299518783
maps0,maps0_249,LLY,0.7045786493473422
maps0,maps0_250,TDX,0.8068247672488718
maps0,maps0_250,TDY,0.8883979511304265
maps0,maps0_250,TBX,0.8003282901374053
maps0,maps0_250,TBY,0.9069454926901968
maps0,maps0_250,TTX,0.6346678266939885
maps0,maps0_250,TTY,0.9002040230924414
maps0,maps0_250,LIX,0.75922545490762
maps0,maps0_250,LIY,0.8857258600168726
maps0,maps0_250,ULX,0.7810257297960864
maps0,maps0_250,ULY,0.2024314859573002
maps0,maps0_250,LLX,0.5497795462208745
maps0,maps0_250,LLY,0.8651777514334529
maps0,maps0_251,TDX,0.844013507121254
maps0,maps0_251,TDY,0.8740849509410384
maps0,maps0_251,TBX,0.7336010522131202
maps0,maps0_251,TBY,0.8214260120622734
maps0,maps0_251,TTX,0.5523784979681914
maps0,maps0_251,TTY,0.8404600468840504
maps0,maps0_251,LIX,0.8776319948104775
maps0,maps0_251,LIY,0.8688099883496609
maps0,maps0_251,ULX,0.5907378110732744
maps0,maps0_251,ULY,0.6613439122171269
maps0,maps0_251,LLX,0.6323108837134999
maps0,maps0_251,LLY,0.8471581483472813
maps0,maps0_252,TDX,0.8183978252645017
maps0,maps0_252,TDY,0.8634406868390964
maps0,maps0_252,TBX,0.7951962531125515
maps0,maps0_252,TBY,0.7080964849156279
maps0,maps0_252,TTX,0.7818087742776861
maps0,maps0_252,TTY,0.7631153549964252
maps0,maps0_252,LIX,0.7444332868707545
maps0,maps0_252,LIY,0.793204772292335
maps0,maps0_252,ULX,0.7440055761097522
maps0,maps0_252,ULY,0.38011368450400146
maps0,maps0_252,LLX,0.1313977801533516
maps0,maps0_252,LLY,0.7445892824606349
maps0,maps0_253,TDX,0.8470864941275733
maps0,maps0_253,TDY,0.9439566811176586
maps0,maps0_253,TBX,0.8650740752462532
maps0,maps0_253,TBY,0.888513140092042
maps0,maps0_253,TTX,0.7892599849253219
maps0,maps0_253,TTY,0.8875165528823177
maps0,maps0_253,LIX,0.592217926081393
maps0,maps0_253,LIY,0.8127067960054458
maps0,maps0_253,ULX,0.8073880912542186
maps0,maps0_253,ULY,0.05417481793750762
maps0,maps0_253,LLX,-0.23050098884443412
maps0,maps0_253,LLY,0.9410459648930992
maps0,maps0_254,TDX,0.7750708263485347
maps0,maps0_254,TDY,0.868632272466821
maps0,maps0_254,TBX,0.8537702053625171
maps0,maps0_254,TBY,0.8845447070926256
maps0,maps0_254,TTX,0.750120134758875
maps0,maps0_254,TTY,0.8789253200482398
maps0,maps0_254,LIX,0.6960107108233915
maps0,maps0_254,LIY,0.8471690055546132
maps0,maps0_254,ULX,0.8375199690955347
maps0,maps0_254,ULY,0.11214727337972023
maps0,maps0_254,LLX,0.11540158623298467
maps0,maps0_254,LLY,0.9334075800265191
maps0,maps0_255,TDX,0.6360410877609197
maps0,maps0_255,TDY,0.9546901361656287
maps0,maps0_255,TBX,0.5613113239608934
maps0,maps0_255,TBY,0.8867374764960295
maps0,maps0_255,TTX,0.36148679932685196
maps0,maps0_255,TTY,0.8524839104842845
maps0,maps0_255,LIX,0.7537766387926724
maps0,maps0_255,LIY,0.8476594971793118
maps0,maps0_255,ULX,0.7394547179175065
maps0,maps0_255,ULY,0.42627079728042755
maps0,maps0_255,LLX,0.43975468635713433
maps0,maps0_255,LLY,0.8846014812778649
maps0,maps0_256,TDX,0.7032262191388515
maps0,maps0_256,TDY,0.8776832767059967
maps0,maps0_256,TBX,0.7186756600622425
maps0,maps0_256,TBY,0.8144582436887677
maps0,maps0_256,TTX,0.5242585658802659
maps0,maps0_256,TTY,0.6848223104483536
maps0,maps0_256,LIX,0.5247260567344588
maps0,maps0_256,LIY,0.6687542107324022
maps0,maps0_256,ULX,0.7200838785921272
maps0,maps0_256,ULY,0.6251246262869102
maps0,maps0_256,LLX,-0.19876394861132846
maps0,maps0_256,LLY,0.46393025870672105
maps0,maps0_257,TDX,0.4678251251886834
maps0,maps0_257,TDY,0.9177339369724663
maps0,maps0_257,TBX,0.7137793634007275
maps0,maps0_257,TBY,0.8467223897014495
maps0,maps0_257,TTX,0.6127399487559545
maps0,maps0_257,TTY,0.808809088065914
maps0,maps0_257,LIX,0.6570547540570857
maps0,maps0_257,LIY,0.8052436431915357
maps0,maps0_257,ULX,0.8260183319809157
maps0,maps0_257,ULY,0.1773994375792136
maps0,maps0_257,LLX,0.05688383095469174
maps0,maps0_257,LLY,0.7918161554401287
maps0,maps0_258,TDX,0.8479750885498654
maps0,maps0_258,TDY,0.9234882996317306
maps0,maps0_258,TBX,0.8168342893829827
maps0,maps0_258,TBY,0.9347795487159978
maps0,maps0_258,TTX,0.6189389303334095
maps0,maps0_258,TTY,0.8826631562592132
maps0,maps0_258,LIX,0.5714230615241583
maps0,maps0_258,LIY,0.7231615141815806
maps0,maps0_258,ULX,0.9103437699290174
maps0,maps0_258,ULY,0.30541841481778453
maps0,maps0_258,LLX,-0.4067899486427103
maps0,maps0_258,LLY,0.7762536604539698
maps0,maps0_259,TDX,0.8131444103674419
maps0,maps0_259,TDY,0.9146657159786273
maps0,maps0_259,TBX,0.8418365523128436
maps0,maps0_259,TBY,0.9006690049609699
maps0,maps0_259,TTX,0.8229447557503901
maps0,maps0_259,TTY,0.8675817641104254
maps0,maps0_259,LIX,0.8317921345574276
maps0,maps0_259,LIY,0.9045376366360293
maps0,maps0_259,ULX,0.3290016325109392
maps0,maps0_259,ULY,0.6043504345248636
maps0,maps0_259,LLX,0.3451688134374594
maps0,maps0_259,LLY,0.8925047003635902
maps0,maps0_260,TDX,0.81549038009858
maps0,maps0_260,TDY,0.9142065777403863
maps0,maps0_260,TBX,0.7839109174705805
maps0,maps0_260,TBY,0.9582741565946518
maps0,maps0_260,TTX,0.5404324639005526
maps0,maps0_260,TTY,0.871509874741109
maps0,maps0_260,LIX,0.603654365382402
maps0,maps0_260,LIY,0.5877683355897192
maps0,maps0_260,ULX,0.7822388025164541
maps0,maps0_260,ULY,-0.11625789467933781
maps0,maps0_260,LLX,0.24421389115690662
maps0,maps0_260,LLY,0.8381704691873055
maps0,maps0_261,TDX,0.762736948837535
maps0,maps0_261,TDY,0.9240848121242673
maps0,maps0_261,TBX,0.7332887131842836
maps0,maps0_261,TBY,0.8358122125018618
maps0,maps0_261,TTX,0.6305327665954051
maps0,maps0_261,TTY,0.8202700752370985
maps0,maps0_261,LIX,0.5201859902797445
maps0,maps0_261,LIY,0.8391067779712829
maps0,maps0_261,ULX,0.773873044128461
maps0,maps0_261,ULY,0.48862245094771867
maps0,maps0_261,LLX,0.09412237564724998
maps0,maps0_261,LLY,0.8404496680920556
maps0,maps0_262,TDX,0.921024718204665
maps0,maps0_262,TDY,0.9304459649475774
maps0,maps0_262,TBX,0.7928874758262493
maps0,maps0_262,TBY,0.7295647959565481
maps0,maps0_262,TTX,0.7049952106965148
maps0,maps0_262,TTY,0.6017598472936255
maps0,maps0_262,LIX,0.3676704914148868
maps0,maps0_262,LIY,0.5721909239505668
maps0,maps0_262,ULX,0.730989171532229
maps0,maps0_262,ULY,0.7271288008044826
maps0,maps0_262,LLX,-0.28436753439381723
maps0,maps0_262,LLY,0.7966126631434258
maps0,maps0_263,TDX,0.8474046067202795
maps0,maps0_263,TDY,0.8989348338898887
maps0,maps0_263,TBX,0.8281145636608268
maps0,maps0_263,TBY,0.9012827202606208
maps0,maps0_263,TTX,0.7088336737632142
maps0,maps0_263,TTY,0.6678970347785145
maps0,maps0_263,LIX,0.6232097978614097
maps0,maps0_263,LIY,0.8479294465213525
maps0,maps0_263,ULX,0.5899481918152211
maps0,maps0_263,ULY,0.6375120696232143
maps0,maps0_263,LLX,0.20362933723128998
maps0,maps0_263,LLY,0.8577936784787177
maps0,maps0_264,TDX,0.7295664488985742
maps0,maps0_264,TDY,0.8574897079286259
maps0,maps0_264,TBX,0.7142195181987951
maps0,maps0_264,TBY,0.8766989199698971
maps0,maps0_264,TTX,0.5711629749590355
maps0,maps0_264,TTY,0.765180226155905
maps0,maps0_264,LIX,0.7771177729627715
maps0,maps0_264,LIY,0.8529037318923015
maps0,maps0_264,ULX,0.7220139531424499
maps0,maps0_264,ULY,0.1330708012017678
maps0,maps0_264,LLX,-0.07619331176572927
maps0,maps0_264,LLY,0.8799659004246688
maps0,maps0_265,TDX,0.8926797238612025
maps0,maps0_265,TDY,0.8243013589978228
maps0,maps0_265,TBX,0.8419450543915639
maps0,maps0_265,TBY,0.7737094851664376
maps0,maps0_265,TTX,0.7053263258068351
maps0,maps0_265,TTY,0.8359058212910678
maps0,maps0_265,LIX,0.7952074484471603
maps0,maps0_265,LIY,0.8242516554282473
maps0,maps0_265,ULX,0.6778267740612983
maps0,maps0_265,ULY,0.283770141022148
maps0,maps0_265,LLX,-0.03486831326644009
maps0,maps0_265,LLY,0.8548788677218897
maps0,maps0_266,TDX,0.9171838877475414
maps0,maps0_266,TDY,0.761695517835007
maps0,maps0_266,TBX,0.8906195371347937
maps0,maps0_266,TBY,0.8391190358114062
maps0,maps0_266,TTX,0.7228853107446971
maps0,maps0_266,TTY,0.8211561512054125
maps0,maps0_266,LIX,0.6417310358874356
maps0,maps0_266,LIY,0.7287454936167332
maps0,maps0_266,ULX,0.7551971180754335
maps0,maps0_266,ULY,0.6986869905147222
maps0,maps0_266,LLX,-0.04652591742695816
maps0,maps0_266,LLY,0.8179356403526218
maps0,maps0_267,TDX,0.8587000746347846
maps0,maps0_267,TDY,0.8448716678305072
maps0,maps0_267,TBX,0.8569650148070758
maps0,maps0_267,TBY,0.8237270874477387
maps0,maps0_267,TTX,0.7961013937936886
maps0,maps0_267,TTY,0.7933432624393553
maps0,maps0_267,LIX,0.6654423339699262
maps0,maps0_267,LIY,0.755625026595223
maps0,maps0_267,ULX,0.4488317058945141
maps0,maps0_267,ULY,0.6259992354038295
maps0,maps0_267,LLX,-0.5542320464692112
maps0,maps0_267,LLY,0.8196985074414339
maps0,maps0_268,TDX,0.7197989996635
maps0,maps0_268,TDY,0.9151929258865432
maps0,maps0_268,TBX,0.6543491470258663
maps0,maps0_268,TBY,0.8964778906689096
maps0,maps0_268,TTX,0.557055862732501
maps0,maps0_268,TTY,0.9126232302465221
maps0,maps0_268,LIX,0.7640607666646827
maps0,maps0_268,LIY,0.9240298893579729
maps0,maps0_268,ULX,0.714532678035182
maps0,maps0_268,ULY,0.37945595840533475
maps0,maps0_268,LLX,0.2909903962345286
maps0,maps0_268,LLY,0.890835338782738
maps0,maps0_269,TDX,0.9222552526303859
maps0,maps0_269,TDY,0.9169250250314629
maps0,maps0_269,TBX,0.9349872463525983
maps0,maps0_269,TBY,0.8274911383685797
maps0,maps0_269,TTX,0.8654961068183226
maps0,maps0_269,TTY,0.7361210262865217
maps0,maps0_269,LIX,0.6081718728338292
maps0,maps0_269,LIY,0.6278257890746212
maps0,maps0_269,ULX,0.8243836551823446
maps0,maps0_269,ULY,0.2549633669299843
maps0,maps0_269,LLX,-0.2836507695494498
maps0,maps0_269,LLY,0.865448582356524
maps0,maps0_270,TDX,0.8862849636696756
maps0,maps0_270,TDY,0.8803946943803656
maps0,maps0_270,TBX,0.8505746648851654
maps0,maps0_270,TBY,0.6489704778447427
maps0,maps0_270,TTX,0.8302991576097163
maps0,maps0_270,TTY,0.7548186770979854
maps0,maps0_270,LIX,0.7472457447365544
maps0,maps0_270,LIY,0.8569172999638155
maps0,maps0_270,ULX,0.9156388974978402
maps0,maps0_270,ULY,0.14748090983411136
maps0,maps0_270,LLX,-0.3257071636794668
maps0,maps0_270,LLY,0.8465265614086588
maps0,maps0_271,TDX,0.9321850135742779
maps0,maps0_271,TDY,0.887293050789153
maps0,maps0_271,TBX,0.9004289336344736
maps0,maps0_271,TBY,0.9504234954304002
maps0,maps0_271,TTX,0.7881062767712028
maps0,maps0_271,TTY,0.8598202996962342
maps0,maps0_271,LIX,0.1893937379536649
maps0,maps0_271,LIY,0.6922363265259802
maps0,maps0_271,ULX,0.8714490311448971
maps0,maps0_271,ULY,0.3191925099406707
maps0,maps0_271,LLX,-0.6760678468921414
maps0,maps0_271,LLY,0.7749734732142937
maps0,maps0_272,TDX,0.901365411133293
maps0,maps0_272,TDY,0.8907004026045732
maps0,maps0_272,TBX,0.8629884634443985
maps0,maps0_272,TBY,0.8875305120262509
maps0,maps0_272,TTX,0.7835742193029941
maps0,maps0_272,TTY,0.5788186612693684
maps0,maps0_272,LIX,0.293996302985439
maps0,maps0_272,LIY,0.6709532659048177
maps0,maps0_272,ULX,0.72988812503205
maps0,maps0_272,ULY,-0.3983154020155211
maps0,maps0_272,LLX,-0.30347465020805103
maps0,maps0_272,LLY,0.829481504674986
maps0,maps0_273,TDX,0.8643529127780053
maps0,maps0_273,TDY,0.9002560851987519
maps0,maps0_273,TBX,0.8714546436490275
maps0,maps0_273,TBY,0.6547381202545992
maps0,maps0_273,TTX,0.8482963138954461
maps0,maps0_273,TTY,0.7739830332468971
maps0,maps0_273,LIX,0.5529314918410029
maps0,maps0_273,LIY,0.6983131871638905
maps0,maps0_273,ULX,0.8575887567366787
maps0,maps0_273,ULY,0.16587430988379806
maps0,maps0_273,LLX,-0.17275744265268486
maps0,maps0_273,LLY,0.8099369277393391
maps0,maps0_274,TDX,0.8076846017373505
maps0,maps0_274,TDY,0.9080328568624908
maps0,maps0_274,TBX,0.7666000990874341
maps0,maps0_274,TBY,0.8694836446914205
maps0,maps0_274,TTX,0.7232548435943104
maps0,maps0_274,TTY,0.8561531245187243
maps0,maps0_274,LIX,0.759283101729913
maps0,maps0_274,LIY,0.8786927935591572
maps0,maps0_274,ULX,0.6079400104651855
maps0,maps0_274,ULY,0.40346736914285186
maps0,maps0_274,LLX,0.32447972130919817
maps0,maps0_274,LLY,0.7453655293886295
maps0,maps0_275,TDX,0.8005981337516781
maps0,maps0_275,TDY,0.9414947388999078
maps0,maps0_275,TBX,0.5168392185584954
maps0,maps0_275,TBY,0.8864518923622604
maps0,maps0_275,TTX,0.2764230142763839
maps0,maps0_275,TTY,0.9174625094112279
maps0,maps0_275,LIX,0.7739351280301903
maps0,maps0_275,LIY,0.9250431912527478
maps0,maps0_275,ULX,0.5903119677913254
maps0,maps0_275,ULY,0.34841178850196336
maps0,maps0_275,LLX,0.1517112964956131
maps0,maps0_275,LLY,0.8621037101487374
maps0,maps0_276,TDX,0.8656265647671505
maps0,maps0_276,TDY,0.9204276862110007
maps0,maps0_276,TBX,0.8901308374964754
maps0,maps0_276,TBY,0.8056978296803069
maps0,maps0_276,TTX,0.8590089472537407
maps0,maps0_276,TTY,0.800950179975104
maps0,maps0_276,LIX,0.763733068411475
maps0,maps0_276,LIY,0.9513745236801292
maps0,maps0_276,ULX,0.7661667397450572
maps0,maps0_276,ULY,0.21270872618188996
maps0,maps0_276,LLX,0.3662077112575857
maps0,maps0_276,LLY,0.8521752202561155
maps0,maps0_277,TDX,0.435967579164295
maps0,maps0_277,TDY,0.8738273078634919
maps0,maps0_277,TBX,0.2202018528719293
maps0,maps0_277,TBY,0.8963107169103436
maps0,maps0_277,TTX,0.013805904195463039
maps0,maps0_277,TTY,0.916321405759728
maps0,maps0_277,LIX,0.7975478945782483
maps0,maps0_277,LIY,0.8072371130825852
maps0,maps0_277,ULX,0.7238253878533599
maps0,maps0_277,ULY,0.7705408112999576
maps0,maps0_277,LLX,0.40139971398885
maps0,maps0_277,LLY,0.8514215049131935
maps0,maps0_278,TDX,0.7457603218981411
maps0,maps0_278,TDY,0.8978298744534494
maps0,maps0_278,TBX,0.6570559857952932
maps0,maps0_278,TBY,0.947558063408794
maps0,maps0_278,TTX,0.45536296148458283
maps0,maps0_278,TTY,0.931878463714162
maps0,maps0_278,LIX,0.7066481593536272
maps0,maps0_278,LIY,0.8991151409985425
maps0,maps0_278,ULX,0.5521022059086523
maps0,maps0_278,ULY,0.28810732032245506
maps0,maps0_278,LLX,0.17002807393956365
maps0,maps0_278,LLY,0.7800451259897433
maps0,maps0_279,TDX,0.7295708159700877
maps0,maps0_279,TDY,0.9197142397568285
maps0,maps0_279,TBX,0.6888265779069916
maps0,maps0_279,TBY,0.858405958424817
maps0,maps0_279,TTX,0.6847585548450914
maps0,maps0_279,TTY,0.7628705544104359
maps0,maps0_279,LIX,0.31740623026976195
maps0,maps0_279,LIY,0.8455363191369801
maps0,maps0_279,ULX,0.749082471735074
maps0,maps0_279,ULY,0.2977427514357575
maps0,maps0_279,LLX,-0.039792663536582076
maps0,maps0_279,LLY,0.8271922362895073
maps0,maps0_280,TDX,0.7937726345355983
maps0,maps0_280,TDY,0.9299342232206576
maps0,maps0_280,TBX,0.8436939029616507
maps0,maps0_280,TBY,0.8726753774951092
maps0,maps0_280,TTX,0.8748473937171126
maps0,maps0_280,TTY,0.836034581576322
maps0,maps0_280,LIX,0.33968283754747275
maps0,maps0_280,LIY,0.5822830371175625
maps0,maps0_280,ULX,0.7827850784203029
maps0,maps0_280,ULY,0.35056252365436524
maps0,maps0_280,LLX,-0.3657415714170677
maps0,maps0_280,LLY,0.8312180669752172
maps0,maps0_281,TDX,0.6888884228943157
maps0,maps0_281,TDY,0.8601089255487273
maps0,maps0_281,TBX,0.6710349993520451
maps0,maps0_281,TBY,0.8211803243223544
maps0,maps0_281,TTX,0.6575863921013916
maps0,maps0_281,TTY,0.8424502859989706
maps0,maps0_281,LIX,0.5156231645915331
maps0,maps0_281,LIY,0.8565026625398845
maps0,maps0_281,ULX,0.8528254096944302
maps0,maps0_281,ULY,0.1974234418009707
maps0,maps0_281,LLX,-0.07065987565367475
maps0,maps0_281,LLY,0.8137724906031628
maps0,maps0_282,TDX,0.4509197506390082
maps0,maps0_282,TDY,0.8319605726365938
maps0,maps0_282,TBX,0.6890045584893226
maps0,maps0_282,TBY,0.779726904067486
maps0,maps0_282,TTX,0.6455880226567059
maps0,maps0_282,TTY,0.7863201807907013
maps0,maps0_282,LIX,0.7987136759607434
maps0,maps0_282,LIY,0.6836322272445405
maps0,maps0_282,ULX,0.8012379493724311
maps0,maps0_282,ULY,0.3937636400361814
maps0,maps0_282,LLX,-0.12519326745997267
maps0,maps0_282,LLY,0.9130300274191184
maps0,maps0_283,TDX,0.7451161770862093
maps0,maps0_283,TDY,0.8356200876532434
maps0,maps0_283,TBX,0.826860824606367
maps0,maps0_283,TBY,0.8838048576664461
maps0,maps0_283,TTX,0.728279843573278
maps0,maps0_283,TTY,0.8543507283078574
maps0,maps0_283,LIX,0.5001992639800951
maps0,maps0_283,LIY,0.8045604448661411
maps0,maps0_283,ULX,0.7415061554656508
maps0,maps0_283,ULY,0.07793993029545229
maps0,maps0_283,LLX,-0.1770154190013409
maps0,maps0_283,LLY,0.8085031326507561
maps0,maps0_284,TDX,0.7484471335662733
maps0,maps0_284,TDY,0.860138225313191
maps0,maps0_284,TBX,0.6051797622842994
maps0,maps0_284,TBY,0.7444260368650184
maps0,maps0_284,TTX,0.42148932548171336
maps0,maps0_284,TTY,0.7580469023412164
maps0,maps0_284,LIX,0.6342625715538318
maps0,maps0_284,LIY,0.8231440915621249
maps0,maps0_284,ULX,0.6370052502315764
maps0,maps0_284,ULY,0.5526641716323119
maps0,maps0_284,LLX,0.24032490557899217
maps0,maps0_284,LLY,0.7188493456255753
maps0,maps0_285,TDX,0.8404003684849284
maps0,maps0_285,TDY,0.9208185658014253
maps0,maps0_285,TBX,0.8534939995677249
maps0,maps0_285,TBY,0.8459629203922937
maps0,maps0_285,TTX,0.9002107481927085
maps0,maps0_285,TTY,0.8583922976631926
maps0,maps0_285,LIX,0.663781875680509
maps0,maps0_285,LIY,0.8585049487238461
maps0,maps0_285,ULX,0.44769376922621523
maps0,maps0_285,ULY,0.6885327008985103
maps0,maps0_285,LLX,-0.0023321247699011186
maps0,maps0_285,LLY,0.7339193211981849
maps0,maps0_286,TDX,0.8711486200387911
maps0,maps0_286,TDY,0.8668427550715655
maps0,maps0_286,TBX,0.8717260769179153
maps0,maps0_286,TBY,0.7691578202198177
maps0,maps0_286,TTX,0.833158153383155
maps0,maps0_286,TTY,0.8569895739271803
maps0,maps0_286,LIX,0.6536942429606691
maps0,maps0_286,LIY,0.7388944518419439
maps0,maps0_286,ULX,0.8329688577155118
maps0,maps0_286,ULY,0.4935505610070682
maps0,maps0_286,LLX,0.12990953303568908
maps0,maps0_286,LLY,0.7829381993350653
maps0,maps0_287,TDX,0.839821270340088
maps0,maps0_287,TDY,0.9222118680028629
maps0,maps0_287,TBX,0.8873316115886507
maps0,maps0_287,TBY,0.7233055963963917
maps0,maps0_287,TTX,0.8590832425776863
maps0,maps0_287,TTY,0.821944292335291
maps0,maps0_287,LIX,0.7876430063822634
maps0,maps0_287,LIY,0.8216647614410668
maps0,maps0_287,ULX,0.6131950608450785
maps0,maps0_287,ULY,0.5397211112631602
maps0,maps0_287,LLX,0.528717336051236
maps0,maps0_287,LLY,0.8752153259723888
maps0,maps0_288,TDX,0.7589270768460271
maps0,maps0_288,TDY,0.7860332121097791
maps0,maps0_288,TBX,0.749310069158078
maps0,maps0_288,TBY,0.8107166238167214
maps0,maps0_288,TTX,0.7268571538982463
maps0,maps0_288,TTY,0.8053875747035382
maps0,maps0_288,LIX,0.6415235779013937
maps0,maps0_288,LIY,0.717582895981896
maps0,maps0_288,ULX,0.5904718541544638
maps0,maps0_288,ULY,0.48914339548834374
maps0,maps0_288,LLX,0.1501307954056476
maps0,maps0_288,LLY,0.6866532604084554
maps0,maps0_289,TDX,0.6878475146505142
maps0,maps0_289,TDY,0.8856877342883662
maps0,maps0_289,TBX,0.7151563334132895
maps0,maps0_289,TBY,0.8937864506483927
maps0,maps0_289,TTX,0.7153716222946399
maps0,maps0_289,TTY,0.8536397573841019
maps0,maps0_289,LIX,0.7794761154644455
maps0,maps0_289,LIY,0.7885435218132252
maps0,maps0_289,ULX,0.521079238817621
maps0,maps0_289,ULY,0.5722399702076586
maps0,maps0_289,LLX,0.19589460513455517
maps0,maps0_289,LLY,0.8380239342587201
maps0,maps0_290,TDX,0.8314154829097811
maps0,maps0_290,TDY,0.9185911123578588
maps0,maps0_290,TBX,0.7869425858503891
maps0,maps0_290,TBY,0.9630721715413423
maps0,maps0_290,TTX,0.7558056638282057
maps0,maps0_290,TTY,0.8134290858904117
maps0,maps0_290,LIX,0.1397251823919086
maps0,maps0_290,LIY,0.758896333693405
maps0,maps0_290,ULX,0.5880062549667868
maps0,maps0_290,ULY,0.388978128854124
maps0,maps0_290,LLX,-0.4841480428185991
maps0,maps0_290,LLY,0.8518251184561129
maps0,maps0_291,TDX,0.6458575828483744
maps0,maps0_291,TDY,0.8997355979125988
maps0,maps0_291,TBX,0.6902245566566154
maps0,maps0_291,TBY,0.8920367686346488
maps0,maps0_291,TTX,0.6918060386619949
maps0,maps0_291,TTY,0.8025390403746562
maps0,maps0_291,LIX,0.07258347428385897
maps0,maps0_291,LIY,0.6905144520458587
maps0,maps0_291,ULX,0.6467616131759238
maps0,maps0_291,ULY,0.5431488079206546
maps0,maps0_291,LLX,-0.08375018810434333
maps0,maps0_291,LLY,0.8461686567461751
maps0,maps0_292,TDX,0.8222120044552765
maps0,maps0_292,TDY,0.9220486344153971
maps0,maps0_292,TBX,0.8242821724092984
maps0,maps0_292,TBY,0.8846423665711292
maps0,maps0_292,TTX,0.7060460287315623
maps0,maps0_292,TTY,0.7107636334788909
maps0,maps0_292,LIX,0.6271978736940137
maps0,maps0_292,LIY,0.5837254461025958
maps0,maps0_292,ULX,0.7798913000789507
maps0,maps0_292,ULY,0.41599982591287754
maps0,maps0_292,LLX,-0.07171402829575568
maps0,maps0_292,LLY,0.6672750221990996
maps0,maps0_293,TDX,0.8255302985341694
maps0,maps0_293,TDY,0.8554939618962532
maps0,maps0_293,TBX,0.7614212235320879
maps0,maps0_293,TBY,0.816739947750009
maps0,maps0_293,TTX,0.635223786990329
maps0,maps0_293,TTY,0.9462477540528401
maps0,maps0_293,LIX,0.6274275879441162
maps0,maps0_293,LIY,0.8735609015361264
maps0,maps0_293,ULX,0.6027623961245255
maps0,maps0_293,ULY,0.41581294550313486
maps0,maps0_293,LLX,-0.27202057480779096
maps0,maps0_293,LLY,0.8556759752198984
maps0,maps0_294,TDX,0.6811625608079483
maps0,maps0_294,TDY,0.8259795467870216
maps0,maps0_294,TBX,0.7598066660490788
maps0,maps0_294,TBY,0.8657216873950356
maps0,maps0_294,TTX,0.8462385224317867
maps0,maps0_294,TTY,0.7161449364215381
maps0,maps0_294,LIX,0.46448285422415325
maps0,maps0_294,LIY,0.6871720199412241
maps0,maps0_294,ULX,0.7354357283798125
maps0,maps0_294,ULY,0.5944067918975247
maps0,maps0_294,LLX,0.23874243666340267
maps0,maps0_294,LLY,0.7601758719423497
maps0,maps0_295,TDX,0.805004145211108
maps0,maps0_295,TDY,0.8750488025887705
maps0,maps0_295,TBX,0.7224642853568106
maps0,maps0_295,TBY,0.906946754645374
maps0,maps0_295,TTX,0.638840086293762
maps0,maps0_295,TTY,0.942723854371704
maps0,maps0_295,LIX,0.8017018136741959
maps0,maps0_295,LIY,0.8457589877260342
maps0,maps0_295,ULX,0.7792059930427967
maps0,maps0_295,ULY,0.3016503888356143
maps0,maps0_295,LLX,-0.10545409247055912
maps0,maps0_295,LLY,0.8725535233143209
maps0,maps0_296,TDX,0.7571914851375621
maps0,maps0_296,TDY,0.8841712007358697
maps0,maps0_296,TBX,0.7704529047842185
maps0,maps0_296,TBY,0.841838455374103
maps0,maps0_296,TTX,0.6427554909556156
maps0,maps0_296,TTY,0.8197066316233381
maps0,maps0_296,LIX,0.6406384372562222
maps0,maps0_296,LIY,0.7125447701868389
maps0,maps0_296,ULX,0.6843304442838302
maps0,maps0_296,ULY,0.5778965981581613
maps0,maps0_296,LLX,-0.10286381525383885
maps0,maps0_296,LLY,0.8809525103479179
maps0,maps0_297,TDX,0.7317183400480092
maps0,maps0_297,TDY,0.8980106868184592
maps0,maps0_297,TBX,0.703118797876242
maps0,maps0_297,TBY,0.9201660868880726
maps0,maps0_297,TTX,0.5916614717603322
maps0,maps0_297,TTY,0.8841836268260213
maps0,maps0_297,LIX,0.4723977034811018
maps0,maps0_297,LIY,0.6472666398886758
maps0,maps0_297,ULX,0.6906770136848266
maps0,maps0_297,ULY,0.43608852224144984
maps0,maps0_297,LLX,-0.1979466227125294
maps0,maps0_297,LLY,0.5642564341870091
maps0,maps0_298,TDX,0.8005878310413769
maps0,maps0_298,TDY,0.8102959092123522
maps0,maps0_298,TBX,0.6424348102975569
maps0,maps0_298,TBY,0.7874077355625445
maps0,maps0_298,TTX,0.5222853701083722
maps0,maps0_298,TTY,0.7620981574659672
maps0,maps0_298,LIX,0.4234490353094436
maps0,maps0_298,LIY,0.7296516403774466
maps0,maps0_298,ULX,0.785241752011564
maps0,maps0_298,ULY,0.7433077310559726
maps0,maps0_298,LLX,-0.36813255233835024
maps0,maps0_298,LLY,0.6919965042681003
maps0,maps0_299,TDX,0.7664110716586852
maps0,maps0_299,TDY,0.7580759658961604
maps0,maps0_299,TBX,0.7100502534329896
maps0,maps0_299,TBY,0.8424160472690477
maps0,maps0_299,TTX,0.6634049858938535
maps0,maps0_299,TTY,0.8558886984508137
maps0,maps0_299,LIX,0.6368794148000179
maps0,maps0_299,LIY,0.9092252737190779
maps0,maps0_299,ULX,0.729451459750892
maps0,maps0_299,ULY,0.7370850874399053
maps0,maps0_299,LLX,0.1842320431764155
maps0,maps0_299,LLY,0.8381471936271009
maps0,maps0_300,TDX,0.8031614732283454
maps0,maps0_300,TDY,0.9066003014770899
maps0,maps0_300,TBX,0.8435743120119572
maps0,maps0_300,TBY,0.8855197268654957
maps0,maps0_300,TTX,0.9129056281646002
maps0,maps0_300,TTY,0.8015065137149437
maps0,maps0_300,LIX,0.5285375425791803
maps0,maps0_300,LIY,0.7104662464960041
maps0,maps0_300,ULX,0.6307698284185738
maps0,maps0_300,ULY,0.5592815235276407
maps0,maps0_300,LLX,0.03144266768044921
maps0,maps0_300,LLY,0.7917167094154322
maps0,maps0_301,TDX,0.8462796684342085
maps0,maps0_301,TDY,0.9338950133226877
maps0,maps0_301,TBX,0.847195386595245
maps0,maps0_301,TBY,0.8752452351554069
maps0,maps0_301,TTX,0.7672951974522644
maps0,maps0_301,TTY,0.8720077533869236
maps0,maps0_301,LIX,0.6466330085493399
maps0,maps0_301,LIY,0.8581112916766417
maps0,maps0_301,ULX,0.9176278122166978
maps0,maps0_301,ULY,0.19006243794644084
maps0,maps0_301,LLX,0.13559302950855323
maps0,maps0_301,LLY,0.8079417037873168
maps0,maps0_302,TDX,0.6560938916672404
maps0,maps0_302,TDY,0.8343652846796574
maps0,maps0_302,TBX,0.7518118632408375
maps0,maps0_302,TBY,0.8088248097006683
maps0,maps0_302,TTX,0.8954700717564931
maps0,maps0_302,TTY,0.7761075363313852
maps0,maps0_302,LIX,0.5057736929107582
maps0,maps0_302,LIY,0.7034442919864968
maps0,maps0_302,ULX,0.740125842263021
maps0,maps0_302,ULY,0.36475612227343074
maps0,maps0_302,LLX,-0.03265894344013847
maps0,maps0_302,LLY,0.8576874357486596
maps0,maps0_303,TDX,0.8121024850583312
maps0,maps0_303,TDY,0.9260873151448139
maps0,maps0_303,TBX,0.808294855695008
maps0,maps0_303,TBY,0.9337082027999732
maps0,maps0_303,TTX,0.6844513321783967
maps0,maps0_303,TTY,0.7887384978436363
maps0,maps0_303,LIX,0.5009777382797918
maps0,maps0_303,LIY,0.5396481675670017
maps0,maps0_303,ULX,0.6187466441182901
maps0,maps0_303,ULY,0.7409473888064517
maps0,maps0_303,LLX,-0.3203661660448634
maps0,maps0_303,LLY,0.7690558231450753
maps0,maps0_304,TDX,0.7124971115318418
maps0,maps0_304,TDY,0.9032115001889615
maps0,maps0_304,TBX,0.6458430543506953
maps0,maps0_304,TBY,0.9271471971437585
maps0,maps0_304,TTX,0.4698161026161906
maps0,maps0_304,TTY,0.8581404290098463
maps0,maps0_304,LIX,0.6063612771737412
maps0,maps0_304,LIY,0.8023511928835638
maps0,maps0_304,ULX,0.7291313942613213
maps0,maps0_304,ULY,0.5492594779310457
maps0,maps0_304,LLX,-0.26829151124789974
maps0,maps0_304,LLY,0.8359393683271535
maps0,maps0_305,TDX,0.5101391155700102
maps0,maps0_305,TDY,0.8567879089436725
maps0,maps0_305,TBX,0.7401246269558062
maps0,maps0_305,TBY,0.8621666356480121
maps0,maps0_305,TTX,0.8534143380353562
maps0,maps0_305,TTY,0.7554349499945306
maps0,maps0_305,LIX,0.5342877968988913
maps0,maps0_305,LIY,0.8624600158062429
maps0,maps0_305,ULX,0.49921553516528755
maps0,maps0_305,ULY,0.7682069292140661
maps0,maps0_305,LLX,-0.32744744827667915
maps0,maps0_305,LLY,0.7777681150248771
maps0,maps0_306,TDX,0.7663300962366967
maps0,maps0_306,TDY,0.8878477833568168
maps0,maps0_306,TBX,0.7640823840776152
maps0,maps0_306,TBY,0.9386803188322288
maps0,maps0_306,TTX,0.7544454485951747
maps0,maps0_306,TTY,0.6810042795796807
maps0,maps0_306,LIX,0.6749672378134695
maps0,maps0_306,LIY,0.6088567553270686
maps0,maps0_306,ULX,0.6998505481448585
maps0,maps0_306,ULY,0.4733824949267008
maps0,maps0_306,LLX,-0.07037824032518405
maps0,maps0_306,LLY,0.7848887547871513
maps0,maps0_307,TDX,0.8667016089956321
maps0,maps0_307,TDY,0.8402681049655655
maps0,maps0_307,TBX,0.8043917547666362
maps0,maps0_307,TBY,0.7351074560693777
maps0,maps0_307,TTX,0.7789801762775302
maps0,maps0_307,TTY,0.5501297730154128
maps0,maps0_307,LIX,0.526512637928043
maps0,maps0_307,LIY,0.8216953986091751
maps0,maps0_307,ULX,0.7551172455736828
maps0,maps0_307,ULY,0.2776863599806827
maps0,maps0_307,LLX,-0.15432035073610845
maps0,maps0_307,LLY,0.6405775192013183
maps0,maps0_308,TDX,0.8077019302225928
maps0,maps0_308,TDY,0.9056523936795874
maps0,maps0_308,TBX,0.7537132585110821
maps0,maps0_308,TBY,0.9282891902259534
maps0,maps0_308,TTX,0.6664808033674463
maps0,maps0_308,TTY,0.6978227105548603
maps0,maps0_308,LIX,0.5255885572829915
maps0,maps0_308,LIY,0.8320161760869614
maps0,maps0_308,ULX,0.7631438696939638
maps0,maps0_308,ULY,0.6501397351616037
maps0,maps0_308,LLX,0.0056670022110046295
maps0,maps0_308,LLY,0.7636096101749562
maps0,maps0_309,TDX,0.7733833761466741
maps0,maps0_309,TDY,0.8968525968186515
maps0,maps0_309,TBX,0.8395807561746155
maps0,maps0_309,TBY,0.627087376218559
maps0,maps0_309,TTX,0.7023903355035526
maps0,maps0_309,TTY,0.7404924345563257
maps0,maps0_309,LIX,0.7369924978806776
maps0,maps0_309,LIY,0.7412917514962262
maps0,maps0_309,ULX,0.5266005949143173
maps0,maps0_309,ULY,0.5223775488708042
maps0,maps0_309,LLX,-0.4977207117671548
maps0,maps0_309,LLY,0.7934908229828367
maps0,maps0_310,TDX,0.43271936481692586
maps0,maps0_310,TDY,0.87285330441223
maps0,maps0_310,TBX,0.523125441054596
maps0,maps0_310,TBY,0.8962851089212941
maps0,maps0_310,TTX,0.48321157577701995
maps0,maps0_310,TTY,0.7778447249644027
maps0,maps0_310,LIX,0.5062574737864856
maps0,maps0_310,LIY,0.8865643784869663
maps0,maps0_310,ULX,0.705900008878754
maps0,maps0_310,ULY,0.6815555119217427
maps0,maps0_310,LLX,-0.43705039759452113
maps0,maps0_310,LLY,0.7833431107877167
maps0,maps0_311,TDX,0.7276322043091579
maps0,maps0_311,TDY,0.8109054636917594
maps0,maps0_311,TBX,0.6953471275323204
maps0,maps0_311,TBY,0.7575195868340996
maps0,maps0_311,TTX,0.7725617099383837
maps0,maps0_311,TTY,0.8114684727729111
maps0,maps0_311,LIX,0.5044960854961583
maps0,maps0_311,LIY,0.7162746353014575
maps0,maps0_311,ULX,0.5554488860104263
maps0,maps0_311,ULY,0.6573126999923152
maps0,maps0_311,LLX,-0.4512270947405236
maps0,maps0_311,LLY,0.8072584375685469
maps0,maps0_312,TDX,0.7003542127927681
maps0,maps0_312,TDY,0.8999472875040573
maps0,maps0_312,TBX,0.8365200586188636
maps0,maps0_312,TBY,0.8853314438493829
maps0,maps0_312,TTX,0.6575854521975376
maps0,maps0_312,TTY,0.6830094499189489
maps0,maps0_312,LIX,0.707134200132011
maps0,maps0_312,LIY,0.7928612747186927
maps0,maps0_312,ULX,0.6861661829815905
maps0,maps0_312,ULY,0.6884029065825572
maps0,maps0_312,LLX,0.11176264470612261
maps0,maps0_312,LLY,0.7062104327790588
maps0,maps0_313,TDX,0.8114064641378856
maps0,maps0_313,TDY,0.9318950116869112
maps0,maps0_313,TBX,0.7930394235517986
maps0,maps0_313,TBY,0.7777697905173869
maps0,maps0_313,TTX,0.7272046793611048
maps0,maps0_313,TTY,0.685208346927717
maps0,maps0_313,LIX,0.37097066651148536
maps0,maps0_313,LIY,0.7114370088001144
maps0,maps0_313,ULX,0.808888864443942
maps0,maps0_313,ULY,0.42828642754041946
maps0,maps0_313,LLX,-0.5178357269450449
maps0,maps0_313,LLY,0.7570171680005089
maps0,maps0_314,TDX,0.8264672632498733
maps0,maps0_314,TDY,0.9517532815980787
maps0,maps0_314,TBX,0.7686299973911443
maps0,maps0_314,TBY,0.8355924344778853
maps0,maps0_314,TTX,0.6532815735209665
maps0,maps0_314,TTY,0.6444481854694549
maps0,maps0_314,LIX,0.3788015448624579
maps0,maps0_314,LIY,0.640084021404795
maps0,maps0_314,ULX,0.5620483792754517
maps0,maps0_314,ULY,0.6978895276549011
maps0,maps0_314,LLX,0.04838845835334758
maps0,maps0_314,LLY,0.7930186455875933
maps0,maps0_315,TDX,0.7908916907237579
maps0,maps0_315,TDY,0.940071075402879
maps0,maps0_315,TBX,0.8216089357770061
maps0,maps0_315,TBY,0.9463239668991453
maps0,maps0_315,TTX,0.6705365552240421
maps0,maps0_315,TTY,0.49778059474234426
maps0,maps0_315,LIX,0.14406543904031593
maps0,maps0_315,LIY,0.5670939037436864
maps0,maps0_315,ULX,0.7457693081824469
maps0,maps0_315,ULY,0.6791879439141791
maps0,maps0_315,LLX,-0.6667402293203377
maps0,maps0_315,LLY,0.705081925019191
maps0,maps0_316,TDX,0.7661305276509576
maps0,maps0_316,TDY,0.8809501434839025
maps0,maps0_316,TBX,0.6812667799535408
maps0,maps0_316,TBY,0.7952432495115531
maps0,maps0_316,TTX,0.6645263952082412
maps0,maps0_316,TTY,0.8172558498028847
maps0,maps0_316,LIX,0.7022018641886058
maps0,maps0_316,LIY,0.7039912626252485
maps0,maps0_316,ULX,0.7017005034523419
maps0,maps0_316,ULY,0.5266129119378283
maps0,maps0_316,LLX,0.17432593888424175
maps0,maps0_316,LLY,0.7681149420770986
maps0,maps0_317,TDX,0.7476327880777308
maps0,maps0_317,TDY,0.9343185383767663
maps0,maps0_317,TBX,0.7275234976687793
maps0,maps0_317,TBY,0.863161618766444
maps0,maps0_317,TTX,0.6702019590829914
maps0,maps0_317,TTY,0.647798284209713
maps0,maps0_317,LIX,0.5805955894545248
maps0,maps0_317,LIY,0.7790732432369536
maps0,maps0_317,ULX,0.8208028414345749
maps0,maps0_317,ULY,0.18619240601832732
maps0,maps0_317,LLX,0.3806974741536227
maps0,maps0_317,LLY,0.8057371920400347
maps0,maps0_318,TDX,0.8123956630327702
maps0,maps0_318,TDY,0.9557164461989656
maps0,maps0_318,TBX,0.781279287788365
maps0,maps0_318,TBY,0.9005503026690249
maps0,maps0_318,TTX,0.47447216307070356
maps0,maps0_318,TTY,0.8553034425219779
maps0,maps0_318,LIX,0.4339146450520941
maps0,maps0_318,LIY,0.8200390904150148
maps0,maps0_318,ULX,0.6033672417631195
maps0,maps0_318,ULY,0.07371730098209757
maps0,maps0_318,LLX,0.501138531122029
maps0,maps0_318,LLY,0.8419062293327428
maps0,maps0_319,TDX,0.8162250133384817
maps0,maps0_319,TDY,0.8573723337897088
maps0,maps0_319,TBX,0.76517097870773
maps0,maps0_319,TBY,0.9511362189617334
maps0,maps0_319,TTX,0.6841361105849414
maps0,maps0_319,TTY,0.9301666161258271
maps0,maps0_319,LIX,0.6289075346070155
maps0,maps0_319,LIY,0.6070288433622085
maps0,maps0_319,ULX,0.7657104954235304
maps0,maps0_319,ULY,0.509021654290477
maps0,maps0_319,LLX,0.2994356202768247
maps0,maps0_319,LLY,0.82711761806918
maps0,maps0_320,TDX,0.7229790311000787
maps0,maps0_320,TDY,0.8408867269194085
maps0,maps0_320,TBX,0.617383312334587
maps0,maps0_320,TBY,0.8935615549956324
maps0,maps0_320,TTX,0.4030693809156433
maps0,maps0_320,TTY,0.8612281345755425
maps0,maps0_320,LIX,0.7055025301518522
maps0,maps0_320,LIY,0.9026154872121904
maps0,maps0_320,ULX,0.7824776870291352
maps0,maps0_320,ULY,0.8159679331105884
maps0,maps0_320,LLX,0.18171857775305725
maps0,maps0_320,LLY,0.8828828351641104
maps0,maps0_321,TDX,0.5344319213855719
maps0,maps0_321,TDY,0.8773056254059294
maps0,maps0_321,TBX,0.49898535922358156
maps0,maps0_321,TBY,0.847908762725689
maps0,maps0_321,TTX,0.4358077657592786
maps0,maps0_321,TTY,0.8208430443185988
maps0,maps0_321,LIX,0.6632513266646339
maps0,maps0_321,LIY,0.7564742652223884
maps0,maps0_321,ULX,0.835142054471215
maps0,maps0_321,ULY,0.3516674105790095
maps0,maps0_321,LLX,0.3511731780589519
maps0,maps0_321,LLY,0.8670431900365303
maps0,maps0_322,TDX,0.6886741293475435
maps0,maps0_322,TDY,0.8613250818033564
maps0,maps0_322,TBX,0.770578633906855
maps0,maps0_322,TBY,0.8666797311043591
maps0,maps0_322,TTX,0.7777190029918083
maps0,maps0_322,TTY,0.8378774539798871
maps0,maps0_322,LIX,0.6471032860226534
maps0,maps0_322,LIY,0.8046735358507823
maps0,maps0_322,ULX,0.6462983759642764
maps0,maps0_322,ULY,0.4830295767589378
maps0,maps0_322,LLX,0.22566396803821281
maps0,maps0_322,LLY,0.7839060889888937
maps0,maps0_323,TDX,0.8171284032278379
maps0,maps0_323,TDY,0.8709781032683692
maps0,maps0_323,TBX,0.7942711714585099
maps0,maps0_323,TBY,0.8083275469033544
maps0,maps0_323,TTX,0.6782130149448968
maps0,maps0_323,TTY,0.8977259950664382
maps0,maps0_323,LIX,0.4875317296224841
maps0,maps0_323,LIY,0.78036061130659
maps0,maps0_323,ULX,0.8386566579306296
maps0,maps0_323,ULY,0.6611956071774752
maps0,maps0_323,LLX,-0.4693984263938711
maps0,maps0_323,LLY,0.8153532752491112
maps0,maps0_324,TDX,0.6583961368090402
maps0,maps0_324,TDY,0.8971321294748008
maps0,maps0_324,TBX,0.763982904251496
maps0,maps0_324,TBY,0.8847348754511999
maps0,maps0_324,TTX,0.5563876929442619
maps0,maps0_324,TTY,0.8467342808809061
maps0,maps0_324,LIX,0.8035178109167718
maps0,maps0_324,LIY,0.8219842260150436
maps0,maps0_324,ULX,0.7166518379787454
maps0,maps0_324,ULY,0.5446769213645712
maps0,maps0_324,LLX,0.28268902292548487
maps0,maps0_324,LLY,0.9176966864218508
maps0,maps0_325,TDX,0.47507783958030475
maps0,maps0_325,TDY,0.8762649910445083
maps0,maps0_325,TBX,0.37707924243124785
maps0,maps0_325,TBY,0.93314997664071
maps0,maps0_325,TTX,0.24686100909953806
maps0,maps0_325,TTY,0.8619381522133296
maps0,maps0_325,LIX,0.4181350142791299
maps0,maps0_325,LIY,0.6464306952207134
maps0,maps0_325,ULX,0.7861370343071593
maps0,maps0_325,ULY,0.5180762242049322
maps0,maps0_325,LLX,-0.4924262533637666
maps0,maps0_325,LLY,0.605961430379134
maps0,maps0_326,TDX,0.643841948015499
maps0,maps0_326,TDY,0.8840365827745674
maps0,maps0_326,TBX,0.5772734017044051
maps0,maps0_326,TBY,0.8892313984042071
maps0,maps0_326,TTX,0.46816322498834373
maps0,maps0_326,TTY,0.7877572409078976
maps0,maps0_326,LIX,0.6032376329394158
maps0,maps0_326,LIY,0.8131133755555096
maps0,maps0_326,ULX,0.5999956706636573
maps0,maps0_326,ULY,0.6317088551902531
maps0,maps0_326,LLX,0.2160192114355767
maps0,maps0_326,LLY,0.8610216974598676
maps0,maps0_327,TDX,0.6408803576047866
maps0,maps0_327,TDY,0.9448265367806378
maps0,maps0_327,TBX,0.7106547137027052
maps0,maps0_327,TBY,0.9431618516371204
maps0,maps0_327,TTX,0.5650613698968601
maps0,maps0_327,TTY,0.6448923134606587
maps0,maps0_327,LIX,0.5769900006249935
maps0,maps0_327,LIY,0.9314554000500217
maps0,maps0_327,ULX,0.8539381538861248
maps0,maps0_327,ULY,0.5046612119484208
maps0,maps0_327,LLX,0.2504705811174072
maps0,maps0_327,LLY,0.9352725424259205
maps0,maps0_328,TDX,0.8214800740792083
maps0,maps0_328,TDY,0.9143259785094592
maps0,maps0_328,TBX,0.830369933618021
maps0,maps0_328,TBY,0.8558243896661729
maps0,maps0_328,TTX,0.8214496572851849
maps0,maps0_328,TTY,0.8315121087183028
maps0,maps0_328,LIX,0.3866747561768191
maps0,maps0_328,LIY,0.6847095742084269
maps0,maps0_328,ULX,0.7397964089613107
maps0,maps0_328,ULY,0.5573186644510242
maps0,maps0_328,LLX,-0.07605701647061759
maps0,maps0_328,LLY,0.8647099310665312
maps0,maps0_329,TDX,0.7018463087593292
maps0,maps0_329,TDY,0.9127493840949614
maps0,maps0_329,TBX,0.8118407417126037
maps0,maps0_329,TBY,0.9207763330787958
maps0,maps0_329,TTX,0.7843387641462761
maps0,maps0_329,TTY,0.7862518484030298
maps0,maps0_329,LIX,0.47476753444156505
maps0,maps0_329,LIY,0.6523659185593403
maps0,maps0_329,ULX,0.8764187145451767
maps0,maps0_329,ULY,0.19847388618849365
maps0,maps0_329,LLX,-0.5094367263726947
maps0,maps0_329,LLY,0.6815594263700535
maps0,maps0_330,TDX,0.9095769011782734
maps0,maps0_330,TDY,0.9077542820805512
maps0,maps0_330,TBX,0.8825714800844079
maps0,maps0_330,TBY,0.7917164293191672
maps0,maps0_330,TTX,0.7129870736575141
maps0,maps0_330,TTY,0.8418764724358057
maps0,maps0_330,LIX,0.39435626722033573
maps0,maps0_330,LIY,0.6668294518392552
maps0,maps0_330,ULX,0.9018303321671561
maps0,maps0_330,ULY,-0.2392006558490435
maps0,maps0_330,LLX,0.259938832163236
maps0,maps0_330,LLY,0.7716807247405589
maps0,maps0_331,TDX,0.8420460897798413
maps0,maps0_331,TDY,0.9240402872985269
maps0,maps0_331,TBX,0.833200559964014
maps0,maps0_331,TBY,0.7389467801058706
maps0,maps0_331,TTX,0.7655168839851103
maps0,maps0_331,TTY,0.866919445783166
maps0,maps0_331,LIX,0.5683605398977315
maps0,maps0_331,LIY,0.5809886860419092
maps0,maps0_331,ULX,0.7047599539991617
maps0,maps0_331,ULY,0.08853086032421187
maps0,maps0_331,LLX,-0.3205790984660714
maps0,maps0_331,LLY,0.7947780249638156
maps0,maps0_332,TDX,0.7588903673168345
maps0,maps0_332,TDY,0.8662632445964799
maps0,maps0_332,TBX,0.6786896107279241
maps0,maps0_332,TBY,0.9334291476655842
maps0,maps0_332,TTX,0.4825821402857289
maps0,maps0_332,TTY,0.9028568145495218
maps0,maps0_332,LIX,0.7145221992522318
maps0,maps0_332,LIY,0.8761033529628248
maps0,maps0_332,ULX,0.6517621912431759
maps0,maps0_332,ULY,0.6149916943291172
maps0,maps0_332,LLX,-0.2034418846341349
maps0,maps0_332,LLY,0.8459540420653082
maps0,maps0_333,TDX,0.6916300030511694
maps0,maps0_333,TDY,0.9026580406343002
maps0,maps0_333,TBX,0.47349798595178355
maps0,maps0_333,TBY,0.8833384052133183
maps0,maps0_333,TTX,0.4030099463064369
maps0,maps0_333,TTY,0.800640971543572
maps0,maps0_333,LIX,0.6740477616577579
maps0,maps0_333,LIY,0.7753498648341967
maps0,maps0_333,ULX,0.5361878495505159
maps0,maps0_333,ULY,0.5398563127505686
maps0,maps0_333,LLX,-0.027115788514602994
maps0,maps0_333,LLY,0.7711679989583847
maps0,maps0_334,TDX,0.6688314541269688
maps0,maps0_334,TDY,0.8132841614584387
maps0,maps0_334,TBX,0.5397888848592348
maps0,maps0_334,TBY,0.91966439807349
maps0,maps0_334,TTX,0.3638060957778092
maps0,maps0_334,TTY,0.6947148809610599
maps0,maps0_334,LIX,0.536516086050963
maps0,maps0_334,LIY,0.8748131330026038
maps0,maps0_334,ULX,0.800669546379227
maps0,maps0_334,ULY,0.4662299120108673
maps0,maps0_334,LLX,-0.24837735426577448
maps0,maps0_334,LLY,0.7908504664322743
maps0,maps0_335,TDX,0.6990784883774881
maps0,maps0_335,TDY,0.9421653738679793
maps0,maps0_335,TBX,0.7121545093954323
maps0,maps0_335,TBY,0.8750515906095956
maps0,maps0_335,TTX,0.63120311225158
maps0,maps0_335,TTY,0.6948841262911877
maps0,maps0_335,LIX,0.6704599231620051
maps0,maps0_335,LIY,0.7826225476048956
maps0,maps0_335,ULX,0.7905866602396406
maps0,maps0_335,ULY,0.5151328375834033
maps0,maps0_335,LLX,0.1325887492231869
maps0,maps0_335,LLY,0.8489877118552166
maps0,maps0_336,TDX,0.6660572703962675
maps0,maps0_336,TDY,0.847131727996627
maps0,maps0_336,TBX,0.610180553539838
maps0,maps0_336,TBY,0.9194321927869182
maps0,maps0_336,TTX,0.6819688655213964
maps0,maps0_336,TTY,0.844415340214223
maps0,maps0_336,LIX,0.6083924781831276
maps0,maps0_336,LIY,0.6765095668495327
maps0,maps0_336,ULX,0.7144328390667473
maps0,maps0_336,ULY,0.43715329662751684
maps0,maps0_336,LLX,-0.22708636012167646
maps0,maps0_336,LLY,0.789133493669389
maps0,maps0_337,TDX,0.7006121890677267
maps0,maps0_337,TDY,0.9465207153620843
maps0,maps0_337,TBX,0.8141625876562452
maps0,maps0_337,TBY,0.7951905349127169
maps0,maps0_337,TTX,0.8126446647481325
maps0,maps0_337,TTY,0.616633866583463
maps0,maps0_337,LIX,0.6458487100635679
maps0,maps0_337,LIY,0.7329597764528274
maps0,maps0_337,ULX,0.8532156564598319
maps0,maps0_337,ULY,0.09489479697642718
maps0,maps0_337,LLX,0.22396726992499008
maps0,maps0_337,LLY,0.755434561397176
maps0,maps0_338,TDX,0.8264436321023889
maps0,maps0_338,TDY,0.8933032414345907
maps0,maps0_338,TBX,0.6370240678784045
maps0,maps0_338,TBY,0.8955660334543282
maps0,maps0_338,TTX,0.5125882742313302
maps0,maps0_338,TTY,0.7636232655732318
maps0,maps0_338,LIX,0.536437472984597
maps0,maps0_338,LIY,0.7156375807615818
maps0,maps0_338,ULX,0.671907391009707
maps0,maps0_338,ULY,0.6800534454590341
maps0,maps0_338,LLX,0.1261131289610871
maps0,maps0_338,LLY,0.741456293725192
maps0,maps0_339,TDX,0.7923392767103716
maps0,maps0_339,TDY,0.8715706055806626
maps0,maps0_339,TBX,0.6242844903422252
maps0,maps0_339,TBY,0.8994131965140465
maps0,maps0_339,TTX,0.03089426866094105
maps0,maps0_339,TTY,0.8966040972884785
maps0,maps0_339,LIX,0.6760931442208109
maps0,maps0_339,LIY,0.7988032740922051
maps0,maps0_339,ULX,0.854639961536692
maps0,maps0_339,ULY,-0.1411717166481714
maps0,maps0_339,LLX,0.34616038516333764
maps0,maps0_339,LLY,0.8017849836419197
maps0,maps0_340,TDX,0.8423388381275253
maps0,maps0_340,TDY,0.9097092571984057
maps0,maps0_340,TBX,0.8389551709175893
maps0,maps0_340,TBY,0.8760424182350226
maps0,maps0_340,TTX,0.6904258423824825
maps0,maps0_340,TTY,0.9260882693614577
maps0,maps0_340,LIX,0.7457967722058177
maps0,maps0_340,LIY,0.8260400286330679
maps0,maps0_340,ULX,0.6267807915604804
maps0,maps0_340,ULY,0.6491259920026327
maps0,maps0_340,LLX,-0.3918790206262166
maps0,maps0_340,LLY,0.8542183190219852
maps0,maps0_341,TDX,0.4721920671640454
maps0,maps0_341,TDY,0.9319502076785579
maps0,maps0_341,TBX,0.6258843452647355
maps0,maps0_341,TBY,0.8956917017121061
maps0,maps0_341,TTX,0.6621060224115396
maps0,maps0_341,TTY,0.901459136333865
maps0,maps0_341,LIX,0.7603579782161396
maps0,maps0_341,LIY,0.8525649936772987
maps0,maps0_341,ULX,0.7874333391871796
maps0,maps0_341,ULY,0.697173632714907
maps0,maps0_341,LLX,0.12080989668733778
maps0,maps0_341,LLY,0.8480039898469497
maps0,maps0_342,TDX,0.794651715654023
maps0,maps0_342,TDY,0.9239460527165068
maps0,maps0_342,TBX,0.6208005063397518
maps0,maps0_342,TBY,0.884777628515684
maps0,maps0_342,TTX,0.35375827386464825
maps0,maps0_342,TTY,0.8158575017565373
maps0,maps0_342,LIX,0.6595409368448596
maps0,maps0_342,LIY,0.8760330675560319
maps0,maps0_342,ULX,0.8256956320186121
maps0,maps0_342,ULY,0.7616868550037549
maps0,maps0_342,LLX,0.35747377564259636
maps0,maps0_342,LLY,0.862721195946063
maps0,maps0_343,TDX,0.5774671694397207
maps0,maps0_343,TDY,0.9251209600792089
maps0,maps0_343,TBX,0.6109407684392066
maps0,maps0_343,TBY,0.8718116511732168
maps0,maps0_343,TTX,0.5860879831540942
maps0,maps0_343,TTY,0.8636646096065219
maps0,maps0_343,LIX,0.4686758157858485
maps0,maps0_343,LIY,0.7624458314414809
maps0,maps0_343,ULX,0.8045295584059616
maps0,maps0_343,ULY,0.43882441301824915
maps0,maps0_343,LLX,0.11048918238334733
maps0,maps0_343,LLY,0.891648486791633
maps0,maps0_344,TDX,0.549822376019837
maps0,maps0_344,TDY,0.8410769713270826
maps0,maps0_344,TBX,0.5761390607068255
maps0,maps0_344,TBY,0.7929507646689223
maps0,maps0_344,TTX,0.5810472296280134
maps0,maps0_344,TTY,0.7698367083427656
maps0,maps0_344,LIX,0.8361838507771598
maps0,maps0_344,LIY,0.7655862931243939
maps0,maps0_344,ULX,0.9041966968295705
maps0,maps0_344,ULY,0.40792538365995923
maps0,maps0_344,LLX,0.5604397795589104
maps0,maps0_344,LLY,0.8750621036290197
maps0,maps0_345,TDX,0.783552921327572
maps0,maps0_345,TDY,0.9273475636330377
maps0,maps0_345,TBX,0.711872388460332
maps0,maps0_345,TBY,0.7940745178637595
maps0,maps0_345,TTX,0.4370917765213712
maps0,maps0_345,TTY,0.6896132281999154
maps0,maps0_345,LIX,0.6522006572847524
maps0,maps0_345,LIY,0.8249075500141617
maps0,maps0_345,ULX,0.34227983400629164
maps0,maps0_345,ULY,0.56435492541511
maps0,maps0_345,LLX,-0.17322289674776303
maps0,maps0_345,LLY,0.8740929167590357
maps0,maps0_346,TDX,0.8606519307198873
maps0,maps0_346,TDY,0.9577007939155868
maps0,maps0_346,TBX,0.7697022755127308
maps0,maps0_346,TBY,0.9084518361374374
maps0,maps0_346,TTX,0.5408496054354812
maps0,maps0_346,TTY,0.9059122775292773
maps0,maps0_346,LIX,0.6754667911057378
maps0,maps0_346,LIY,0.8742593963001953
maps0,maps0_346,ULX,0.6431144343249485
maps0,maps0_346,ULY,0.6402276887590431
maps0,maps0_346,LLX,-0.23856727754492452
maps0,maps0_346,LLY,0.8536283055974233
maps0,maps0_347,TDX,0.7784554058096549
maps0,maps0_347,TDY,0.88174188439675
maps0,maps0_347,TBX,0.8227129584705101
maps0,maps0_347,TBY,0.7909959311427383
maps0,maps0_347,TTX,0.8232132328007971
maps0,maps0_347,TTY,0.8240944958674504
maps0,maps0_347,LIX,0.7750433552705243
maps0,maps0_347,LIY,0.8384595121601663
maps0,maps0_347,ULX,0.7879933114822112
maps0,maps0_347,ULY,0.5911880076082906
maps0,maps0_347,LLX,0.4417638485937979
maps0,maps0_347,LLY,0.8076578948127613
maps0,maps0_348,TDX,0.6884811691945617
maps0,maps0_348,TDY,0.8980194069312244
maps0,maps0_348,TBX,0.6018893865916759
maps0,maps0_348,TBY,0.9145191072369515
maps0,maps0_348,TTX,0.561088648222728
maps0,maps0_348,TTY,0.7763604693562233
maps0,maps0_348,LIX,0.8236368307134344
maps0,maps0_348,LIY,0.8452464983587027
maps0,maps0_348,ULX,0.6603256220877485
maps0,maps0_348,ULY,0.5614225252350544
maps0,maps0_348,LLX,0.4159998689616932
maps0,maps0_348,LLY,0.802433698855289
maps0,maps0_349,TDX,0.8204251947607067
maps0,maps0_349,TDY,0.9101286890799299
maps0,maps0_349,TBX,0.7501883932453352
maps0,maps0_349,TBY,0.9043978418705402
maps0,maps0_349,TTX,0.5610489195350861
maps0,maps0_349,TTY,0.8976366054201812
maps0,maps0_349,LIX,0.7581807274114659
maps0,maps0_349,LIY,0.7081642297909524
maps0,maps0_349,ULX,0.36118246443067087
maps0,maps0_349,ULY,0.22296380788350068
maps0,maps0_349,LLX,-0.22315608328049405
maps0,maps0_349,LLY,0.8386656138205068
maps0,maps0_350,TDX,0.8492128426693849
maps0,maps0_350,TDY,0.9252390224325794
maps0,maps0_350,TBX,0.8185238555091738
maps0,maps0_350,TBY,0.8201749512213341
maps0,maps0_350,TTX,0.7465713765124984
maps0,maps0_350,TTY,0.4680825511533361
maps0,maps0_350,LIX,0.777979742837504
maps0,maps0_350,LIY,0.8914790406230213
maps0,maps0_350,ULX,0.7800887769616356
maps0,maps0_350,ULY,0.013910873651962054
maps0,maps0_350,LLX,-0.17950898304834134
maps0,maps0_350,LLY,0.8971449824538262
maps0,maps0_351,TDX,0.616633925737903
maps0,maps0_351,TDY,0.8990365530430782
maps0,maps0_351,TBX,0.6701651827973709
maps0,maps0_351,TBY,0.7771738654897279
maps0,maps0_351,TTX,0.6617583517217567
maps0,maps0_351,TTY,0.8033058988466304
maps0,maps0_351,LIX,0.5045593908589169
maps0,maps0_351,LIY,0.8370358434423565
maps0,maps0_351,ULX,0.7940558151747681
maps0,maps0_351,ULY,0.38033634637965735
maps0,maps0_351,LLX,0.47308887558045265
maps0,maps0_351,LLY,0.7846891082112014
maps0,maps0_352,TDX,0.8451615893305877
maps0,maps0_352,TDY,0.9151676386814469
maps0,maps0_352,TBX,0.9011471945477071
maps0,maps0_352,TBY,0.8883508227014212
maps0,maps0_352,TTX,0.8650030613941722
maps0,maps0_352,TTY,0.7972168054919666
maps0,maps0_352,LIX,0.44887203942557374
maps0,maps0_352,LIY,0.7570927039235728
maps0,maps0_352,ULX,0.7336382370851556
maps0,maps0_352,ULY,0.6354251289734425
maps0,maps0_352,LLX,-0.13002005551283885
maps0,maps0_352,LLY,0.6771851388258266
maps0,maps0_353,TDX,0.4744695866722316
maps0,maps0_353,TDY,0.9010453609020659
maps0,maps0_353,TBX,0.4419645557828225
maps0,maps0_353,TBY,0.8366412180447158
maps0,maps0_353,TTX,0.3484908598263725
maps0,maps0_353,TTY,0.7512973207035877
maps0,maps0_353,LIX,0.4379117764246577
maps0,maps0_353,LIY,0.7390358110048932
maps0,maps0_353,ULX,0.5435154211009187
maps0,maps0_353,ULY,0.418836083353267
maps0,maps0_353,LLX,0.34828841676407557
maps0,maps0_353,LLY,0.7763966094411059
maps0,maps0_354,TDX,0.6253759551690157
maps0,maps0_354,TDY,0.8800703712029135
maps0,maps0_354,TBX,0.6502192970906683
maps0,maps0_354,TBY,0.8531742515290961
maps0,maps0_354,TTX,0.5994009426977991
maps0,maps0_354,TTY,0.8277982514662765
maps0,maps0_354,LIX,0.2205793567292118
maps0,maps0_354,LIY,0.787890287498102
maps0,maps0_354,ULX,0.8182041125800337
maps0,maps0_354,ULY,0.32395372643245474
maps0,maps0_354,LLX,0.1506257435750934
maps0,maps0_354,LLY,0.7632026387927465
maps0,maps0_355,TDX,0.8150138741701665
maps0,maps0_355,TDY,0.89860877186798
maps0,maps0_355,TBX,0.8307599837507151
maps0,maps0_355,TBY,0.8765681892641599
maps0,maps0_355,TTX,0.6964239366015098
maps0,maps0_355,TTY,0.8808000051790476
maps0,maps0_355,LIX,0.5208187400265052
maps0,maps0_355,LIY,0.7968294254682148
maps0,maps0_355,ULX,0.7273676167262455
maps0,maps0_355,ULY,0.22476659461089277
maps0,maps0_355,LLX,0.42693354782366033
maps0,maps0_355,LLY,0.8735958633088851
maps0,maps0_356,TDX,0.7177827850467672
maps0,maps0_356,TDY,0.9219051102629872
maps0,maps0_356,TBX,0.7204743823528402
maps0,maps0_356,TBY,0.9131812715519402
maps0,maps0_356,TTX,0.6007523356148626
maps0,maps0_356,TTY,0.8781002025413733
maps0,maps0_356,LIX,0.5414985749085579
maps0,maps0_356,LIY,0.8287864785185526
maps0,maps0_356,ULX,0.43574423624231
maps0,maps0_356,ULY,0.49624695519517736
maps0,maps0_356,LLX,-0.18662673600652832
maps0,maps0_356,LLY,0.8799105708730413
maps0,maps0_357,TDX,0.631896517157676
maps0,maps0_357,TDY,0.8857013287117235
maps0,maps0_357,TBX,0.6944796337582626
maps0,maps0_357,TBY,0.9051485201117914
maps0,maps0_357,TTX,0.598486256691882
maps0,maps0_357,TTY,0.8968652381874561
maps0,maps0_357,LIX,0.5418484753832251
maps0,maps0_357,LIY,0.8115458650162323
maps0,maps0_357,ULX,0.7644984638847301
maps0,maps0_357,ULY,0.31045012348143625
maps0,maps0_357,LLX,-0.05212682325090811
maps0,maps0_357,LLY,0.7981560310687488
maps0,maps0_358,TDX,0.6607028073905861
maps0,maps0_358,TDY,0.906480676985323
maps0,maps0_358,TBX,0.5191518165015395
maps0,maps0_358,TBY,0.9186344430094994
maps0,maps0_358,TTX,0.3974162610416356
maps0,maps0_358,TTY,0.7629467542685696
maps0,maps0_358,LIX,0.5964583144853282
maps0,maps0_358,LIY,0.6058800424345111
maps0,maps0_358,ULX,0.3997080841219256
maps0,maps0_358,ULY,0.76447138880096
maps0,maps0_358,LLX,-0.4103093418934212
maps0,maps0_358,LLY,0.5832060908498435
maps0,maps0_359,TDX,0.8662517486769535
maps0,maps0_359,TDY,0.8587027135887172
maps0,maps0_359,TBX,0.7917387131458631
maps0,maps0_359,TBY,0.8631463598495909
maps0,maps0_359,TTX,0.29196282698554543
maps0,maps0_359,TTY,0.809737631851676
maps0,maps0_359,LIX,0.7532854005773906
maps0,maps0_359,LIY,0.4997846636312154
maps0,maps0_359,ULX,0.7249424621829768
maps0,maps0_359,ULY,0.4680003514421706
maps0,maps0_359,LLX,0.4399079798933142
maps0,maps0_359,LLY,0.6875671088463169
maps0,maps0_360,TDX,0.7957115958277594
maps0,maps0_360,TDY,0.7063583328671865
maps0,maps0_360,TBX,0.6709357551504924
maps0,maps0_360,TBY,0.9110609797757743
maps0,maps0_360,TTX,0.5311372560875759
maps0,maps0_360,TTY,0.894871953223765
maps0,maps0_360,LIX,0.4209270853538713
maps0,maps0_360,LIY,0.866902097214656
maps0,maps0_360,ULX,0.8093589000048084
maps0,maps0_360,ULY,0.7702986730004708
maps0,maps0_360,LLX,-0.017930496962505958
maps0,maps0_360,LLY,0.8397219314466217
maps0,maps0_361,TDX,0.6443586604460849
maps0,maps0_361,TDY,0.9092725032582334
maps0,maps0_361,TBX,0.5847048439175898
maps0,maps0_361,TBY,0.7223962218226951
maps0,maps0_361,TTX,0.2506344166786385
maps0,maps0_361,TTY,0.780504566860092
maps0,maps0_361,LIX,0.7817148466281973
maps0,maps0_361,LIY,0.8427991581676614
maps0,maps0_361,ULX,0.7799055493796072
maps0,maps0_361,ULY,0.2539025258841685
maps0,maps0_361,LLX,0.5027422375012183
maps0,maps0_361,LLY,0.8149452205292177
maps0,maps0_362,TDX,0.7984270639602313
maps0,maps0_362,TDY,0.8652463988649491
maps0,maps0_362,TBX,0.8609555874361745
maps0,maps0_362,TBY,0.8711435794166305
maps0,maps0_362,TTX,0.7242450336755026
maps0,maps0_362,TTY,0.891923531284747
maps0,maps0_362,LIX,0.7598542583676486
maps0,maps0_362,LIY,0.8443243243284602
maps0,maps0_362,ULX,0.887876160399752
maps0,maps0_362,ULY,0.33040090084722123
maps0,maps0_362,LLX,-0.3065937294275503
maps0,maps0_362,LLY,0.8736462166748853
maps0,maps0_363,TDX,0.7544251277708575
maps0,maps0_363,TDY,0.8178354587716177
maps0,maps0_363,TBX,0.6619200935209142
maps0,maps0_363,TBY,0.8674954489789775
maps0,maps0_363,TTX,0.4814581352987402
maps0,maps0_363,TTY,0.7258116345700356
maps0,maps0_363,LIX,0.46297395180304873
maps0,maps0_363,LIY,0.8726892008056997
maps0,maps0_363,ULX,0.8262472877702406
maps0,maps0_363,ULY,0.22889027068305784
maps0,maps0_363,LLX,-0.06865196458268712
maps0,maps0_363,LLY,0.7690820926369972
maps0,maps0_364,TDX,0.8079943900288653
maps0,maps0_364,TDY,0.8997198033518554
maps0,maps0_364,TBX,0.7056348777972637
maps0,maps0_364,TBY,0.8491429170757192
maps0,maps0_364,TTX,0.5770876085118808
maps0,maps0_364,TTY,0.6663947170491006
maps0,maps0_364,LIX,0.5825225874397382
maps0,maps0_364,LIY,0.7774486058309713
maps0,maps0_364,ULX,0.7055380305205686
maps0,maps0_364,ULY,0.6622345449741159
maps0,maps0_364,LLX,-0.34509987113074364
maps0,maps0_364,LLY,0.761775989122492
maps0,maps0_365,TDX,0.5596535918539776
maps0,maps0_365,TDY,0.878620496456742
maps0,maps0_365,TBX,0.5083733823335287
maps0,maps0_365,TBY,0.9279722585527701
maps0,maps0_365,TTX,0.5293212312315798
maps0,maps0_365,TTY,0.8017153148609785
maps0,maps0_365,LIX,0.7506200917377218
maps0,maps0_365,LIY,0.8764175221585264
maps0,maps0_365,ULX,0.8243260685152382
maps0,maps0_365,ULY,0.5520517447772916
maps0,maps0_365,LLX,-0.1499837717046922
maps0,maps0_365,LLY,0.7672705216952369
maps0,maps0_366,TDX,0.48740713366864713
maps0,maps0_366,TDY,0.9517047723442589
maps0,maps0_366,TBX,0.7326759919532534
maps0,maps0_366,TBY,0.9531115291506062
maps0,maps0_366,TTX,0.24331340348065386
maps0,maps0_366,TTY,0.7722925745729572
maps0,maps0_366,LIX,0.5715282141048831
maps0,maps0_366,LIY,0.7594945198015804
maps0,maps0_366,ULX,0.8457130258744466
maps0,maps0_366,ULY,0.41268722008717035
maps0,maps0_366,LLX,-0.21328949353653112
maps0,maps0_366,LLY,0.8013511063958135
maps0,maps0_367,TDX,0.7337085829016073
maps0,maps0_367,TDY,0.9160200858492333
maps0,maps0_367,TBX,0.6615551919244689
maps0,maps0_367,TBY,0.8683525291473264
maps0,maps0_367,TTX,0.34227389530298
maps0,maps0_367,TTY,0.7351098365211908
maps0,maps0_367,LIX,0.4495168649193364
maps0,maps0_367,LIY,0.6348411471860492
maps0,maps0_367,ULX,0.7145792719825009
maps0,maps0_367,ULY,0.18803777150893144
maps0,maps0_367,LLX,-0.6628621777001922
maps0,maps0_367,LLY,0.7887199738176714
maps0,maps0_368,TDX,0.5318660269288844
maps0,maps0_368,TDY,0.9507747634245669
maps0,maps0_368,TBX,0.6777042305550207
maps0,maps0_368,TBY,0.8832403891370036
maps0,maps0_368,TTX,0.42869259807946375
maps0,maps0_368,TTY,0.8786941309809888
maps0,maps0_368,LIX,0.6270668467214877
maps0,maps0_368,LIY,0.8221582732006303
maps0,maps0_368,ULX,0.6198742141252314
maps0,maps0_368,ULY,0.38950089492286605
maps0,maps0_368,LLX,0.14278093641446563
maps0,maps0_368,LLY,0.9200239808786513
maps0,maps0_369,TDX,0.7261682735287257
maps0,maps0_369,TDY,0.9268367381419124
maps0,maps0_369,TBX,0.7747214263399036
maps0,maps0_369,TBY,0.8959215299846979
maps0,maps0_369,TTX,0.6446214786586328
maps0,maps0_369,TTY,0.7243689487853032
maps0,maps0_369,LIX,0.6253680855819577
maps0,maps0_369,LIY,0.8100381584133445
maps0,maps0_369,ULX,0.7607399185710008
maps0,maps0_369,ULY,0.5271474143668526
maps0,maps0_369,LLX,0.056900885117756435
maps0,maps0_369,LLY,0.8344455934813612
maps0,maps0_370,TDX,0.745797434685413
maps0,maps0_370,TDY,0.9376497981148149
maps0,maps0_370,TBX,0.8113510145906151
maps0,maps0_370,TBY,0.8165333618807682
maps0,maps0_370,TTX,0.5822557871548593
maps0,maps0_370,TTY,0.8866948691759234
maps0,maps0_370,LIX,0.49131917132403635
maps0,maps0_370,LIY,0.8922622645485005
maps0,maps0_370,ULX,0.7040900790102685
maps0,maps0_370,ULY,0.35103278279462774
maps0,maps0_370,LLX,-0.0731423119931626
maps0,maps0_370,LLY,0.8960438448312548
maps0,maps0_371,TDX,0.6136060068435781
maps0,maps0_371,TDY,0.9022726762357863
maps0,maps0_371,TBX,0.6112306367400798
maps0,maps0_371,TBY,0.9264835518269431
maps0,maps0_371,TTX,0.45250505771484484
maps0,maps0_371,TTY,0.8293182752902861
maps0,maps0_371,LIX,0.6316503890279498
maps0,maps0_371,LIY,0.8527496864159608
maps0,maps0_371,ULX,0.6216498401502436
maps0,maps0_371,ULY,0.48811098691770544
maps0,maps0_371,LLX,0.13964904837952197
maps0,maps0_371,LLY,0.8916827777278333
maps0,maps0_372,TDX,0.7640777584304277
maps0,maps0_372,TDY,0.9148386680233919
maps0,maps0_372,TBX,0.8647535972833115
maps0,maps0_372,TBY,0.7866753139309097
maps0,maps0_372,TTX,0.8293267497904131
maps0,maps0_372,TTY,0.6813443885840984
maps0,maps0_372,LIX,0.6821496252986933
maps0,maps0_372,LIY,0.7671860330325433
maps0,maps0_372,ULX,0.7553513019101222
maps0,maps0_372,ULY,0.4477400136140954
maps0,maps0_372,LLX,-0.1459261261185512
maps0,maps0_372,LLY,0.6931631878455881
maps0,maps0_373,TDX,0.6993564417960433
maps0,maps0_373,TDY,0.9233168428659275
maps0,maps0_373,TBX,0.6966287192517143
maps0,maps0_373,TBY,0.8703614151927467
maps0,maps0_373,TTX,0.5070859401646431
maps0,maps0_373,TTY,0.612885576373482
maps0,maps0_373,LIX,0.5572704640870086
maps0,maps0_373,LIY,0.8068286593352115
maps0,maps0_373,ULX,0.7877861692890273
maps0,maps0_373,ULY,0.3266764316037397
maps0,maps0_373,LLX,0.09065899616349052
maps0,maps0_373,LLY,0.8245804264878694
maps0,maps0_374,TDX,0.8787596331854571
maps0,maps0_374,TDY,0.8885882435810858
maps0,maps0_374,TBX,0.7564402864877728
maps0,maps0_374,TBY,0.9500775069327868
maps0,maps0_374,TTX,0.6816352234192603
maps0,maps0_374,TTY,0.8630755581926067
maps0,maps0_374,LIX,0.4460264059013952
maps0,maps0_374,LIY,0.7590975747256308
maps0,maps0_374,ULX,0.7524890351174645
maps0,maps0_374,ULY,0.5026684717598161
maps0,maps0_374,LLX,-0.22681052962810536
maps0,maps0_374,LLY,0.8280102672688179
maps0,maps0_375,TDX,0.8356469755937247
maps0,maps0_375,TDY,0.9130905172785482
maps0,maps0_375,TBX,0.8653286637401977
maps0,maps0_375,TBY,0.8190003546295801
maps0,maps0_375,TTX,0.7777004645586155
maps0,maps0_375,TTY,0.554808798340853
maps0,maps0_375,LIX,0.6264330916058202
maps0,maps0_375,LIY,0.749366628433602
maps0,maps0_375,ULX,0.7680329641047711
maps0,maps0_375,ULY,0.17124200764733236
maps0,maps0_375,LLX,-0.1995115257932347
maps0,maps0_375,LLY,0.8420495375553685
maps0,maps0_376,TDX,0.8035339689259201
maps0,maps0_376,TDY,0.8403116707853415
maps0,maps0_376,TBX,0.6860409909167446
maps0,maps0_376,TBY,0.8639031903727609
maps0,maps0_376,TTX,0.5901425692415104
maps0,maps0_376,TTY,0.7340397427121437
maps0,maps0_376,LIX,0.6359498410052589
maps0,maps0_376,LIY,0.8891667643420478
maps0,maps0_376,ULX,0.80193903401954
maps0,maps0_376,ULY,0.6682820178372569
maps0,maps0_376,LLX,0.222262319261476
maps0,maps0_376,LLY,0.8018419679365915
maps0,maps0_377,TDX,0.7592957513801445
maps0,maps0_377,TDY,0.8770097978194062
maps0,maps0_377,TBX,0.8026486402599392
maps0,maps0_377,TBY,0.8170090296465871
maps0,maps0_377,TTX,0.7029215863114916
maps0,maps0_377,TTY,0.6971310021119039
maps0,maps0_377,LIX,0.6200770468227386
maps0,maps0_377,LIY,0.695739021841553
maps0,maps0_377,ULX,0.701705572782716
maps0,maps0_377,ULY,0.7388974903099279
maps0,maps0_377,LLX,-0.21831398074105757
maps0,maps0_377,LLY,0.698113996073345
maps0,maps0_378,TDX,0.7339247877305162
maps0,maps0_378,TDY,0.928857463213843
maps0,maps0_378,TBX,0.7040432863474374
maps0,maps0_378,TBY,0.8317221848341875
maps0,maps0_378,TTX,0.622514204174637
maps0,maps0_378,TTY,0.6378799688747624
maps0,maps0_378,LIX,0.6332731061505501
maps0,maps0_378,LIY,0.7614395212398899
maps0,maps0_378,ULX,0.6655971237053196
maps0,maps0_378,ULY,0.72139338988212
maps0,maps0_378,LLX,0.17068804028221182
maps0,maps0_378,LLY,0.7332405098433704
maps0,maps0_379,TDX,0.7715401966267929
maps0,maps0_379,TDY,0.8563283640414139
maps0,maps0_379,TBX,0.7097233566865828
maps0,maps0_379,TBY,0.8993493054701024
maps0,maps0_379,TTX,0.620710879972873
maps0,maps0_379,TTY,0.8749925673874324
maps0,maps0_379,LIX,0.29772906844091207
maps0,maps0_379,LIY,0.7582661076252956
maps0,maps0_379,ULX,0.6194152355535771
maps0,maps0_379,ULY,0.5150091369068922
maps0,maps0_379,LLX,-0.09845349801778434
maps0,maps0_379,LLY,0.6222597725665294
maps0,maps0_380,TDX,0.5995500732582599
maps0,maps0_380,TDY,0.7909226408735761
maps0,maps0_380,TBX,0.5488557174101132
maps0,maps0_380,TBY,0.7893262858397296
maps0,maps0_380,TTX,0.5336573570789175
maps0,maps0_380,TTY,0.7563826336899325
maps0,maps0_380,LIX,0.35467109276934017
maps0,maps0_380,LIY,0.5946939697065506
maps0,maps0_380,ULX,0.8589943258776351
maps0,maps0_380,ULY,0.13486646081146003
maps0,maps0_380,LLX,-0.39691318206024506
maps0,maps0_380,LLY,0.7055652140610046
maps0,maps0_381,TDX,0.7448841382725977
maps0,maps0_381,TDY,0.8810260986909321
maps0,maps0_381,TBX,0.778407298756017
maps0,maps0_381,TBY,0.816616176783448
maps0,maps0_381,TTX,0.812388168321249
maps0,maps0_381,TTY,0.7502793939655904
maps0,maps0_381,LIX,0.6179284410552468
maps0,maps0_381,LIY,0.71643114327059
maps0,maps0_381,ULX,0.543559023824329
maps0,maps0_381,ULY,0.7011088290158637
maps0,maps0_381,LLX,0.045157535789843314
maps0,maps0_381,LLY,0.8272768831119552
maps0,maps0_382,TDX,0.5776908360436789
maps0,maps0_382,TDY,0.9641811772900251
maps0,maps0_382,TBX,0.6149611548520916
maps0,maps0_382,TBY,0.9023603705939411
maps0,maps0_382,TTX,0.2934789492831422
maps0,maps0_382,TTY,0.8113722999769173
maps0,maps0_382,LIX,0.49601749930007827
maps0,maps0_382,LIY,0.6209547409837683
maps0,maps0_382,ULX,0.7061567580857306
maps0,maps0_382,ULY,0.5474221009886631
maps0,maps0_382,LLX,0.10488223704418781
maps0,maps0_382,LLY,0.8598806703502356
maps0,maps0_383,TDX,0.5486380444673468
maps0,maps0_383,TDY,0.816680998944084
maps0,maps0_383,TBX,0.6231096688353791
maps0,maps0_383,TBY,0.8751431140188957
maps0,maps0_383,TTX,0.30189080852283523
maps0,maps0_383,TTY,0.8204698458486428
maps0,maps0_383,LIX,0.3994686494454043
maps0,maps0_383,LIY,0.8564125134029871
maps0,maps0_383,ULX,0.9083549878874612
maps0,maps0_383,ULY,0.3429913807377124
maps0,maps0_383,LLX,-0.17216408554827042
maps0,maps0_383,LLY,0.7955117771702255
maps0,maps0_384,TDX,0.6051068096283265
maps0,maps0_384,TDY,0.8283185738421118
maps0,maps0_384,TBX,0.5714273772078056
maps0,maps0_384,TBY,0.8823906952450916
maps0,maps0_384,TTX,0.46355121276405664
maps0,maps0_384,TTY,0.760688761333868
maps0,maps0_384,LIX,0.6824991615314062
maps0,maps0_384,LIY,0.7044375334610303
maps0,maps0_384,ULX,0.600208581307221
maps0,maps0_384,ULY,0.5776453146906377
maps0,maps0_384,LLX,-0.43172885686975554
maps0,maps0_384,LLY,0.7642844478048194
maps0,maps0_385,TDX,0.43565991126087905
maps0,maps0_385,TDY,0.8981451876143469
maps0,maps0_385,TBX,0.5353654251370266
maps0,maps0_385,TBY,0.9159853759835866
maps0,maps0_385,TTX,0.517919659787145
maps0,maps0_385,TTY,0.7094202793868633
maps0,maps0_385,LIX,0.6626017272650943
maps0,maps0_385,LIY,0.8782540347435236
maps0,maps0_385,ULX,0.7842179502372977
maps0,maps0_385,ULY,0.6253900000968852
maps0,maps0_385,LLX,-0.05763347731038766
maps0,maps0_385,LLY,0.901802151498471
maps0,maps0_386,TDX,0.6650376103835061
maps0,maps0_386,TDY,0.8135968421271452
maps0,maps0_386,TBX,0.5869073579207829
maps0,maps0_386,TBY,0.9363675607560739
maps0,maps0_386,TTX,0.4320096302690085
maps0,maps0_386,TTY,0.9020066099576809
maps0,maps0_386,LIX,0.5130888511491493
maps0,maps0_386,LIY,0.739837110621307
maps0,maps0_386,ULX,0.6221038865791848
maps0,maps0_386,ULY,0.5774806712239121
maps0,maps0_386,LLX,-0.4625561638619718
maps0,maps0_386,LLY,0.8143386455678807
maps0,maps0_387,TDX,0.507343328752478
maps0,maps0_387,TDY,0.8889393454450923
maps0,maps0_387,TBX,0.23747134250026672
maps0,maps0_387,TBY,0.9211769357996473
maps0,maps0_387,TTX,0.07690901885901515
maps0,maps0_387,TTY,0.8946954667764564
maps0,maps0_387,LIX,0.6292671960675753
maps0,maps0_387,LIY,0.7670767610010341
maps0,maps0_387,ULX,0.9049486508917404
maps0,maps0_387,ULY,0.6950111196218522
maps0,maps0_387,LLX,-0.34837917506928373
maps0,maps0_387,LLY,0.7933480467246029
maps0,maps0_388,TDX,0.77223955556098
maps0,maps0_388,TDY,0.8670561728948553
maps0,maps0_388,TBX,0.7884774230431856
maps0,maps0_388,TBY,0.8916542062515455
maps0,maps0_388,TTX,0.7222559389675834
maps0,maps0_388,TTY,0.7735749124512147
maps0,maps0_388,LIX,0.7109414889779977
maps0,maps0_388,LIY,0.9229642034649554
maps0,maps0_388,ULX,0.8572696892381105
maps0,maps0_388,ULY,0.4777654028435382
maps0,maps0_388,LLX,0.07536348641030349
maps0,maps0_388,LLY,0.8880474831287
maps0,maps0_389,TDX,0.864240360326979
maps0,maps0_389,TDY,0.9262412754723803
maps0,maps0_389,TBX,0.8974433417614417
maps0,maps0_389,TBY,0.9144516207048756
maps0,maps0_389,TTX,0.8110436559659044
maps0,maps0_389,TTY,0.8782884102878569
maps0,maps0_389,LIX,0.5769207671248259
maps0,maps0_389,LIY,0.7408228559133045
maps0,maps0_389,ULX,0.631776753289143
maps0,maps0_389,ULY,0.4472393587134016
maps0,maps0_389,LLX,-0.6469180402041198
maps0,maps0_389,LLY,0.7012719206443828
maps0,maps0_390,TDX,0.5483375959487756
maps0,maps0_390,TDY,0.8300050028855745
maps0,maps0_390,TBX,0.4655265194546824
maps0,maps0_390,TBY,0.9330678919333844
maps0,maps0_390,TTX,0.07907882609112488
maps0,maps0_390,TTY,0.731912056112439
maps0,maps0_390,LIX,0.2469512256684075
maps0,maps0_390,LIY,0.7167133512096775
maps0,maps0_390,ULX,0.8491197833608879
maps0,maps0_390,ULY,0.028279531428090643
maps0,maps0_390,LLX,-0.5525491735660745
maps0,maps0_390,LLY,0.8115092501731647
maps0,maps0_391,TDX,0.8492043422114194
maps0,maps0_391,TDY,0.7466148930224362
maps0,maps0_391,TBX,0.8280101869975101
maps0,maps0_391,TBY,0.7884776581116955
maps0,maps0_391,TTX,0.6914304001811524
maps0,maps0_391,TTY,0.638879466733682
maps0,maps0_391,LIX,0.728391107072539
maps0,maps0_391,LIY,0.7907222545921535
maps0,maps0_391,ULX,0.6388914751704691
maps0,maps0_391,ULY,0.5641142262866766
maps0,maps0_391,LLX,-0.05725294395983098
maps0,maps0_391,LLY,0.8648866187590303
maps0,maps0_392,TDX,0.7735681034287645
maps0,maps0_392,TDY,0.7811545641582908
maps0,maps0_392,TBX,0.6660506257784303
maps0,maps0_392,TBY,0.8412934243450657
maps0,maps0_392,TTX,0.28777868284361546
maps0,maps0_392,TTY,0.6263230944669325
maps0,maps0_392,LIX,0.8018798923664093
maps0,maps0_392,LIY,0.594833051649065
maps0,maps0_392,ULX,0.46307643194756365
maps0,maps0_392,ULY,0.6146591653773669
maps0,maps0_392,LLX,-0.225007975219499
maps0,maps0_392,LLY,0.7000232705411085
maps0,maps0_393,TDX,0.6806331153298545
maps0,maps0_393,TDY,0.9036879473535314
maps0,maps0_393,TBX,0.7426062669234675
maps0,maps0_393,TBY,0.939273839394975
maps0,maps0_393,TTX,0.5064894434098259
maps0,maps0_393,TTY,0.5204733295116687
maps0,maps0_393,LIX,0.1892552102619885
maps0,maps0_393,LIY,0.8073665907006046
maps0,maps0_393,ULX,0.8479979246206264
maps0,maps0_393,ULY,0.441180892609471
maps0,maps0_393,LLX,-0.5764690281884534
maps0,maps0_393,LLY,0.6343697568924047
maps0,maps0_395,TDX,0.8510683135618996
maps0,maps0_395,TDY,0.9318426802840155
maps0,maps0_395,TBX,0.8299947840862311
maps0,maps0_395,TBY,0.8130019275593543
maps0,maps0_395,TTX,0.8027972845581681
maps0,maps0_395,TTY,0.7966122159074966
maps0,maps0_395,LIX,0.8370451033229696
maps0,maps0_395,LIY,0.7323271912016923
maps0,maps0_395,ULX,0.7440347085230276
maps0,maps0_395,ULY,0.7974994412713488
maps0,maps0_395,LLX,-0.2657371526429552
maps0,maps0_395,LLY,0.745040423381309
maps0,maps0_396,TDX,0.5254936182650126
maps0,maps0_396,TDY,0.9282812521668294
maps0,maps0_396,TBX,0.751239748931558
maps0,maps0_396,TBY,0.9084222760017973
maps0,maps0_396,TTX,0.6250317679965003
maps0,maps0_396,TTY,0.8464637145875182
maps0,maps0_396,LIX,0.741236526967152
maps0,maps0_396,LIY,0.7904157658952503
maps0,maps0_396,ULX,0.7055425945596236
maps0,maps0_396,ULY,0.6444265561485664
maps0,maps0_396,LLX,-0.009481535707099883
maps0,maps0_396,LLY,0.8689281417479532
maps0,maps0_397,TDX,0.6204429947580078
maps0,maps0_397,TDY,0.9167389615789379
maps0,maps0_397,TBX,0.6040858435044659
maps0,maps0_397,TBY,0.9222801980609608
maps0,maps0_397,TTX,0.5900440792088234
maps0,maps0_397,TTY,0.6570381050654466
maps0,maps0_397,LIX,0.41584178951608436
maps0,maps0_397,LIY,0.6490015778561304
maps0,maps0_397,ULX,0.7808108284270204
maps0,maps0_397,ULY,0.5163603941564388
maps0,maps0_397,LLX,-0.359569510736281
maps0,maps0_397,LLY,0.8351625902389076
maps0,maps0_398,TDX,0.7130912369291933
maps0,maps0_398,TDY,0.8418156044061832
maps0,maps0_398,TBX,0.7295319660116231
maps0,maps0_398,TBY,0.8401624563278949
maps0,maps0_398,TTX,0.5868640143291309
maps0,maps0_398,TTY,0.785288145654795
maps0,maps0_398,LIX,0.9032071223153503
maps0,maps0_398,LIY,0.6812984064350688
maps0,maps0_398,ULX,0.7913569616395294
maps0,maps0_398,ULY,0.530245022685262
maps0,maps0_398,LLX,0.5736704615057642
maps0,maps0_398,LLY,0.8447204121657499
maps0,maps0_399,TDX,0.47347754163276723
maps0,maps0_399,TDY,0.822017749762271
maps0,maps0_399,TBX,0.26278482835078093
maps0,maps0_399,TBY,0.7589664342692597
maps0,maps0_399,TTX,0.5758918854578801
maps0,maps0_399,TTY,0.7187429780875901
maps0,maps0_399,LIX,0.5670424357804278
maps0,maps0_399,LIY,0.8257043577435821
maps0,maps0_399,ULX,0.46188173465846094
maps0,maps0_399,ULY,0.5087660883668588
maps0,maps0_399,LLX,-0.23154584315917728
maps0,maps0_399,LLY,0.8378678489493039
maps0,maps0_400,TDX,0.7796129249089658
maps0,maps0_400,TDY,0.8400436740772169
maps0,maps0_400,TBX,0.809488504036434
maps0,maps0_400,TBY,0.8826575622479974
maps0,maps0_400,TTX,0.7691817661646315
maps0,maps0_400,TTY,0.7611932874589356
maps0,maps0_400,LIX,0.5738029100567823
maps0,maps0_400,LIY,0.8661893313167067
maps0,maps0_400,ULX,0.8056616940313155
maps0,maps0_400,ULY,0.4345419623687455
maps0,maps0_400,LLX,0.07449159487091897
maps0,maps0_400,LLY,0.7566179719891584
maps0,maps0_401,TDX,0.8153124540450535
maps0,maps0_401,TDY,0.912564494317645
maps0,maps0_401,TBX,0.8749399358322837
maps0,maps0_401,TBY,0.8613394221338756
maps0,maps0_401,TTX,0.8351611258250008
maps0,maps0_401,TTY,0.8356667128379229
maps0,maps0_401,LIX,0.8201823946863558
maps0,maps0_401,LIY,0.6976170610800304
maps0,maps0_401,ULX,0.7419053530728099
maps0,maps0_401,ULY,0.6419410908337935
maps0,maps0_401,LLX,-0.04511567949942155
maps0,maps0_401,LLY,0.7153686189542884
maps0,maps0_402,TDX,0.8136761583295623
maps0,maps0_402,TDY,0.8668748352824299
maps0,maps0_402,TBX,0.857241681158864
maps0,maps0_402,TBY,0.582666059543543
maps0,maps0_402,TTX,0.7466532312344447
maps0,maps0_402,TTY,0.8125474334883602
maps0,maps0_402,LIX,0.628810249732813
maps0,maps0_402,LIY,0.19087612387859443
maps0,maps0_402,ULX,0.7966782844293134
maps0,maps0_402,ULY,-0.2819594736576038
maps0,maps0_402,LLX,-0.6688635770201548
maps0,maps0_402,LLY,0.7980593057488877
maps0,maps0_403,TDX,0.8192674965949057
maps0,maps0_403,TDY,0.8623691756840014
maps0,maps0_403,TBX,0.7339839828725819
maps0,maps0_403,TBY,0.788941207627958
maps0,maps0_403,TTX,0.657645083021786
maps0,maps0_403,TTY,0.540613780066003
maps0,maps0_403,LIX,0.5182990621362596
maps0,maps0_403,LIY,0.8290906265714778
maps0,maps0_403,ULX,0.853321630897147
maps0,maps0_403,ULY,0.07326950606560749
maps0,maps0_403,LLX,-0.25563722911300957
maps0,maps0_403,LLY,0.8503024967256472
maps0,maps0_404,TDX,0.620733264954735
maps0,maps0_404,TDY,0.9354356186141997
maps0,maps0_404,TBX,0.3100817221659727
maps0,maps0_404,TBY,0.7943272414757856
maps0,maps0_404,TTX,0.18335286765438744
maps0,maps0_404,TTY,0.46251890091132497
maps0,maps0_404,LIX,0.4061768889302275
maps0,maps0_404,LIY,0.6073162763167992
maps0,maps0_404,ULX,0.6900023313733449
maps0,maps0_404,ULY,0.7091585023034598
maps0,maps0_404,LLX,-0.16471263141637305
maps0,maps0_404,LLY,0.805016985041677
maps0,maps0_405,TDX,0.7266382490240306
maps0,maps0_405,TDY,0.8586093919588554
maps0,maps0_405,TBX,0.7392732665462125
maps0,maps0_405,TBY,0.8795352736692341
maps0,maps0_405,TTX,0.7895516097578907
maps0,maps0_405,TTY,0.7805747847021962
maps0,maps0_405,LIX,0.734168321181517
maps0,maps0_405,LIY,0.7628558618854601
maps0,maps0_405,ULX,0.9054742854563043
maps0,maps0_405,ULY,0.3496310830708607
maps0,maps0_405,LLX,-0.28742987848544527
maps0,maps0_405,LLY,0.7375173875310146
maps0,maps0_406,TDX,0.8740913745079939
maps0,maps0_406,TDY,0.8443543607480133
maps0,maps0_406,TBX,0.846704788860525
maps0,maps0_406,TBY,0.7963638209327721
maps0,maps0_406,TTX,0.7991326631093125
maps0,maps0_406,TTY,0.6726638278890557
maps0,maps0_406,LIX,0.5444415215747983
maps0,maps0_406,LIY,0.37251057953274674
maps0,maps0_406,ULX,0.812120046183199
maps0,maps0_406,ULY,-0.11831513891846403
maps0,maps0_406,LLX,-0.12549158579061853
maps0,maps0_406,LLY,0.7834281814259049
maps0,maps0_407,TDX,0.645271099953505
maps0,maps0_407,TDY,0.8587326596505258
maps0,maps0_407,TBX,0.7144641445518739
maps0,maps0_407,TBY,0.8709469335278177
maps0,maps0_407,TTX,0.24333235224073527
maps0,maps0_407,TTY,0.7684733611197923
maps0,maps0_407,LIX,0.7438393661441632
maps0,maps0_407,LIY,0.7649557206330752
maps0,maps0_407,ULX,0.8402437971581922
maps0,maps0_407,ULY,0.6568341876547185
maps0,maps0_407,LLX,-0.11315762034913747
maps0,maps0_407,LLY,0.780042670783821
maps0,maps0_408,TDX,0.624880260859434
maps0,maps0_408,TDY,0.9323410829803619
maps0,maps0_408,TBX,0.7052058376754542
maps0,maps0_408,TBY,0.87823561197402
maps0,maps0_408,TTX,0.7471973816386417
maps0,maps0_408,TTY,0.8063305674653329
maps0,maps0_408,LIX,0.690773982008999
maps0,maps0_408,LIY,0.8927973380344334
maps0,maps0_408,ULX,0.7308325353290099
maps0,maps0_408,ULY,0.434228718357577
maps0,maps0_408,LLX,0.36082295063990233
maps0,maps0_408,LLY,0.8347533456430546
maps0,maps0_409,TDX,0.7150523420131664
maps0,maps0_409,TDY,0.9275785557107327
maps0,maps0_409,TBX,0.636840797225731
maps0,maps0_409,TBY,0.9168216589690714
maps0,maps0_409,TTX,0.6301963950914836
maps0,maps0_409,TTY,0.9175529659400853
maps0,maps0_409,LIX,0.6577494553722008
maps0,maps0_409,LIY,0.8298567856409917
maps0,maps0_409,ULX,0.7021589493427134
maps0,maps0_409,ULY,0.30078708133926446
maps0,maps0_409,LLX,-0.03704674465738444
maps0,maps0_409,LLY,0.8948983047196962
maps0,maps0_410,TDX,0.816349263447721
maps0,maps0_410,TDY,0.9020123105741725
maps0,maps0_410,TBX,0.7699719631912524
maps0,maps0_410,TBY,0.8495026023366368
maps0,maps0_410,TTX,0.6900793084316666
maps0,maps0_410,TTY,0.8775274187546995
maps0,maps0_410,LIX,0.7269037378453012
maps0,maps0_410,LIY,0.8331656679379288
maps0,maps0_410,ULX,0.8630385229023203
maps0,maps0_410,ULY,0.5634228012964649
maps0,maps0_410,LLX,0.3300500213568494
maps0,maps0_410,LLY,0.7081089948678146
maps0,maps0_411,TDX,0.7581305209715188
maps0,maps0_411,TDY,0.9385008702784515
maps0,maps0_411,TBX,0.7282350399536569
maps0,maps0_411,TBY,0.9425142721183634
maps0,maps0_411,TTX,0.4927408782721261
maps0,maps0_411,TTY,0.8762313196367586
maps0,maps0_411,LIX,0.7690541488613722
maps0,maps0_411,LIY,0.7648762266398139
maps0,maps0_411,ULX,0.6776300677652505
maps0,maps0_411,ULY,0.5050402818370181
maps0,maps0_411,LLX,0.19956234786139831
maps0,maps0_411,LLY,0.8745938215827831
maps0,maps0_412,TDX,0.686377469595351
maps0,maps0_412,TDY,0.9175818911003282
maps0,maps0_412,TBX,0.4398097129723967
maps0,maps0_412,TBY,0.8834555467453733
maps0,maps0_412,TTX,0.14884413219052609
maps0,maps0_412,TTY,0.6954347060766398
maps0,maps0_412,LIX,0.5258319801155807
maps0,maps0_412,LIY,0.7058089094121506
maps0,maps0_412,ULX,0.7092091178346286
maps0,maps0_412,ULY,0.4371505153746877
maps0,maps0_412,LLX,-0.051604074386455256
maps0,maps0_412,LLY,0.8682807131396338
maps0,maps0_413,TDX,0.46474877703175965
maps0,maps0_413,TDY,0.9252353805254966
maps0,maps0_413,TBX,0.4814714159717293
maps0,maps0_413,TBY,0.8673060493687417
maps0,maps0_413,TTX,0.059491175031663776
maps0,maps0_413,TTY,0.8322404642942451
maps0,maps0_413,LIX,0.7175657768608786
maps0,maps0_413,LIY,0.8705554801751052
maps0,maps0_413,ULX,0.8196265532552455
maps0,maps0_413,ULY,0.48789645436353973
maps0,maps0_413,LLX,0.356234101582479
maps0,maps0_413,LLY,0.9079631730505505
maps0,maps0_414,TDX,0.762761715731129
maps0,maps0_414,TDY,0.9292339399861816
maps0,maps0_414,TBX,0.7327697302146119
maps0,maps0_414,TBY,0.8824360514329819
maps0,maps0_414,TTX,0.38557948237716255
maps0,maps0_414,TTY,0.7292433906336698
maps0,maps0_414,LIX,0.4933701358565967
maps0,maps0_414,LIY,0.8973315228781277
maps0,maps0_414,ULX,0.6612887076657662
maps0,maps0_414,ULY,0.4589947438670395
maps0,maps0_414,LLX,-0.524614980670511
maps0,maps0_414,LLY,0.694611251445213
maps0,maps0_415,TDX,0.8911610143173889
maps0,maps0_415,TDY,0.8875919913802842
maps0,maps0_415,TBX,0.7726194365582914
maps0,maps0_415,TBY,0.9173608093997948
maps0,maps0_415,TTX,0.5020794794899984
maps0,maps0_415,TTY,0.787812275158747
maps0,maps0_415,LIX,0.7764486726916986
maps0,maps0_415,LIY,0.7009218056677432
maps0,maps0_415,ULX,0.7796279798499417
maps0,maps0_415,ULY,0.7482365615092413
maps0,maps0_415,LLX,0.03957428911805803
maps0,maps0_415,LLY,0.8828322585971475
maps0,maps0_416,TDX,0.6940515697014166
maps0,maps0_416,TDY,0.9088064537326265
maps0,maps0_416,TBX,0.7948235713653954
maps0,maps0_416,TBY,0.8801417849643083
maps0,maps0_416,TTX,0.7546036745616179
maps0,maps0_416,TTY,0.6497933668035432
maps0,maps0_416,LIX,0.5893185056274449
maps0,maps0_416,LIY,0.6402911772314347
maps0,maps0_416,ULX,0.7490734758857172
maps0,maps0_416,ULY,0.5457030482881802
maps0,maps0_416,LLX,-0.38821352718068625
maps0,maps0_416,LLY,0.7210883766181366
maps0,maps0_417,TDX,0.8620115019525205
maps0,maps0_417,TDY,0.8835296547763043
maps0,maps0_417,TBX,0.7924291630618665
maps0,maps0_417,TBY,0.843348480768823
maps0,maps0_417,TTX,0.5351897917081986
maps0,maps0_417,TTY,0.8518751452555775
maps0,maps0_417,LIX,0.5763042182826024
maps0,maps0_417,LIY,0.7694676912221965
maps0,maps0_417,ULX,0.8987087422044169
maps0,maps0_417,ULY,0.34239849221491114
maps0,maps0_417,LLX,-0.11951940416715921
maps0,maps0_417,LLY,0.8056342853704656
maps0,maps0_418,TDX,0.6846264797859087
maps0,maps0_418,TDY,0.8882932955021156
maps0,maps0_418,TBX,0.6983550762007346
maps0,maps0_418,TBY,0.7809337273157377
maps0,maps0_418,TTX,0.6600965337677728
maps0,maps0_418,TTY,0.8472889712129404
maps0,maps0_418,LIX,0.517755888933407
maps0,maps0_418,LIY,0.6641820455667745
maps0,maps0_418,ULX,0.573098137235709
maps0,maps0_418,ULY,0.6495978659690078
maps0,maps0_418,LLX,-0.05371500629261057
maps0,maps0_418,LLY,0.8408970224740702
maps0,maps0_419,TDX,0.6494686326947718
maps0,maps0_419,TDY,0.9306663130118863
maps0,maps0_419,TBX,0.7029004003986115
maps0,maps0_419,TBY,0.7774658259619627
maps0,maps0_419,TTX,0.5838802895845429
maps0,maps0_419,TTY,0.7238886728895005
maps0,maps0_419,LIX,0.6711957782563187
maps0,maps0_419,LIY,0.7852566321048416
maps0,maps0_419,ULX,0.703519214577188
maps0,maps0_419,ULY,0.08402967251137196
maps0,maps0_419,LLX,-0.10478753515816452
maps0,maps0_419,LLY,0.8667670577337143
maps0,maps0_420,TDX,0.5840036392839665
maps0,maps0_420,TDY,0.9239785707002792
maps0,maps0_420,TBX,0.5526117934035404
maps0,maps0_420,TBY,0.896181658732231
maps0,maps0_420,TTX,0.11377398445301543
maps0,maps0_420,TTY,0.8698319641610348
maps0,maps0_420,LIX,0.6127698391263591
maps0,maps0_420,LIY,0.7779348199944921
maps0,maps0_420,ULX,0.8523663395874854
maps0,maps0_420,ULY,0.47800689741310165
maps0,maps0_420,LLX,-0.08682029090163661
maps0,maps0_420,LLY,0.8443621190683978
maps0,maps0_421,TDX,0.7512572195350635
maps0,maps0_421,TDY,0.9394207663652796
maps0,maps0_421,TBX,0.8591514290939565
maps0,maps0_421,TBY,0.8190565647416824
maps0,maps0_421,TTX,0.9016757793329876
maps0,maps0_421,TTY,0.8184728643119671
maps0,maps0_421,LIX,0.8184058979908441
maps0,maps0_421,LIY,0.8235940804410965
maps0,maps0_421,ULX,0.4435487440159478
maps0,maps0_421,ULY,0.5805305717082345
maps0,maps0_421,LLX,-0.03218463373231444
maps0,maps0_421,LLY,0.7310279991900884
maps0,maps0_422,TDX,0.6906424207904225
maps0,maps0_422,TDY,0.9270705186574877
maps0,maps0_422,TBX,0.8118777659742016
maps0,maps0_422,TBY,0.8830639918424831
maps0,maps0_422,TTX,0.5920241023108442
maps0,maps0_422,TTY,0.9239686727918556
maps0,maps0_422,LIX,0.6178040704994896
maps0,maps0_422,LIY,0.8721432834222032
maps0,maps0_422,ULX,0.45566078519310155
maps0,maps0_422,ULY,0.5800554190807533
maps0,maps0_422,LLX,-0.6122734161889736
maps0,maps0_422,LLY,0.8932612135227749
maps0,maps0_423,TDX,0.8264944302941373
maps0,maps0_423,TDY,0.8858449662811317
maps0,maps0_423,TBX,0.8395149667083998
maps0,maps0_423,TBY,0.8792267164457892
maps0,maps0_423,TTX,0.8296658355488568
maps0,maps0_423,TTY,0.8741980988462359
maps0,maps0_423,LIX,0.4274571232612314
maps0,maps0_423,LIY,0.8022531780152309
maps0,maps0_423,ULX,0.787343390936694
maps0,maps0_423,ULY,0.45728962841204085
maps0,maps0_423,LLX,-0.32783020078418246
maps0,maps0_423,LLY,0.8679927393553454
maps0,maps0_424,TDX,0.7807089450202402
maps0,maps0_424,TDY,0.8905569469914941
maps0,maps0_424,TBX,0.69338469336829
maps0,maps0_424,TBY,0.8923650267036268
maps0,maps0_424,TTX,0.5304135639306502
maps0,maps0_424,TTY,0.8227776299458758
maps0,maps0_424,LIX,0.7987791901460302
maps0,maps0_424,LIY,0.6832817601867595
maps0,maps0_424,ULX,0.8416297588239149
maps0,maps0_424,ULY,0.4844880763559894
maps0,maps0_424,LLX,-0.04178675378924825
maps0,maps0_424,LLY,0.7272921712326851
maps0,maps0_425,TDX,0.8884248830311962
maps0,maps0_425,TDY,0.9253901829739949
maps0,maps0_425,TBX,0.8796198662101083
maps0,maps0_425,TBY,0.8316487463288394
maps0,maps0_425,TTX,0.8572385163114637
maps0,maps0_425,TTY,0.81052180322044
maps0,maps0_425,LIX,0.7383672572992702
maps0,maps0_425,LIY,0.8336811287776481
maps0,maps0_425,ULX,0.495979358995137
maps0,maps0_425,ULY,0.7076460386446878
maps0,maps0_425,LLX,0.04221168470362291
maps0,maps0_425,LLY,0.7768969006780582
maps0,maps0_426,TDX,0.7908077151893669
maps0,maps0_426,TDY,0.8831130277107802
maps0,maps0_426,TBX,0.6932458773683752
maps0,maps0_426,TBY,0.9071591540861434
maps0,maps0_426,TTX,0.3292697846452545
maps0,maps0_426,TTY,0.8544393971747236
maps0,maps0_426,LIX,0.4285982618639913
maps0,maps0_426,LIY,0.8538126867139229
maps0,maps0_426,ULX,0.7506239763927285
maps0,maps0_426,ULY,0.7428194986343142
maps0,maps0_426,LLX,-0.28544382184869704
maps0,maps0_426,LLY,0.8734540349864245
maps0,maps0_427,TDX,0.8179070556431205
maps0,maps0_427,TDY,0.8590077009344004
maps0,maps0_427,TBX,0.7493835023428197
maps0,maps0_427,TBY,0.7962198976650261
maps0,maps0_427,TTX,0.6947726264275002
maps0,maps0_427,TTY,0.6321642883662687
maps0,maps0_427,LIX,0.42278487546520954
maps0,maps0_427,LIY,0.7048168491422665
maps0,maps0_427,ULX,0.8070080204754072
maps0,maps0_427,ULY,0.5083452713516178
maps0,maps0_427,LLX,-0.09361879101211018
maps0,maps0_427,LLY,0.7935230651908858
maps0,maps0_428,TDX,0.7996556297441948
maps0,maps0_428,TDY,0.8444934505374201
maps0,maps0_428,TBX,0.7730526255444761
maps0,maps0_428,TBY,0.8373761428730326
maps0,maps0_428,TTX,0.6231694119621515
maps0,maps0_428,TTY,0.600449690751336
maps0,maps0_428,LIX,0.5488565131828685
maps0,maps0_428,LIY,0.6086488348498079
maps0,maps0_428,ULX,0.779189903923687
maps0,maps0_428,ULY,0.6078885619054852
maps0,maps0_428,LLX,-0.18113814795125885
maps0,maps0_428,LLY,0.6607428610728042
maps0,maps0_429,TDX,0.8923286589705554
maps0,maps0_429,TDY,0.8852131261075503
maps0,maps0_429,TBX,0.8511889845854055
maps0,maps0_429,TBY,0.9585046230115162
maps0,maps0_429,TTX,0.6836804734067352
maps0,maps0_429,TTY,0.7855016649435544
maps0,maps0_429,LIX,0.466713405537407
maps0,maps0_429,LIY,0.6384780442900695
maps0,maps0_429,ULX,0.7044239731229127
maps0,maps0_429,ULY,0.4354674285212206
maps0,maps0_429,LLX,-0.418647804418263
maps0,maps0_429,LLY,0.7512267029096572
maps0,maps0_430,TDX,0.7706669729207611
maps0,maps0_430,TDY,0.9392666999658994
maps0,maps0_430,TBX,0.7723681427082087
maps0,maps0_430,TBY,0.8555775022080626
maps0,maps0_430,TTX,0.5548520950639787
maps0,maps0_430,TTY,0.7772296026176218
maps0,maps0_430,LIX,0.6392349275019379
maps0,maps0_430,LIY,0.6872466773255511
maps0,maps0_430,ULX,0.8291505212008103
maps0,maps0_430,ULY,0.5998683800279299
maps0,maps0_430,LLX,0.3826721342721009
maps0,maps0_430,LLY,0.8110564844159401
maps0,maps0_431,TDX,0.6398704551709185
maps0,maps0_431,TDY,0.8564904255114504
maps0,maps0_431,TBX,0.5713728779707197
maps0,maps0_431,TBY,0.8775251688297663
maps0,maps0_431,TTX,0.6107828720227436
maps0,maps0_431,TTY,0.6228106372801128
maps0,maps0_431,LIX,0.7257994775727057
maps0,maps0_431,LIY,0.7936391269776364
maps0,maps0_431,ULX,0.7393695323768616
maps0,maps0_431,ULY,0.2468959940251738
maps0,maps0_431,LLX,0.006551066750540358
maps0,maps0_431,LLY,0.890716407690449
maps0,maps0_432,TDX,0.7607511117576301
maps0,maps0_432,TDY,0.9163437634892889
maps0,maps0_432,TBX,0.5492041735752825
maps0,maps0_432,TBY,0.8957357761381122
maps0,maps0_432,TTX,0.28452166393400674
maps0,maps0_432,TTY,0.570196642794
maps0,maps0_432,LIX,0.7316369118676238
maps0,maps0_432,LIY,0.8104318614763252
maps0,maps0_432,ULX,0.8296868868725716
maps0,maps0_432,ULY,0.15156680998926159
maps0,maps0_432,LLX,0.612222372516059
maps0,maps0_432,LLY,0.7128256851360334
maps0,maps0_433,TDX,0.6066383902270892
maps0,maps0_433,TDY,0.938943267303473
maps0,maps0_433,TBX,0.6377480816250078
maps0,maps0_433,TBY,0.8853032967937203
maps0,maps0_433,TTX,0.4336698141461152
maps0,maps0_433,TTY,0.904707485950363
maps0,maps0_433,LIX,0.44001093821875487
maps0,maps0_433,LIY,0.7771735268181075
maps0,maps0_433,ULX,0.6915896603668996
maps0,maps0_433,ULY,0.31543403339350895
maps0,maps0_433,LLX,-0.11001612381041775
maps0,maps0_433,LLY,0.8049862823103623
maps0,maps0_434,TDX,0.6050378964564073
maps0,maps0_434,TDY,0.8960110436443921
maps0,maps0_434,TBX,0.6669713536623211
maps0,maps0_434,TBY,0.9142514028724037
maps0,maps0_434,TTX,0.5678199199929271
maps0,maps0_434,TTY,0.8682559970542635
maps0,maps0_434,LIX,0.6451555513484563
maps0,maps0_434,LIY,0.7880112177223733
maps0,maps0_434,ULX,0.7028522855240766
maps0,maps0_434,ULY,0.7536817982789125
maps0,maps0_434,LLX,0.21712624454273058
maps0,maps0_434,LLY,0.8684598097352874
maps0,maps0_435,TDX,0.49126122735785976
maps0,maps0_435,TDY,0.9333854775188015
maps0,maps0_435,TBX,0.5854672665102273
maps0,maps0_435,TBY,0.8135070874501013
maps0,maps0_435,TTX,0.6417093675222928
maps0,maps0_435,TTY,0.7511048447198497
maps0,maps0_435,LIX,0.7649663629031804
maps0,maps0_435,LIY,0.8022530350888359
maps0,maps0_435,ULX,0.6883089132296188
maps0,maps0_435,ULY,0.6114474603598158
maps0,maps0_435,LLX,0.12449162814365845
maps0,maps0_435,LLY,0.8146909096159651
maps0,maps0_436,TDX,0.5941107927852057
maps0,maps0_436,TDY,0.91225436007151
maps0,maps0_436,TBX,0.6807043557894656
maps0,maps0_436,TBY,0.882195194410885
maps0,maps0_436,TTX,0.37359038345630624
maps0,maps0_436,TTY,0.6883075805970035
maps0,maps0_436,LIX,0.5602825516202106
maps0,maps0_436,LIY,0.7767281084107327
maps0,maps0_436,ULX,0.6805490906863632
maps0,maps0_436,ULY,0.38571999036950744
maps0,maps0_436,LLX,0.31388206595096874
maps0,maps0_436,LLY,0.7471104095241752
maps0,maps0_437,TDX,0.7254643292352241
maps0,maps0_437,TDY,0.8348202141887604
maps0,maps0_437,TBX,0.8154021655014585
maps0,maps0_437,TBY,0.8801333220846526
maps0,maps0_437,TTX,0.6877295286062004
maps0,maps0_437,TTY,0.7520757381607855
maps0,maps0_437,LIX,0.6895827406672461
maps0,maps0_437,LIY,0.7904428645058292
maps0,maps0_437,ULX,0.7341461478482443
maps0,maps0_437,ULY,0.5610340652590258
maps0,maps0_437,LLX,0.3696853423572744
maps0,maps0_437,LLY,0.8104315926588711
maps0,maps0_438,TDX,0.34469700241322854
maps0,maps0_438,TDY,0.8830103135834049
maps0,maps0_438,TBX,0.37332255305119455
maps0,maps0_438,TBY,0.9212512455064925
maps0,maps0_438,TTX,0.4102262402625485
maps0,maps0_438,TTY,0.7081291645890203
maps0,maps0_438,LIX,0.6926744117245136
maps0,maps0_438,LIY,0.8238782670897294
maps0,maps0_438,ULX,0.4617783386200721
maps0,maps0_438,ULY,0.678458367363794
maps0,maps0_438,LLX,-0.17368038057118837
maps0,maps0_438,LLY,0.7069734666807133
maps0,maps0_439,TDX,0.7373640107585392
maps0,maps0_439,TDY,0.8686762546298216
maps0,maps0_439,TBX,0.7497984821453799
maps0,maps0_439,TBY,0.826900445338259
maps0,maps0_439,TTX,0.8604012085774505
maps0,maps0_439,TTY,0.739533296939616
maps0,maps0_439,LIX,0.6726775063283872
maps0,maps0_439,LIY,0.7610322582842336
maps0,maps0_439,ULX,0.5239890651799775
maps0,maps0_439,ULY,0.7233480370794696
maps0,maps0_439,LLX,-0.21466848875687833
maps0,maps0_439,LLY,0.7034753193357451
maps0,maps0_440,TDX,0.7694740072973398
maps0,maps0_440,TDY,0.9084227778838941
maps0,maps0_440,TBX,0.7418729997852428
maps0,maps0_440,TBY,0.8714882645918939
maps0,maps0_440,TTX,0.6056264933249041
maps0,maps0_440,TTY,0.7779375808916921
maps0,maps0_440,LIX,0.4421013675221849
maps0,maps0_440,LIY,0.7947822321894953
maps0,maps0_440,ULX,0.7869226321406618
maps0,maps0_440,ULY,0.501275652011755
maps0,maps0_440,LLX,-0.2358572779459049
maps0,maps0_440,LLY,0.741703076045794
maps0,maps0_441,TDX,0.6708259991748654
maps0,maps0_441,TDY,0.8917617068201085
maps0,maps0_441,TBX,0.7585879930279009
maps0,maps0_441,TBY,0.8857422631558651
maps0,maps0_441,TTX,0.4366873896999399
maps0,maps0_441,TTY,0.8410333722489717
maps0,maps0_441,LIX,0.7272009119769686
maps0,maps0_441,LIY,0.7769915467816639
maps0,maps0_441,ULX,0.7364391233588151
maps0,maps0_441,ULY,0.46582486402973294
maps0,maps0_441,LLX,-0.049830750901639825
maps0,maps0_441,LLY,0.8954766909734222
maps0,maps0_442,TDX,0.5995475520206139
maps0,maps0_442,TDY,0.8677658745601026
maps0,maps0_442,TBX,0.6934375339977261
maps0,maps0_442,TBY,0.9153505738884523
maps0,maps0_442,TTX,0.713680026918159
maps0,maps0_442,TTY,0.6932397753324797
maps0,maps0_442,LIX,0.7527480669905513
maps0,maps0_442,LIY,0.8818053716848189
maps0,maps0_442,ULX,0.7543229672475078
maps0,maps0_442,ULY,0.329754987250923
maps0,maps0_442,LLX,0.22793508230908655
maps0,maps0_442,LLY,0.8735289510248841
maps0,maps0_443,TDX,0.44591756768555857
maps0,maps0_443,TDY,0.9155070938974761
maps0,maps0_443,TBX,0.5215558218887613
maps0,maps0_443,TBY,0.9686958308683131
maps0,maps0_443,TTX,0.5511819958584527
maps0,maps0_443,TTY,0.49200776556594294
maps0,maps0_443,LIX,0.31819503788033526
maps0,maps0_443,LIY,0.7329407976165763
maps0,maps0_443,ULX,0.3634398817665204
maps0,maps0_443,ULY,0.8024405858604611
maps0,maps0_443,LLX,-0.40477488938493894
maps0,maps0_443,LLY,0.7392214186341458
maps0,maps0_444,TDX,0.7420421357079613
maps0,maps0_444,TDY,0.9135990709178575
maps0,maps0_444,TBX,0.8180849041602524
maps0,maps0_444,TBY,0.8618963575714997
maps0,maps0_444,TTX,0.7880323274813348
maps0,maps0_444,TTY,0.7027923111927191
maps0,maps0_444,LIX,0.7755115907287216
maps0,maps0_444,LIY,0.6202963924787477
maps0,maps0_444,ULX,0.7294482283670023
maps0,maps0_444,ULY,0.31453933531481115
maps0,maps0_444,LLX,0.11012104798808496
maps0,maps0_444,LLY,0.7205574552427418
maps0,maps0_445,TDX,0.7861212286091048
maps0,maps0_445,TDY,0.9074828104809627
maps0,maps0_445,TBX,0.8531490618451265
maps0,maps0_445,TBY,0.7792739651583476
maps0,maps0_445,TTX,0.8105506367803661
maps0,maps0_445,TTY,0.7186268788738137
maps0,maps0_445,LIX,0.4547798966996864
maps0,maps0_445,LIY,0.665378787171852
maps0,maps0_445,ULX,0.8123188235009808
maps0,maps0_445,ULY,0.12966265353383172
maps0,maps0_445,LLX,0.0022713293945492634
maps0,maps0_445,LLY,0.6938668110363252
maps0,maps0_446,TDX,0.8203045690607947
maps0,maps0_446,TDY,0.9148619189729491
maps0,maps0_446,TBX,0.8527438188739392
maps0,maps0_446,TBY,0.813635587105248
maps0,maps0_446,TTX,0.7781919043238688
maps0,maps0_446,TTY,0.6376537487923492
maps0,maps0_446,LIX,0.6298900172817281
maps0,maps0_446,LIY,0.6947843671145701
maps0,maps0_446,ULX,0.8883102739654
maps0,maps0_446,ULY,0.26885879167304116
maps0,maps0_446,LLX,0.38296669843319214
maps0,maps0_446,LLY,0.7941124585978574
maps0,maps0_447,TDX,0.841514461705117
maps0,maps0_447,TDY,0.8940516904426754
maps0,maps0_447,TBX,0.8539426222635869
maps0,maps0_447,TBY,0.8224356143412205
maps0,maps0_447,TTX,0.6625544923743252
maps0,maps0_447,TTY,0.7524336390265932
maps0,maps0_447,LIX,0.36465726636093293
maps0,maps0_447,LIY,0.6634939873496012
maps0,maps0_447,ULX,0.5858837749567851
maps0,maps0_447,ULY,0.5769570918063017
maps0,maps0_447,LLX,-0.3468799372335343
maps0,maps0_447,LLY,0.771710707130187
maps0,maps0_448,TDX,0.6871102714081516
maps0,maps0_448,TDY,0.881775096498981
maps0,maps0_448,TBX,0.6518770981279481
maps0,maps0_448,TBY,0.8205472450032265
maps0,maps0_448,TTX,0.29429380787818227
maps0,maps0_448,TTY,0.7809004770092898
maps0,maps0_448,LIX,0.7309010704825505
maps0,maps0_448,LIY,0.7245683831841113
maps0,maps0_448,ULX,0.8216112516003289
maps0,maps0_448,ULY,0.6870792458605405
maps0,maps0_448,LLX,0.3105963148171599
maps0,maps0_448,LLY,0.839200613204299
maps0,maps0_449,TDX,0.6602225395687283
maps0,maps0_449,TDY,0.9084506408911368
maps0,maps0_449,TBX,0.6828074405653288
maps0,maps0_449,TBY,0.6924766485220812
maps0,maps0_449,TTX,0.5925559155141787
maps0,maps0_449,TTY,0.8536201191896508
maps0,maps0_449,LIX,0.7484470634927366
maps0,maps0_449,LIY,0.8933954231978369
maps0,maps0_449,ULX,0.8344348020624108
maps0,maps0_449,ULY,0.3672494452205448
maps0,maps0_449,LLX,0.3857051899338128
maps0,maps0_449,LLY,0.9498508520900414
maps0,maps0_450,TDX,0.7703252143720287
maps0,maps0_450,TDY,0.9399672412432855
maps0,maps0_450,TBX,0.8665173582705791
maps0,maps0_450,TBY,0.9147452603835431
maps0,maps0_450,TTX,0.6020279315469191
maps0,maps0_450,TTY,0.8225748948821594
maps0,maps0_450,LIX,0.6781234120206318
maps0,maps0_450,LIY,0.8692818049216662
maps0,maps0_450,ULX,0.6170929127462942
maps0,maps0_450,ULY,0.3601945243599315
maps0,maps0_450,LLX,-0.4046849899646464
maps0,maps0_450,LLY,0.7841133782858011
maps0,maps0_451,TDX,0.5967808076242337
maps0,maps0_451,TDY,0.839311603850834
maps0,maps0_451,TBX,0.6792646255170963
maps0,maps0_451,TBY,0.8574244400450521
maps0,maps0_451,TTX,0.5131892792506172
maps0,maps0_451,TTY,0.8262121417837693
maps0,maps0_451,LIX,0.5881452753653174
maps0,maps0_451,LIY,0.5999840392303117
maps0,maps0_451,ULX,0.6360587489074014
maps0,maps0_451,ULY,0.43001681400950914
maps0,maps0_451,LLX,0.03586343272096296
maps0,maps0_451,LLY,0.7877848604143983
maps0,maps0_452,TDX,0.8398860403023947
maps0,maps0_452,TDY,0.9509247345770928
maps0,maps0_452,TBX,0.7692612407536682
maps0,maps0_452,TBY,0.8224302545805164
maps0,maps0_452,TTX,0.45111964568253005
maps0,maps0_452,TTY,0.7356632001260273
maps0,maps0_452,LIX,0.7196820283995974
maps0,maps0_452,LIY,0.8107802050695653
maps0,maps0_452,ULX,0.7757726727811458
maps0,maps0_452,ULY,0.4965592052791379
maps0,maps0_452,LLX,-0.11980474858762626
maps0,maps0_452,LLY,0.6434710643077067
maps0,maps0_453,TDX,0.7575878424042448
maps0,maps0_453,TDY,0.8837109881596523
maps0,maps0_453,TBX,0.6921382372601189
maps0,maps0_453,TBY,0.7902809319677204
maps0,maps0_453,TTX,0.5583690765106418
maps0,maps0_453,TTY,0.7248497048874224
maps0,maps0_453,LIX,0.6999248245722844
maps0,maps0_453,LIY,0.5831925916388794
maps0,maps0_453,ULX,0.7264700084741323
maps0,maps0_453,ULY,0.7814528932199715
maps0,maps0_453,LLX,-0.03164193107533221
maps0,maps0_453,LLY,0.738014692526325
maps0,maps0_454,TDX,0.7872737167784435
maps0,maps0_454,TDY,0.8862857087865136
maps0,maps0_454,TBX,0.6250004759463009
maps0,maps0_454,TBY,0.8773318157959186
maps0,maps0_454,TTX,0.39290836444333627
maps0,maps0_454,TTY,0.5318683228372804
maps0,maps0_454,LIX,0.6080285414796205
maps0,maps0_454,LIY,0.760274926325286
maps0,maps0_454,ULX,0.774099570897847
maps0,maps0_454,ULY,0.6686857655476005
maps0,maps0_454,LLX,-0.18425620890993294
maps0,maps0_454,LLY,0.8277883955854425
maps0,maps0_455,TDX,0.6639587191948114
maps0,maps0_455,TDY,0.9310501541959407
maps0,maps0_455,TBX,0.8682528584115358
maps0,maps0_455,TBY,0.5189799238178304
maps0,maps0_455,TTX,0.8792890061680343
maps0,maps0_455,TTY,0.7886372826698527
maps0,maps0_455,LIX,0.6290141707851736
maps0,maps0_455,LIY,0.7928440630669649
maps0,maps0_455,ULX,0.7002654502182635
maps0,maps0_455,ULY,0.33680957773240544
maps0,maps0_455,LLX,-0.08217985241189692
maps0,maps0_455,LLY,0.8867140578527563
maps0,maps0_456,TDX,0.871221300734818
maps0,maps0_456,TDY,0.8427902220953032
maps0,maps0_456,TBX,0.8036023492721862
maps0,maps0_456,TBY,0.6064888597817826
maps0,maps0_456,TTX,0.6907100519573361
maps0,maps0_456,TTY,0.7512809942489457
maps0,maps0_456,LIX,0.5401926983290386
maps0,maps0_456,LIY,0.7318320938725303
maps0,maps0_456,ULX,0.8021003176532829
maps0,maps0_456,ULY,0.6556891102446448
maps0,maps0_456,LLX,-0.20155797778151543
maps0,maps0_456,LLY,0.71954021095985
maps0,maps0_457,TDX,0.8708827737228044
maps0,maps0_457,TDY,0.8786633512150792
maps0,maps0_457,TBX,0.8695980393225725
maps0,maps0_457,TBY,0.7367641064861529
maps0,maps0_457,TTX,0.8269018098074263
maps0,maps0_457,TTY,0.714579534431182
maps0,maps0_457,LIX,0.36043925790691933
maps0,maps0_457,LIY,0.6828245072795435
maps0,maps0_457,ULX,0.6753779631709768
maps0,maps0_457,ULY,0.22979185679281416
maps0,maps0_457,LLX,-0.19433561234565347
maps0,maps0_457,LLY,0.7661076550623592
maps0,maps0_458,TDX,0.8964001504655462
maps0,maps0_458,TDY,0.8865676594123496
maps0,maps0_458,TBX,0.8637790633296264
maps0,maps0_458,TBY,0.8475055237277881
maps0,maps0_458,TTX,0.7613509325655174
maps0,maps0_458,TTY,0.8453482923499749
maps0,maps0_458,LIX,0.6729606133803047
maps0,maps0_458,LIY,0.8184909691710052
maps0,maps0_458,ULX,0.6302072624342667
maps0,maps0_458,ULY,0.5744883777651595
maps0,maps0_458,LLX,-0.37693712263929136
maps0,maps0_458,LLY,0.8101019789405994
maps0,maps0_459,TDX,0.5749390342081736
maps0,maps0_459,TDY,0.8913376080784461
maps0,maps0_459,TBX,0.6039155137255129
maps0,maps0_459,TBY,0.896822617813594
maps0,maps0_459,TTX,0.47190748860628073
maps0,maps0_459,TTY,0.7969601139514516
maps0,maps0_459,LIX,0.6629288920434534
maps0,maps0_459,LIY,0.7289682062531484
maps0,maps0_459,ULX,0.7561751476337571
maps0,maps0_459,ULY,0.520747684469844
maps0,maps0_459,LLX,0.0334977965651247
maps0,maps0_459,LLY,0.8525331876708518
maps0,maps0_460,TDX,0.7181794098923243
maps0,maps0_460,TDY,0.9015031586617317
maps0,maps0_460,TBX,0.7158928535567707
maps0,maps0_460,TBY,0.8331798219518318
maps0,maps0_460,TTX,0.5499434203028921
maps0,maps0_460,TTY,0.5783379204915303
maps0,maps0_460,LIX,0.3630089928953517
maps0,maps0_460,LIY,0.5970438385236048
maps0,maps0_460,ULX,0.6351787332385884
maps0,maps0_460,ULY,0.6236888549795075
maps0,maps0_460,LLX,-0.6219070628180418
maps0,maps0_460,LLY,0.719945461622125
