model,kind,cond,sid,label,sex,vowel,take,n,TDX,TDY,TBX,TBY,TTX,TTY,LIX,LIY,ULX,ULY,LLX,LLY,lip_ap,trem_LIY,trem_TBY,trem_TDY,trem_LLY,task,acoustic_rate,lip_range,lip_speed,lip_rate_hz,lip_decrement,tt_range,tt_speed,tt_rate_hz,tt_decrement,jaw_range,jaw_speed,jaw_rate_hz,jaw_decrement
multi,vowel,clean,IPVS_EHC_49649a7c,0,F,a,1,628,0.324322718949545,-0.6946844711663231,0.7643513262823776,-0.3063892579031369,0.8102939838060627,-0.4063545309361957,-0.25727472351814706,0.5173569058891011,-0.8613096017134253,-0.14392855163249704,-0.8537162173362005,0.44620420450157433,-0.5901327561340713,0.14052494113036773,0.13302061550244626,0.22098980203290527,0.1623245595857003,,,,,,,,,,,,,,
multi,vowel,phone,IPVS_EHC_49649a7c,0,F,a,1,628,0.656706871888625,-0.8999734653366936,1.094972611892791,-0.40906344074263146,1.093490538616029,-0.3708875211616042,-0.2989228751372408,0.4262728072190411,-0.7879682836078462,-0.0005070937294808645,-0.8832751058002628,0.3521016800736703,-0.35260877380315114,0.1629562991121061,0.11449966205655497,0.28736546129246116,0.1938224537004357,,,,,,,,,,,,,,
multi,vowel,clean,IPVS_EHC_49649a7c,0,F,a,2,296,0.09740054933877473,-0.2225152679373709,0.5927673954139935,0.27406021550800025,0.7181554180517625,0.15290885946054136,-0.5425294325425384,1.0318116795983208,-0.6474995808989814,-0.14572242969709837,-1.024841345846653,0.9109828148999911,-1.0567052445970895,0.27934286190118196,0.09732549740065818,0.18075504414964738,0.11322906759709607,,,,,,,,,,,,,,
multi,vowel,phone,IPVS_EHC_49649a7c,0,F,a,2,296,0.6507262401701359,-0.4933065090621455,1.1110162520676516,-0.0029356533221984176,1.2484181766094786,-0.1652469691098406,-0.47790748148821716,0.6434281061958061,-0.758680518339859,-0.09812390477804656,-0.9824628144335211,0.6148214041558879,-0.7129453089339345,0.3980195954303124,0.15625236318235253,0.2722269912104494,0.2680674637329959,,,,,,,,,,,,,,
multi,vowel,clean,IPVS_EHC_49649a7c,0,F,e,1,498,-0.03479497323433558,-0.05467465693751971,0.47192730794350307,0.6052977213760217,0.6731352384885152,0.48054495905836425,-0.19552018026510876,0.47581873012085757,-0.09538359219829241,0.0003991932546099027,-0.25614925278971595,-0.01404981457317869,0.014449007827788591,0.10966358151298027,0.18263237516333167,0.2691266671214248,0.16629189987451404,,,,,,,,,,,,,,
multi,vowel,phone,IPVS_EHC_49649a7c,0,F,e,1,498,0.2991136705875397,-0.09895328874389331,0.7128100803494454,0.46170008624593417,0.9301432398458321,0.059684815059105556,-0.23083899612228076,0.3501008950173855,-0.5320683418711026,-0.298740961253643,-0.5167071384688219,-0.025048469919711353,-0.2736924913339317,0.1674707999917755,0.20465897011074696,0.30932120726031204,0.170408998648432,,,,,,,,,,,,,,
multi,vowel,clean,IPVS_EHC_49649a7c,0,F,e,2,259,-0.07175639233771403,-0.05031479059890577,0.38363330702113496,0.5698913825545341,0.4960634169305206,0.27111810711538714,-0.42014714240268536,0.6357890328594075,-0.1620989448515473,0.10310516990483946,-0.5753904562087575,0.3061369164805314,-0.2030317465756919,0.32692314895039026,0.15081253763319222,0.3264260084299211,0.4033601458719364,,,,,,,,,,,,,,
multi,vowel,phone,IPVS_EHC_49649a7c,0,F,e,2,259,0.5634320759849184,-0.14495385148722656,0.9761869151880787,0.40458790217615237,1.1199578334381626,0.0318669843825565,-0.45890651225664053,0.4586577387941871,-0.609877417896204,-0.12416345550186315,-0.8018961920385148,0.2339818079119465,-0.35814526341380964,0.2409918424438859,0.09881441247738347,0.29462656512752444,0.2649888316225963,,,,,,,,,,,,,,
multi,vowel,clean,IPVS_EHC_49649a7c,0,F,i,1,474,-0.4465249253736509,0.1991103158651532,0.18916385480157144,0.756217905170434,0.26092683581205517,0.7810376264623828,-1.0474907393222088,1.450179076486534,-0.9082406692050554,-0.40474612893653916,-1.3458845050601693,0.8494181028677972,-1.2541642318043362,0.13413244196772678,0.25037649368080533,0.22872923976502302,0.25355352490063326,,,,,,,,,,,,,,
multi,vowel,phone,IPVS_EHC_49649a7c,0,F,i,1,474,0.17764074798230525,-0.3171188380126353,0.6696611465169833,0.14659543137450318,0.6991357832521825,0.08869810959884336,-0.7753548800320058,0.852805259500767,-0.6758645001303899,-0.3490967678648609,-1.0934719009832903,0.3865152286574036,-0.7356119965222645,0.14365277546445307,0.46376414986013814,0.44746878525117095,0.19496612172068423,,,,,,,,,,,,,,
multi,vowel,clean,IPVS_EHC_49649a7c,0,F,i,2,276,-0.18251826605164861,0.15859275840851197,0.23921914721827908,0.595175452440618,0.19497450997671448,0.4205919129841299,-0.7294618192027851,0.8959816847759557,-0.298904710146318,-0.33035374185945615,-0.7869572965316025,0.5000060724027185,-0.8303598142621746,0.16780988828753726,0.34609455623679136,0.3361700994832465,0.19015174094289136,,,,,,,,,,,,,,
multi,vowel,phone,IPVS_EHC_49649a7c,0,F,i,2,276,0.3831510272729828,-0.05134708407413529,0.690758500921439,0.2986492286604571,0.6833559133740793,-0.06914444070264518,-0.48675100657954273,0.530403561082231,-0.2765400571277343,-0.34706968522395,-0.6624649048120861,0.2782822316400258,-0.6253519168639757,0.27326580356804725,0.46845963520386036,0.5271973157190771,0.30885938198254764,,,,,,,,,,,,,,
multi,vowel,clean,IPVS_EHC_49649a7c,0,F,o,1,454,0.36807532276767885,-0.8909846884708335,1.0201131268030537,-0.5933718893976108,1.0934174215815362,-0.32688645822723417,-0.42401882114201567,0.7078182034289641,-0.9566345182757308,-0.2408727305077941,-1.1185247696881746,0.6408398007144676,-0.8817125312222617,0.2779872573320123,0.23506605025045627,0.35310145359802597,0.24139460258805218,,,,,,,,,,,,,,
multi,vowel,phone,IPVS_EHC_49649a7c,0,F,o,1,454,0.5828670425354129,-0.6662930590610434,1.1087531869972709,-0.4863075682499113,1.1879048111447452,-0.4951239179847014,-0.5403221157671761,0.703492824593219,-1.1964859371855312,-0.4043129657524346,-1.3260932216135255,0.6802646067047858,-1.0845775724572204,0.3428563659429208,0.2536393060728564,0.26864428825824704,0.33568358343291066,,,,,,,,,,,,,,
multi,vowel,clean,IPVS_EHC_49649a7c,0,F,o,2,302,0.676257461964429,-0.8811173861498361,1.288571793463204,-0.6850440633165967,1.3182560411783366,-0.34667080624417945,-0.5609887269335788,0.6003386791754555,-0.5386920315878732,-0.01000067501605212,-1.047208238843378,0.5940745607079877,-0.6040752357240398,0.07713245452082998,0.0733328605428548,0.20895133011020417,0.12961046269390578,,,,,,,,,,,,,,
multi,vowel,phone,IPVS_EHC_49649a7c,0,F,o,2,302,0.9922206559024014,-0.8028967124256459,1.544304113794159,-0.7153019367174788,1.5143634978231493,-0.5046128254015367,-0.8415555515950852,0.7554724833795002,-0.6845560667442752,-0.3483277378337724,-1.3799476770090533,0.7035930205730128,-1.0519207584067851,0.07786373849679872,0.06920533999803058,0.16234394816116285,0.10676314336085535,,,,,,,,,,,,,,
multi,vowel,clean,IPVS_EHC_49649a7c,0,F,u,1,451,0.22654916791458413,0.0010548139960123604,0.8380965071960569,0.26782241546139945,0.9712448379650327,0.4234248301309853,-0.9739000572379665,1.2792835403852356,-1.2020323366146686,-0.8730734422582982,-1.5601609256324733,1.1266031875120428,-1.999676629770341,0.1871857151800641,0.30191734509966756,0.39021343845873574,0.2413544591980419,,,,,,,,,,,,,,
multi,vowel,phone,IPVS_EHC_49649a7c,0,F,u,1,451,0.7297785392656537,-0.4973436788659254,1.1920173387025994,-0.3975669976420068,1.195081334547363,-0.3571126781046611,-0.7965635755185272,0.7521924196958982,-1.0202485012282305,-0.7627510922476375,-1.27195873889536,0.6691001445687345,-1.4318512368163718,0.3487676775987548,0.3462072591812714,0.48924091208771614,0.38437728762618045,,,,,,,,,,,,,,
multi,vowel,clean,IPVS_EHC_49649a7c,0,F,u,2,297,0.684020890536921,-0.5317964270794192,1.3190543351892652,-0.07257150379972085,1.442380079676985,0.041533028363515544,-0.4858094925820495,0.4613803517718555,-0.8774021430222015,-0.3602671626976082,-1.038258238627924,0.5428514331787325,-0.9031185958763408,0.2937732442296127,0.34128269664984057,0.524649809643908,0.44533444896596736,,,,,,,,,,,,,,
multi,vowel,phone,IPVS_EHC_49649a7c,0,F,u,2,297,0.9485005981096343,-0.5977768013930188,1.42255636466948,-0.25420249798777383,1.4751829807984762,-0.32105602923385257,-0.49630636393024935,0.41521565116650566,-1.0981388573207003,-0.5345365382189857,-1.0552707748622867,0.346395801731994,-0.8809323399509797,0.12859532172720217,0.16865249639393737,0.31846147098317623,0.13787296849978678,,,,,,,,,,,,,,
multi,vowel,clean,IPVS_EHC_7a274592,0,F,a,1,570,0.5687592660910205,-0.5676557181174295,1.04603137276326,-0.19842059526875702,1.0425835164666872,0.02912008692646584,-0.866781722144251,0.9789452053257945,-0.5335254529109824,-0.053262956941511196,-1.2016783043393615,0.7904536016067566,-0.8437165585482678,0.18978077217245454,0.2351789573369613,0.29710902642944914,0.20777761335272057,,,,,,,,,,,,,,
multi,vowel,phone,IPVS_EHC_7a274592,0,F,a,1,570,0.6790502818617207,-0.6368192664799635,1.302296947796791,-0.24786656641820717,1.35460478063041,0.11999567253896368,-0.9682247162039517,0.9722608318497912,-0.502449131151389,0.006492693565393749,-1.229298916084376,0.5972904283498899,-0.5907977347844962,0.256594120259203,0.20042566700812733,0.2580419329284024,0.2956201314514801,,,,,,,,,,,,,,
multi,vowel,clean,IPVS_EHC_7a274592,0,F,a,2,284,0.5741912450554759,-0.6040979518966619,0.9464485395786374,-0.329695770040501,0.9392067305743694,-0.26847370904545453,-0.7560840580872324,0.6960567900434483,-0.403745379905368,-0.2598330706877764,-1.1812207050794779,0.7253613117757405,-0.9851943824635169,0.24166467386353474,0.32955648826556777,0.30451508968683594,0.13969879738538987,,,,,,,,,,,,,,
multi,vowel,phone,IPVS_EHC_7a274592,0,F,a,2,284,0.8655765252404435,-0.7586283222014127,1.2573160491017408,-0.42962781235922215,1.24548787086509,-0.3136223440253457,-0.7322973891399628,0.6058099294124648,-0.457687608637782,-0.1566717330106469,-1.1313902849201547,0.5703682655706829,-0.7270399985813297,0.3308730846110235,0.24252040082773338,0.3687923288867883,0.27979187399935607,,,,,,,,,,,,,,
multi,vowel,clean,IPVS_EHC_7a274592,0,F,e,1,827,-0.18529934632466352,-0.03547005244423926,0.301510679380035,0.7459784003810384,0.27114186578353405,0.7272557152708772,-0.6851047655226479,0.8783606130412407,-0.42754411884776544,0.15475554861712984,-0.7995994277598273,0.25295297421095236,-0.09819742559382254,0.3042412664358046,0.45727426517519126,0.536789171107617,0.3390465676297231,,,,,,,,,,,,,,
multi,vowel,phone,IPVS_EHC_7a274592,0,F,e,1,827,0.13053967085642593,-0.22012906583022304,0.7056104088693078,0.5514874384256916,0.7488877574502822,0.617291558886198,-0.8769076569999008,0.7301705967282626,-0.311557157898333,0.17085809488471604,-0.8958201671630084,0.07011571840216337,0.10074237648255269,0.2272092070526526,0.3703431258269033,0.3876803803733177,0.23713622749752014,,,,,,,,,,,,,,
multi,vowel,clean,IPVS_EHC_7a274592,0,F,e,2,289,-0.22156395733356476,0.5765722673279898,-0.021464542150497437,1.0231553375720979,-0.07406977483204433,0.4943860125541687,-0.261035053219114,0.6330572433556829,0.04375930121966771,-0.11108686034168516,-0.44029909938573836,0.25783082550125463,-0.36891768584293977,0.3164966770666328,0.20215960695957697,0.2808278455312391,0.2644126106443171,,,,,,,,,,,,,,
multi,vowel,phone,IPVS_EHC_7a274592,0,F,e,2,289,-0.04106686600617,0.33605529597827366,0.19454410638128009,0.8914153620174953,0.09626057531152453,0.39266199818679265,-0.4045775369661195,0.5480758501376425,0.14499324764524188,-0.0595200035401753,-0.4572840303182602,0.09173944195466383,-0.15125944549483913,0.192472500968638,0.14970641992849754,0.30243007325358023,0.14047467485592155,,,,,,,,,,,,,,
multi,vowel,clean,IPVS_EHC_7a274592,0,F,i,1,1084,0.0008456144321915563,0.47657401142127676,0.4181175060753076,1.019239683915501,0.4287808287683074,0.9429933943905713,-1.0180615495456142,1.656196939250443,-0.9969877623752949,-0.36004873018917494,-1.361601320066792,0.9478008972646589,-1.3078496274538338,0.20313109808220284,0.3190248692221029,0.3712948601395892,0.14689446915960735,,,,,,,,,,,,,,
multi,vowel,phone,IPVS_EHC_7a274592,0,F,i,1,1084,-0.09095968696877269,0.3348471273902369,0.44670610580067693,1.063298041789444,0.4222486365837919,1.1746568209006012,-1.2843077221965313,1.5554830676253222,-0.7975788105484898,-0.3206084981514998,-1.4566317822818466,0.7834806663207025,-1.1040891644722022,0.15733750238038238,0.46832515846381745,0.5340704941076566,0.11400894541254894,,,,,,,,,,,,,,
multi,vowel,clean,IPVS_EHC_7a274592,0,F,i,2,290,-0.18328245121172104,0.5054860646012186,0.22446091644380284,0.8698213105571682,0.2803959379764809,0.8549961565897383,-1.2237263410940937,1.8318973485080676,-0.8327371754694259,-0.5470353895048986,-1.5043746945501744,1.280096385328249,-1.8271317748331475,0.299368455964056,0.26728357767951383,0.17917124962394404,0.2983696893118393,,,,,,,,,,,,,,
multi,vowel,phone,IPVS_EHC_7a274592,0,F,i,2,290,-0.10455622703864656,0.3180002418571505,0.3948278846754425,0.7550995250542959,0.4360745964550424,0.8454312336170811,-1.3775483647297169,1.5912112155179867,-0.701801780140263,-0.5841796904288489,-1.5882713054788524,1.1076429076920982,-1.691822598120947,0.27637268060354925,0.255733400719045,0.2202951650624921,0.23969111987914557,,,,,,,,,,,,,,
multi,vowel,clean,IPVS_EHC_7a274592,0,F,o,1,841,0.366289008755495,-0.3552289367902397,0.9040186609667127,0.011113783363068458,0.9397787479185822,0.361460874723916,-0.8787777835779851,1.191496626708177,-0.666469470728742,0.06097396941173195,-1.2540906145578563,0.8620071219520109,-0.801033152540279,0.28210200324417367,0.2597877633738242,0.29067217200701845,0.2298493222776658,,,,,,,,,,,,,,
multi,vowel,phone,IPVS_EHC_7a274592,0,F,o,1,841,0.5866134986133859,-0.39263565773420994,1.2228341492685941,-0.0033859494889136588,1.2900925961461398,0.4344362715093216,-1.2938300762141104,1.2798769712853846,-0.5497530089451534,0.19997892220421593,-1.5367435534401694,0.9166351629365789,-0.716656240732363,0.24297977429218268,0.20827077330411006,0.3245310717669459,0.26901297690407594,,,,,,,,,,,,,,
multi,vowel,clean,IPVS_EHC_7a274592,0,F,o,2,315,0.8545204670656295,-0.5653579440854845,1.1578332408868446,-0.5496615525433626,1.0473399414587272,-0.44281707861751474,-0.7425711022482978,0.8926957088015067,-0.8685314838217679,-0.27009631003494616,-1.3077971102699402,0.8783923276951389,-1.1484886377300851,0.2352559826174543,0.1708205992598102,0.4180657094490872,0.2363043642355084,,,,,,,,,,,,,,
multi,vowel,phone,IPVS_EHC_7a274592,0,F,o,2,315,1.0968046817514632,-0.7385907906388479,1.451837742849002,-0.6492576344461037,1.3597320028083035,-0.47652444519378523,-0.7586570159783439,0.7071222933354201,-0.6419958945304628,-0.14008713955128635,-1.2276392301554402,0.662737585683033,-0.8028247252343192,0.32822597011449506,0.10230202104777611,0.35328056618036985,0.37991945229916707,,,,,,,,,,,,,,
multi,vowel,clean,IPVS_EHC_7a274592,0,F,u,1,1017,-0.09175411103302446,0.19597301511444554,0.4233040809875229,0.567357321515216,0.4812086502580908,0.8279201087897031,-1.2293881490802219,1.7923258278646952,-1.1629374212602157,-0.3677005226649161,-1.6834146002408135,1.3393613673539286,-1.7070618900188448,0.37929580180372346,0.30607248364074185,0.3407296752831737,0.36244379980143876,,,,,,,,,,,,,,
multi,vowel,phone,IPVS_EHC_7a274592,0,F,u,1,1017,0.3206963900312074,0.02524517888718463,0.9718340671881911,0.35349256800161444,1.0489247329837952,0.7040365836331575,-1.6174251098679637,1.7845515990218241,-1.303912874183171,-0.528312226498283,-2.071357534969692,1.361584126754205,-1.8898963532524882,0.3911485649487421,0.3191895761411822,0.32304753969484074,0.269360213844406,,,,,,,,,,,,,,
multi,vowel,clean,IPVS_EHC_7a274592,0,F,u,2,317,-0.16006673864669202,0.5954057510298584,0.25714138914777346,0.8304180080041835,0.3752000870973028,0.9680310060216494,-1.378364296483744,2.085217156959454,-1.0572332334143952,-0.8679563396108088,-1.8544448108573235,1.5947869622894606,-2.4627433019002694,0.33973050667288035,0.28929867612953336,0.5278267192373028,0.31140650183624685,,,,,,,,,,,,,,
multi,vowel,phone,IPVS_EHC_7a274592,0,F,u,2,317,0.09826441413444999,0.3126824733786558,0.6592559135709134,0.5393348637363673,0.8228905800905527,0.7074088326299378,-1.6627547391422133,1.9367302412762069,-1.1232368506062094,-0.9318494465962754,-2.0536532339625335,1.4533039159799745,-2.38515336257625,0.426912906000798,0.17131597287026828,0.3190884560863246,0.4227527456944324,,,,,,,,,,,,,,
multi,vowel,clean,IPVS_EHC_bde32635,0,F,a,1,949,0.13166479969922382,-0.3491558235027744,0.6481951722017312,-0.07776938788527574,0.7104110866002151,0.08688794071223398,-0.7778711575760315,0.9108754935594449,-0.7532098467629762,-0.3681921279302516,-1.248393071616385,0.6656586991919893,-1.0338508271222409,0.180031217183946,0.2539864744640676,0.3749612307306371,0.18478079392657226,,,,,,,,,,,,,,
multi,vowel,phone,IPVS_EHC_bde32635,0,F,a,1,949,0.37067440723683914,-0.4635650168993427,0.9988985174904772,-0.14716549429083456,1.1159644681705903,0.12455676222014553,-0.9510577756865847,0.9467832840157057,-0.8095112514735938,-0.1812714027361569,-1.3974927115774405,0.6391215105092515,-0.8203929132454084,0.18846758874208708,0.24996331003943817,0.32012688217541946,0.1753259112854168,,,,,,,,,,,,,,
multi,vowel,clean,IPVS_EHC_bde32635,0,F,a,2,278,0.09574235275032975,-0.09023212127032734,0.5763754618487188,-0.04976564592548779,0.667804700366798,0.08022331996333032,-0.9092802453253951,1.2481346518865652,-0.7555582758394026,-0.2804168738158686,-1.4323545545339584,1.0448684518868547,-1.3252853257027233,0.11178345967056255,0.20942403946926905,0.17550811001923883,0.10483470837411926,,,,,,,,,,,,,,
multi,vowel,phone,IPVS_EHC_bde32635,0,F,a,2,278,0.5880931810076747,-0.4215899973752953,1.1931017545007525,-0.2776672544756106,1.2593246726762681,0.07466457039117813,-0.9944340482886348,1.1779432620941883,-0.6110758734423489,-0.0011340430272477014,-1.4323581496164912,0.8410610700403118,-0.8421951130675596,0.14435984834182683,0.22075402002270478,0.2237218778107003,0.13768055603860116,,,,,,,,,,,,,,
multi,vowel,clean,IPVS_EHC_bde32635,0,F,e,1,402,0.09970369910405687,0.18154648777620852,0.40383308183802064,0.38208727883405924,0.36850930590274905,0.1656583741553559,-0.6021691352005832,1.0855274673335809,-0.5665301180575505,-0.3093625776900733,-0.9470714635469697,0.7276247853782675,-1.0369873630683408,0.35930487984967563,0.12535776989340786,0.23902126361480822,0.2676740799557156,,,,,,,,,,,,,,
multi,vowel,phone,IPVS_EHC_bde32635,0,F,e,1,402,0.22297002171928232,0.3448369663116361,0.5854657757257627,0.5475207939128245,0.6515967974608595,0.2641701732785249,-0.8228543295471136,1.079318184867378,-0.5635174895244196,-0.22651544311815056,-1.0375756206344966,0.5293906557350612,-0.7559060988532118,0.2687050271104856,0.10113043966132043,0.23847707370347235,0.2339531258152414,,,,,,,,,,,,,,
multi,vowel,clean,IPVS_EHC_bde32635,0,F,e,2,347,0.072167226714951,0.3602247414263812,0.34492154362384214,0.4558200104670091,0.421929953985237,-0.00858740009474412,-0.4837654233691795,0.8042723722934153,-0.4359150109678935,-0.3600452896296693,-0.7739646637625102,0.4874422675595757,-0.847487557189245,0.29002332034219286,0.2802444291666357,0.3968572366994412,0.3124730567080421,,,,,,,,,,,,,,
multi,vowel,phone,IPVS_EHC_bde32635,0,F,e,2,347,0.3507905864829652,0.36673363380169754,0.7228053985029886,0.44394604533768156,0.884543888021314,0.03917926685376601,-0.8504760768710141,0.9078002855556006,-0.5028524862236954,-0.2821210825628641,-1.056074219279027,0.46399421156629134,-0.7461152941291554,0.22113160194926354,0.160594497462417,0.25391831411049054,0.2783093309257784,,,,,,,,,,,,,,
multi,vowel,clean,IPVS_EHC_bde32635,0,F,i,1,402,-0.5531891016058685,0.6028193509406294,-0.048981810527399555,0.7432553504616761,0.026608748130561893,0.6764287254041876,-1.1534825829434987,1.9149275382688222,-1.2052855775499147,-0.8673219629063094,-1.5584293739362196,1.0606153574117945,-1.9279373203181038,0.1776758356834607,0.18403944050732943,0.28331842728837114,0.22019179519055895,,,,,,,,,,,,,,
multi,vowel,phone,IPVS_EHC_bde32635,0,F,i,1,402,-0.43940673903985455,0.561987033067656,0.26826185345157116,0.7840956749994893,0.48950046060745384,0.905112560253498,-1.5741801700316185,2.0867706310650536,-1.1144776620771275,-0.7694739469688786,-1.8931643310164616,1.259908015416427,-2.0293819623853055,0.22852354126323776,0.1346807126384195,0.16232667322569638,0.24430918750539443,,,,,,,,,,,,,,
multi,vowel,clean,IPVS_EHC_bde32635,0,F,i,2,287,-0.3795168284391392,-0.08912166315696143,0.2875699470670237,0.08486214469623014,0.25963376290191803,0.37949177536661227,-1.4374588393751597,1.7266977108971922,-1.2496796450173924,-0.6451928296444044,-1.8185648322105408,1.0302374535213317,-1.675430283165736,0.33352024812293235,0.3254354223751986,0.36245423827515866,0.35082339830961634,,,,,,,,,,,,,,
multi,vowel,phone,IPVS_EHC_bde32635,0,F,i,2,287,-0.11452506870203624,-0.09921278154229843,0.6469966046555193,0.2332070487083038,0.6942829251978438,0.6114160749264536,-1.6859783209817258,1.742548509829306,-1.0998050591160107,-0.5256417633567242,-1.9919340269413988,1.0448699838164224,-1.5705117471731467,0.24567272608747182,0.20829503884321446,0.2692425455725759,0.25345311861232844,,,,,,,,,,,,,,
multi,vowel,clean,IPVS_EHC_bde32635,0,F,o,1,441,0.5221619120183981,-0.408854636999796,1.0333387739815802,-0.3620107862746941,1.146601097876171,-0.2690313270631826,-0.8142666547928217,1.0235712566465702,-0.6684593499269126,0.019233462495623896,-1.2262063903628655,0.7939235406875048,-0.774690078191881,0.22287915178774736,0.29632794904650944,0.27254055367660956,0.3375906890218451,,,,,,,,,,,,,,
multi,vowel,phone,IPVS_EHC_bde32635,0,F,o,1,441,0.679636194064932,-0.44439307170094183,1.3065447274244057,-0.27960356350214977,1.4675544275427765,-0.09941023717511376,-0.9498421714553293,1.0895077360688517,-0.5309511524888705,0.05335841822736668,-1.2921443680547318,0.7873877800509053,-0.7340293618235386,0.1509042589965936,0.36462692314025535,0.41619671528485275,0.1839536379470673,,,,,,,,,,,,,,
multi,vowel,clean,IPVS_EHC_bde32635,0,F,o,2,282,0.5799020969692399,-0.2647022363017587,1.1020037608988145,-0.22396641049314947,1.2695248677450068,-0.09697407624300788,-0.812847944743493,1.0660111699034185,-0.4544038963668487,-0.09071160318220363,-1.185409439311308,0.8583570457556668,-0.9490686489378705,0.2940634901435093,0.5676284903331241,0.5114971259487212,0.4223604251323274,,,,,,,,,,,,,,
multi,vowel,phone,IPVS_EHC_bde32635,0,F,o,2,282,0.8135896307580611,-0.34638243414023345,1.4021841568105362,-0.2534869414918563,1.581665898771847,-0.07176241120871375,-0.9655053243041039,1.044797652609208,-0.4550141461631831,0.026886680897544413,-1.2686876759809607,0.7594079053577255,-0.7325212244601811,0.5018639667841134,0.6668876133120651,0.5054206047634568,0.4123333739502096,,,,,,,,,,,,,,
multi,vowel,clean,IPVS_EHC_bde32635,0,F,u,1,589,-0.026813702768003437,0.103592024134918,0.6119381794627283,0.18806703980539885,0.8227285531624942,0.4880022987513475,-1.1198055462098457,1.5906193182501995,-1.2624348286172034,-0.45884205029464104,-1.7124317081881242,1.2318786710080967,-1.6907207213027378,0.258649987672945,0.29329096311004904,0.47889329989673823,0.3400531929140237,,,,,,,,,,,,,,
multi,vowel,phone,IPVS_EHC_bde32635,0,F,u,1,589,0.26134889054466304,-0.10218762558111003,0.9797734323941486,-0.10035465288330132,1.1975120266558419,0.2823951706500121,-1.2099193502479875,1.240032882421789,-0.8842319371834607,-0.3441749214916162,-1.6657207974245851,0.8932081199867624,-1.2373830414783786,0.24030015943433303,0.48302759604342066,0.4583739638785578,0.2272814843488002,,,,,,,,,,,,,,
multi,vowel,clean,IPVS_EHC_bde32635,0,F,u,2,287,-0.26292138172022866,0.1007224514305247,0.35992360528493894,0.24070263675527076,0.4809427719584779,0.36684799030681564,-1.1091595946708857,1.5670454577903528,-0.7751766956610486,-0.4825740127119026,-1.4480094623703488,1.0485799433178984,-1.531153956029801,0.45826175591825363,0.5474154003429266,0.5083507571839541,0.4666080299340155,,,,,,,,,,,,,,
multi,vowel,phone,IPVS_EHC_bde32635,0,F,u,2,287,-0.13253735367617855,-0.03601004467534192,0.651683167742856,0.23425579157178802,0.813263188638439,0.5012285743834656,-1.43634182593726,1.5481828409812355,-0.5882235872263164,-0.17110748102382428,-1.643757764659176,0.8813723511778551,-1.0524798322016793,0.25507858680054785,0.4988267267507009,0.633563665387902,0.3495156639398599,,,,,,,,,,,,,,
multi,vowel,clean,IPVS_EHC_6f100ca8,0,F,a,1,548,0.8138157119805163,-0.9974238151853735,1.455581704323942,-0.5724913238124414,1.5029066850741704,-0.2698143693985361,-1.0637869240208107,0.9223363846992001,-0.44589007808403536,0.04479392861778086,-1.4535353980281136,0.7176182949125315,-0.6728243662947506,0.13664147210805747,0.21988121869339886,0.319896497237612,0.1261664821613969,,,,,,,,,,,,,,
multi,vowel,phone,IPVS_EHC_6f100ca8,0,F,a,1,548,0.7182336578766505,-0.8350569349798289,1.3993430668657476,-0.4316092858260328,1.5316238085428873,-0.14448333874796376,-1.1500104091384193,0.969827926158905,-0.379078863674041,-0.020396309052452898,-1.5062469364115687,0.7212078494894685,-0.7416041585419214,0.13055302559377535,0.20445845567088378,0.29406030656445376,0.10255796045543297,,,,,,,,,,,,,,
multi,vowel,clean,IPVS_EHC_6f100ca8,0,F,a,2,302,0.8478989931908283,-1.0590127681965356,1.4978375145039715,-0.7944450451286285,1.566204180756768,-0.49311281216668557,-0.8717558372479218,0.6041441992088988,-0.4021450668409631,-0.04166249869452728,-1.2644616316308033,0.6820986183912872,-0.7237611170858145,0.057745112385088455,0.1796750470200929,0.3167412066077375,0.0414811382755672,,,,,,,,,,,,,,
multi,vowel,phone,IPVS_EHC_6f100ca8,0,F,a,2,302,0.837461707847459,-1.003396710196694,1.502134260731739,-0.7873614436977512,1.6013803195494871,-0.5067607553286867,-1.015407303778025,0.6739419776905369,-0.3040729638311889,0.016693909417141925,-1.2967588279273483,0.555740113093794,-0.5390462036766521,0.06428019652642132,0.2543718419456749,0.3983141031248576,0.03709049018664029,,,,,,,,,,,,,,
multi,vowel,clean,IPVS_EHC_6f100ca8,0,F,e,1,417,0.43655968739454487,-0.347995165097286,0.9050455785605062,0.23993837204112475,0.9229151405898698,0.29777326752465083,-0.5172168797112081,0.7020205849729686,-0.16591121956884147,0.11816697215950822,-0.6714788991141605,0.20749041178371327,-0.08932343962420505,0.30872683770282716,0.21005197011747376,0.26674440855857257,0.22352961129841115,,,,,,,,,,,,,,
multi,vowel,phone,IPVS_EHC_6f100ca8,0,F,e,1,417,0.37970916570657753,-0.2717785238032322,0.9391780118068376,0.29516020328162673,1.036089461222588,0.4330634391640287,-0.738534031101907,0.8170839704246635,-0.1840964854357252,0.11961272887262216,-0.881136626420743,0.23522951545201212,-0.11561678657938997,0.26559162738604003,0.3325847596853335,0.3490763083274537,0.22263354254909296,,,,,,,,,,,,,,
multi,vowel,clean,IPVS_EHC_6f100ca8,0,F,e,2,277,0.2849255639635874,-0.19026650363456704,0.7062758495529254,0.15478464381066626,0.6951133030617308,0.04965469241142273,-0.8169828457925135,0.8454915809774113,-0.4028460867926032,-0.26387658193261326,-1.0227667441268167,0.5040128536767767,-0.7678894356093899,0.11329895202887945,0.17297134774100284,0.2930031238276729,0.1067198313081783,,,,,,,,,,,,,,
multi,vowel,phone,IPVS_EHC_6f100ca8,0,F,e,2,277,0.19474415034947995,-0.12964699778728142,0.6957754153691366,0.1689606927290648,0.7933199204013733,0.07910597627748273,-0.9738240611410427,0.8793468507017917,-0.32784568005336256,-0.20579424852918007,-1.059309100230297,0.3791568017157609,-0.584951050244941,0.0980709236094552,0.17343164097122557,0.23076980356069207,0.07722180268239494,,,,,,,,,,,,,,
multi,vowel,clean,IPVS_EHC_6f100ca8,0,F,i,1,606,-0.3024102491991861,-0.15432868349355655,0.33110845686642676,0.2018562522972678,0.4125941703198375,0.2412883968471171,-1.1143120201406898,1.3588991635939578,-0.6961448335058087,-0.2311509450754294,-1.2437835071276833,0.658872980092253,-0.8900239251676824,0.23619553992271208,0.45741574467227025,0.3251356340789339,0.2770885643602412,,,,,,,,,,,,,,
multi,vowel,phone,IPVS_EHC_6f100ca8,0,F,i,1,606,-0.07668196557314841,-0.10881708627873725,0.6850281580054498,0.22445254965306638,0.8252473181666253,0.5165763375359577,-1.349905177459612,1.4544071795848699,-0.6231078273811184,-0.1913384231278202,-1.4285498760067499,0.67746794852684,-0.8688063716546601,0.24559875259601152,0.5214740868780842,0.4871154975053714,0.28491697687370826,,,,,,,,,,,,,,
multi,vowel,clean,IPVS_EHC_6f100ca8,0,F,i,2,287,-0.014624919333209882,-0.39437233402549876,0.64462643448328,-0.10693975938537906,0.6930950702614866,0.06769690107058927,-0.8997972835867392,1.1252502900672097,-0.41788057922627886,-0.2760713882098308,-1.0207438374185838,0.592483559774095,-0.8685549479839257,0.21013538071780483,0.36894597484252767,0.3036349777615578,0.14294997576636984,,,,,,,,,,,,,,
multi,vowel,phone,IPVS_EHC_6f100ca8,0,F,i,2,287,0.17986707363514542,-0.2629818552835828,0.8573807949964711,-0.07235743251839125,0.9605450925627196,0.19049541187079655,-1.0566279521222748,1.1845832094980802,-0.5978341200792721,-0.13438116207804984,-1.1889528177377116,0.4918863209169035,-0.6262674829949534,0.20055520948429953,0.38508711715467075,0.2608070809523614,0.21770349996478522,,,,,,,,,,,,,,
multi,vowel,clean,IPVS_EHC_6f100ca8,0,F,o,1,496,0.3375878720075492,-0.80142988794602,1.2384053212684274,-0.6496389257227815,1.3957729038576152,-0.07758246002181264,-1.0923603085063447,1.4655471114104226,-0.903692562508103,-0.06348213889704854,-1.6407817982187207,1.3549520561359072,-1.4184341950329558,0.3471110028463059,0.3254833793971014,0.28508230945074703,0.2862565205918982,,,,,,,,,,,,,,
multi,vowel,phone,IPVS_EHC_6f100ca8,0,F,o,1,496,0.3247584573574514,-0.8049843393316205,1.2657770424481207,-0.6389090322308092,1.4305912372249885,0.029470000541050163,-1.168958663340383,1.3910313758674084,-0.7971063312268097,0.021732911017517117,-1.6509240117649104,1.128584113997101,-1.1068512029795838,0.33171614075239375,0.4071154625416947,0.3642663217467006,0.2845418342132954,,,,,,,,,,,,,,
multi,vowel,clean,IPVS_EHC_6f100ca8,0,F,o,2,285,0.575093105609654,-1.131164007193861,1.3671332130655212,-0.9870111053450066,1.5321546353791888,-0.48570199807484943,-0.8551380466996578,1.0688452312820835,-0.48822933740434593,-0.1773200180621175,-1.3508227181713484,1.2073508973358666,-1.3846709153979841,0.2504714011618883,0.3402955911543049,0.548011738690159,0.24723999362710364,,,,,,,,,,,,,,
multi,vowel,phone,IPVS_EHC_6f100ca8,0,F,o,2,285,0.6265101701195477,-1.1137967177650385,1.47026891248268,-1.0085682063771968,1.667955340000621,-0.38225115060109144,-0.9507385595151555,1.0054295571923952,-0.6047853071961486,-0.11924574075386538,-1.4118677050049542,0.9317634474290045,-1.0510091881828698,0.26703074261449833,0.24584149825991083,0.4466065808306664,0.2567964880017762,,,,,,,,,,,,,,
multi,vowel,clean,IPVS_EHC_6f100ca8,0,F,u,1,520,0.19081334029443753,-0.7282871740559737,0.8736951774798143,-0.5144065085989542,0.9554284013903294,-0.158921859633082,-0.8682540009419123,1.0942520772417386,-0.7301929970391285,-0.2622462022357071,-1.3160155772780762,0.864461499815568,-1.126707702051275,0.33515549692020935,0.4821534442688275,0.598881404898251,0.4376354015069005,,,,,,,,,,,,,,
multi,vowel,phone,IPVS_EHC_6f100ca8,0,F,u,1,520,0.6424318559181231,-0.9573988012778454,1.4742298285739543,-0.6740524676652291,1.5863666222072565,-0.061950613625156574,-1.1118910618317432,1.1573355175936832,-0.6969867654335804,-0.007689415262295649,-1.5304551768379333,0.9562321822039592,-0.9639215974662548,0.261833926038132,0.5316729649547599,0.6590656360808118,0.3046458571374078,,,,,,,,,,,,,,
multi,vowel,clean,IPVS_EHC_6f100ca8,0,F,u,2,298,0.46856951117515566,-0.6081302432550324,1.0897469465931258,-0.4393437266349792,1.229644846998983,-0.10119605561097463,-0.8595400614043077,1.2383421025342412,-0.4844593042300807,-0.25699511323538093,-1.2793542136748632,1.1417056494288975,-1.3987007626642785,0.11697373394188101,0.1267040927160673,0.21663004595780086,0.2807817098951416,,,,,,,,,,,,,,
multi,vowel,phone,IPVS_EHC_6f100ca8,0,F,u,2,298,0.6993248493307167,-1.0817331188254886,1.3829010271363789,-0.8474864003558954,1.4382810996638404,-0.40054162268837296,-0.7958901985651917,0.8735774200409651,-0.25656961848338444,-0.0890562197814385,-1.1238951845301521,0.7843611379464467,-0.8734173577278852,0.25686765572345616,0.12250152697344652,0.20111254264290704,0.3408168565096844,,,,,,,,,,,,,,
multi,vowel,clean,IPVS_EHC_40e93a8c,0,M,a,1,330,0.7837745815214484,-1.1047257263251025,1.3516176856226392,-0.8500989226229263,1.366994501665385,-0.43246965366180495,-0.8741691756730128,0.5770750636554728,-0.3530931265065164,0.10226509291114229,-1.1291861070526972,0.33650863044565976,-0.23424353753451746,0.17366831084404458,0.25524004527538974,0.34763068774621947,0.09953348227161106,,,,,,,,,,,,,,
multi,vowel,phone,IPVS_EHC_40e93a8c,0,M,a,1,330,0.8992952501231973,-0.8602388535033573,1.4828698863886824,-0.5474672397278776,1.4939084474486535,-0.1795666099648283,-1.0484632133986012,0.8061194584488568,-0.45446695688396993,0.022575040771202606,-1.3660280602146881,0.4764318401558381,-0.4538567993846355,0.2547939376207464,0.31859843706081287,0.27734651343079453,0.13895477685934293,,,,,,,,,,,,,,
multi,vowel,clean,IPVS_EHC_40e93a8c,0,M,a,2,272,0.5295762513287183,-1.1630808442104152,1.1232062349232232,-0.8237362205982208,1.1168396656469601,-0.38853743054517886,-0.7260501135776682,0.4294157789611235,-0.09049740969771292,0.3230336856823869,-0.8776620865867633,0.17175790641411412,0.15127577926827276,0.3946976980635915,0.251423212608174,0.2749837545519912,0.13124692977482458,,,,,,,,,,,,,,
multi,vowel,phone,IPVS_EHC_40e93a8c,0,M,a,2,272,0.6017431996581031,-1.0077321200472553,1.2151809452873905,-0.6653001557399587,1.2159407869344805,-0.24861323797121282,-0.8929321358843547,0.6075122096553082,-0.2318261357524046,0.2736187780775675,-1.072416165343872,0.21816938934938573,0.05544938872818176,0.25206628908594664,0.26495183807547434,0.23263302398136934,0.2187277772242822,,,,,,,,,,,,,,
multi,vowel,clean,IPVS_EHC_40e93a8c,0,M,e,1,421,0.7313896333982822,-0.29939843260723614,1.0404268216945438,0.019853926223257313,1.080975618934914,-0.30347843998270074,-0.5001252938518411,0.5346822141570301,-0.3353363592987475,-0.08491018025771431,-0.7376691253171137,0.21513622005289723,-0.3000464003106115,0.21953604356789908,0.1686634660873822,0.22081042120567462,0.19414285119053445,,,,,,,,,,,,,,
multi,vowel,phone,IPVS_EHC_40e93a8c,0,M,e,1,421,0.7764185988620336,-0.15323939536635584,1.182500969751079,0.22923845494453143,1.2752895038354066,-0.05031754730247226,-0.7826357448525109,0.7183270454995717,-0.41018920430081635,-0.17810880027623044,-0.9972522784716527,0.2597187313549368,-0.4378275316311672,0.31547695752641264,0.16359662763052513,0.16482777200981302,0.2570247899052836,,,,,,,,,,,,,,
multi,vowel,clean,IPVS_EHC_40e93a8c,0,M,e,2,301,-0.01439259691133025,-0.48320198692998834,0.3888345186222983,-0.14430229785692625,0.3449147110650553,-0.34030143570834104,-0.7917893810496146,0.5948257456785737,-0.4143849856616384,-0.24326957482330047,-0.9021083895755078,0.19064374659107536,-0.43391332141437583,0.31154198058685134,0.29143698075390617,0.4517845500936925,0.3757069314833342,,,,,,,,,,,,,,
multi,vowel,phone,IPVS_EHC_40e93a8c,0,M,e,2,301,0.22080336486437044,-0.3352933601779832,0.6095997749606549,0.027157723162714288,0.5948376736258933,-0.2416271060211224,-0.911309729705858,0.7305448923404045,-0.4071328267866735,-0.25053660143475504,-0.9623963643503453,0.18309482389762585,-0.4336314253323809,0.3241545802800144,0.24277699285937873,0.3326737548270911,0.3179154383190283,,,,,,,,,,,,,,
multi,vowel,clean,IPVS_EHC_40e93a8c,0,M,i,1,466,-0.11515288486012391,0.19146026708185673,0.37006460151502063,0.6214780836233071,0.42815940204475605,0.5618382917451007,-1.0146634933139598,1.3960099145237888,-0.5302864876708814,-0.0645216828212142,-1.1909278528764844,0.7223957434496177,-0.7869174262708319,0.3692459399564225,0.2990140273148154,0.2879147309117675,0.3238899258914775,,,,,,,,,,,,,,
multi,vowel,phone,IPVS_EHC_40e93a8c,0,M,i,1,466,0.07444673760661057,0.17715802251228263,0.6360437478870153,0.6028895306267908,0.6885746685521943,0.6444905916494983,-1.4053332237260683,1.4704760885664394,-0.5236360528639384,-0.039384505857846565,-1.4714047823633467,0.7148892844295395,-0.7542737902873861,0.34639069788276383,0.33466360714608173,0.38245280585816366,0.2626959264894198,,,,,,,,,,,,,,
multi,vowel,clean,IPVS_EHC_40e93a8c,0,M,i,2,283,0.008353590703847115,0.18030347688156262,0.43361937128312406,0.605621212320021,0.48532843894777244,0.4936628895893432,-1.1362496830566584,1.2625294381763503,-0.32883421972132565,-0.11890742213231081,-1.1320254893330803,0.6769306758712781,-0.795838098003589,0.1919883460407073,0.31378901945276877,0.2669308123310211,0.07513030128344404,,,,,,,,,,,,,,
multi,vowel,phone,IPVS_EHC_40e93a8c,0,M,i,2,283,0.06739112124805562,0.21496273202505725,0.5599929487321809,0.7343483555038073,0.585173236783485,0.6345714252246054,-1.441022425018556,1.3056383092849575,-0.32290088903834246,-0.03891217556090383,-1.3292888510994048,0.5163547904584666,-0.5552669660193704,0.2039356435907285,0.22739141017163308,0.3530309951882661,0.1257268670331515,,,,,,,,,,,,,,
multi,vowel,clean,IPVS_EHC_40e93a8c,0,M,o,1,488,0.735926989491294,-0.6266035417817077,1.2485966584106691,-0.4285759601463266,1.1964469285441093,-0.061239683557124364,-0.8717757005776677,1.007393444121695,-0.5820952765897017,0.0320451596029559,-1.2381834476983467,0.6062020269811762,-0.5741568673782202,0.3079800095286402,0.2705882115393444,0.4223972685237308,0.48611498423107197,,,,,,,,,,,,,,
multi,vowel,phone,IPVS_EHC_40e93a8c,0,M,o,1,488,0.7396374084815687,-0.3647572364227301,1.2730196989109728,-0.17859353419063853,1.2196763510606727,0.1968864084911995,-1.1092208218919177,1.1921141976807392,-0.5364103637585024,0.010198426641979995,-1.431533622295678,0.6902473597172775,-0.6800489330752975,0.3369703901955499,0.31546097098522546,0.34756679390706674,0.5094646403281212,,,,,,,,,,,,,,
multi,vowel,clean,IPVS_EHC_40e93a8c,0,M,o,2,273,0.7396427781292887,-0.7923810467575536,1.1851518494613242,-0.5702181164062384,1.1655628710985184,-0.3904224504124035,-0.8332775776133393,0.9176822629841891,-0.4485064120906772,-0.0942267298246875,-1.194380911733165,0.7546088230767937,-0.8488355529014812,0.15158313725460115,0.1364013842176245,0.14726389266045098,0.24045991682858178,,,,,,,,,,,,,,
multi,vowel,phone,IPVS_EHC_40e93a8c,0,M,o,2,273,0.8881874237096671,-0.7953446444236871,1.381991444934498,-0.5149362343730348,1.3509098767331151,-0.2291882549271439,-0.8981568108905446,0.9298078657099695,-0.4868027870402192,-0.03358773936827977,-1.315889352018183,0.7764866224744104,-0.8100743618426901,0.16653162571848673,0.10157737152997678,0.11203409944204284,0.28135919560710626,,,,,,,,,,,,,,
multi,vowel,clean,IPVS_EHC_40e93a8c,0,M,u,1,536,-0.08776981471488195,-0.0944437672910483,0.4059598287625342,0.10670077735963075,0.415897655375996,0.24714030205092816,-0.9027841708489827,1.3126532947239669,-0.8017708300988867,-0.24486773528204941,-1.275074988557315,0.7995644276614607,-1.0444321629435103,0.3681301597625494,0.3217438377947019,0.3530687071908846,0.25387779490198087,,,,,,,,,,,,,,
multi,vowel,phone,IPVS_EHC_40e93a8c,0,M,u,1,536,0.18233120321116833,-0.11185660439988841,0.7255147296171751,0.12195377061085672,0.7620889415837223,0.27440167611800365,-1.1237881933310017,1.3482279236549917,-0.7823187437672052,-0.3309620594640511,-1.4996704534158944,0.8587808867349572,-1.1897429461990083,0.3213494944732838,0.3850453115863231,0.33320574968681066,0.24457399246657557,,,,,,,,,,,,,,
multi,vowel,clean,IPVS_EHC_40e93a8c,0,M,u,2,278,0.06965425823416029,-0.16942424114261354,0.5935702781592097,0.19818750183497155,0.6424515962245918,0.43780129376266685,-1.0329764506646566,1.2285160264443784,-0.5175383836917934,-0.15609063536283516,-1.3292235324070567,0.8027126246708489,-0.9588032600336841,0.09189045999355622,0.23265845624746245,0.4305982455676257,0.17913649946796817,,,,,,,,,,,,,,
multi,vowel,phone,IPVS_EHC_40e93a8c,0,M,u,2,278,0.3854418455490044,-0.017051718508203823,0.916498913651421,0.3976858775353148,1.009834091755606,0.4930660392024687,-1.1213807167396659,1.262235623385225,-0.6490920637512491,-0.22852324543609506,-1.490829170991977,0.8026393225327844,-1.0311625679688794,0.14627292112288978,0.23009680262990145,0.41951293901803877,0.2677445000126007,,,,,,,,,,,,,,
multi,vowel,clean,IPVS_EHC_6d20d216,0,F,a,1,471,0.2982014979469481,-0.4834313733312351,0.8926022049079093,-0.13814713476824675,1.061114428110763,0.013517045458719503,-0.8207491970630922,0.8507497758989621,-0.5520969109063435,-0.33426378780561283,-1.229224837816225,0.6076964945943744,-0.9419602823999872,0.21327584707396713,0.17461302710653176,0.31856090961441813,0.16254202446428298,,,,,,,,,,,,,,
multi,vowel,phone,IPVS_EHC_6d20d216,0,F,a,1,471,0.4617304592376884,-0.4481905763541009,1.1038172648357418,-0.13856394883811263,1.2697623692215962,0.012541470805663523,-0.9557505522726282,0.9290188357181347,-0.5652103405643267,-0.20114959918568076,-1.3203562002089335,0.6292725503115583,-0.830422149497239,0.19366190539866765,0.246598930952688,0.33061372980413006,0.16375970016518082,,,,,,,,,,,,,,
multi,vowel,clean,IPVS_EHC_6d20d216,0,F,a,2,270,0.41521008055151243,-0.78749065855403,0.864944424526191,-0.498218440991125,0.9423804238070677,-0.3272415221105387,-0.7296862852426222,0.6285104213489426,-0.3656010157716127,-0.1627999935069202,-1.075852624060195,0.5619459441851502,-0.7247459376920704,0.2649682547164391,0.35438705965273065,0.543297209906,0.17908188067058947,,,,,,,,,,,,,,
multi,vowel,phone,IPVS_EHC_6d20d216,0,F,a,2,270,0.743935180299076,-0.8302856560474561,1.2773212330576815,-0.4929552964038319,1.3702353459817391,-0.2319694341700754,-0.808624334357403,0.6876963034824088,-0.41679175749973013,0.06073387054565512,-1.1593447616438808,0.48467997313235645,-0.42394610258670135,0.15803677131845664,0.2367192688120557,0.38267901690795486,0.11263459896392156,,,,,,,,,,,,,,
multi,vowel,clean,IPVS_EHC_6d20d216,0,F,e,1,551,0.33920666904067703,-0.38760309132924614,0.9388098585731673,-0.02130589699457059,1.1537976867752853,0.005145658584159667,-0.506114385009172,0.33749282663952546,-0.21501926704115737,0.179810651119382,-0.5834534809758656,-0.07838608660479146,0.25819673772417345,0.3160300477193213,0.19698096736418286,0.3812076277989287,0.27943423009643065,,,,,,,,,,,,,,
multi,vowel,phone,IPVS_EHC_6d20d216,0,F,e,1,551,0.4558956678000102,-0.34498240260739343,1.098077199205171,0.016205547169256065,1.2830851214890033,0.05986765526752818,-0.6834674185856592,0.46140444782925516,-0.1291261259972869,0.19291867564497037,-0.6879012628804521,0.011628638688486148,0.1812900369564842,0.3963155603383621,0.24799818555128192,0.4124578178502086,0.35760999972612156,,,,,,,,,,,,,,
multi,vowel,clean,IPVS_EHC_6d20d216,0,F,e,2,342,0.4586896903595878,-0.7377970162959933,0.955881580999754,-0.42782700864724743,1.0637791190043235,-0.35346366103413035,-0.4384394982486095,0.16214620546229835,0.08684863244156235,0.11005231343860765,-0.41582200175277817,-0.0662187585082737,0.17627107194688135,0.3482500199946774,0.18321177388817822,0.5202864322328221,0.3471211234849483,,,,,,,,,,,,,,
multi,vowel,phone,IPVS_EHC_6d20d216,0,F,e,2,342,0.670785406116143,-0.6641274173427554,1.2237794055666738,-0.3515834024953611,1.395178079749774,-0.38106191151061103,-0.5791408070227475,0.2120902695629782,0.06621294823086378,0.22187939665994597,-0.4635135796535941,-0.1781198403987925,0.39999923705873847,0.28777600180513907,0.1809669017440647,0.45199371674529915,0.2447510798210155,,,,,,,,,,,,,,
multi,vowel,clean,IPVS_EHC_6d20d216,0,F,i,1,679,-0.5675542770650392,0.16374503604357282,0.050745410229874124,0.6476842000315417,0.16709717339437574,0.5801741407961017,-1.0566493180969816,1.5237862792749568,-0.707180861556734,-0.49516716541171363,-1.314115459003775,0.7715378021161029,-1.2667049675278166,0.2625867983308457,0.314587530914347,0.43121699515576073,0.22542630430931646,,,,,,,,,,,,,,
multi,vowel,phone,IPVS_EHC_6d20d216,0,F,i,1,679,-0.2050462204115898,0.09503504673979976,0.459275065322377,0.5528341529931882,0.6339879712513432,0.5832160052576975,-1.0277250623353245,1.2956091891291088,-0.481116923259931,-0.10962292797918133,-1.1505394282142807,0.5625967157089259,-0.6722196436881072,0.26349190796389477,0.22627170052333997,0.3861967125353919,0.21497931802713457,,,,,,,,,,,,,,
multi,vowel,clean,IPVS_EHC_6d20d216,0,F,i,2,281,-0.1622901458359329,0.14860558844882354,0.3342759306790561,0.4811520788091174,0.5714712575871563,0.3581078391985075,-0.9770200781568268,1.2330546717671953,-0.4464547134186389,-0.42460260791538734,-1.2026147701331145,0.8149335060665417,-1.239536113981929,0.22246060727748693,0.3583910019679453,0.5172198653165684,0.1611427827069192,,,,,,,,,,,,,,
multi,vowel,phone,IPVS_EHC_6d20d216,0,F,i,2,281,0.21309811017922395,0.03856127907538555,0.7545629937267868,0.34843713212648086,0.9841086919138418,0.2971361612779854,-1.0619755218014915,1.1464314712927892,-0.45326491511432376,-0.09586292214294863,-1.2323397069993103,0.640243008776882,-0.7361059309198306,0.14040365844542127,0.5551203732592325,0.7640701989934544,0.0922738756435977,,,,,,,,,,,,,,
multi,vowel,clean,IPVS_EHC_6d20d216,0,F,o,1,554,0.3588963599351352,-0.4578638276207947,1.0835273964944,-0.35540794737324743,1.2070719328915287,0.04210613828576253,-0.9297129513617761,1.1264866960798194,-0.6775213698159435,0.036751342892736016,-1.3811703904303247,0.8779703733974142,-0.8412190305046782,0.36631146599973136,0.4495440775664607,0.6594921067342122,0.32510091651042466,,,,,,,,,,,,,,
multi,vowel,phone,IPVS_EHC_6d20d216,0,F,o,1,554,0.5475550608452923,-0.3399705897994384,1.2853431683368313,-0.2570355207977181,1.4523001622386322,0.11287983618453591,-1.1101660507167885,1.173228593643554,-0.6055915886145866,0.03566712930709302,-1.460160300760212,0.8394836255622481,-0.803816496255155,0.4594484579966475,0.3685686415498806,0.5257135480890829,0.40392524763300286,,,,,,,,,,,,,,
multi,vowel,clean,IPVS_EHC_6d20d216,0,F,o,2,306,0.3755627230781576,-0.7006535060379816,0.9721189670102752,-0.5634161736816168,1.0432116244312213,-0.25193837179761863,-0.6249028000494709,0.7287006953164287,-0.45244688945619954,-0.1911211818780588,-1.1185194723632024,0.7022544241145902,-0.8933756059926489,0.2326233348782948,0.28660699522159677,0.28252607426151394,0.22995061284351576,,,,,,,,,,,,,,
multi,vowel,phone,IPVS_EHC_6d20d216,0,F,o,2,306,0.603464557343851,-0.6875473340244397,1.312089789982723,-0.4885492601796337,1.4736918006902155,-0.029889796172147213,-0.897828857211963,0.884319107817567,-0.44365164831928583,0.04018675928692455,-1.319911945125331,0.7113334257155657,-0.6711466664286412,0.2524070178349869,0.2675152950328458,0.37911197080070747,0.2766957699285754,,,,,,,,,,,,,,
multi,vowel,clean,IPVS_EHC_6d20d216,0,F,u,1,620,0.13148851031737943,-0.4169683592614307,0.7905955574605413,-0.22511845130112865,0.891425383667792,0.1302433382439357,-0.7475813301580567,1.31533833697278,-0.5458027929948863,-0.045814660337743576,-1.0805132645032098,0.8215028033842162,-0.8673174637219598,0.29075362764059665,0.31437757727923343,0.3928818087738064,0.3320057385757542,,,,,,,,,,,,,,
multi,vowel,phone,IPVS_EHC_6d20d216,0,F,u,1,620,0.25454690471611996,-0.44506250053483953,1.0622485476315662,-0.18635311927045545,1.2554272161696547,0.27661164669740584,-1.124443564403762,1.4216619017784313,-0.7075548832134534,-0.1882872296276913,-1.498098544165572,0.9194566590951816,-1.1077438887228728,0.3989284211829107,0.26415110121750984,0.32344711744992277,0.31804456438200945,,,,,,,,,,,,,,
multi,vowel,clean,IPVS_EHC_6d20d216,0,F,u,2,277,0.019479935219187935,-0.17848313015378164,0.5212176973948222,0.03799958179096976,0.5802889036204286,0.08458901459942321,-0.8673142846116049,1.2484227674093076,-0.6675867764000407,-0.4907585660408357,-1.305057836506895,1.0103082044418166,-1.5010667704826521,0.0587453357920174,0.14028802076617208,0.11935483895499197,0.11497671305153138,,,,,,,,,,,,,,
multi,vowel,phone,IPVS_EHC_6d20d216,0,F,u,2,277,0.4068045103978254,-0.3049763145739447,0.9894688566644748,0.015123054652870772,1.138561004293179,0.17297105910535343,-1.0322098864052824,1.2010248499716114,-0.6528203470442824,-0.30168945775060596,-1.4492026929726858,0.901809609734905,-1.203499067485511,0.04346586514079646,0.13363814885863717,0.12300414624090868,0.11726700425198115,,,,,,,,,,,,,,
multi,vowel,clean,IPVS_EHC_997af7b3,0,F,a,1,510,0.3240288362101792,-0.6614154907418233,0.8541766027706901,-0.3211756939299745,0.934148477913897,-0.20232596681788076,-0.661926278783605,0.748886241364518,-0.7987508964207437,-0.19052580764724147,-1.271270978781912,0.8579356553690398,-1.0484614630162814,0.270262078768461,0.37785974660249383,0.43516389022352775,0.3672638024507329,,,,,,,,,,,,,,
multi,vowel,phone,IPVS_EHC_997af7b3,0,F,a,1,510,0.9386292834297504,-0.946102991505386,1.4455885700151032,-0.607534934395279,1.4915776355983386,-0.40462400321087805,-0.6688798553024242,0.5821623902256582,-0.8029211508292778,-0.08655690959368656,-1.2788434470790664,0.5427747282376086,-0.6293316378312952,0.2554953669622917,0.2796025243963677,0.304555955706805,0.2845454711168723,,,,,,,,,,,,,,
multi,vowel,clean,IPVS_EHC_997af7b3,0,F,a,2,252,0.16456537154552184,-0.5797474000995096,0.6683537114999796,-0.22812068668243132,0.7232819293674669,-0.29888278471404,-0.5667702294886112,0.5948937214714917,-0.23585363771570356,0.12041245003868091,-0.8530364817400512,0.6284611023545853,-0.5080486523159045,0.14768174538665732,0.41257981771667296,0.70044641985287,0.1863878203251049,,,,,,,,,,,,,,
multi,vowel,phone,IPVS_EHC_997af7b3,0,F,a,2,252,0.6669208062322516,-0.8864524982085353,1.2056898792323314,-0.446296112317788,1.2465518271844638,-0.35088381298670646,-0.6090980279994639,0.5154565605580023,-0.34054223310790566,0.12721366998984626,-0.9910672299171749,0.4112239490924893,-0.2840102791026431,0.1817892596967233,0.2946944405640425,0.4170873938414549,0.22524256154148736,,,,,,,,,,,,,,
multi,vowel,clean,IPVS_EHC_997af7b3,0,F,e,1,744,0.3076481835783592,-0.4347451120016298,0.738899395801127,0.09967907065791744,0.6688347481124636,0.0855156285688281,-0.28862194816714953,0.5443681489559822,-0.43159963227143244,-0.04087497118494606,-0.5997489224370968,0.18169791369915142,-0.2225728848840975,0.14167036736021077,0.3997925679486143,0.40921884695042055,0.1365536243013439,,,,,,,,,,,,,,
multi,vowel,phone,IPVS_EHC_997af7b3,0,F,e,1,744,0.6983106794567513,-0.599730335941006,1.1084166345452624,-0.06641349196434021,1.0753193842912359,-0.07942089371915374,-0.5256866883885648,0.5857118909978973,-0.592926071590877,-0.17433219355630822,-0.9032215337335531,0.21810141335507588,-0.3924336069113841,0.09245423690396601,0.2128148083607254,0.29410451898594014,0.08649090450848951,,,,,,,,,,,,,,
multi,vowel,clean,IPVS_EHC_997af7b3,0,F,e,2,259,0.2883083004101067,-0.3470782163036857,0.6385134401594758,0.025951202792726506,0.6510933191533301,-0.26248304783159,-0.47751636556379357,0.44367077671418526,-0.6848242821017648,-0.2102997171081555,-0.7583533765593912,0.18379075317435964,-0.39409047028251515,0.08198038866770874,0.14609155614266756,0.16340757930739913,0.13612864842474084,,,,,,,,,,,,,,
multi,vowel,phone,IPVS_EHC_997af7b3,0,F,e,2,259,0.7595180255971896,-0.5172106864725708,1.0930689671996292,-0.015218167358143315,1.0955844001405557,-0.18608385903440464,-0.663954866160253,0.46193304188122414,-0.8424915265125833,-0.1554527215327427,-1.0260170614643462,0.21606692497375285,-0.37151964650649555,0.1271593216195062,0.15129655509172377,0.15284398212283906,0.16613400982003002,,,,,,,,,,,,,,
multi,vowel,clean,IPVS_EHC_997af7b3,0,F,i,1,774,-0.10242429193381077,-0.1509932279586792,0.38003071675740596,0.20882214656971043,0.3644721923084218,0.11906243656070448,-0.5418205763585066,0.6828789330715146,-0.864601570585255,-0.2522995222056117,-0.9742522459365267,0.3440951700142461,-0.5963946922198577,0.35842076690711533,0.13794200606258286,0.2721447832970626,0.36000687266164483,,,,,,,,,,,,,,
multi,vowel,phone,IPVS_EHC_997af7b3,0,F,i,1,774,0.49450066052537106,-0.5604570285764887,0.8916061470692761,-0.08759763174942123,0.8345956050914756,-0.02141335139714597,-0.5532610778069291,0.556012262522279,-0.751307300487813,-0.2369305476658206,-1.0296939802975613,0.237353515703343,-0.4742840633691636,0.24858732359474123,0.35105060531390875,0.42081264420499925,0.41062804995842256,,,,,,,,,,,,,,
multi,vowel,clean,IPVS_EHC_997af7b3,0,F,i,2,265,0.030211609302076902,-0.2017154815436909,0.6366264559562851,0.12780174706716957,0.7704619429771256,0.12989536283900902,-0.7879213840706544,0.9077515978858156,-0.6187901494075667,-0.38209705940395033,-1.1610267151076838,0.7190379019030048,-1.101134961306955,0.32183455281989304,0.3791772114771613,0.540683891564835,0.36063523943266873,,,,,,,,,,,,,,
multi,vowel,phone,IPVS_EHC_997af7b3,0,F,i,2,265,0.47870209888092374,-0.4457572636739263,0.9895211911801273,0.02690043164499151,1.0689276348120011,-0.053376047866149516,-0.6290912888709854,0.5848497236674687,-0.6577153791609051,-0.35062406825944314,-1.089741588388599,0.24879295916630412,-0.5994170274257472,0.3823909098550079,0.4009552629985769,0.5222817107313675,0.430128890169566,,,,,,,,,,,,,,
multi,vowel,clean,IPVS_EHC_997af7b3,0,F,o,1,504,0.38455564185584845,-0.75094765414925,0.8734919917034475,-0.35682065304564803,0.8662527551580417,-0.3980068484027135,-0.2504076235192387,0.23825941454178015,-0.7359845116244335,-0.06885410618576172,-0.7815442550927401,0.11275979881419947,-0.1816139049999612,0.30615604854127804,0.3961353866906384,0.4373548533459691,0.38222298804055277,,,,,,,,,,,,,,
multi,vowel,phone,IPVS_EHC_997af7b3,0,F,o,1,504,0.7486513974635225,-0.6418244390699425,1.08806058127237,-0.15967644863810979,1.0690284177268807,-0.3776794526431906,-0.2180958396608108,0.1322107997379805,-0.8977285113283678,-0.1268235061954903,-0.8529672553076556,0.03470066144731582,-0.1615241676428061,0.374234216833538,0.2528452161339392,0.4036919500658125,0.31687307315177865,,,,,,,,,,,,,,
multi,vowel,clean,IPVS_EHC_997af7b3,0,F,o,2,291,0.32456914944308146,-0.6955778409753527,0.7634538110664912,-0.4388377674988338,0.7841381703104292,-0.6525373767954963,-0.32353457723345075,0.20305115682738167,-0.7834513685532979,-0.25895214808838707,-0.8414175151075636,0.19465432048908302,-0.4536064685774701,0.38865028325682743,0.2101623240869842,0.36128521656587365,0.5376425042077293,,,,,,,,,,,,,,
multi,vowel,phone,IPVS_EHC_997af7b3,0,F,o,2,291,0.7172486819539752,-0.7917864491258348,1.0477994542462485,-0.3119121719258172,0.9848272158418383,-0.537173781991005,-0.18370943878378188,0.10330233961343765,-0.6936394218036107,0.052035832490239825,-0.7144960015160697,-0.14959975031869752,0.20163558280893734,0.38803114669967176,0.24223620063546145,0.30894938263244254,0.5256308722824946,,,,,,,,,,,,,,
multi,vowel,clean,IPVS_EHC_997af7b3,0,F,u,1,472,0.13474297990471545,-0.4750221355385344,0.6457089603366987,-0.15744409988253888,0.6888330707877455,-0.315652585312934,-0.2547274120676685,0.13755388824190473,-0.9648371844644278,-0.24590735150579834,-0.8592269395438719,0.020379149971503606,-0.266286501477302,0.639524583976752,0.5259139953057195,0.44402600158577765,0.6596573474264213,,,,,,,,,,,,,,
multi,vowel,phone,IPVS_EHC_997af7b3,0,F,u,1,472,0.6095525740947522,-0.6991377848554665,0.9602944789008355,-0.16129577600620162,0.9269887378937761,-0.32273930841138665,-0.2852179384987119,0.08073340044160124,-1.0326387888528932,-0.059611060866482664,-0.8730493783950806,-0.1789812988299929,0.11937023796351023,0.4855536144045679,0.4137171979121792,0.4317711391377989,0.4382771863631733,,,,,,,,,,,,,,
multi,vowel,clean,IPVS_EHC_997af7b3,0,F,u,2,290,-0.029919145264844786,-0.4347823327300192,0.4800136613434759,-0.1995848239153281,0.5987310681877465,-0.3515375518593295,-0.3128344676104085,0.19392982874622292,-0.7340274874506325,-0.1926855376397056,-0.8236223839480301,0.11227682846245067,-0.30496236610215627,0.402794625321728,0.37807063097972166,0.33816130393907934,0.4904639554367724,,,,,,,,,,,,,,
multi,vowel,phone,IPVS_EHC_997af7b3,0,F,u,2,290,0.473250490666806,-0.6461057471132826,0.9009677915052435,-0.18308184450042658,0.9672506526968945,-0.2839356738774256,-0.34699153026630136,0.1127002823712497,-0.7992827748430187,-0.06390954596900392,-0.8646216697391422,-0.12925857875025135,0.06534903278124743,0.42718750660145616,0.6596065152645045,0.5642009345915249,0.5662151748960624,,,,,,,,,,,,,,
multi,vowel,clean,IPVS_EHC_639d115c,0,F,a,1,587,0.6230508298019511,-0.4979889866903889,0.8381043698733657,-0.35312344074755825,0.7939905995350046,-0.4356111643081346,-0.1995146030364901,0.5356956449028621,-0.4191092781870291,-0.3668588481569088,-0.6957797839519998,0.5940331620277662,-0.9608920101846751,0.1595771320447618,0.2256403420621817,0.23644559631539314,0.14862601716144203,,,,,,,,,,,,,,
multi,vowel,phone,IPVS_EHC_639d115c,0,F,a,1,587,0.8364199334518092,-0.6628556078875031,1.1142487013052949,-0.4018170549494687,1.0579342235924503,-0.42580286998080125,-0.31475824801509844,0.5139699060543739,-0.4443979112183406,-0.24282998682419235,-0.7428360430697881,0.46567509316235106,-0.7085050799865434,0.1558362269133178,0.20587787171428698,0.1983351491413108,0.15589619929724402,,,,,,,,,,,,,,
multi,vowel,clean,IPVS_EHC_639d115c,0,F,a,2,284,0.6096602092648662,-0.6938332998475363,0.8283989000632319,-0.7015046337836011,0.8466004376667876,-0.7436482651635657,-0.3636241887891015,0.36769958147995696,-0.27355034103573755,-0.15328695651057156,-0.8149869259186956,0.680855001225461,-0.8341419577360326,0.06543530848601883,0.2469470853055501,0.2918829641014396,0.04973365961281102,,,,,,,,,,,,,,
multi,vowel,phone,IPVS_EHC_639d115c,0,F,a,2,284,0.7750397754269976,-0.8056666100787562,1.0583694392685281,-0.7852817382230315,1.1268752072612906,-0.7039372634229272,-0.4204201097925042,0.365680226969511,-0.2498776999323867,-0.10345041582923989,-0.8101268065010392,0.5278542567109472,-0.6313046725401872,0.05783135139559538,0.27841755074717167,0.22388592311604186,0.045863021788175265,,,,,,,,,,,,,,
multi,vowel,clean,IPVS_EHC_639d115c,0,F,e,1,347,0.08452123645960428,0.17515615227690154,0.3878850144062316,0.6031025303750517,0.39868924863030464,0.3242044413203828,-0.5042145695697748,0.835608199381372,-0.4087657387319364,-0.24145029230337395,-0.87365965281377,0.5352566233394962,-0.7767069156428701,0.3761058856211307,0.259578746810025,0.3670289585932359,0.32549134435474764,,,,,,,,,,,,,,
multi,vowel,phone,IPVS_EHC_639d115c,0,F,e,1,347,0.39615731511675,0.05333644686418287,0.7815595583624817,0.5115921326944132,0.829279761565359,0.35461913576821963,-0.569133418955301,0.7928125582029375,-0.34259875803187706,-0.23004450139246488,-0.9062010778836086,0.3781687059132249,-0.6082132073056897,0.37905479898338656,0.2741464733698239,0.37055395160433724,0.32956620606193404,,,,,,,,,,,,,,
multi,vowel,clean,IPVS_EHC_639d115c,0,F,e,2,289,-0.06818200034754617,0.2838634615285056,0.19900746038981845,0.8405833527020046,0.23396253858293806,0.35447371755327495,-0.1481372146521296,0.4161045778649194,-0.19971169165202549,-0.11945671877690724,-0.3485598929652146,-0.0741029138650213,-0.04535380491188594,0.16797351969753588,0.38776435555558564,0.612577658712907,0.3524054030844154,,,,,,,,,,,,,,
multi,vowel,phone,IPVS_EHC_639d115c,0,F,e,2,289,0.1664500437464033,0.18379708647727966,0.488946231177875,0.6878701433113643,0.5162812621252877,0.3110983697005681,-0.3749595184411321,0.48463914854185924,-0.1645318648644856,-0.004782251673085349,-0.5380601856325354,-0.10132547469011374,0.0965432230170284,0.2867149007233129,0.43976726470131683,0.5526497827817709,0.31403335409746536,,,,,,,,,,,,,,
multi,vowel,clean,IPVS_EHC_639d115c,0,F,i,1,514,-0.5389741520727834,0.5547289543094174,0.00495724456925546,0.9529934033270805,0.1614108490847772,0.8408038372955015,-1.1076256954862225,1.706817332054338,-0.9007464045478452,-0.4071688223870531,-1.3593084349627456,0.9342786849506439,-1.341447507337697,0.24428031495128105,0.21182193945372665,0.3728072063346973,0.24954391392325617,,,,,,,,,,,,,,
multi,vowel,phone,IPVS_EHC_639d115c,0,F,i,1,514,-0.02835806074642366,0.28044500971032726,0.5552329923837416,0.7673188997853186,0.6694432302348076,0.8059517938763865,-1.1258860106910429,1.518681041656002,-0.7527327152509843,-0.34012680345725627,-1.3769247546311347,0.8482021754787814,-1.1883289789360376,0.2774171347854019,0.2946164924186098,0.4115244618622993,0.18767697696339275,,,,,,,,,,,,,,
multi,vowel,clean,IPVS_EHC_639d115c,0,F,i,2,289,-0.48105491161346436,0.2411342055456979,0.03935756146907807,0.6452853088719505,0.18942192256450652,0.5853017841066633,-0.9823622916425977,1.3971976951190404,-0.3835714119672775,-0.308714676456792,-1.0793631712027958,0.7521579704646554,-1.0608726469214473,0.4974002413980743,0.6365901600180899,0.4823725918089023,0.31647252582531793,,,,,,,,,,,,,,
multi,vowel,phone,IPVS_EHC_639d115c,0,F,i,2,289,0.024121761322021484,0.06625737513814654,0.5761181803260531,0.5546425877298627,0.712911913905825,0.6546230850900923,-1.0039632330621993,1.262030634709767,-0.4665226436512811,-0.23928407907485963,-1.1913271579572133,0.7051198916030782,-0.9444039706779378,0.4911967190337586,0.7120837500714524,0.5984877998394751,0.37472280183196927,,,,,,,,,,,,,,
multi,vowel,clean,IPVS_EHC_639d115c,0,F,o,1,469,0.588096860493451,-0.4505804147926742,1.0825757482237193,-0.3531246213209503,1.125287909021226,-0.23779449035337874,-0.6837312205309581,0.9570098546705482,-0.5830242328424757,-0.25105435130031706,-1.1267567597355943,0.872167046843327,-1.123221398143644,0.2528547007682668,0.2965571288142703,0.37244378402040773,0.20746985377703517,,,,,,,,,,,,,,
multi,vowel,phone,IPVS_EHC_639d115c,0,F,o,1,469,0.8491958495584899,-0.47839648747823266,1.3712847023781112,-0.34248813481297175,1.439812798487424,-0.19946415490691316,-0.6906165780743103,0.8912314421928392,-0.33177156056616414,-0.17976800064052795,-1.0656663592470408,0.8120530989060554,-0.9918210995465833,0.24244981472281527,0.24279330910731306,0.39387135488711084,0.1378782971285317,,,,,,,,,,,,,,
multi,vowel,clean,IPVS_EHC_639d115c,0,F,o,2,325,0.6510226987875425,-0.589239466113922,1.079518753901506,-0.5314225205244162,1.0923790314258672,-0.48490511178970336,-0.7286533320561434,0.8906918332744868,-0.8569373651192739,-0.6839531975296828,-1.3053280996970642,0.8992849169728848,-1.5832381145025676,0.2584058885627912,0.4038291894274273,0.28688692470580535,0.20964982526041756,,,,,,,,,,,,,,
multi,vowel,phone,IPVS_EHC_639d115c,0,F,o,2,325,0.9630414348382216,-0.6411808784955587,1.3859842862838354,-0.6130033287482384,1.5046088093366379,-0.6361012374743437,-0.7528943087810125,0.7940453023482592,-0.7512736370166143,-0.4929477204879125,-1.3009119961506281,0.7831277014639897,-1.2760754219519022,0.33237967347709974,0.2730101318145371,0.3140833085499724,0.2627568829491621,,,,,,,,,,,,,,
multi,vowel,clean,IPVS_EHC_639d115c,0,F,u,1,660,-0.32948389028509456,-0.03225240250579035,0.36077061103600444,0.21105614259387506,0.5617109490840724,0.3500755358148705,-0.9085940366817845,1.3539948808123368,-0.6758226209291907,-0.1663091460224053,-1.1819022949220557,0.8939927329845501,-1.0603018790069554,0.28697087469884225,0.37999536605186357,0.5958967967023439,0.21168140435025531,,,,,,,,,,,,,,
multi,vowel,phone,IPVS_EHC_639d115c,0,F,u,1,660,0.2556257217821449,-0.1751759708529771,0.8494275622446128,0.0008820457139400521,1.0301067743337515,0.050036764016958196,-0.7072090665536999,1.0098355423771974,-0.5994818572594662,-0.22880995066629517,-1.0518742325536983,0.7236549541203663,-0.9524649047866615,0.25094010785039117,0.20602487407293055,0.3423626028638985,0.17778870247047274,,,,,,,,,,,,,,
multi,vowel,clean,IPVS_EHC_639d115c,0,F,u,2,308,0.0318829398001394,-0.13023382024739377,0.732285727576543,0.08532847800562458,0.8199333138363336,0.4103660496973222,-1.2084521160971733,1.544002793168509,-0.6153086219583789,-0.2792937940246956,-1.475418628543936,1.109924856693514,-1.3892186507182096,0.5153453163326482,0.5386008979779179,0.6402766973382369,0.551795872938948,,,,,,,,,,,,,,
multi,vowel,phone,IPVS_EHC_639d115c,0,F,u,2,308,0.3428749585504173,-0.23627823743448462,1.0600656814152194,-0.05710840465561036,1.1815783275711922,0.2719381750431112,-1.0839656194051106,1.1796909631580434,-0.20859860829127733,-0.06162363543145118,-1.2096419358445751,0.7453260761835883,-0.8069497116150395,0.36720141282094365,0.26918578119159636,0.49802714057243697,0.3635167885821308,,,,,,,,,,,,,,
multi,vowel,clean,IPVS_EHC_4afb35f7,0,M,a,1,688,0.6856333897021658,-0.995681663642183,1.0690107532025535,-0.7224324280081164,1.088626423139791,-0.5912797102605664,-0.7190069635421181,0.6893752303316397,-0.3701597423549148,0.06656739822980287,-1.0230645575529136,0.5616758078075765,-0.4951084095777737,0.1686524244575989,0.12835023591022096,0.17917541904639203,0.21897995525176764,,,,,,,,,,,,,,
multi,vowel,phone,IPVS_EHC_4afb35f7,0,M,a,1,688,0.9181102897234009,-1.0490849146592445,1.3879097128187976,-0.7557828749579508,1.4742886650821436,-0.4824967703597557,-0.8758115022294763,0.8192014199758065,-0.5497466284727704,0.10470564871270588,-1.2400316553649262,0.6708382628723115,-0.5661326141596057,0.13025131957774708,0.09168476357365284,0.17678483377436577,0.18410537306617097,,,,,,,,,,,,,,
multi,vowel,clean,IPVS_EHC_4afb35f7,0,M,a,2,286,0.8537774749620016,-0.9634999390258345,1.3267604365598324,-0.6354229599237442,1.4441478592018748,-0.526591413589411,-0.6313496317801087,0.4781355127518953,-0.2414490473131801,0.2784926371952129,-0.8244651382745698,0.27921441755105936,-0.000721780355846466,0.5639496743875754,0.35597368923892714,0.6388781973960185,0.37190717243332555,,,,,,,,,,,,,,
multi,vowel,phone,IPVS_EHC_4afb35f7,0,M,a,2,286,0.9106993936868601,-1.1032629298955896,1.4918516676786333,-0.7193032835805139,1.6410990922256958,-0.4082541313282279,-0.8458002231322056,0.6176980208432259,-0.3306966838968355,0.3892253770731216,-0.9747994087289932,0.3735668263181524,0.015658550754969202,0.5036883874123222,0.45656983891154684,0.5841274560302937,0.2897947028246715,,,,,,,,,,,,,,
multi,vowel,clean,IPVS_EHC_4afb35f7,0,M,e,1,554,-0.14604049216130535,0.26026552206206466,0.17105201431020292,0.7494168555486702,0.2201492357218337,0.342345450497316,-0.38853265157716715,0.6047404538282377,0.05408942572281746,-0.08255254067926707,-0.4224627143117839,0.035359151605628206,-0.11791169228489527,0.3369262077330064,0.3102839411355826,0.3468313921384476,0.34731447025141216,,,,,,,,,,,,,,
multi,vowel,phone,IPVS_EHC_4afb35f7,0,M,e,1,554,0.12004750105970634,0.15979271913003065,0.4811674485841911,0.5482439636559544,0.5802594147131829,0.200748281876841,-0.47405575764571833,0.5765519120066822,-0.09077773274418836,-0.08252170442151809,-0.5044280663132668,-0.071361498611639,-0.011160205809879089,0.27780222913504293,0.35206143868666423,0.3471001973319261,0.3060174853321902,,,,,,,,,,,,,,
multi,vowel,clean,IPVS_EHC_4afb35f7,0,M,e,2,267,0.05478680365204071,0.11102239028637453,0.3428103001961797,0.5474397395708546,0.3929696324634256,0.14442079953895592,-0.48704986172433223,0.4745648639357608,-0.12327306120662215,-0.03170027787455861,-0.5366493970711038,0.015456411270251186,-0.04715668914480979,0.20926610950144559,0.3563627436637121,0.40173110668122397,0.4310846059494892,,,,,,,,,,,,,,
multi,vowel,phone,IPVS_EHC_4afb35f7,0,M,e,2,267,0.2338136523406698,-0.11461179050969782,0.6242634700322003,0.3286327041269089,0.6709416152342506,0.03719387374679494,-0.5031841172379736,0.3403787369961324,-0.23160057889748803,0.010044460526164273,-0.49309308021705345,-0.2878292245987039,0.29787368512486817,0.16657847242531307,0.3890157050993737,0.33197209722623494,0.21391022617184935,,,,,,,,,,,,,,
multi,vowel,clean,IPVS_EHC_4afb35f7,0,M,i,1,775,-0.39195219021971506,0.22713632211890272,0.04935995170506098,0.8529502295678661,0.10787869278461702,0.7205784566940799,-0.6766273014647987,1.0400317086888258,-0.3384379421511004,-0.046148757748706366,-0.7638712508704073,0.2787912214114781,-0.3249399791601845,0.17267026012195325,0.26531982042872493,0.37375024539517393,0.22480613094213897,,,,,,,,,,,,,,
multi,vowel,phone,IPVS_EHC_4afb35f7,0,M,i,1,775,-0.2269421761074374,-0.07183800230744064,0.37602225304931725,0.48584260924529005,0.5485278264489225,0.47605479494217906,-0.997358198319712,0.9879948533150137,-0.349960214188022,0.026479227376240557,-0.998007244833054,0.14819243458970902,-0.12171320721346846,0.11734612178401792,0.3096601162164598,0.39020098703558265,0.24094459500974444,,,,,,,,,,,,,,
multi,vowel,clean,IPVS_EHC_4afb35f7,0,M,i,2,244,-0.48274385022955973,0.41255218515524994,-0.04230096503286748,1.000229247921222,0.0473546275013202,0.7717724192786861,-0.5106967818495389,0.9775452485459076,-0.2601959285502498,-0.06998109233540457,-0.5460783158605164,0.20519827571823387,-0.27517936805363846,0.04173164457225812,0.8125388339324122,0.7765469750647234,0.2631754360677038,,,,,,,,,,,,,,
multi,vowel,phone,IPVS_EHC_4afb35f7,0,M,i,2,244,-0.2412948741300686,0.22212100572682716,0.2951207973465726,0.6931075978319388,0.4844877298015195,0.49954888677677595,-0.7195348863464754,0.8087764796171639,-0.41282869694200724,-0.051327070221304893,-0.7783899006962374,0.07831740940644129,-0.1296444796277462,0.08840261215481725,0.6956522625369825,0.7565098627388253,0.16584510863964716,,,,,,,,,,,,,,
multi,vowel,clean,IPVS_EHC_4afb35f7,0,M,o,1,660,0.3514872237362645,-0.16478728499225895,0.7292263118004558,0.014685905077541717,0.7982097177418194,-0.12740328162908554,-0.7886827796170808,1.0360333614634594,-0.5690785411632422,-0.27319869935286767,-1.140480965338271,0.6525652824590603,-0.925763981811928,0.4632013766312424,0.24727474252400244,0.5179363153151878,0.5071408310686729,,,,,,,,,,,,,,
multi,vowel,phone,IPVS_EHC_4afb35f7,0,M,o,1,660,0.49744281902758763,-0.3022027314085551,1.0362534193378505,-0.04235215406074668,1.184912467318954,-0.031708133755007174,-0.9954052792504581,1.1183903090128995,-0.4546453889195967,-0.1437058322357409,-1.2938668720725208,0.7578590065805297,-0.9015648388162707,0.4477608909779562,0.2246334985375017,0.4150859842304791,0.35644197437924263,,,,,,,,,,,,,,
multi,vowel,clean,IPVS_EHC_4afb35f7,0,M,o,2,324,0.7681588192223286,-0.6609070593757289,1.2177156416737303,-0.6754034426139326,1.3875377581891966,-0.7650648554673001,-0.7163862001378926,0.7383668298015789,-0.7151640309210943,-0.41122131889724,-1.2058187016114896,0.773048771611814,-1.184270090509054,0.40125945894424564,0.721922467468507,0.6762332988791869,0.3242855356084578,,,,,,,,,,,,,,
multi,vowel,phone,IPVS_EHC_4afb35f7,0,M,o,2,324,1.0703149951842366,-0.842557470941422,1.5957044429925022,-0.8201460642930196,1.777940680786055,-0.8276901344711683,-0.8585614051137652,0.7307968599037552,-0.6956633854733438,-0.3209662716835737,-1.3051486045730358,0.7352085258830718,-1.0561747975666456,0.3762526493886848,0.660211285942986,0.6829053036419043,0.42948059693067064,,,,,,,,,,,,,,
multi,vowel,clean,IPVS_EHC_4afb35f7,0,M,u,1,741,-0.2203534618522344,0.16280109222685354,0.4208143061801289,0.5521270226226764,0.5204222113563773,0.8539480645335122,-1.1114946614825323,1.7297001245651353,-0.5028470914350467,-0.13904507484998596,-1.341281335323714,0.9917184899320428,-1.1307635647820289,0.16048376199931333,0.3636455939409774,0.5294513104182674,0.1549923923863498,,,,,,,,,,,,,,
multi,vowel,phone,IPVS_EHC_4afb35f7,0,M,u,1,741,-0.14474619784381954,0.04868771380253052,0.6394956606827426,0.4578174221046855,0.8057244447509894,0.8436442280418417,-1.3661957874391857,1.6638323135088,-0.3867188466733761,0.07434221737170488,-1.4873293132259604,0.9393392945273539,-0.864997077155649,0.19816939798740746,0.3069480652950905,0.46443096515058296,0.12627655128628437,,,,,,,,,,,,,,
multi,vowel,clean,IPVS_EHC_4afb35f7,0,M,u,2,289,-0.30026982613972253,0.14089767779622758,0.25668615136827744,0.5287007281609944,0.3137488893951689,0.5980656124864305,-1.1177605976377214,1.5802091499737332,-0.9104309308528901,-0.33691664623362677,-1.4894796531541006,1.0582692805358342,-1.3951859267694608,0.18858235120448413,0.36014671710194707,0.566089248585166,0.2400628233865455,,,,,,,,,,,,,,
multi,vowel,phone,IPVS_EHC_4afb35f7,0,M,u,2,289,-0.08910832302910941,0.10760594367980957,0.5903475729908262,0.5890976970536368,0.8045799139567784,0.6264069131442479,-1.3507833709035602,1.5430650115013123,-0.9068165276731763,-0.27803559341600964,-1.739863987309592,1.1092479322637832,-1.3872835256797926,0.2965598221563266,0.4205043520388273,0.630968228896325,0.22889884963449111,,,,,,,,,,,,,,
multi,vowel,clean,IPVS_EHC_b4f61509,0,F,a,1,267,0.7240506811356693,-0.933457926378487,1.0080621963517267,-0.6465258645530073,1.0555021284344774,-0.8164563353942789,-0.4216225038496604,0.20300633349218725,-0.11464903512911767,-0.10662458119740398,-0.6842664717147069,0.2552098090187733,-0.3618343902161773,0.2412674292668498,0.2581790295642864,0.3385854224822268,0.21885747897036884,,,,,,,,,,,,,,
multi,vowel,phone,IPVS_EHC_b4f61509,0,F,a,1,267,1.1771977151402775,-0.9851099245296502,1.4953418218571206,-0.5335227184414123,1.54220599084167,-0.6078180753111099,-0.5085794760018402,0.22005151651845956,-0.13024372195605166,0.13271298874979434,-0.7517616100007702,0.11890392498292537,0.013809063766868959,0.21247130311170523,0.1715226955002872,0.29830114541316094,0.2072619301188675,,,,,,,,,,,,,,
multi,vowel,clean,IPVS_EHC_b4f61509,0,F,a,2,291,0.7250999901975904,-0.449209509066173,0.9691438394784927,-0.37509480919156757,0.9282896218129567,-0.48621043162686484,-0.5246939995884895,0.6227388057538441,-0.5341177002872739,-0.1468760335445404,-1.0000028290918894,0.6754695680524622,-0.8223456015970025,0.16566518313246717,0.258478566692311,0.2987914612773368,0.26870009394883715,,,,,,,,,,,,,,
multi,vowel,phone,IPVS_EHC_b4f61509,0,F,a,2,291,1.0881422088827406,-0.43659564801624845,1.3893520532335555,-0.23272131136485508,1.3562241891452245,-0.22417973356587545,-0.6584705600568227,0.6524457676921572,-0.5294565554176058,-0.19696795012269702,-1.1143230612788881,0.5606643529981374,-0.7576323031208345,0.22816654190571475,0.18849226191972673,0.36749038798071454,0.24979630559414506,,,,,,,,,,,,,,
multi,vowel,clean,IPVS_EHC_b4f61509,0,F,e,1,386,0.8326987080147554,-0.2877742566553683,1.040573361040703,0.025033620410952074,1.0502413471454177,-0.29342237763620654,-0.2584222349627265,0.11057603132814683,-0.19125037518297805,-0.04600870400538732,-0.4236476719058279,-0.03365499085489789,-0.012353713150489432,0.40797926999305023,0.5087305258282149,0.4468301734648385,0.3491376116113111,,,,,,,,,,,,,,
multi,vowel,phone,IPVS_EHC_b4f61509,0,F,e,1,386,0.8769458185496002,-0.38747647912080946,1.2184246892816033,-0.13147450180660034,1.2897677164653252,-0.35649042512322293,-0.4466518032011287,0.18042477869011206,-0.207209555689117,0.013430887351519075,-0.5350971545959855,-0.09709830323619575,0.11052919058771483,0.3190696213554768,0.453225239276887,0.48533045563487476,0.17209408718391428,,,,,,,,,,,,,,
multi,vowel,clean,IPVS_EHC_b4f61509,0,F,e,2,268,0.7837017474719036,-0.41739644294167744,0.9684555985861354,-0.29946881035963696,0.9405260796164289,-0.5251636511565726,-0.3312780189293402,0.22443294469956998,-0.23923246580877422,-0.10141521568099658,-0.5834789972430394,0.10443788401230618,-0.20585309969330276,0.19228918343563436,0.11294038777561757,0.22257126360177631,0.2356676458019729,,,,,,,,,,,,,,
multi,vowel,phone,IPVS_EHC_b4f61509,0,F,e,2,268,0.8634647632270683,-0.36479629051906093,1.1184319044336861,-0.2253369571250162,1.1384072854747007,-0.4499401761057936,-0.5523204706885196,0.26955899587016047,-0.1505417464140021,-0.14172142426724788,-0.6861174973992654,0.04249124059936515,-0.18421266486661303,0.2281902363080532,0.23235001872239688,0.4179414297167122,0.2544420211263344,,,,,,,,,,,,,,
multi,vowel,clean,IPVS_EHC_b4f61509,0,F,i,1,491,-0.2711147485143047,0.2556890023461843,0.13493434953487526,0.6714112791974666,0.04857630300319801,0.5867696828256219,-0.9214603769072032,1.4784038052720538,-1.0392951976444762,-0.3388847539106668,-1.2277598413370423,0.8242260248479196,-1.1631107787585864,0.33490292000649763,0.5132314145831983,0.4129891053992936,0.2537427124732298,,,,,,,,,,,,,,
multi,vowel,phone,IPVS_EHC_b4f61509,0,F,i,1,491,-0.27527647695298924,0.26044873645750144,0.22102998459743242,0.5987873715869451,0.12699065112461477,0.6387493627051176,-1.2882657841605656,1.3605945411375013,-0.8941119755223647,-0.4772964503300392,-1.4385313733149383,0.5593630931829497,-1.0366595435129888,0.33870681224333865,0.4044237818220796,0.3468311090705008,0.3034619464116345,,,,,,,,,,,,,,
multi,vowel,clean,IPVS_EHC_b4f61509,0,F,i,2,283,-0.12112082506132404,0.05602222262767323,0.23252578001273305,0.4004140744606654,0.0560433283361078,0.47281490057183984,-0.8332828715530752,1.3071391146782545,-0.7108423258477484,-0.5205883312730761,-1.1560617491864322,0.9157226714931908,-1.4363110027662669,0.3155722095308111,0.32464265586780927,0.35321961847500116,0.2815702376162885,,,,,,,,,,,,,,
multi,vowel,phone,IPVS_EHC_b4f61509,0,F,i,2,283,-0.014514102311859354,0.008154581774745071,0.3580295670973627,0.4170739709110985,0.21801344928337119,0.45551302035649616,-1.1062421890204412,1.0566386851476648,-0.5566821767572772,-0.43658137116690127,-1.2647423622203848,0.5765732026914929,-1.0131545738583942,0.25077673756634294,0.41751553975531586,0.5535029362197605,0.26175152609238084,,,,,,,,,,,,,,
multi,vowel,clean,IPVS_EHC_b4f61509,0,F,o,1,516,0.5129136583497448,-1.0222786192932436,1.0042700469493866,-0.9620806162395785,0.9051473581021832,-0.7127411724578949,-0.6024517079995525,0.6478804556352477,-0.48437300925293275,-0.15379256264817331,-0.9450363348087957,0.5753532913543524,-0.7291458540025257,0.2842598246137899,0.3672928202896447,0.4107854724892554,0.2231428102680456,,,,,,,,,,,,,,
multi,vowel,phone,IPVS_EHC_b4f61509,0,F,o,1,516,0.8030007857949503,-0.6620489909764259,1.376093093810543,-0.5697212789327868,1.3293742318787882,-0.27354952856417625,-0.9563855899918464,0.7830451556992146,-0.6605862241118184,-0.08780753587282474,-1.250472203089345,0.514562357505483,-0.6023698933783077,0.16664481644317342,0.24842764231502565,0.4187376202871949,0.1798980661149225,,,,,,,,,,,,,,
multi,vowel,clean,IPVS_EHC_b4f61509,0,F,o,2,282,1.1056252577725578,-0.8979564643958036,1.4644983530044555,-0.8585120341357063,1.3698455214500427,-0.7046553710804266,-0.5186353022561354,0.4721605532747858,-0.5313053441398284,-0.24042836090221126,-1.0673427770242971,0.6868013015236049,-0.9272296624258161,0.20965844605519388,0.26288116503404907,0.3811238681823268,0.206445053950725,,,,,,,,,,,,,,
multi,vowel,phone,IPVS_EHC_b4f61509,0,F,o,2,282,1.1945313236292672,-0.9081155996112262,1.6143645272535436,-0.786905347424395,1.5551242358544293,-0.6013725980239756,-0.7620477784205886,0.5511781580746173,-0.569651836244499,-0.13402825409875196,-1.2095183723113117,0.5947699361645123,-0.7287981902632643,0.27806483731211334,0.30611750343748756,0.40710992823686004,0.22482757562047542,,,,,,,,,,,,,,
multi,vowel,clean,IPVS_EHC_b4f61509,0,F,u,1,455,0.48398463602686104,-0.02627143083692907,0.8663052238605835,0.0662465608600295,0.8503010057922684,0.21983126608225015,-0.7570169868814203,1.0520026086669265,-1.0358717495050185,-0.4504161600173611,-1.2943291226094895,0.8238090588932946,-1.2742252189106558,0.41281149191036315,0.28200541009291746,0.3376681336644564,0.4780298230752907,,,,,,,,,,,,,,
multi,vowel,phone,IPVS_EHC_b4f61509,0,F,u,1,455,0.5251829740437832,-0.04377884213086013,0.9246908555100689,0.08727375475259927,0.9137124965588251,0.142746613521279,-1.025299527706244,0.970549613892377,-0.7040798294566053,-0.4308726927436097,-1.359635190813096,0.6824564423425731,-1.1133291350861827,0.3528823899885884,0.419270781518506,0.46772525509841173,0.352118518111656,,,,,,,,,,,,,,
multi,vowel,clean,IPVS_EHC_b4f61509,0,F,u,2,282,0.1970072108156541,-0.0006313288036514731,0.5598594563848832,0.14830818307750365,0.5866533708046464,0.12721212891971365,-0.9425952915759648,1.165079786497004,-0.9465612313326668,-0.6326369396465666,-1.4123289427336525,0.9737846484955619,-1.6064215881421287,0.3053278478136714,0.2816927292445975,0.29509546292846545,0.21385888959411664,,,,,,,,,,,,,,
multi,vowel,phone,IPVS_EHC_b4f61509,0,F,u,2,282,0.4649008850840961,-0.0777113040580469,0.9327987604281481,0.18020330527249503,1.010313283082317,0.2694360177306568,-1.1199113165631014,1.1913198074873756,-0.8898766339701765,-0.5775341209243325,-1.581939126112882,0.9232372792328105,-1.500771400157143,0.2207992836306442,0.17630076337287098,0.3085131219617367,0.22157558746995015,,,,,,,,,,,,,,
multi,vowel,clean,IPVS_EHC_25e7d520,0,F,a,1,326,0.9601151452076678,-0.6613313793679889,1.3012242341528133,-0.5578567015425283,1.2502845160815181,-0.5521805602677015,-0.6305642162202573,0.8124784357389625,-0.7516702907730122,-0.43677209884080354,-1.2419854977301188,0.8260556121869963,-1.2628277110278,0.29904727619676785,0.209969465714952,0.46440680363625786,0.3710422137357705,,,,,,,,,,,,,,
multi,vowel,phone,IPVS_EHC_25e7d520,0,F,a,1,326,1.0089696986334664,-0.7578912575786211,1.4397764208973671,-0.6163050002437465,1.444256350702169,-0.4729562246677827,-0.8231671143095104,0.7959978565269586,-0.6657343210310352,-0.3256739686262243,-1.3034230745872672,0.6638964368885725,-0.9895704055147968,0.2806642628737139,0.1854218640032883,0.5167999287491722,0.30550233221341744,,,,,,,,,,,,,,
multi,vowel,clean,IPVS_EHC_25e7d520,0,F,a,2,289,0.7062337401935033,-0.4419772490433284,1.2661004410471235,-0.509252291747502,1.2921370202302933,-0.3014918408223561,-1.0391603027071272,1.2469460049697332,-0.8990412254844393,-0.3765018720286233,-1.599323160648346,1.2182788705825807,-1.594780742611204,0.19723334269343382,0.39657032840781115,0.49550626762055433,0.158376222868261,,,,,,,,,,,,,,
multi,vowel,phone,IPVS_EHC_25e7d520,0,F,a,2,289,0.7161022067070008,-0.41684267912592204,1.2953847059181758,-0.4725770681244986,1.3383347596440995,-0.24320186853408812,-1.0818285543578012,1.173978684289115,-0.7734191659518651,-0.3023800358601979,-1.5700419752938406,1.0358396399021148,-1.3382196757623128,0.1249018393620082,0.3246145424136856,0.48877544440222265,0.07652397861355864,,,,,,,,,,,,,,
multi,vowel,clean,IPVS_EHC_25e7d520,0,F,e,1,486,0.12730716541409492,0.04046028122714121,0.549076519651364,0.4521391539745135,0.5407279684935531,0.39221107607630834,-0.8282876836824907,1.1868870053185177,-0.5936367176217984,-0.3177452879664424,-1.0768329742530438,0.675253169151814,-0.9929984571182564,0.25232095627916434,0.31867048143980525,0.38402265352707005,0.31311337946762524,,,,,,,,,,,,,,
multi,vowel,phone,IPVS_EHC_25e7d520,0,F,e,1,486,0.4040910874123443,-0.12979784424174323,0.9895340794161575,0.3362559377126498,1.032346205352104,0.4733505206667397,-1.1014243144899198,1.2117296074555344,-0.3925266977246494,-0.06305497845201051,-1.227306775072564,0.6510309476998621,-0.7140859261518727,0.17658167830089205,0.3837859888495125,0.4878679493795879,0.2898092315407599,,,,,,,,,,,,,,
multi,vowel,clean,IPVS_EHC_25e7d520,0,F,e,2,265,-0.3991878495651221,0.23885827844247878,0.08077904000972053,0.7222052179042648,0.03170178474495246,0.6277833444142492,-0.7511388742886249,1.0880956277719833,-0.3609287360647939,-0.30556873630427717,-0.9542857685928825,0.5504209329754864,-0.8559896692797635,0.17209206980318859,0.46746437042514233,0.5611074181266911,0.13785073521461594,,,,,,,,,,,,,,
multi,vowel,phone,IPVS_EHC_25e7d520,0,F,e,2,265,-0.01722811959074728,0.12757463987518405,0.5773361698261597,0.6177295407971496,0.6138763123150891,0.6462661817951022,-1.0201762645686947,1.0846254444159802,-0.2424874428495671,-0.08031053798940946,-1.1080962140230264,0.46625189783063326,-0.5465624358200427,0.13351553235716213,0.4809067013490778,0.5638225172017372,0.06927928054263373,,,,,,,,,,,,,,
multi,vowel,clean,IPVS_EHC_25e7d520,0,F,i,1,595,-0.3097091247053707,0.27472598846553087,0.2911514828518993,0.5725102574050593,0.35013677338425186,0.5490416444900657,-0.9661193991325149,1.6207246226923806,-0.9421087586495722,-0.391276519192534,-1.2875834051050057,0.8271871473567158,-1.2184636665492499,0.3798360273460181,0.3444812068742697,0.4024592941044734,0.20029601801318167,,,,,,,,,,,,,,
multi,vowel,phone,IPVS_EHC_25e7d520,0,F,i,1,595,0.21069284217531273,0.052734253870672876,0.8775896922129542,0.39181662933165284,0.9899015410774562,0.5284595984537729,-1.0778058025391162,1.4693241085992808,-0.9910909682094884,-0.3539983712408055,-1.4584764003002344,0.8420618209800049,-1.1960601922208105,0.34761065927909823,0.4254767339631558,0.4544408602719911,0.20944170031036133,,,,,,,,,,,,,,
multi,vowel,clean,IPVS_EHC_25e7d520,0,F,i,2,325,-0.37793818215529124,-0.027956946843709703,0.2630720599339558,0.3305849876923439,0.3439955988755593,0.4037389112588687,-1.1944162701949095,1.401129931364304,-0.7486549201684121,-0.40900807598462474,-1.432782660692166,0.9106023436937577,-1.3196104196783824,0.15304383072083588,0.31894319200980775,0.26577358368828374,0.16606658426058157,,,,,,,,,,,,,,
multi,vowel,phone,IPVS_EHC_25e7d520,0,F,i,2,325,0.06464977684693458,-0.1605461407166261,0.728982323102462,0.20380854453795996,0.8280169718540632,0.4101070888531514,-1.3114053438871334,1.376739840171276,-0.640529713798792,-0.28361226335549966,-1.4946938869280693,0.8675624032337697,-1.1511746665892693,0.182671806014883,0.3470470155349864,0.31239881403199404,0.2725471295936627,,,,,,,,,,,,,,
multi,vowel,clean,IPVS_EHC_25e7d520,0,F,o,1,789,0.23772813307611565,-0.23198599633417633,0.8448677629859824,0.012324098756438808,0.9389067052226318,0.34382465883305197,-0.9728294205979297,1.4276227548875307,-0.7292230115125053,-0.12276266377223165,-1.3845023618716943,1.1130177814317377,-1.2357804452039693,0.32569028492116325,0.37142679336122447,0.4994452675563606,0.32535211919422424,,,,,,,,,,,,,,
multi,vowel,phone,IPVS_EHC_25e7d520,0,F,o,1,789,0.4770132956379338,-0.31065145407852374,1.1511925967429815,-0.0924960196018219,1.2406975367194728,0.32646698333715135,-1.1876160091161727,1.382337165161183,-0.5673153925883142,-0.07798297360539436,-1.5192958157705634,1.0335481022729684,-1.111531075878363,0.4025382377048922,0.2852379970368787,0.34736246963263734,0.31532939976842006,,,,,,,,,,,,,,
multi,vowel,clean,IPVS_EHC_25e7d520,0,F,o,2,289,0.04284566955907004,-0.20439470444406782,0.5274377265998296,-0.08263886221817561,0.6015928196055549,-0.09413006603717804,-0.8789051409278598,1.224142448050635,-0.81637079341071,-0.5049787693364279,-1.3428855959006718,1.0279667918596949,-1.532945561196123,0.055809454471962575,0.2713477835357033,0.473852198005584,0.09434582552732662,,,,,,,,,,,,,,
multi,vowel,phone,IPVS_EHC_25e7d520,0,F,o,2,289,0.37384629998888286,-0.3928940503937858,0.94664547256061,-0.19721542273248946,1.0424296515328544,-0.13054279480661665,-1.0127467895405633,1.2069699243136816,-0.6607846514667783,-0.3716545488153185,-1.4445996253831046,0.9812762569529669,-1.3529308057682854,0.0983963417695304,0.19417327386767896,0.5117521492959697,0.1149835361811021,,,,,,,,,,,,,,
multi,vowel,clean,IPVS_EHC_25e7d520,0,F,u,1,825,0.04281345617891562,-0.22114944048602173,0.7432513325804412,-0.02600349263109342,0.9276015084500264,0.3188400113823438,-1.165160781747163,1.5457694546140806,-0.8077735757586932,-0.43863575813746214,-1.545965721029224,1.1513683766427667,-1.5900041347802287,0.38246651065335413,0.42013260753026876,0.45964022196838955,0.34322528439642797,,,,,,,,,,,,,,
multi,vowel,phone,IPVS_EHC_25e7d520,0,F,u,1,825,0.5021071713681173,-0.41525426723740316,1.3053199442950163,-0.22123318007498077,1.4891786309203716,0.2495551114732569,-1.2412842144267728,1.4031116955208056,-0.6515705242602512,-0.2948180117239856,-1.5618792524241438,0.9741657192734154,-1.268983730997401,0.24410685802102686,0.46915387521523394,0.6184686678550563,0.19908093914277056,,,,,,,,,,,,,,
multi,vowel,clean,IPVS_EHC_25e7d520,0,F,u,2,341,-0.21476519427648405,0.1660059153306775,0.2810426675691837,0.3470720293318353,0.44113271338183707,0.3297399984627235,-1.0268300736822733,1.5103188505986842,-0.7464595058342306,-0.7079097012921077,-1.376806152157667,1.152250875278217,-1.8601605765703249,0.2053376464123716,0.3605984527137817,0.5019146330630863,0.19267152882951386,,,,,,,,,,,,,,
multi,vowel,phone,IPVS_EHC_25e7d520,0,F,u,2,341,0.31243229479324525,-0.22569100449724896,0.928205817937851,-0.07532556718442499,1.1534080974939394,0.0692348614698503,-1.0855281344274195,1.3116108344822395,-0.7906485396914366,-0.6448549024579001,-1.4818810003559764,0.9679462622124247,-1.6128011646703249,0.17290699845992788,0.26349007745635916,0.4038584503813727,0.17508704199235292,,,,,,,,,,,,,,
multi,vowel,clean,IPVS_EHC_e7aed759,0,M,a,1,905,0.18366522335106059,-0.7311354940053947,0.6457853701178321,-0.4662815099702136,0.6063984687925483,-0.33378937546829274,-0.801129940053376,0.727387967853915,-0.5863571894212761,-0.08031090114327426,-1.1406011274067298,0.48387337401234864,-0.5641842751556229,0.23726098630858328,0.25312959931915463,0.3264036490284993,0.2756022361124556,,,,,,,,,,,,,,
multi,vowel,phone,IPVS_EHC_e7aed759,0,M,a,1,905,0.42728917479076,-0.6231091084785444,1.0011091135702959,-0.3336086164247485,1.0278929817742406,-0.03976135658405543,-1.0761268764020768,1.0219702260160535,-0.897112666654982,-0.14628128527661932,-1.5200190790560144,0.732713366952994,-0.8789946522296134,0.24745462081237954,0.20298136686671758,0.24435540362253333,0.29212130966359423,,,,,,,,,,,,,,
multi,vowel,clean,IPVS_EHC_e7aed759,0,M,a,2,278,0.3769592795343626,-0.9502075771313339,0.845633499856506,-0.6213408104543175,0.9056433895159335,-0.4576314233598255,-0.819233094918586,0.5259287250006482,-0.2979916747038563,-0.0031034396961331367,-0.9874048633944421,0.40916350614722996,-0.4122669458433631,0.2740564572263693,0.28549474323956087,0.47494053422611404,0.414820261349078,,,,,,,,,,,,,,
multi,vowel,phone,IPVS_EHC_e7aed759,0,M,a,2,278,0.4597967170356285,-0.9170493153589112,1.0225059652612323,-0.6474938205487671,1.1651742266757148,-0.3781485133582637,-1.0180448907471837,0.7514971895586877,-0.5108096602239779,0.010529991638447558,-1.2144892547456991,0.5192794679065368,-0.5087494762680892,0.23501325462529926,0.2677316561537773,0.365419124382382,0.36005206527973327,,,,,,,,,,,,,,
multi,vowel,clean,IPVS_EHC_e7aed759,0,M,e,1,1081,0.42285469507307777,-0.3782768697924166,0.7887085123541543,0.03480640441776241,0.7635655331271822,-0.04419550983858035,-0.8122454656428659,0.6343231885729843,-0.6584972236506377,-0.20743125201258894,-0.9781500098334255,0.13532101781393052,-0.34275226982651946,0.3196608879882593,0.29592105864184215,0.3525817396627201,0.2657603526088596,,,,,,,,,,,,,,
multi,vowel,phone,IPVS_EHC_e7aed759,0,M,e,1,1081,0.37681498528904467,-0.26842304315699267,0.8394579508317453,0.2135097834702082,0.8279385313001363,0.1652964856389491,-0.9494815165254479,0.7866237100173585,-0.7680845100128412,-0.2830399038163925,-1.1628993029587074,0.16120576397307756,-0.44424566778947006,0.3018813744527736,0.2575190040420086,0.30474661435406375,0.21631838048398627,,,,,,,,,,,,,,
multi,vowel,clean,IPVS_EHC_e7aed759,0,M,e,2,283,0.07758547923369714,-0.21627234454043429,0.3289050495589686,0.18595257828458708,0.27880732183567963,-0.18179596524838118,-0.435903385630128,0.35492472821160365,-0.1882634433912255,0.0774649800787195,-0.49695279148587007,-0.07655361067089769,0.1540185907496172,0.10339131510233782,0.36789838018358517,0.4791125418757479,0.1087677422548469,,,,,,,,,,,,,,
multi,vowel,phone,IPVS_EHC_e7aed759,0,M,e,2,283,0.2584155611476006,-0.10668435100226374,0.5485279095626017,0.28946350488746375,0.5027304489535895,-0.015980380146127,-0.5119071058188266,0.4056001476812781,-0.42456274745408557,0.03900007685722663,-0.6343948623241736,-0.16537824916865743,0.20437832602588404,0.09179391978161931,0.26482464045557663,0.4913420707598094,0.06307416416390925,,,,,,,,,,,,,,
multi,vowel,clean,IPVS_EHC_e7aed759,0,M,i,1,644,-0.1378638681754009,0.63296444103429,0.19899293991554642,1.2797365133295353,0.21402626941652642,0.8051196474620362,-0.7511878240584713,1.142012350722072,-0.5952065194160053,-0.5561902024639175,-0.9388157561344584,0.41122020226567213,-0.9674104047295896,0.3958095933823125,0.405252582638522,0.47300538291686056,0.35711260792152777,,,,,,,,,,,,,,
multi,vowel,phone,IPVS_EHC_e7aed759,0,M,i,1,644,0.09825106775484134,0.4140185399998709,0.5306386354273742,1.1647245739538645,0.5313742858616962,0.9367249390283197,-1.040191944957394,1.2251460683176811,-0.6219483988033128,-0.49590787786952,-1.204618404917035,0.4954500454766004,-0.9913579233461204,0.36483700870607394,0.37633144524430323,0.6085449702770788,0.2833819975901698,,,,,,,,,,,,,,
multi,vowel,clean,IPVS_EHC_e7aed759,0,M,i,2,292,-0.43456028621982445,0.8498881786045703,-0.13046735533597795,1.3743154025551947,-0.08879760060120713,0.8395147240636024,-0.7932814374058084,1.2736556987193497,-0.5805957296185873,-0.6520928187211129,-1.0281713269650936,0.6629107085543431,-1.3150035272754559,0.36819759898852683,0.41015568935189467,0.4481960642723586,0.3831270495246691,,,,,,,,,,,,,,
multi,vowel,phone,IPVS_EHC_e7aed759,0,M,i,2,292,-0.08334994349967349,0.7772918663580309,0.28451553698290477,1.2779973286458037,0.4458853822540153,0.8221479911695827,-0.9431694860316135,1.1811050508509984,-0.6245411073111675,-0.7171416950666092,-1.153354311361909,0.5266459691338241,-1.2437876642004333,0.3728235084341815,0.4881455361455276,0.5136178579469328,0.32834093511560214,,,,,,,,,,,,,,
multi,vowel,clean,IPVS_EHC_e7aed759,0,M,o,1,667,0.3723985881282207,-0.49862737273634816,0.8722863138985455,-0.22454198704396103,0.764114984624701,0.10709095068108708,-0.7639701661474985,0.9921353784508241,-0.38737074246727615,0.08307530368652724,-0.9907022555198456,0.5810529202074184,-0.4979776165208912,0.18979229965957636,0.20978494016451013,0.21805768343754983,0.2514367032558747,,,,,,,,,,,,,,
multi,vowel,phone,IPVS_EHC_e7aed759,0,M,o,1,667,0.4870825981038467,-0.3178456675753629,1.0409020114494976,-0.02902284450364529,0.9945974869844028,0.26243060801243245,-1.0700798654125219,1.1070358111822693,-0.5269048567350368,0.051334895397956826,-1.2851740495113662,0.6027547680491818,-0.551419872651225,0.20771573628811071,0.2528859857241392,0.3132981670332192,0.23735363869253556,,,,,,,,,,,,,,
multi,vowel,clean,IPVS_EHC_e7aed759,0,M,o,2,283,0.4408174422052171,-0.8417349078676157,0.9498128641767112,-0.5854715268340027,0.8585670438774845,-0.47599583864212036,-0.7677216006998431,0.732240529088249,-0.428972744105155,-0.21457936405612713,-1.072511643345593,0.5846630993206599,-0.799242463376787,0.37501896487310354,0.1508718600134812,0.3925759541647381,0.44201662590550855,,,,,,,,,,,,,,
multi,vowel,phone,IPVS_EHC_e7aed759,0,M,o,2,283,0.7329464875466642,-0.7378060373297909,1.2947188312547249,-0.525636462265985,1.300911555513304,-0.4105962683060016,-0.9259810503463299,0.7560721860643018,-0.5193710538901781,-0.06280535760155895,-1.2544395686590184,0.5759894287115649,-0.6387947863131239,0.43262348180569626,0.3302009087916431,0.41560576886468625,0.36707084521047884,,,,,,,,,,,,,,
multi,vowel,clean,IPVS_EHC_e7aed759,0,M,u,1,855,-0.17788056457019458,0.31434600511257177,0.33692871324616336,0.8362655059287423,0.43279036162076173,0.9020182224858342,-1.2622232424353066,1.6429706714306658,-1.057783248015547,-0.3111202296443269,-1.571527596105609,0.8804432394030208,-1.1915634690473478,0.3372477915485124,0.46261997817727707,0.4706511998901479,0.4278629672150811,,,,,,,,,,,,,,
multi,vowel,phone,IPVS_EHC_e7aed759,0,M,u,1,855,0.01689024028489929,0.27625654184678844,0.6300309435201202,0.6625082039112701,0.8016896770130588,0.8012482030407959,-1.3761614602908754,1.409114894230231,-0.821694607245527,-0.3110353675821604,-1.5534338016956173,0.7275704356313449,-1.0386058032135053,0.41577284294491895,0.3533462003471991,0.30653740972660537,0.44384213458416427,,,,,,,,,,,,,,
multi,vowel,clean,IPVS_EHC_e7aed759,0,M,u,2,294,0.10092181017559566,0.33423144412174655,0.5792395555403795,0.6256163068366855,0.743322940438651,0.6830568460098813,-1.391674667596817,1.6955693323960466,-0.9775560127382867,-0.5797985405399558,-1.7909058225288819,1.2015415540571963,-1.781340094597152,0.29787988313274844,0.28601289799003565,0.3836807513064311,0.4032413591720536,,,,,,,,,,,,,,
multi,vowel,phone,IPVS_EHC_e7aed759,0,M,u,2,294,0.30739278572328976,0.21468792571110673,0.844958688519644,0.5114100102460786,1.059351965868741,0.6332352385762032,-1.4825923399309093,1.6239121703619368,-1.0141173900848024,-0.5263782365435965,-1.8548285505744848,1.094279978047596,-1.6206582145911923,0.2057070987628457,0.2918815252357194,0.3806308322203058,0.33257422663665936,,,,,,,,,,,,,,
multi,vowel,clean,IPVS_EHC_ac9bbb18,0,M,a,1,574,0.9038172046400909,-0.6997621595601126,1.2811486444549065,-0.5257705360048079,1.2875478797393038,-0.5191100097632821,-0.7974251354963793,0.6866566754360764,-1.0409365077153108,-0.3745137483764418,-1.3566939152045057,0.5725125387160247,-0.9470262870924666,0.23347511140519475,0.31266303675644075,0.3911098030634094,0.2138381055297063,,,,,,,,,,,,,,
multi,vowel,phone,IPVS_EHC_ac9bbb18,0,M,a,1,574,0.9492181830237366,-0.5548776958805288,1.4072013916824595,-0.3811772142273153,1.5112786015678692,-0.3509872849449257,-0.9383431863405801,0.7764934474290106,-0.9364647800048996,-0.11183734371655249,-1.4104830298809647,0.5762652496704993,-0.6881025933870518,0.23308281445471368,0.32841123706945896,0.3918440045544161,0.24567782835519522,,,,,,,,,,,,,,
multi,vowel,clean,IPVS_EHC_ac9bbb18,0,M,a,2,287,1.05789779789875,-0.8077306663025321,1.4718332511152146,-0.6221767824164705,1.5397045577881654,-0.5514453179229891,-0.6044010091034663,0.6145672544923132,-0.5285499958116884,-0.2602891607608409,-1.1166883376292411,0.599688819485765,-0.8599779802466059,0.35561129065388614,0.19457927968064992,0.38429098023246017,0.41509581130710566,,,,,,,,,,,,,,
multi,vowel,phone,IPVS_EHC_ac9bbb18,0,M,a,2,287,1.2347218900746693,-0.7265775400951419,1.6969078403676865,-0.5280742150855202,1.7793653510898524,-0.4835621434656871,-0.6757209383683398,0.5639149337317902,-0.4360562381200019,-0.16505233977915923,-1.1126517109099152,0.44363477720604466,-0.608687116985204,0.2635631896548655,0.2859455012688207,0.36268885450346944,0.5328319883893134,,,,,,,,,,,,,,
multi,vowel,clean,IPVS_EHC_ac9bbb18,0,M,e,1,561,-0.2686122947701361,0.1683828021546146,0.21501917584359823,0.7305227700256098,0.2521398140874744,0.2842524139216109,-0.611582107333472,0.6957920303551662,-0.3803421124948592,-0.19435737924291047,-0.6443748448033008,-0.06412966212241161,-0.13022771712049885,0.24574580455466744,0.3998728033056704,0.5176760502234614,0.31259753927368744,,,,,,,,,,,,,,
multi,vowel,phone,IPVS_EHC_ac9bbb18,0,M,e,1,561,-0.08030992171530907,0.008490429964546634,0.4808221279425154,0.5242765087313751,0.4869232435077871,0.3036524675985472,-0.9567774424567067,0.7942965623621417,-0.5797370979313681,-0.1570937308629295,-1.0106788848910913,0.03052724800031157,-0.18762097886324106,0.2996106067620076,0.4042079764148258,0.6334674065627308,0.21485648516255068,,,,,,,,,,,,,,
multi,vowel,clean,IPVS_EHC_ac9bbb18,0,M,e,2,271,0.07570047502868746,0.41704268890655843,0.4041952238492439,0.8884222734193861,0.43484171722198556,0.5186673606648767,-0.6471442250203501,0.8387506133391082,-0.45332450661922524,-0.3930360821584251,-0.861056857039592,0.2702673225452198,-0.6633034047036449,0.17478401491848364,0.1751043460122151,0.25613019513034124,0.155879467428005,,,,,,,,,,,,,,
multi,vowel,phone,IPVS_EHC_ac9bbb18,0,M,e,2,271,0.3049166835158881,0.3013970453314986,0.6614825740182326,0.6600224756024367,0.7369357804579237,0.35692586041301305,-0.7734449609108498,0.7733095765022412,-0.4314640285961467,-0.2801015373387951,-0.941362944665862,0.19457100727166865,-0.47467254461046376,0.406404700521776,0.17175465426958333,0.3666221104227723,0.209571337297028,,,,,,,,,,,,,,
multi,vowel,clean,IPVS_EHC_ac9bbb18,0,M,i,1,565,-0.33151766912775404,0.2269184500154844,0.0957787993383267,0.9040630330554152,0.04953135659912695,0.8783476381702761,-0.9499549335170988,1.2757870475802802,-0.6561468500303308,-0.1361008673071158,-1.048421752224278,0.638551632623713,-0.7746524999308287,0.21660999003212278,0.3723928014891053,0.35780456724928594,0.2590158535833026,,,,,,,,,,,,,,
multi,vowel,phone,IPVS_EHC_ac9bbb18,0,M,i,1,565,0.2348345076352094,-0.028316837188768526,0.6644499806088332,0.6752334121054253,0.6299557650687069,0.7490278823537461,-1.2707669382425888,1.27183841313936,-0.8536975081339698,-0.3809611200626972,-1.4667969607586002,0.7612025845400264,-1.1421637046027235,0.2747000191764671,0.3221917456003813,0.34684347234796126,0.2939663086360745,,,,,,,,,,,,,,
multi,vowel,clean,IPVS_EHC_ac9bbb18,0,M,i,2,299,-0.45568270347394996,0.3672149011772641,-0.07440734625850594,0.8482335901392098,-0.08425657270033715,0.6543970554243794,-0.8720765381392853,1.0170472669337995,-0.251352829910115,-0.14150815263637523,-0.7420523087622711,0.3441228746791571,-0.4856310273155323,0.24821047943339022,0.507335793053893,0.4308786351485299,0.20705642250242687,,,,,,,,,,,,,,
multi,vowel,phone,IPVS_EHC_ac9bbb18,0,M,i,2,299,-0.1421035979334162,0.3641334553943813,0.2233568113811767,0.9302853833245968,0.2140188456734241,0.5586268015987965,-0.8142793093761687,0.7656436842037828,-0.1629908523671535,-0.25365643462588117,-0.6553604322902405,0.004801389859032236,-0.2584578244849134,0.15391924022696843,0.5884352736611115,0.6207805359303948,0.11228932096114226,,,,,,,,,,,,,,
multi,vowel,clean,IPVS_EHC_ac9bbb18,0,M,o,1,580,0.2732169047940051,0.24843687816769228,0.7354231328200335,0.40000371634960175,0.7917605464657148,0.4093342857628033,-0.8093563654170982,1.1712238355272118,-0.4387489403544486,-0.07292030233590083,-1.0582236368423221,0.7040510653015012,-0.776971367637402,0.24204810996371973,0.21121071452246698,0.2891373210302886,0.23942024839295842,,,,,,,,,,,,,,
multi,vowel,phone,IPVS_EHC_ac9bbb18,0,M,o,1,580,0.3930603702092308,0.3437277191243638,0.8483401255189688,0.5330747330839607,0.9120046505811571,0.4237618959326854,-1.0401667442772238,1.0995242951073865,-0.541253678072458,-0.35391712070967274,-1.3170951108994156,0.6707391388361054,-1.024656259545778,0.3009873806850465,0.1980245201287598,0.2881180199685876,0.20661776825272538,,,,,,,,,,,,,,
multi,vowel,clean,IPVS_EHC_ac9bbb18,0,M,o,2,322,0.33843279284300265,-0.3234822940580624,0.8848395931352045,-0.2656314544302901,0.9751293000947568,-0.15143358016136996,-1.035298212901833,1.172637744739498,-0.5686398095537707,0.01635347779110535,-1.2880823722819692,0.7484563246907032,-0.7321028468995979,0.28329565893902525,0.28241559084797524,0.3079059065932282,0.33080321881308083,,,,,,,,,,,,,,
multi,vowel,phone,IPVS_EHC_ac9bbb18,0,M,o,2,322,0.524534507280158,-0.24783625000530912,1.0776885712576896,-0.0784756995967983,1.2307881652233528,-0.040784114798934186,-1.0098070248039728,1.0672578255540317,-0.5357676367323423,-0.097345500838818,-1.2595290403390669,0.6444971959980339,-0.7418426968368519,0.19786688143090422,0.31909147883375827,0.21403124606075097,0.20956864798617683,,,,,,,,,,,,,,
multi,vowel,clean,IPVS_EHC_ac9bbb18,0,M,u,1,577,0.36439746626859437,-0.20802013988281876,0.9322676479129351,-0.026045728184991335,1.0416158733175536,0.08453151433371674,-0.7137364300467095,0.8318270814822455,-0.604173349415191,0.00044483243774955485,-1.074250932170953,0.5478330325088343,-0.5473882000710847,0.5206956314795689,0.3783233239873951,0.3645280779291074,0.4074951327755459,,,,,,,,,,,,,,
multi,vowel,phone,IPVS_EHC_ac9bbb18,0,M,u,1,577,0.6900571665434054,-0.2486369133596805,1.234450674709738,-0.11822268478465012,1.2604816858294374,-0.14509355201673096,-0.7075268925524583,0.4552291485048852,-0.6001887202949964,-0.23998719365778848,-0.956165366583324,0.05976362306334787,-0.29975081672113635,0.4697712596790894,0.31254937912971376,0.3624229444874754,0.4290672680344896,,,,,,,,,,,,,,
multi,vowel,clean,IPVS_EHC_ac9bbb18,0,M,u,2,293,0.069333676227742,0.17519275759909786,0.5332389771096451,0.411460011355621,0.6618546234854197,0.46420645806412236,-0.9917220947264278,1.297507729739119,-0.4987851499164172,-0.3531600435574849,-1.2226668229210849,0.8769663962940711,-1.2301264398515561,0.16326910362306368,0.16012787539992432,0.2983883830292292,0.2062016659526674,,,,,,,,,,,,,,
multi,vowel,phone,IPVS_EHC_ac9bbb18,0,M,u,2,293,0.3892507590984894,0.1622800943204912,0.8705753412960613,0.5706871036587462,0.9624841748657873,0.6104198855868841,-1.248978742771903,1.4054177147520464,-0.6735548355148337,-0.44212381743778617,-1.4907217005551872,0.8949126307405321,-1.3370364481783183,0.18283007451928993,0.20409360522770148,0.3439439189597517,0.2580623164327302,,,,,,,,,,,,,,
multi,vowel,clean,IPVS_EHC_99f6ef3d,0,F,a,1,365,0.646799715890732,-0.6444278074317871,1.1714948317775988,-0.49246821542308755,1.2444062910667837,-0.36379659073810056,-0.7046338608956229,0.746672894814175,-0.47065526076919956,-0.05501310649799974,-1.1002875328336132,0.5253417649854945,-0.5803548714834942,0.12001510064441498,0.456870929038286,0.4815260988360191,0.17116315088255982,,,,,,,,,,,,,,
multi,vowel,phone,IPVS_EHC_99f6ef3d,0,F,a,1,365,0.6977511336814323,-0.5345269796102559,1.351333083491347,-0.3535237437513865,1.4654186866054797,-0.13686686631751388,-0.9317981953898521,0.9172428741234623,-0.3599413186311722,0.1456921518053094,-1.1976701580498317,0.5058545218908215,-0.3601623700855121,0.2500794312328943,0.47891390530382116,0.5785864230752593,0.22017366237746405,,,,,,,,,,,,,,
multi,vowel,clean,IPVS_EHC_99f6ef3d,0,F,a,2,281,0.5691620397144521,-0.6870542584791691,1.206574758129007,-0.43717398410718117,1.252994654446664,-0.3306747605285701,-0.6161227829357576,0.6820434502066945,-0.2179113413102528,0.19676310569047928,-0.8774426957735648,0.4352683706771164,-0.23850526498663707,0.07259020774143797,0.11854759840423458,0.17128682777795654,0.09477102649396969,,,,,,,,,,,,,,
multi,vowel,phone,IPVS_EHC_99f6ef3d,0,F,a,2,281,0.5688571690984027,-0.5386779864687892,1.2394949744438983,-0.24219341593733906,1.2821415551668087,-0.09515653012772284,-0.8893991739615886,0.8184723739440625,-0.16918335176078525,0.32900046028152724,-0.9977955516626144,0.33684323742412603,-0.007842777142598784,0.05540080553257228,0.06842839728510268,0.11023750824246083,0.04317503581434572,,,,,,,,,,,,,,
multi,vowel,clean,IPVS_EHC_99f6ef3d,0,F,e,1,591,0.43322052993405036,-0.09482527857934925,0.9673107547239519,-0.04437233461460597,1.0537639245181016,0.12068974270787038,-0.9931348458142347,1.055650945007801,-0.653571427833866,-0.15686559069534423,-1.3234850227832795,0.5784286048000967,-0.735294195495441,0.25162510460510457,0.13910199085290936,0.20004855815531883,0.1695515107031555,,,,,,,,,,,,,,
multi,vowel,phone,IPVS_EHC_99f6ef3d,0,F,e,1,591,0.47390912615917097,-0.010916847326386142,1.0903334168481156,0.052984900541708506,1.2163336386143322,0.19153368158239714,-1.1631323994045526,1.037390689195042,-0.4662166271411197,-0.04999832176196743,-1.352867617321686,0.46806538327479025,-0.5180637050367577,0.22014198084747494,0.16407016506509423,0.20612426268011236,0.16837621525700538,,,,,,,,,,,,,,
multi,vowel,clean,IPVS_EHC_99f6ef3d,0,F,e,2,280,0.9296142911272389,-0.187786068501217,1.3521920456772758,-0.21730817810055755,1.5531849212767113,-0.33990984143955366,-1.0043057315051556,0.8850519953384286,-0.9347780371705691,-0.5771508121064731,-1.5481523772080739,0.6990344891036373,-1.2761853012101103,0.31896910907941345,0.19480135892542272,0.4557613596936038,0.364011028449583,,,,,,,,,,,,,,
multi,vowel,phone,IPVS_EHC_99f6ef3d,0,F,e,2,280,0.8855339803156399,-0.12102563599390644,1.370916294466172,-0.08675315195605868,1.6390865826535792,-0.2621385135820934,-0.9888934217216003,0.9036036043294838,-0.7706620949542239,-0.40749677048907396,-1.4439435601234436,0.6270376530121125,-1.0345344235011864,0.15998380618236901,0.10670921043371145,0.34613574796478425,0.17426656681293073,,,,,,,,,,,,,,
multi,vowel,clean,IPVS_EHC_99f6ef3d,0,F,i,1,695,-0.3529408450463979,0.05901169090819874,0.2507603499028894,0.46365538268066425,0.17461078798027632,0.5899908188864481,-0.9909134790194121,1.5573620893400637,-1.003069069173982,-0.29603160776608856,-1.2587267523475116,0.6121531768525533,-0.9081847846186418,0.36872040168151055,0.4321324481929999,0.40914822266103335,0.2984519521127935,,,,,,,,,,,,,,
multi,vowel,phone,IPVS_EHC_99f6ef3d,0,F,i,1,695,-0.31152224369186293,0.04910622061871225,0.4219377903843955,0.47082579843431926,0.41358745026645616,0.8102479192564528,-1.3625294420358947,1.6049123882389755,-0.9855620016296991,-0.23981444276779962,-1.5656400274315612,0.6466973832757067,-0.8865118260435063,0.46811101989752746,0.36101704498358006,0.38468935448087105,0.31896863008532567,,,,,,,,,,,,,,
multi,vowel,clean,IPVS_EHC_99f6ef3d,0,F,i,2,270,-0.45647799214463175,0.5173741689434758,-0.007314898901515537,0.8238600516392861,0.0715593542949653,0.6627408501542644,-1.2496209494125696,1.8346880041522744,-0.9335966645567505,-0.5579246443086936,-1.4921016402450609,1.0122929958649625,-1.570217640173656,0.4214760482910746,0.4399950510317035,0.5083391974815983,0.45901320601007484,,,,,,,,,,,,,,
multi,vowel,phone,IPVS_EHC_99f6ef3d,0,F,i,2,270,-0.29308536611957314,0.418086282816934,0.3398701700347441,0.7489314748917097,0.507297079872202,0.788805416520731,-1.4576821345605968,1.7151633008026783,-0.8652978799777267,-0.4294135569606298,-1.6588445092424935,0.9265410098028771,-1.355954566763507,0.5152533527414724,0.581655476529168,0.6041751765657339,0.4255215245667723,,,,,,,,,,,,,,
multi,vowel,clean,IPVS_EHC_99f6ef3d,0,F,o,1,641,0.30571418795492744,-0.265180084070602,0.9180843614525609,-0.17166591797556197,1.061414839772435,-0.029135821701644304,-1.031450957911355,1.170519310468203,-0.9209938022223386,-0.37168298452705534,-1.5424070929552054,0.8942814391154748,-1.26596442364253,0.10524511770121438,0.10412393846830474,0.17148869485677667,0.12749656297563378,,,,,,,,,,,,,,
multi,vowel,phone,IPVS_EHC_99f6ef3d,0,F,o,1,641,0.4976769159366558,-0.2958996816501989,1.2346147333646749,-0.22486852194581713,1.4784555453758734,-0.006866280715186875,-1.1247097616071824,1.1872711946437886,-0.8029246947595051,-0.13114354774936454,-1.51881790037279,0.7612818720278802,-0.8924254197772448,0.09569525827731717,0.2161823091210719,0.18997025935077808,0.08118620407355774,,,,,,,,,,,,,,
multi,vowel,clean,IPVS_EHC_99f6ef3d,0,F,o,2,283,0.4907284934966885,-0.401739190109292,1.0793078863307048,-0.33058996367872806,1.1893414165715726,-0.16329641178337453,-0.790363722028788,0.9272293173081694,-0.3785090582412586,-0.1504846927192476,-1.1664072794523852,0.7016800396275102,-0.8521647323467578,0.2043906370886378,0.27506747750176197,0.3776916920856302,0.22031985191555017,,,,,,,,,,,,,,
multi,vowel,phone,IPVS_EHC_99f6ef3d,0,F,o,2,283,0.6878089616347475,-0.4157193468676673,1.3369929820996278,-0.30371837256944667,1.4903161738351074,-0.03464284025089086,-0.9442735743104366,0.9923620183914028,-0.3512665464689857,-0.03454243644461994,-1.2634403663769103,0.6483190572924085,-0.6828614937370283,0.16073891634881013,0.5004508821000523,0.4933493090936081,0.14335775185654467,,,,,,,,,,,,,,
multi,vowel,clean,IPVS_EHC_99f6ef3d,0,F,u,1,895,-0.14235930874582997,-0.09724466461043119,0.6568512585798011,0.24444898993498343,0.8122994747685764,0.6254375578360407,-1.1955326679032607,1.5095650517074755,-0.9927483788193715,-0.323718776902118,-1.6370252617244614,1.042347960520945,-1.366066737423063,0.38915838149490256,0.31519965656088356,0.41239423928618396,0.26495113720672386,,,,,,,,,,,,,,
multi,vowel,phone,IPVS_EHC_99f6ef3d,0,F,u,1,895,0.0465296405875705,-0.1200250100545599,0.9586624639937775,0.17812563401249756,1.2034438629279145,0.7296977256818412,-1.4810706249384462,1.41301726862039,-0.7321825779461106,-0.14051666185676054,-1.7632914060098943,0.9247887157861081,-1.0653053776428687,0.228876605716652,0.3679619502027141,0.39349361282672873,0.17850126601180186,,,,,,,,,,,,,,
multi,vowel,clean,IPVS_EHC_99f6ef3d,0,F,u,2,279,-0.1521285999808791,-0.2756663897686456,0.5913394261923062,0.010531821988038058,0.7504172719265583,0.3838565513579803,-1.1415893668253747,1.5022868510534073,-0.7042184974667589,-0.41208255277759226,-1.5602792014737101,1.026427806129117,-1.4385103589067092,0.11536157997270664,0.1388714545090025,0.20320135008249837,0.15495954226090766,,,,,,,,,,,,,,
multi,vowel,phone,IPVS_EHC_99f6ef3d,0,F,u,2,279,-0.09805369729826437,-0.3640495667443473,0.7604243280972249,-0.010543634552927412,1.0126583784289613,0.5235674137899862,-1.3065433417551615,1.3709909235231974,-0.5690899921592171,-0.09117908696451131,-1.5920281642992822,0.8327795983066221,-0.9239586852711333,0.08437944102235995,0.07630016252315375,0.14453387307391208,0.09958902318786161,,,,,,,,,,,,,,
multi,vowel,clean,IPVS_EHC_de4ff365,0,M,a,1,1046,0.6847876427327372,-0.9757411686145956,1.2422471387418592,-0.5994791198925228,1.2182442868353835,-0.3197421759224621,-1.148055937236092,0.9113928874699506,-0.45747103473278367,0.21149225435723926,-1.2707053902410683,0.5360476045875223,-0.32455535023028304,0.3029073805233364,0.5467405656204439,0.5414371650532512,0.32680185246184834,,,,,,,,,,,,,,
multi,vowel,phone,IPVS_EHC_de4ff365,0,M,a,1,1046,0.7259555300994284,-0.7697344702567644,1.2978147053794495,-0.45842594760143834,1.3061426140510353,-0.23088349480253118,-1.2183813555462726,1.051508515966451,-0.49447084329785057,0.10161673076522008,-1.3949408342314373,0.5665809341712268,-0.4649642034060067,0.2940561315681897,0.4896893533840717,0.601313670380091,0.2775964788332943,,,,,,,,,,,,,,
multi,vowel,clean,IPVS_EHC_de4ff365,0,M,a,2,292,0.685159895315089,-1.2938104830682278,1.1261167781935497,-0.9904370690611276,1.1819052977318114,-1.009657909585671,-0.5270915910262953,-0.20576127686283804,0.16346108498559755,0.13077644677832723,-0.42678383945233445,-0.45467037454628473,0.5854468213246119,0.16240925525541475,0.19224707270600566,0.1656340846295598,0.11859857567478767,,,,,,,,,,,,,,
multi,vowel,phone,IPVS_EHC_de4ff365,0,M,a,2,292,0.7602340468967502,-1.2638122403824872,1.226317107338797,-0.9776101797311143,1.2696516588330269,-0.9860530184073881,-0.6457945669747212,-0.08645500361242077,0.06658469064330513,0.17080775635655632,-0.5534265725450083,-0.4531136435371908,0.6239213998937472,0.1951173360613703,0.21138203908720168,0.14780943250798428,0.08816938595335486,,,,,,,,,,,,,,
multi,vowel,clean,IPVS_EHC_de4ff365,0,M,e,1,935,0.26163167576845103,-0.4869184122153569,0.6417486184474194,0.11028446711320929,0.6286711261446676,-0.13184800018919982,-0.15574205851384876,-0.11455280754761688,-0.1983215848976703,-0.11909339701799998,-0.27952726946316936,-0.46412171285645953,0.34502831583845955,0.6079933149282787,0.5359594636993845,0.5570655901401727,0.6511572711877881,,,,,,,,,,,,,,
multi,vowel,phone,IPVS_EHC_de4ff365,0,M,e,1,935,0.4305832667571763,-0.5626681281283578,0.9169882664493486,0.024165128907205374,0.9421869479186182,-0.1122076048676768,-0.3800783816080892,0.03402888721748257,-0.2492808388170924,-0.05204137029547955,-0.4730252592746374,-0.44460673074764256,0.392565360452163,0.5384097661409091,0.4349516033839954,0.49711718431153856,0.6087651516174379,,,,,,,,,,,,,,
multi,vowel,clean,IPVS_EHC_de4ff365,0,M,e,2,299,-0.43611533717555895,-0.14475107793979222,-0.054079492859418876,0.4460621529685858,0.005264726462285163,-0.015979819781872448,-0.08133332398385633,-0.040417932467895316,0.4628331989708526,0.13173612981046762,0.11428580449595636,-0.5788152111869161,0.7105513409973837,0.2945088496846987,0.2635129906572212,0.4960044385750604,0.2823864485748411,,,,,,,,,,,,,,
multi,vowel,phone,IPVS_EHC_de4ff365,0,M,e,2,299,-0.1458985261330947,-0.26363078887620683,0.29133797054132704,0.3117359320103134,0.3546400711516649,0.022265348398224426,-0.3025004758360636,0.20565869893816954,0.17813782945522288,0.17855378903078112,-0.16428633019822078,-0.4168139644358204,0.5953677534666015,0.17781613122794693,0.410899380764932,0.3846761661691583,0.20601520478076857,,,,,,,,,,,,,,
multi,vowel,clean,IPVS_EHC_de4ff365,0,M,i,1,776,-0.35861902450543104,0.40829827428631515,0.13322280545603052,0.9837705939368628,0.15866403722967712,0.7866476965756375,-1.209082530035993,1.4418759619729202,-0.9025286579016963,-0.6371616890470102,-1.4237821613770185,0.61587904559952,-1.2530407346465302,0.327977038839439,0.31984590097657345,0.3816771544479831,0.33007419458068904,,,,,,,,,,,,,,
multi,vowel,phone,IPVS_EHC_de4ff365,0,M,i,1,776,-0.27136629020451475,0.3184132875930598,0.33630018847566817,0.9301176330818127,0.4222003854651308,0.9179808012021969,-1.4730016550792644,1.4968229403055788,-0.7265797782161717,-0.6633567065320302,-1.5752522145985535,0.5860170021717129,-1.249373708703743,0.367900711575392,0.2587431884635771,0.3448620291048161,0.3155427479746528,,,,,,,,,,,,,,
multi,vowel,clean,IPVS_EHC_de4ff365,0,M,i,2,259,-0.7838499796618322,0.8132923194177591,-0.45316314488459547,1.4775691222233378,-0.28091201670230576,0.6688695980864725,-0.5382358132843759,0.8468466462792864,-0.06033048128626149,-0.4906904249908818,-0.5114941306554588,0.0006496751692834174,-0.4913401001601652,0.2608108602709238,0.3683974537397614,0.364825911604601,0.37167244107169944,,,,,,,,,,,,,,
multi,vowel,phone,IPVS_EHC_de4ff365,0,M,i,2,259,-0.4911681857837993,0.5916452616642994,0.008871721424114931,1.2816329366841894,0.24311199252772484,0.6679953036794237,-0.7620527999606103,0.8320285140708753,-0.2000911993205927,-0.43286742545237206,-0.7313267171003257,-0.029588722167121377,-0.4032787032852507,0.1356799367709666,0.47549540470229734,0.48054196511964015,0.21360133384741192,,,,,,,,,,,,,,
multi,vowel,clean,IPVS_EHC_de4ff365,0,M,o,1,641,0.404684125796541,-0.45065971992232584,0.9366208276191315,-0.22376882430020864,0.9446816079802327,-0.0552266200641533,-0.9164578308532765,1.0143805497459002,-0.5969972596153036,-0.4969255731477366,-1.3403804741896592,0.6548384046786792,-1.1517639778264157,0.21456225987299007,0.4139991872073732,0.4229937010685479,0.2817930312210295,,,,,,,,,,,,,,
multi,vowel,phone,IPVS_EHC_de4ff365,0,M,o,1,641,0.39253347461873833,-0.3691937094384974,0.9946673188116644,-0.14138492438700292,1.0302170710904257,0.038147918086547355,-1.023928462994563,1.103214429435018,-0.5203994480433403,-0.3552290764721957,-1.3642694169824774,0.5646584746706022,-0.9198875511427979,0.23120495968699395,0.4592346668002812,0.38045631521907236,0.3133783531301784,,,,,,,,,,,,,,
multi,vowel,clean,IPVS_EHC_de4ff365,0,M,o,2,303,0.6526344675021093,-0.43217154270638536,1.0892033171458322,-0.26703177034203474,1.234397255983509,-0.3746720717741492,-0.8412754262079958,0.7941556545228906,-0.718207393350497,-0.6367000169197067,-1.3173450352064247,0.7266983945187324,-1.363398411438439,0.18110162315432052,0.4676430139100666,0.48985000831222,0.1854093375517524,,,,,,,,,,,,,,
multi,vowel,phone,IPVS_EHC_de4ff365,0,M,o,2,303,0.6592594486930983,-0.4010994795893059,1.1355129441276925,-0.2781529499044835,1.2608889943914987,-0.35405674536045784,-1.068819719259856,0.9834671694724286,-0.7782340450365035,-0.4937688021467683,-1.502831818301821,0.7891079149936717,-1.28287671714044,0.201966927307291,0.32566309020390194,0.4107707075863224,0.3723450181520395,,,,,,,,,,,,,,
multi,vowel,clean,IPVS_EHC_de4ff365,0,M,u,1,580,0.21490062965915122,0.04378027241976782,0.7379069479032495,0.313248910909069,0.9120714151910667,0.2748714967620099,-1.1021908638121067,1.4903591234108498,-0.8745671334280365,-0.48316840669033173,-1.481132818364549,0.9991767879190117,-1.4823451946093433,0.37842878074772424,0.4049494451654901,0.4893820020436084,0.28204706173089106,,,,,,,,,,,,,,
multi,vowel,phone,IPVS_EHC_de4ff365,0,M,u,1,580,0.4844676681804931,-0.0714742919408727,1.1451760263278568,0.1848745353348639,1.4148237242780883,0.3031991378928738,-1.2528664262472897,1.467139496200386,-0.7318766716567949,-0.20227038386095872,-1.5511512804305416,0.9883181034833536,-1.1905884873443122,0.28944681582690923,0.448207337770453,0.5666800827600721,0.39826614494627216,,,,,,,,,,,,,,
multi,vowel,clean,IPVS_EHC_de4ff365,0,M,u,2,278,0.23517200191106116,-0.25916280987716855,0.7653126232326031,0.04234788016903968,0.8960134057062012,0.041421145910308474,-0.9506983824429058,1.3171939690198218,-0.7343899197876453,-0.6013316255772397,-1.3812195736737478,0.9604034627832118,-1.5617350883604515,0.39123108021711894,0.560302342202976,0.629181023586976,0.3804753711124989,,,,,,,,,,,,,,
multi,vowel,phone,IPVS_EHC_de4ff365,0,M,u,2,278,0.4190487182211308,-0.3934345326962925,1.1384586475434757,-0.016995216852852275,1.3811651028337932,0.22567224750916162,-1.1382100656628609,1.408692594795,-0.6043420693881455,-0.2513677596691109,-1.4756002880278087,1.0433602890088445,-1.2947280486779553,0.2803111848615808,0.6731161340952901,0.62596512430386,0.42889662287714525,,,,,,,,,,,,,,
multi,vowel,clean,IPVS_EHC_c3e98ecb,0,M,a,1,995,0.5056937070597756,-0.39475752198616265,0.8903489647997883,-0.17111636363781077,0.9504462684219207,-0.07950845480564252,-0.8030666615845171,1.052251482828578,-1.0307573782189607,-0.3136941568872937,-1.3643856659731275,0.7754293445503991,-1.0891235014376928,0.3796816180465014,0.25300589666003503,0.3806916947872968,0.2577233616440581,,,,,,,,,,,,,,
multi,vowel,phone,IPVS_EHC_c3e98ecb,0,M,a,1,995,0.7131462965029568,-0.31911473233296445,1.1830138641236416,-0.045369463824546916,1.2512231318645142,0.05450018299384732,-0.9257864815555825,0.9513975889289399,-0.9527617694444992,-0.13110381947639999,-1.4533159308996633,0.7151881161159906,-0.8462919355923906,0.4025731125852795,0.1993057303382848,0.31135144443198653,0.21157676942351902,,,,,,,,,,,,,,
multi,vowel,clean,IPVS_EHC_c3e98ecb,0,M,a,2,311,0.932831735534464,-0.6422300619237563,1.2596949282336363,-0.5030612986993025,1.310812090329308,-0.4793214675258188,-0.6430350039253898,0.5261495564391906,-0.47684810673170547,-0.1822442464171884,-1.0639792911827883,0.5907301641403035,-0.7729744105574919,0.2596975699588815,0.3406795644006949,0.5253782398770364,0.3845131879705296,,,,,,,,,,,,,,
multi,vowel,phone,IPVS_EHC_c3e98ecb,0,M,a,2,311,1.1260890101685244,-0.5159909595302082,1.5346720607522975,-0.32127132820573084,1.611537904662882,-0.33462052875980336,-0.7676133150085408,0.668894602653177,-0.6909265835336186,-0.14317412829813472,-1.2242572215948513,0.6239028382090165,-0.7670769665071512,0.17186670575518315,0.22702428641107417,0.41860569675962417,0.24295381879602013,,,,,,,,,,,,,,
multi,vowel,clean,IPVS_EHC_c3e98ecb,0,M,e,1,807,0.2009427430088987,-0.4096272146271676,0.6801777668834962,0.24616245744154625,0.6831507688637861,0.31079538725700573,-0.5356015854582344,0.7946899199762295,-0.5405139936307042,-0.22670461905678524,-0.8236375479968553,0.29379174453926454,-0.5204963635960498,0.3026163651281196,0.23309924361944268,0.33926206027306877,0.22758120101294255,,,,,,,,,,,,,,
multi,vowel,phone,IPVS_EHC_c3e98ecb,0,M,e,1,807,0.5054805095048295,-0.35217468735483504,0.977763632615817,0.28479843932328763,0.9646319997679327,0.32915232049435683,-0.8235511435061386,0.985231617600033,-0.7546013889546247,-0.28696895980650616,-1.2014200720590416,0.4318233977503998,-0.718792357556906,0.2794898518694504,0.2976188549519544,0.40944315963048483,0.2098971631701715,,,,,,,,,,,,,,
multi,vowel,clean,IPVS_EHC_c3e98ecb,0,M,e,2,307,0.38555118280488093,-0.2085436752519092,0.6815087166186925,0.19912570070576024,0.6849300209734891,-0.004397940635681152,-0.3232082540119017,0.4451076869223569,-0.39986069154095005,-0.2964990758009859,-0.6076426386833191,0.16360741571800128,-0.4601064915189872,0.4799172443490365,0.3553582135326191,0.3113641108938985,0.5614262682840772,,,,,,,,,,,,,,
multi,vowel,phone,IPVS_EHC_c3e98ecb,0,M,e,2,307,0.5915897648076753,-0.11206549599363998,0.8716511793233253,0.24962172282708658,0.8391532393726142,0.08118933278161126,-0.7645996413520865,0.6381285892145053,-0.6159801429187929,-0.2714046957927781,-0.9946845872982129,0.21229626961253784,-0.483700965405316,0.2802554676931635,0.40713150734395676,0.3268058611952581,0.3144950869273329,,,,,,,,,,,,,,
multi,vowel,clean,IPVS_EHC_c3e98ecb,0,M,i,1,875,-0.2450274171715691,0.20795517251605078,0.2827743144830068,0.8681438767910004,0.27071527398767925,0.9242919610227858,-0.7958436457599912,1.1527279192776907,-0.7433266293434869,-0.1784023169463589,-0.9899962871699106,0.3507272395420642,-0.5291295564884231,0.287363508877667,0.5712607010884174,0.529386133027522,0.22989791834360723,,,,,,,,,,,,,,
multi,vowel,phone,IPVS_EHC_c3e98ecb,0,M,i,1,875,-0.06829201658566793,0.2611120417288372,0.44471885598841165,0.8973014800321488,0.4439214034591402,0.8426797044277191,-1.17604377136344,1.1156013862859635,-0.7536444748867126,-0.486192474819365,-1.3540194253694444,0.4532590884431487,-0.9394515632625137,0.33771215012090566,0.5363278099257064,0.5218961019386072,0.21333272022917676,,,,,,,,,,,,,,
multi,vowel,clean,IPVS_EHC_c3e98ecb,0,M,i,2,287,-0.21126290087755015,-0.010298861761313642,0.2891987699993773,0.5555096811297312,0.17578065343674898,0.6914285924393317,-1.0874431368415756,1.1771824032585056,-0.6035282982222606,-0.3089369696516522,-1.20375988809015,0.7454052774095639,-1.054342247061216,0.3584863869787286,0.4862705317140391,0.4397098468056657,0.3278935808348454,,,,,,,,,,,,,,
multi,vowel,phone,IPVS_EHC_c3e98ecb,0,M,i,2,287,-0.17776579224649883,0.1152499567911115,0.2604515544768703,0.691145334801922,0.11274402584299187,0.6402848381872122,-1.2696578092657762,1.0713724254528223,-0.5596490994181936,-0.444720649779532,-1.3665491199562316,0.60964765539662,-1.0543683051761519,0.3781483081933152,0.341321473177645,0.4541349656259585,0.34543884538285535,,,,,,,,,,,,,,
multi,vowel,clean,IPVS_EHC_c3e98ecb,0,M,o,1,761,0.4554368713687233,-0.32936014821936316,0.9121261922483632,-0.010507584889816768,0.9887769140091193,0.20890123274837594,-0.9390898586558565,1.2882395393217159,-0.6048184060359157,-0.41233190469427494,-1.3325546677968174,0.9660863328390883,-1.3784182375333633,0.23380950551776716,0.3382399003747391,0.3329039974841417,0.2917726335926986,,,,,,,,,,,,,,
multi,vowel,phone,IPVS_EHC_c3e98ecb,0,M,o,1,761,0.753951052020363,-0.035813158952694234,1.2390241262949269,0.3014177140052261,1.3727099763747117,0.3992097522223804,-1.1797080024000852,1.3871767143973637,-0.7904717542345205,-0.32924831992818177,-1.5998103455589427,1.0395572656924537,-1.3688055856206354,0.23884274207165818,0.4058715633500285,0.4198660479821864,0.21424939837231521,,,,,,,,,,,,,,
multi,vowel,clean,IPVS_EHC_c3e98ecb,0,M,o,2,282,0.22521912157535554,-0.22204269109403385,0.739025645133327,0.09930700782467337,0.8083856540567734,0.1641679874237846,-0.8814435440827818,1.281278149871265,-0.612852336028043,-0.2788844244445072,-1.251217922743629,0.9903646862243904,-1.2692491106688977,0.41235383996836844,0.2921134242432058,0.44344127664057786,0.4160603424122509,,,,,,,,,,,,,,
multi,vowel,phone,IPVS_EHC_c3e98ecb,0,M,o,2,282,0.37851145740817577,-0.07574625418466681,0.8515359409591731,0.1628705497173702,0.917220206821666,0.21098657995462416,-1.234665554498925,1.423165762424469,-0.7656341329216957,-0.21370840677443673,-1.6395802946651683,1.1384804660783094,-1.3521888728527462,0.15667250368455418,0.25386818285325147,0.30893419692508184,0.2333448296761564,,,,,,,,,,,,,,
multi,vowel,clean,IPVS_EHC_c3e98ecb,0,M,u,1,1042,0.09582099685082421,-0.1527553326643694,0.7331153333139496,0.05872444196726186,0.7268773208077723,0.5843705791063583,-1.0954092445845802,1.1313787480048574,-0.6970603609094604,-0.36790229990102424,-1.3345972118905176,0.7102329985568889,-1.0781352984579131,0.17247848190884119,0.2900667612974387,0.37538994507985257,0.19163724160992454,,,,,,,,,,,,,,
multi,vowel,phone,IPVS_EHC_c3e98ecb,0,M,u,1,1042,0.1388940138700671,-0.04320612775917632,0.7506358468780121,0.04131186336945421,0.7083244701258291,0.49375937774348944,-1.3416931663934415,1.0628197386789435,-0.7156277480788125,-0.5029249434737256,-1.4933256510490427,0.5778197655126976,-1.0807447089864233,0.17775110811928932,0.3068344749490255,0.38446822600953673,0.1833959551282561,,,,,,,,,,,,,,
multi,vowel,clean,IPVS_EHC_c3e98ecb,0,M,u,2,292,-0.07484879861162468,0.167210643095049,0.4911104759032076,0.3550862693651156,0.6110879544338043,0.581133752383969,-1.0780418115583332,1.3456971247426488,-0.8601112204857848,-0.6726677447388117,-1.5085434124551036,1.0677279348866167,-1.7403956796254285,0.42887362978166627,0.5199327000462757,0.596784236407543,0.5093771627605017,,,,,,,,,,,,,,
multi,vowel,phone,IPVS_EHC_c3e98ecb,0,M,u,2,292,0.206146690486507,-0.04856960610909895,0.8327760037712075,0.24207177859815684,0.8728790620172565,0.5854769991710782,-1.329976961016655,1.266449343074452,-0.7556755018674515,-0.6036089774729176,-1.610570427030325,0.8954906439916654,-1.499099621464583,0.24300042352541634,0.4163762113550518,0.6510740789719185,0.2957908460447163,,,,,,,,,,,,,,
multi,vowel,clean,IPVS_EHC_1390377d,0,M,a,1,515,0.19890205687496654,-0.5094354118440529,0.5504692898984865,-0.17229907113371543,0.5446964809520345,-0.13019986903976083,-0.6060878312799923,0.7899474206962246,-0.5103840897384199,-0.08443030268918349,-0.9739481479797548,0.5514099210090815,-0.635840223698265,0.45649105016151487,0.3473568438590318,0.37160060420012697,0.3780588151284932,,,,,,,,,,,,,,
multi,vowel,phone,IPVS_EHC_1390377d,0,M,a,1,515,0.5543596153795526,-0.6138281491389167,0.9618075177507494,-0.2790923982279972,0.977129948370665,-0.17016130748497243,-0.7242845545694666,0.7089920645175821,-0.6102344617006462,0.005193954098571852,-1.0758920610915497,0.401666548133234,-0.3964725940346621,0.36710163006139135,0.20957028858332477,0.2866903360904992,0.24554406666700196,,,,,,,,,,,,,,
multi,vowel,clean,IPVS_EHC_1390377d,0,M,a,2,250,0.5196842218438784,-0.5163446153203647,0.8108822081486384,-0.49671948502461116,0.8872480671604475,-0.7085075044631958,-0.47719444940487543,0.47953585656980674,-0.4634563918908437,-0.1468700500826041,-0.8510229610403379,0.40200518699983756,-0.5488752370824417,0.4342227445226759,0.15769807850315973,0.20150308686537655,0.6267427028731841,,,,,,,,,,,,,,
multi,vowel,phone,IPVS_EHC_1390377d,0,M,a,2,250,0.7772367811203003,-0.6548175181945165,1.097380104660988,-0.6173371401429176,1.1757161732514698,-0.7208384972810745,-0.5309111579259237,0.3925408373276393,-0.43132484098275503,0.0017768424997727076,-0.9001776840289434,0.2792304597174128,-0.27745361721764006,0.32292931818360116,0.25238098617946386,0.28481249078766985,0.4739256906444661,,,,,,,,,,,,,,
multi,vowel,clean,IPVS_EHC_1390377d,0,M,e,1,933,0.07715529113104849,-0.16057430457410116,0.660668635113354,0.3911680815054134,0.6475660796152717,0.35894354944135626,-0.8490655642142271,0.8310824654956552,-0.6699869454491372,-0.19674548697981606,-0.9643734388066698,0.05076373821048069,-0.24750922519029675,0.24142505455249377,0.39235333130780514,0.41371277912656373,0.2815202872007063,,,,,,,,,,,,,,
multi,vowel,phone,IPVS_EHC_1390377d,0,M,e,1,933,0.22272648241324433,-0.045707597186433656,0.8670805056252369,0.47389098919542927,0.932731538957878,0.5433551909239321,-1.014460802821977,0.8703699933228858,-0.7036441880113938,-0.1262485871951423,-1.1051956165495616,0.031333173709836876,-0.15758176090497916,0.24254048587666596,0.46335362696911747,0.4313532425914556,0.2677843214158437,,,,,,,,,,,,,,
multi,vowel,clean,IPVS_EHC_1390377d,0,M,e,2,273,0.021600804365042484,-0.11675311290856563,0.4840195266586361,0.38325837832508663,0.5249838896773078,0.15397862548177893,-0.6266863591743238,0.6223497108979659,-0.41489148302511736,-0.1368825466343851,-0.7786178613250906,0.023385443877090108,-0.1602679905114752,0.21428542865175662,0.39717533897443563,0.5287629767135019,0.18979613130062323,,,,,,,,,,,,,,
multi,vowel,phone,IPVS_EHC_1390377d,0,M,e,2,273,0.28692772876132616,-0.11508456595016248,0.8064755838928801,0.3535188808585658,0.9232075172843355,0.2231943088950533,-0.8141247510910035,0.7327383777408889,-0.39494627930901266,-0.1269891401583498,-0.9278906199968222,0.054120239197756305,-0.18110937935610613,0.20739596427831405,0.4262230880420327,0.5127501903322674,0.18180754443460834,,,,,,,,,,,,,,
multi,vowel,clean,IPVS_EHC_1390377d,0,M,i,1,988,-0.22118198961922617,0.20815243183161675,0.3052447129931514,0.7416247830848501,0.40464631789160094,0.658021484862273,-0.9107469829294818,1.0103374484311851,-0.6766181227434364,-0.21506846812788885,-0.9955284693827131,0.2981878281116285,-0.5132562962395174,0.3254371630959206,0.43033242097737073,0.3648746914484784,0.306171476246865,,,,,,,,,,,,,,
multi,vowel,phone,IPVS_EHC_1390377d,0,M,i,1,988,-0.0160494133930415,0.30292463468180764,0.6140032222475669,0.7354003518117397,0.7859953505924655,0.8408138548284267,-1.237507128354275,1.11366378864656,-0.7399103854992976,-0.20530212951529306,-1.3337343108373056,0.33224825247469975,-0.5375503819899928,0.23343115064010028,0.3493566295583837,0.35949676378511136,0.1838990127434698,,,,,,,,,,,,,,
multi,vowel,clean,IPVS_EHC_1390377d,0,M,i,2,296,-0.22549821118290506,0.48044238741813083,0.08696706417236436,0.8537128288089559,0.12115934976700986,0.5947683098610868,-1.097468276037259,1.530993645780542,-0.8552529218324115,-0.7928563279382298,-1.4287070246894709,0.883705400767621,-1.676561728705851,0.22627998354072368,0.21977864536765815,0.3723205471649745,0.14663145223880666,,,,,,,,,,,,,,
multi,vowel,phone,IPVS_EHC_1390377d,0,M,i,2,296,0.22052880853749393,0.48688271708702774,0.6644760149248531,0.91788192277544,0.8714637578873152,0.7222588733675774,-1.2860729429828988,1.491716800445921,-0.9273403837774576,-0.728354331231519,-1.6670540922813202,0.9457141883838712,-1.6740685196153904,0.15561739701094274,0.39532251080734615,0.460827222641224,0.09747996111764114,,,,,,,,,,,,,,
multi,vowel,clean,IPVS_EHC_1390377d,0,M,o,1,645,0.19206469165262327,-0.1594037802875504,0.7860320224318393,0.04780063502856311,0.8430523078031934,0.17174363051582062,-1.0270391912885415,1.1523205587876244,-0.4953751767328543,0.009469344461149023,-1.129435763648622,0.453129474930369,-0.4436601304692199,0.3857415629631433,0.38746468529661304,0.4281795736450533,0.3800340406269707,,,,,,,,,,,,,,
multi,vowel,phone,IPVS_EHC_1390377d,0,M,o,1,645,0.2522962593524031,-0.013312649780773685,0.8680986432065028,0.21458419499009154,0.936715718464642,0.29948105326148583,-1.1477019443376428,1.1695046689775255,-0.39652002966681194,0.08098140149076472,-1.2077712605319897,0.39007050503594004,-0.3090891035451753,0.3393803970835059,0.4148250232847243,0.45743907943729334,0.2876275331238775,,,,,,,,,,,,,,
multi,vowel,clean,IPVS_EHC_1390377d,0,M,o,2,306,0.2581705716641053,-0.4247724345034879,0.7900153065667205,-0.21592547533952672,0.8503339042806107,-0.08222314998831438,-0.8727045532154001,1.0067042240306088,-0.6044529513658389,-0.38823112881863897,-1.2603422393617423,0.6565786059135976,-1.0448097347322365,0.1939333921525547,0.2514283001018197,0.30410339984575346,0.11342452049009434,,,,,,,,,,,,,,
multi,vowel,phone,IPVS_EHC_1390377d,0,M,o,2,306,0.4972952798656795,-0.3066750136406525,1.076204144274411,-0.04189050108518289,1.1857784929806772,0.10768004352955715,-0.9427222191639568,1.0803606272067712,-0.5840613698667806,-0.2127564903753607,-1.3502421673873197,0.6621163710951805,-0.8748728614705412,0.12852374052979035,0.376286787547176,0.39321377733547025,0.16643476014994052,,,,,,,,,,,,,,
multi,vowel,clean,IPVS_EHC_1390377d,0,M,u,1,814,-0.06267752154749268,0.046702520549297334,0.5304468886280547,0.4142527883454245,0.5886642286972124,0.6541084544391048,-1.0310177055244543,1.5228680333312676,-0.8809509561378128,-0.33214294353918156,-1.3549768536142548,0.8651369779465758,-1.1972799214857572,0.4202181224744229,0.3876261747899045,0.34748593115777526,0.24136473279938653,,,,,,,,,,,,,,
multi,vowel,phone,IPVS_EHC_1390377d,0,M,u,1,814,-0.04800368662999601,0.11637501299989467,0.6857672088912555,0.46946485322348924,0.8227614514073547,0.7797716660767186,-1.18251760182332,1.385188340045968,-0.6590822846305614,-0.17701266339542915,-1.4089891379280965,0.8045828298646577,-0.9815954932600868,0.33814188336674883,0.34782264122123174,0.3134908691406425,0.1232204417837167,,,,,,,,,,,,,,
multi,vowel,clean,IPVS_EHC_1390377d,0,M,u,2,280,-0.44806780985423494,0.10422320380097344,0.21509903403265135,0.48927476860228036,0.2778128419248831,0.6265190282747859,-1.248032914385909,1.8421730952603477,-0.8029701488890818,-0.5751418575112309,-1.5872456431388855,1.2021374454100926,-1.7772793029213236,0.29718240296099246,0.5270259307088309,0.3904977685305574,0.3083237237295406,,,,,,,,,,,,,,
multi,vowel,phone,IPVS_EHC_1390377d,0,M,u,2,280,-0.1308894787161123,0.10132296543036189,0.6203284141208444,0.5504493096045086,0.8638612273193541,0.7446566249820448,-1.2708568033717929,1.6127818209074793,-0.770901540382987,-0.2678318435237521,-1.6492710709571838,1.0135962459303083,-1.2814280894540606,0.14410354179022986,0.2700369709182679,0.333733993359436,0.25501985349690454,,,,,,,,,,,,,,
multi,vowel,clean,IPVS_EHC_9a2a24e8,0,F,a,1,1018,0.4473297024036155,-0.5305032046158719,1.0258464715108762,-0.10864227289467855,1.2086086051867289,0.11292579614259059,-0.9106464050710201,0.8932643705138973,-1.117678388466243,-0.39461706761343807,-1.5853454061582977,0.798169475255741,-1.192786542869179,0.22861530576618733,0.22564406691877517,0.42802730757253576,0.16762380699342355,,,,,,,,,,,,,,
multi,vowel,phone,IPVS_EHC_9a2a24e8,0,F,a,1,1018,0.6629736849100761,-0.5130716744639905,1.2980889570381906,-0.04174421019121712,1.4916286632126452,0.20825939803244242,-1.0018260171454327,0.9488438767642756,-1.1077332283595418,-0.2872199945005716,-1.6615375461044655,0.7996984129540281,-1.0869184074545997,0.2568435973389173,0.2840822829435953,0.42535202477769607,0.22115339068323425,,,,,,,,,,,,,,
multi,vowel,clean,IPVS_EHC_9a2a24e8,0,F,a,2,280,0.8601083277414242,-1.0943903655168556,1.5223083698323794,-0.7843764776452666,1.5878763652983165,-0.5178017273013081,-0.7822695405976403,0.5417339925964674,-0.2865370562566178,0.02287541072638262,-1.17828145898169,0.6177963730103025,-0.59492096228392,0.16067787267170505,0.14406570033679642,0.2331724794230139,0.16750706428430862,,,,,,,,,,,,,,
multi,vowel,phone,IPVS_EHC_9a2a24e8,0,F,a,2,280,0.9663794595925581,-1.094753261655569,1.6622094973212196,-0.7127063786167473,1.7358825146442367,-0.35257050066831563,-0.8657135252973863,0.5681942777619475,-0.23687909747518243,0.15988086146258174,-1.1610114309227182,0.48720577729511116,-0.3273249158325295,0.1334391946402689,0.1390133024895123,0.1512210884606698,0.09974807788639331,,,,,,,,,,,,,,
multi,vowel,clean,IPVS_EHC_9a2a24e8,0,F,e,1,994,-0.006143233349490724,-0.09507924325789098,0.5684687408765025,0.23550548362094023,0.6913278700665487,0.3001651255083722,-0.9615951650666952,0.9777420027598889,-0.5930723550925685,-0.24735513188717356,-1.197951191319869,0.46322328763325576,-0.7105784195204293,0.39498517436901315,0.33225796796958,0.4285801512611068,0.2001219203402359,,,,,,,,,,,,,,
multi,vowel,phone,IPVS_EHC_9a2a24e8,0,F,e,1,994,0.14424416824029043,-0.04231643310458365,0.8118024784386357,0.3120779623604538,0.9953106841116047,0.4405890856199839,-1.1108760658315193,1.021338151649488,-0.6397946580347409,-0.18519689570053366,-1.3279983967193791,0.4250605783509371,-0.6102574740514708,0.3069123310717254,0.3823690947133986,0.4226410319633141,0.16491766056310467,,,,,,,,,,,,,,
multi,vowel,clean,IPVS_EHC_9a2a24e8,0,F,e,2,314,0.47520672600520286,-0.5135510313667749,0.8782192551775982,-0.2912699153548793,0.8582203881520974,-0.15912981739169674,-0.7003627630440812,0.7781042248794907,-0.3569646732195427,-0.007873288973381645,-0.9675171716432822,0.42233469065670903,-0.43020797963009066,0.15990635568275183,0.15111008182863875,0.28252926936299405,0.11966674035682823,,,,,,,,,,,,,,
multi,vowel,phone,IPVS_EHC_9a2a24e8,0,F,e,2,314,0.7070750620020063,-0.6538744352365795,1.2198109380508724,-0.3165090462094859,1.2472425641197906,-0.10538607812241504,-0.8951286411599109,0.7325463697314263,-0.35037616867768134,0.026305624921070903,-1.1037170905815927,0.3519905185817104,-0.32568489366063946,0.1736381793973309,0.12324114946125156,0.3341415936731388,0.09312613661205177,,,,,,,,,,,,,,
multi,vowel,clean,IPVS_EHC_9a2a24e8,0,F,i,1,868,-0.5253812602196617,0.4028697737788789,-0.033065162028161045,0.7596121531450886,0.11600920954769142,0.7204066784731273,-1.2629929838052654,1.8109600102079326,-1.182177311958481,-0.5165109844500078,-1.6300728360469314,0.9794842220336142,-1.495995206483622,0.25055134807629204,0.34612754375119886,0.3525603226007117,0.37067217274976366,,,,,,,,,,,,,,
multi,vowel,phone,IPVS_EHC_9a2a24e8,0,F,i,1,868,-0.3557951112359876,0.344879276536662,0.3116694580606574,0.7871013431599314,0.4965644162219603,0.9898119836303466,-1.615798762474937,1.8848537441871176,-1.11744672020048,-0.49739653320262256,-1.898108624407158,1.0419663850225194,-1.539362918225142,0.2091527098594122,0.38394881336828546,0.3492048984017376,0.23074643411213352,,,,,,,,,,,,,,
multi,vowel,clean,IPVS_EHC_9a2a24e8,0,F,i,2,267,-0.5242360439729987,0.42867703337847074,-0.003976924078805106,0.7763533490414946,0.13523975264581833,0.7910090298015878,-1.2756711348243381,1.6836478236299124,-0.7178769801159083,-0.5762079257680022,-1.4959863901878736,0.9773437290203683,-1.5535516547883705,0.3995523655720963,0.4969849323836205,0.444675224014323,0.2593210207375113,,,,,,,,,,,,,,
multi,vowel,phone,IPVS_EHC_9a2a24e8,0,F,i,2,267,-0.24981490462463093,0.3416364944499472,0.4458340356438797,0.8091232554512735,0.6324410185865734,0.981311064144099,-1.3454522645991782,1.465694034321708,-0.6028796892543757,-0.39354666715823344,-1.482976189681462,0.7667776362172195,-1.160324303375453,0.4434188799084164,0.5727462209255556,0.4743051731848639,0.2365543407597579,,,,,,,,,,,,,,
multi,vowel,clean,IPVS_EHC_9a2a24e8,0,F,o,1,1215,-0.014987315026984457,-0.20612362505477153,0.5564059689129985,0.11419105118930095,0.6501730837040314,0.36213201842435594,-0.9527166557328364,1.2190172261825478,-0.6420251817860231,-0.4273938775440711,-1.3385130405753074,0.8218202459177485,-1.2492141234618197,0.3472273736050435,0.2693455623358331,0.4070060492233993,0.4252812377204923,,,,,,,,,,,,,,
multi,vowel,phone,IPVS_EHC_9a2a24e8,0,F,o,1,1215,0.18419962422347363,-0.30229443965788894,0.9087424734696766,0.009784894511205833,1.08501728829533,0.35308966559801247,-1.1962908212049508,1.2475553323375508,-0.5824722126024087,-0.32084912940634946,-1.5657223503939572,0.8732922256646987,-1.1941413550710482,0.2184778988380895,0.18739332402728195,0.36725123886110594,0.3961854740164094,,,,,,,,,,,,,,
multi,vowel,clean,IPVS_EHC_9a2a24e8,0,F,o,2,300,0.6811813082959917,-0.5792062948147456,1.2582254492574267,-0.4804957507385148,1.360443733466996,-0.21967846742934652,-1.0143790214425987,1.1030400723218918,-0.6459594576723046,-0.47258894306917987,-1.576367852422926,1.2313482128911548,-1.7039371559603347,0.10313471190908446,0.5021860367279082,0.49143834295183025,0.06763803190847187,,,,,,,,,,,,,,
multi,vowel,phone,IPVS_EHC_9a2a24e8,0,F,o,2,300,0.7499974235892296,-0.6598075557914045,1.392530948585934,-0.5222034064431985,1.5366477800740137,-0.1573391593164868,-1.0792393810219234,1.075259418785572,-0.4754556675752004,-0.326092407024569,-1.5183090001344681,1.0663025971915987,-1.3923950042161677,0.07526952791342086,0.3452955085056029,0.4742282419246752,0.07453575749859236,,,,,,,,,,,,,,
multi,vowel,clean,IPVS_EHC_9a2a24e8,0,F,u,1,999,0.166387143478219,-0.06493755927101745,0.7536193371662085,0.1180900930614519,0.9441284739881902,0.40742603068343813,-0.9517512563213135,1.2443327519937284,-0.8664803234937782,-0.4341764927108752,-1.487939545943614,1.0711585477168073,-1.5053350404276824,0.40925934164724354,0.3771072472909811,0.41808354949927484,0.3345326403226607,,,,,,,,,,,,,,
multi,vowel,phone,IPVS_EHC_9a2a24e8,0,F,u,1,999,0.33450999189038044,-0.09480582442934224,1.0145218735328332,0.12710849524238543,1.144184346529291,0.4911462955437167,-1.2779004639278038,1.3149923158564703,-0.7554165134066948,-0.331951725887082,-1.6890359202062033,0.9695987212479412,-1.3015504471350232,0.4144142500494496,0.2630876839410311,0.26766537663913587,0.40809916051040146,,,,,,,,,,,,,,
multi,vowel,clean,IPVS_EHC_9a2a24e8,0,F,u,2,300,0.18399793224202263,-0.3187320479088359,0.7646986525919702,-0.21890404787328507,0.8913123692903254,0.014989562249845928,-0.9104689561658436,1.2426843371656207,-0.20028633582923147,-0.2163273590720362,-1.1685040983888837,0.959960231019391,-1.1762875900914271,0.30326682944604594,0.3132050093726823,0.45712058123963983,0.3305329191475433,,,,,,,,,,,,,,
multi,vowel,phone,IPVS_EHC_9a2a24e8,0,F,u,2,300,0.7045802624689208,-0.4346354607078764,1.3095581404036947,-0.17246080231335428,1.42696570456028,0.020103714532322355,-0.8925399429268307,0.9738564420077536,-0.2467799806760417,-0.20533735574119621,-1.1881041559908125,0.7066865824990802,-0.9120239382402764,0.2176845670627135,0.3365383464833909,0.5604962721120048,0.2239092423856317,,,,,,,,,,,,,,
multi,vowel,clean,IPVS_EHC_7ffb735c,0,F,a,1,313,0.9872095705497832,-0.8306280592131237,1.5279310085470714,-0.6176635108927571,1.5278309993642978,-0.479099394704299,-0.8277412289507174,0.7930510040944215,-0.7041734092765384,-0.36073542323219715,-1.3896800926122717,0.8645290188373081,-1.2252644420695054,0.39641741529052615,0.2363298342290917,0.18668899220827326,0.35087877622833075,,,,,,,,,,,,,,
multi,vowel,phone,IPVS_EHC_7ffb735c,0,F,a,1,313,1.0144423796701683,-0.8069682103931588,1.6607923671682046,-0.5282629416890876,1.698369823435627,-0.27117924762781337,-1.1584308122200941,1.0399146392231895,-0.5553223765874035,-0.2981392828323854,-1.58488782152297,0.8833677737958847,-1.1815070566282702,0.12167615804732473,0.2350426173477142,0.20412041575108938,0.3083010609384999,,,,,,,,,,,,,,
multi,vowel,clean,IPVS_EHC_7ffb735c,0,F,a,2,288,0.7975940392620262,-0.9083782303436049,1.312423597635894,-0.6845111193499346,1.2779007954844113,-0.2924492699147641,-0.6435599416151814,0.5097857116796505,-0.41508691620895233,0.03133479034763643,-1.0429985924870118,0.5551425454731302,-0.5238077551254938,0.5412692955446058,0.43390427971575307,0.2720094353984241,0.4380164736639142,,,,,,,,,,,,,,
multi,vowel,phone,IPVS_EHC_7ffb735c,0,F,a,2,288,0.7270028143264782,-0.6603988481835387,1.2425840616911308,-0.40945258017244013,1.2405576431888274,-0.0792357502826329,-0.8993307665504259,0.7280077867466828,-0.4434508363577141,0.17324328897842045,-1.2191197912412128,0.6178918230914693,-0.44464853411304883,0.5323028817825232,0.3459026616755177,0.314993827564519,0.47939696835875734,,,,,,,,,,,,,,
multi,vowel,clean,IPVS_EHC_7ffb735c,0,F,e,1,332,-0.4913878741115332,0.5963228875398636,-0.08969875529408455,1.0859052784740926,-0.04768141932785511,0.7308256034553051,-0.689413436576724,1.2586723846197128,-0.7464583453536033,-0.459878916926682,-0.9981236699223518,0.5373851940128952,-0.9972641109395772,0.2683418497538585,0.5116300272303831,0.4924199334518814,0.30803747426945205,,,,,,,,,,,,,,
multi,vowel,phone,IPVS_EHC_7ffb735c,0,F,e,1,332,-0.2564622028172016,0.5055381184071303,0.19698519572615625,0.9144417536258698,0.27606206968426705,0.6781378281861543,-0.9161574947834015,1.3285544054582714,-0.7193669067323207,-0.5261383586749434,-1.196235795468092,0.58416683412157,-1.1103051927965135,0.3771483029078494,0.41984605682041115,0.44062357470727864,0.2746837404261502,,,,,,,,,,,,,,
multi,vowel,clean,IPVS_EHC_7ffb735c,0,F,e,2,269,-0.040143376479119613,0.6339363931146867,0.09618922126439451,0.8152603869057872,0.1511563762016823,0.3656871909378496,-0.427419797317382,0.9956307523638193,-0.48939484403542943,-0.2797498111984481,-0.788954196623498,0.607349438821337,-0.8870992500197851,0.4018557847107742,0.48023400581075104,0.6400853713584554,0.44144519073835187,,,,,,,,,,,,,,
multi,vowel,phone,IPVS_EHC_7ffb735c,0,F,e,2,269,0.4008129937517131,0.5072240288272226,0.6144115287650582,0.769726417181682,0.7408357493899351,0.46377435984787035,-0.6679421747389015,0.914967935509477,-0.6436671915412681,-0.3739303919983788,-1.0823594090397373,0.5362005243135011,-0.9101309163118798,0.46837854686782027,0.29581735793896125,0.3276101352700251,0.2748845235897157,,,,,,,,,,,,,,
multi,vowel,clean,IPVS_EHC_7ffb735c,0,F,i,1,274,-0.33923678468149826,0.6708521061992071,0.04446648671684495,1.0446001628795303,0.15648335478751055,0.8986026276665998,-0.9963806531874531,1.6985969784029995,-0.7551347666296614,-0.43205304309187165,-1.3280708315860794,1.1238993498754788,-1.5559523929673504,0.5662201911137672,0.6270200323531371,0.7722720966483262,0.6617421079981396,,,,,,,,,,,,,,
multi,vowel,phone,IPVS_EHC_7ffb735c,0,F,i,1,274,-0.2760071550686675,0.4572248643780329,0.26893586153725546,0.9225745597876698,0.35468786075172654,1.0436122884233314,-1.3085740876485066,1.5771561218313424,-0.688450724425086,-0.36659803784575806,-1.516442579677306,0.9477440425116255,-1.3143420803573835,0.697973136290847,0.6190495894347235,0.6954853271092738,0.5972201662739838,,,,,,,,,,,,,,
multi,vowel,clean,IPVS_EHC_7ffb735c,0,F,i,2,274,0.08103786893637784,0.5978879431285054,0.45636350428124506,0.7531319912298616,0.6278199297656496,0.7292266389332622,-1.0536286287817611,1.7225475630846367,-0.7693469824202089,-0.5392984535141163,-1.3796122031039502,1.1793194769107433,-1.7186179304248597,0.683180455708536,0.5328695669737189,0.6437517595177954,0.6896825010460838,,,,,,,,,,,,,,
multi,vowel,phone,IPVS_EHC_7ffb735c,0,F,i,2,274,0.07780187002506601,0.46394688627087927,0.5571490657257746,0.6638313972626824,0.7132550942071949,0.7769885917744005,-1.4088976737785053,1.5840747733432126,-0.9257060270532068,-0.5582520314099559,-1.6994422778307674,1.0336706744260098,-1.5919227058359657,0.6993232338047155,0.5241706893586155,0.7083423143112229,0.49706403801181387,,,,,,,,,,,,,,
multi,vowel,clean,IPVS_EHC_7ffb735c,0,F,o,1,320,0.41174678745058674,-0.12253808230161667,0.8307122483383864,-0.14848442127307257,0.8494713630061597,-0.02939830037454764,-0.9152319297039261,1.4183260751888156,-0.9491984320338815,-0.45175114925950766,-1.4795036980261405,1.1488251630216837,-1.6005763122811913,0.6011008459336233,0.7628013746642595,0.5929695732385102,0.6487955223446435,,,,,,,,,,,,,,
multi,vowel,phone,IPVS_EHC_7ffb735c,0,F,o,1,320,0.7121880050593367,-0.15358359498592714,1.1710882110831637,-0.10237915883772075,1.1739225739923616,-0.031694851350039244,-0.9904588085288802,1.2545538942019145,-0.6379360849969089,-0.4739738506808256,-1.4390028112878401,0.9604942346923053,-1.4344680853731309,0.7096955936289723,0.5632311392245511,0.6897207522265953,0.7190616623020871,,,,,,,,,,,,,,
multi,vowel,clean,IPVS_EHC_7ffb735c,0,F,o,2,299,0.5649537445761222,-0.4194590898837832,0.8762093761843213,-0.4093224784122646,0.8709350224193289,-0.32303843766615536,-0.5861123572232315,0.7105219400390077,-0.46647651575876203,-0.10918593530167532,-0.9860380017790347,0.6369861958661626,-0.746172131167838,0.6176536725702957,0.6552068294324686,0.4096753292868525,0.49109168754206206,,,,,,,,,,,,,,
multi,vowel,phone,IPVS_EHC_7ffb735c,0,F,o,2,299,0.7647185704326103,-0.4907987895756137,1.173033237127968,-0.3737347450374898,1.1566799205640403,-0.1874799578558674,-0.7445373253598397,0.6532399981226051,-0.33159248703751115,-0.019468093733431883,-1.0823913023122766,0.5491510440610884,-0.5686191377945203,0.6675882499007436,0.7247985982148358,0.4661699625365389,0.5127693779934576,,,,,,,,,,,,,,
multi,vowel,clean,IPVS_EHC_7ffb735c,0,F,u,1,261,0.1311982135484173,0.2717519396809256,0.5547600330630685,0.5297555701368174,0.6793548227495448,0.7094296223608552,-1.0509896331531987,1.2862806318292193,-0.6464218668117645,-0.3766897713682454,-1.3860709031296383,0.944010417362687,-1.3207001887309324,0.7207767640664675,0.7104646242950372,0.5188305869823747,0.6938318911129959,,,,,,,,,,,,,,
multi,vowel,phone,IPVS_EHC_7ffb735c,0,F,u,1,261,0.18228260650756253,0.0966766964478098,0.7323207169961018,0.49141613920782784,0.8592871505363732,0.859660219424849,-1.2593338260794902,1.3116167563541679,-0.616893910013946,-0.33468419503254493,-1.5084191649962382,0.8387869948841584,-1.1734711899167034,0.7139153277004423,0.7095392871157185,0.5193310518587332,0.7134713024507332,,,,,,,,,,,,,,
multi,vowel,clean,IPVS_EHC_7ffb735c,0,F,u,2,289,0.08821237095764706,0.21900429930005755,0.48764490902423857,0.433930527142116,0.572886028119496,0.6889133832284382,-0.8797499165364674,1.3864365444013051,-0.6158075181075505,-0.39933603537934165,-1.240549106172153,0.9999647751556976,-1.3993008105350393,0.5786258313913798,0.628531626933958,0.5502386023387308,0.7260277635004766,,,,,,,,,,,,,,
multi,vowel,phone,IPVS_EHC_7ffb735c,0,F,u,2,289,0.1919830060856683,-0.005055451648575919,0.7488401656491416,0.2810268917254039,0.8105404232229505,0.638361199242728,-1.150324570792062,1.3448637474221843,-0.6557653714077814,-0.4335332098177501,-1.4379404480968203,0.9053969901906592,-1.3389302000084093,0.5393919312325692,0.6983919760588236,0.6331997391865859,0.543218368318942,,,,,,,,,,,,,,
multi,vowel,clean,IPVS_EHC_832281bf,0,M,a,1,375,0.48504412717289397,-0.9739104289478726,0.911452105641365,-0.7861563387844298,0.8873573360178205,-0.5408231090174781,-0.45663949641916485,0.3250412254035473,-0.3524848186307483,0.014622135129239823,-0.7510921651787228,0.19957267796827688,-0.18495054283903706,0.052917512437377155,0.04262321572469357,0.14944116380017805,0.1644306803315843,,,,,,,,,,,,,,
multi,vowel,phone,IPVS_EHC_832281bf,0,M,a,1,375,0.7495396612750159,-1.0421808862023882,1.3086464598443772,-0.7509437011347877,1.2866107085016039,-0.4319691449403763,-0.8299724525213241,0.4774179788927237,-0.5957057409154044,0.19270172365837626,-1.0614746514956157,0.22798090196318097,-0.0352791783048047,0.03822415468712159,0.05402843565236985,0.14967835543465102,0.10969505955481632,,,,,,,,,,,,,,
multi,vowel,clean,IPVS_EHC_832281bf,0,M,a,2,418,0.5847418370346228,-1.1459447083373864,0.8175177645115626,-1.046600122063879,0.7479582420062452,-1.0000948266140999,-0.32641337498549433,-0.05876731644901964,-0.17961869220293702,-0.27262502836270464,-0.6347859845393233,0.07601364472851393,-0.3486386730912186,0.060750172966016334,0.18649438898071452,0.24309899960951364,0.1015668006486158,,,,,,,,,,,,,,
multi,vowel,phone,IPVS_EHC_832281bf,0,M,a,2,418,0.8755844684820326,-1.3203528328310876,1.1431546211242676,-1.163363783487252,1.0482263636612703,-1.1121393070807533,-0.39863978178491666,-0.2323647969964123,-0.20227558204224186,-0.13966987725524677,-0.6427007752751547,-0.12175713549737656,-0.017912741757870193,0.06989267937500887,0.18718572777334663,0.18932718560921316,0.12811079505903078,,,,,,,,,,,,,,
multi,vowel,clean,IPVS_EHC_832281bf,0,M,e,1,477,0.15949707257623041,-0.41626401230017895,0.5355209351001301,0.07070190934561686,0.5172768158883583,0.05821136870658356,-0.24995411044629193,0.18689632395003317,-0.21699810708233705,0.126703838048704,-0.44160107289560996,-0.1331276758168321,0.2598315138655361,0.3360576430705751,0.21187934264065184,0.3296430387279008,0.27246647259399664,,,,,,,,,,,,,,
multi,vowel,phone,IPVS_EHC_832281bf,0,M,e,1,477,0.21542422665536196,-0.5778317973796498,0.6783251977340685,-0.055974730994643236,0.6795742743314351,-0.06042124730784718,-0.3617001254799474,0.20279326588434624,-0.2678827014378554,0.20537220981322515,-0.533175561745823,-0.2361256003652404,0.44149781017846557,0.3608446964871768,0.22579155987004412,0.30020500481083695,0.17303900914081224,,,,,,,,,,,,,,
multi,vowel,clean,IPVS_EHC_832281bf,0,M,e,2,211,0.17939049885498257,-0.24577433997251857,0.49563735465365133,0.15595560303823217,0.6027461713927937,-0.04944930923736002,-0.3647474882405574,0.15478728186544471,0.07820852382445899,0.161892619071983,-0.38857074199229713,-0.1695475134646564,0.3314401325366394,0.17487593158981055,0.36800636963076794,0.5690626287939653,0.1334840254185541,,,,,,,,,,,,,,
multi,vowel,phone,IPVS_EHC_832281bf,0,M,e,2,211,0.40537916546262154,-0.37144385548088493,0.8362401676928903,0.10784632495538456,0.9605651967168793,-0.06112868403355906,-0.4848013021579878,0.10753365691135248,-0.0444328959767274,0.24174144060358288,-0.46227864856560397,-0.3209252548587369,0.5626666954623198,0.15420270841186004,0.3788953657879183,0.3604838085537398,0.140745735333455,,,,,,,,,,,,,,
multi,vowel,clean,IPVS_EHC_832281bf,0,M,i,1,391,-0.2659556474457396,0.49011121011794884,-0.003085450923189204,0.7228729742638609,0.049687325066708504,0.5363086869742008,-0.8125142157077789,1.3468655832270358,-0.5648745524756452,-0.50773886832151,-1.033341653296288,0.7442977864295244,-1.2520366547510344,0.25442804007677283,0.37510276815645094,0.3821104055230445,0.22216270081172712,,,,,,,,,,,,,,
multi,vowel,phone,IPVS_EHC_832281bf,0,M,i,1,391,0.21166842611546213,0.3567732736151269,0.5446073880220982,0.6745549909611965,0.6205611482579657,0.5449233035457896,-0.7859006458774526,1.047312033651991,-0.6760531899142772,-0.4537099593180291,-1.0064987503467722,0.5162441959882036,-0.9699541553062327,0.2501551424877013,0.23840619800351825,0.2181300190659543,0.21288182640486208,,,,,,,,,,,,,,
multi,vowel,clean,IPVS_EHC_832281bf,0,M,i,2,334,-1.1662591093837624,1.067152153589938,-0.9097017483546002,1.4516738110249585,-0.7613042520709558,0.9404858716643683,-0.7519971217849467,1.4854212261662625,-0.1936411411307826,-0.5284995726945967,-0.8046023554288515,0.5817679255776623,-1.1102674982722591,0.40702034311625557,0.4936762368957178,0.4021049277519341,0.21437207900929017,,,,,,,,,,,,,,
multi,vowel,phone,IPVS_EHC_832281bf,0,M,i,2,334,-0.8615714503396855,1.195734702714599,-0.5401556837086631,1.8095881136337129,-0.3505942327993931,1.0647331938000009,-0.6217912570527284,1.1139295720080338,-0.17172477217298923,-0.5041012649452037,-0.6413057016780471,0.22902047154631947,-0.7331217364915231,0.43401510484978795,0.5271063212453602,0.4544573660185466,0.3026069746627012,,,,,,,,,,,,,,
multi,vowel,clean,IPVS_EHC_832281bf,0,M,o,1,638,0.8210917934387302,-1.4827515777821343,1.5191439110785723,-1.2393618747980024,1.4448840991050627,-0.6519682138459757,-0.5687702971044928,0.4784504514245782,-0.3680167538113892,-0.05131558968181101,-0.9650960014356921,0.4586076106740317,-0.5099232003558427,0.2448539453017665,0.2782960531166728,0.24479211610197063,0.31552485675895336,,,,,,,,,,,,,,
multi,vowel,phone,IPVS_EHC_832281bf,0,M,o,1,638,1.04181565833278,-1.4111927373645206,1.799111974115173,-1.1750302222402145,1.7908573347764711,-0.47610911012937623,-0.7893560299417004,0.7725533685491731,-0.30206446815282106,0.0863591773280253,-1.1113807117411245,0.5699087913817493,-0.48354961405372404,0.2017114364825145,0.347464111123514,0.36394175923535754,0.21058605069928998,,,,,,,,,,,,,,
multi,vowel,clean,IPVS_EHC_832281bf,0,M,o,2,303,0.5495426733799971,-0.9280262874449537,1.084413107301368,-0.7280101290817469,1.1270098734260257,-0.4046835049253995,-0.7581062118212382,0.6968748815398399,-0.49397135664367936,-0.3298993338652647,-1.1787542523256416,0.6043743543184358,-0.9342736881837005,0.243975371910794,0.23309163981008868,0.31750199460494294,0.4489614512602128,,,,,,,,,,,,,,
multi,vowel,phone,IPVS_EHC_832281bf,0,M,o,2,303,0.9954481109406779,-1.063302763498546,1.6351016202911002,-0.8618267010795614,1.7312415362707252,-0.46191828889273556,-0.9077388627933023,0.7269218231810898,-0.7225997080731261,-0.331532147331316,-1.448564549938577,0.684174556916203,-1.015706704247519,0.3331054874948935,0.30818357860100276,0.41266291244862885,0.32065931790390806,,,,,,,,,,,,,,
multi,vowel,clean,IPVS_EHC_832281bf,0,M,u,1,359,0.31542225339995,-0.131827094862538,0.6653996618112661,0.0494100971980029,0.7935779698982767,-0.08675435322770325,-0.5917819288606467,0.8709668801144658,-0.7834636172803316,-0.6212336587191727,-1.1219721436843895,0.6265939950239137,-1.2478276537430864,0.24505500548347933,0.135467767688007,0.14867461015573344,0.24092083307173626,,,,,,,,,,,,,,
multi,vowel,phone,IPVS_EHC_832281bf,0,M,u,1,359,0.8168551920471103,-0.43341162780188197,1.3398382400724744,-0.13276717622983292,1.4770773385526947,0.16889638065742457,-0.731660782054822,1.0891103625452052,-0.8836874893184081,-0.5011116263847197,-1.321271695299632,0.8659701954127045,-1.367081821797424,0.16830687069688752,0.14585575666670714,0.1581018080192905,0.1998965753317344,,,,,,,,,,,,,,
multi,vowel,clean,IPVS_EHC_832281bf,0,M,u,2,275,0.3536828939661835,-0.9377595328923428,1.1361062163656408,-0.6132947691462257,1.2215327905886102,0.011632482481725288,-0.732897237033555,0.9705969712950967,-0.7557440599708846,-0.163166586422559,-1.3080806851387023,0.836936116308877,-1.000102702731436,0.5651243633383713,0.308960980368147,0.4542841302078231,0.47850561806394926,,,,,,,,,,,,,,
multi,vowel,phone,IPVS_EHC_832281bf,0,M,u,2,275,0.6413895686467489,-0.9542280251329596,1.4524173434936638,-0.609236256462155,1.519811902624188,0.017394592003388838,-0.6977255385933501,0.7903695057738911,-0.7385676808429487,-0.10132661832101417,-1.2125313018307542,0.506208110408801,-0.6075347287298152,0.5497499949028211,0.18492677848898284,0.2876631094767401,0.395719750171567,,,,,,,,,,,,,,
multi,vowel,clean,IPVS_EHC_71d347fe,0,M,a,1,526,0.7385357100563713,-0.7068341789366324,1.061764499431924,-0.4174287749713735,1.084151789640324,-0.2914022460485561,-0.4099673502430131,0.3169268353288121,-0.26708889408390735,-0.2001629521056444,-0.7523435247425414,0.18825070033604396,-0.38841365244168835,0.26819977758899655,0.24471426862475368,0.31173920504310576,0.1345565751544569,,,,,,,,,,,,,,
multi,vowel,phone,IPVS_EHC_71d347fe,0,M,a,1,526,1.059308186739306,-0.7813688029971304,1.5156364806845217,-0.4197878315573252,1.5766342742533623,-0.15777109322857252,-0.6730180614733998,0.5269592812968583,-0.3818217924076922,-0.024595847530172594,-1.0117611743486192,0.24443188134014984,-0.26902772887032245,0.28838532679903955,0.2265228060949268,0.28029412277491966,0.1765137796735819,,,,,,,,,,,,,,
multi,vowel,clean,IPVS_EHC_71d347fe,0,M,a,2,294,0.6422027612335226,-0.9589768787113468,1.0457613575324585,-0.9398046825708968,1.0329149679354068,-0.884938033193015,-0.6870163222042363,0.3936991129028663,-0.5738286386045177,-0.3707739667276318,-1.1282452746723475,0.46714241923031846,-0.8379163859579503,0.17259232862486334,0.3730455067065293,0.45434482894528916,0.16656765206938706,,,,,,,,,,,,,,
multi,vowel,phone,IPVS_EHC_71d347fe,0,M,a,2,294,1.0074039280749438,-1.0629694721337115,1.5223019658849481,-1.003894931647215,1.5690551708253582,-0.7741642775160543,-0.8426865654045277,0.4770444804028179,-0.7376608105188005,-0.23711090513996863,-1.3020152844739763,0.3990214591155226,-0.6361323642554912,0.16274023699200096,0.3821605636668306,0.48417799089992736,0.11630959721949564,,,,,,,,,,,,,,
multi,vowel,clean,IPVS_EHC_71d347fe,0,M,e,1,321,1.1926333521314236e-06,0.3645978229496763,0.320811074555229,0.8211150350811568,0.41176154808059257,0.4036035687503419,-0.5099413832697843,0.6205218896231194,-0.24423290418528523,-0.27527671029376244,-0.685454604674343,0.15451017318418916,-0.4297868834779516,0.2765843825557779,0.2586608994868159,0.41391763798563697,0.2646667647073553,,,,,,,,,,,,,,
multi,vowel,phone,IPVS_EHC_71d347fe,0,M,e,1,321,0.3997483457308359,0.2677246424818286,0.7561155945989134,0.7476856045309126,0.884014570882901,0.445608396527063,-0.71778091502622,0.7163100390275217,-0.3976757165835929,-0.23102197265300725,-0.8931439140222851,0.2064244511387663,-0.43744642379177356,0.26788622555514263,0.2136949764323322,0.38699239471848873,0.3041692321937209,,,,,,,,,,,,,,
multi,vowel,clean,IPVS_EHC_71d347fe,0,M,e,2,295,0.19316475893144552,0.19011415406472265,0.5323066150738021,0.593967135932486,0.6109448662080333,0.30990206984813606,-0.5565588383351342,0.6570237517188497,-0.36290362018481487,-0.24713795787870546,-0.7664820843160489,0.2852585164482816,-0.532396474326987,0.26576230539723666,0.32799853908460197,0.34540806778426614,0.2537606022405794,,,,,,,,,,,,,,
multi,vowel,phone,IPVS_EHC_71d347fe,0,M,e,2,295,0.36043119085373854,0.16563086859923973,0.7500935403135537,0.6632343136658103,0.8402787048769536,0.3946821050623716,-0.7433171121582474,0.6752567276947916,-0.3829933279483332,-0.1568908029693668,-0.9006650845209757,0.17447168698881643,-0.33136248995818324,0.24384660541578917,0.29020653269409774,0.4154778454309029,0.12848638334021478,,,,,,,,,,,,,,
multi,vowel,clean,IPVS_EHC_71d347fe,0,M,i,1,484,-0.518372689310002,0.5802409712684481,0.030924786137391445,1.082590389996767,0.1002216319719406,1.0082675471697768,-1.0285074051520595,1.351130942673716,-0.9288078536317773,-0.4721818455329088,-1.2647986107646194,0.6969571419774669,-1.1691389875103757,0.25648643618410766,0.2813383286362256,0.3002419192035136,0.35624926003610613,,,,,,,,,,,,,,
multi,vowel,phone,IPVS_EHC_71d347fe,0,M,i,1,484,-0.14075009882041853,0.22292885184288025,0.4088541280018957,0.6688121446497637,0.42988342434576116,0.6673843261007577,-1.4103645093943158,1.1470013661182499,-0.6697231325486751,-0.6202198710955985,-1.4195483910710844,0.4731604511951645,-1.093380322290763,0.2540397081015955,0.4023094054415875,0.30094664189984954,0.30027639274827767,,,,,,,,,,,,,,
multi,vowel,clean,IPVS_EHC_71d347fe,0,M,i,2,274,-0.6812081058700401,0.6888989553932684,-0.27384473491145905,1.1530492070568614,-0.2217985623213182,0.8437461673495281,-0.9880880269120975,1.3432522351483265,-0.61255567924804,-0.5297795463218746,-1.1084645140960991,0.6885692554761667,-1.2183488017980413,0.34732503940967796,0.3521391059392978,0.5286252054505495,0.2662332059085993,,,,,,,,,,,,,,
multi,vowel,phone,IPVS_EHC_71d347fe,0,M,i,2,274,-0.2980050412287195,0.2841817528368479,0.07918281368462436,0.8995459006134287,0.0416711091277111,0.6226689731141171,-1.100518444485693,1.0352046199771294,-0.2308439099824572,-0.5251303903578993,-1.0592115182115371,0.41946196060133983,-0.9445923509592392,0.47932513860268616,0.494399284607116,0.5880727863756994,0.33412997211111123,,,,,,,,,,,,,,
multi,vowel,clean,IPVS_EHC_71d347fe,0,M,o,1,312,-0.07794343925853993,0.25864237388397787,0.3130039879457748,0.6191953975469509,0.35390939508029756,0.5972544085630711,-0.8197300737684078,1.4142272795768493,-0.71805536017773,-0.39350015705728786,-1.284649706267296,0.9510353298144455,-1.3445354868717334,0.15075119686558172,0.09417765173908536,0.24907545154918664,0.1941416404422358,,,,,,,,,,,,,,
multi,vowel,phone,IPVS_EHC_71d347fe,0,M,o,1,312,0.14424639702477354,0.17571287522924708,0.6292936097275703,0.5369319789745706,0.6970585440384581,0.5961141545087734,-0.935827318816743,1.3438833401875292,-0.8270901561258955,-0.39460309919841746,-1.414050984255811,0.804830065660892,-1.1994331648593095,0.09262996377355598,0.1355893292188688,0.38944979554212755,0.17821104020945017,,,,,,,,,,,,,,
multi,vowel,clean,IPVS_EHC_71d347fe,0,M,o,2,281,-0.22822744377266022,0.21347161757170097,0.28253850684716153,0.6027555095373526,0.31096263952861875,0.6523601573247176,-1.0888941933417462,1.5843217697369276,-0.9236250229664809,-0.4463152140378952,-1.4813930558029718,0.960204039452344,-1.406519253490239,0.3048518139061328,0.33247577218319235,0.4415145803634566,0.317182125228068,,,,,,,,,,,,,,
multi,vowel,phone,IPVS_EHC_71d347fe,0,M,o,2,281,0.0720741052246658,0.13081348771174278,0.7068823150981812,0.6114179781202734,0.8481989132582083,0.7749069069440548,-1.2412285550811586,1.3505479118527746,-0.7673137105957291,-0.35125755695019956,-1.5871326658852707,0.7849957407204181,-1.1362532976706177,0.302805231535071,0.13454082178673155,0.2544365075158882,0.3726093137690545,,,,,,,,,,,,,,
multi,vowel,clean,IPVS_EHC_71d347fe,0,M,u,1,384,-0.08850390836596489,0.40667009321523123,0.41531710994654686,0.7665511693420082,0.5427206806710054,0.937356175790573,-1.3169076769644845,1.4840431639860416,-0.6519421665319081,-0.496724012211479,-1.5208354931453179,0.9096009624030056,-1.4063249746144846,0.25280644972478694,0.27031295718569076,0.3800064542647315,0.18303333976671726,,,,,,,,,,,,,,
multi,vowel,phone,IPVS_EHC_71d347fe,0,M,u,1,384,0.2144288152199367,0.43865780975541163,0.6462591452973669,0.8368143571604942,0.7881478823336034,0.8779968272509246,-1.2994560434900482,1.2557506268394405,-0.6248675078025152,-0.5513053000101755,-1.4631911279826328,0.7520772703875113,-1.303382570397687,0.2218286645226758,0.2508221413633315,0.40687800268570545,0.16159167772334096,,,,,,,,,,,,,,
multi,vowel,clean,IPVS_EHC_71d347fe,0,M,u,2,279,-0.24677783391884797,0.4266225833159227,0.37939464305279524,1.008117043231366,0.5402742842069039,1.1553983561386019,-1.33241252680502,1.6767063493559347,-0.7094832872145275,-0.5237743647317209,-1.5810391423264905,1.0682509298816587,-1.5920252946133797,0.30460949151970557,0.2885668783520379,0.4031360086454993,0.2836077615697309,,,,,,,,,,,,,,
multi,vowel,phone,IPVS_EHC_71d347fe,0,M,u,2,279,-0.023450165634324564,0.5106231060606488,0.5288946540398005,0.9995336537883126,0.6625684651397389,1.0337350826997023,-1.3446964265326777,1.6100842056895148,-0.7998705680906419,-0.6857442618209935,-1.6619623945309565,1.0708480051459646,-1.756592266966958,0.3385347746570743,0.21496962310080625,0.33290365033382635,0.4676859970817397,,,,,,,,,,,,,,
multi,vowel,clean,IPVS_EHC_71d347fe,0,M,a,1,1098,0.647409089564374,-0.7913433653612931,1.1445123686934962,-0.6032697948994059,1.1556925561166171,-0.488380385212826,-0.7243811016958771,0.7740524462395997,-0.8053024565405917,-0.065201101181182,-1.192843020769457,0.5812572690601827,-0.6464583702413648,0.3089961477679292,0.31846173501572217,0.3677139366470745,0.24414222114648193,,,,,,,,,,,,,,
multi,vowel,phone,IPVS_EHC_71d347fe,0,M,a,1,1098,0.7114118718062387,-0.4785507522297628,1.2403895527575954,-0.30855693051760846,1.28457901502649,-0.19618951937917506,-1.0390115340776516,1.008417113926826,-0.8796290423608187,-0.03615688691197923,-1.471105776851376,0.7409241458669192,-0.7770810327788984,0.3629555017599852,0.34316991181589607,0.3758018943447861,0.2800509599902378,,,,,,,,,,,,,,
multi,vowel,clean,IPVS_EHC_71d347fe,0,M,a,2,309,0.8901485035763704,-1.0020287051239116,1.4383847789968398,-0.7898022895828288,1.5146416938878635,-0.3425377760341461,-0.7499447602798595,0.41053849155890115,-0.3121385403814163,0.2679262964881678,-1.0259916101866227,0.4035374165716815,-0.13561112008351375,0.2160085391828271,0.4761299700624705,0.45380331776397653,0.30754632556543327,,,,,,,,,,,,,,
multi,vowel,phone,IPVS_EHC_71d347fe,0,M,a,2,309,0.9780246276747097,-0.7818865404728262,1.446763163581889,-0.5073822813238053,1.4878403643235802,-0.18084152003023077,-0.7248465159838212,0.5606927207925103,-0.23558634400048994,0.25918717295887633,-0.9617188901187265,0.39294217041828094,-0.1337549974594046,0.13445331927907653,0.3904606407138407,0.4780020765837177,0.25481224701678495,,,,,,,,,,,,,,
multi,vowel,clean,IPVS_EHC_71d347fe,0,M,e,1,1453,0.1120214886954833,-0.2648425203111164,0.5181862343900665,0.3143582266220932,0.4761014546588797,0.24706868421102854,-0.6988364720091923,0.7793605423192115,-0.7260464252509339,-0.18697447157363575,-1.0148707847073588,0.24072933865056073,-0.42770381022419646,0.3912139230065801,0.4729172109501613,0.5727738635379243,0.3754668780746965,,,,,,,,,,,,,,
multi,vowel,phone,IPVS_EHC_71d347fe,0,M,e,1,1453,0.20444929493934702,-0.16155505659995348,0.6576636246014024,0.41812531842945094,0.5961747471273013,0.32920478009549475,-0.9198314108867689,0.814803335589505,-0.7515248676414206,-0.26530888171403544,-1.215313481685427,0.24456745437117036,-0.5098763360852058,0.29893918522722124,0.4354156498651576,0.5334208093335285,0.2401256627258573,,,,,,,,,,,,,,
multi,vowel,clean,IPVS_EHC_71d347fe,0,M,e,2,304,0.15940546090512173,-0.12329077785429747,0.5121195394869732,0.3264505225031272,0.45027766700672067,0.21769465910999672,-0.6122722611155199,0.668701422603234,-0.18602549470961094,0.06347687109171049,-0.787538204504096,0.2708465414546916,-0.20736967036298112,0.39416364686185434,0.29049220284504,0.38603915674111944,0.23576383531178338,,,,,,,,,,,,,,
multi,vowel,phone,IPVS_EHC_71d347fe,0,M,e,2,304,0.025875298468315083,0.060537707060575485,0.3860143064318792,0.5618469301287247,0.30408691047974257,0.32915299774512,-0.7710194157679444,0.6866823631622221,-0.06385944370666276,0.04707686627364677,-0.8419802243132954,0.19897053160947625,-0.1518936653358295,0.39309414525156533,0.5248861581829651,0.616607663252603,0.21483724544061394,,,,,,,,,,,,,,
multi,vowel,clean,IPVS_EHC_71d347fe,0,M,i,1,1200,-0.25973128436340226,0.07966847895748086,0.25670964287387,0.5901896080002189,0.22741633904063038,0.7809122591382928,-0.9900976543625196,1.3973937386025985,-0.7144454666102926,-0.11206346561925279,-1.1329421833054059,0.6597463390169044,-0.7718098046361572,0.385081489473709,0.4448028405523963,0.49529475501313536,0.3680724378022471,,,,,,,,,,,,,,
multi,vowel,phone,IPVS_EHC_71d347fe,0,M,i,1,1200,-0.09519954056789477,0.13304749774850078,0.5478766267291374,0.655989149502582,0.5611380516034034,0.9115486735271083,-1.3814616716363364,1.4394476523415909,-0.780830917466018,-0.21300166849460866,-1.4446126352374753,0.5871400657730798,-0.8001417342676884,0.3932836948736606,0.39940722509686266,0.44720344760344893,0.37407439269654097,,,,,,,,,,,,,,
multi,vowel,clean,IPVS_EHC_71d347fe,0,M,i,2,298,-0.2806326652566592,0.11766007973088158,0.19161757421162393,0.5084503077798419,0.19334468990564346,0.5709203757345677,-1.0778704345226289,1.3625804795159233,-0.6855155580573612,-0.12051355871889326,-1.1888695923818482,0.6571538935001525,-0.7776674522190459,0.511590478860912,0.6501697508952031,0.8001951028396492,0.5245997596217037,,,,,,,,,,,,,,
multi,vowel,phone,IPVS_EHC_71d347fe,0,M,i,2,298,-0.15623308536079195,0.2259728411005603,0.48182902220222684,0.7789480235841539,0.5313789559735193,1.0072138374050459,-1.3896470387776694,1.4590666701396307,-0.6601850580837991,-0.1500224338637458,-1.4270639552010431,0.6410773672887848,-0.7910998011525306,0.24055444510095705,0.15215334363556343,0.5172475016899012,0.5291686763391635,,,,,,,,,,,,,,
multi,vowel,clean,IPVS_EHC_71d347fe,0,M,o,1,1326,0.39401102258856574,-0.7903670647261131,1.0207047408362429,-0.5159795604945727,1.0477155138686973,0.06292042418865103,-0.7632313800329839,0.9527421971436721,-0.622690692019822,0.08289967993527052,-1.1422657533431773,0.6319776989505556,-0.5490780190152851,0.36192689654890425,0.3491323700264718,0.3895779778042958,0.5139889382381088,,,,,,,,,,,,,,
multi,vowel,phone,IPVS_EHC_71d347fe,0,M,o,1,1326,0.6613759428974072,-0.5692965453443815,1.3286620226487442,-0.29823657450963503,1.3504943356816492,0.2577116765156763,-1.0630562260522316,1.1474769114699197,-0.8632794980839569,0.09306200418209461,-1.546156030204428,0.7435085754045964,-0.6504465712225018,0.30753176613393746,0.3614243602119087,0.38939974062385463,0.44999231103204196,,,,,,,,,,,,,,
multi,vowel,clean,IPVS_EHC_71d347fe,0,M,o,2,295,0.7400640205474897,-0.14734243420557788,1.135596069323141,-0.016812046200542125,1.2651388059228152,0.17714476063426604,-0.7885289236819003,1.175986895116709,-0.6216785141640464,-0.14447178135989075,-1.2522418653897647,0.937585742702171,-1.0820575240620618,0.3549999037455783,0.4133340566550705,0.44721427105060835,0.5194476453612871,,,,,,,,,,,,,,
multi,vowel,phone,IPVS_EHC_71d347fe,0,M,o,2,295,1.0298251757177257,-0.17209549281893477,1.508662512746908,0.12427169606510528,1.6569327843391288,0.35611302384548943,-1.0591413901518967,1.1503230225568437,-0.50637565881519,-0.0667048907380993,-1.4279423935265192,0.8747364384895664,-0.9414413292276658,0.4036505891088914,0.31439803548902745,0.33993992347813246,0.469338868091505,,,,,,,,,,,,,,
multi,vowel,clean,IPVS_EHC_71d347fe,0,M,u,1,1237,0.17397382654861357,-0.05216273966259141,0.7465767111343459,0.13593103964267797,0.7999307999981524,0.4628689225517404,-0.7951494181180225,0.9795222922126746,-0.9245130472476839,-0.3668780291946868,-1.287422908627971,0.7427708602674596,-1.1096488894621463,0.3821813002664758,0.3294256146676917,0.48053510609416855,0.4417063252150046,,,,,,,,,,,,,,
multi,vowel,phone,IPVS_EHC_71d347fe,0,M,u,1,1237,0.4254495784499924,-0.19834936651856228,1.069372616297143,0.03394696300957116,1.0928172863428236,0.4258160570468428,-1.1031808359786608,0.9378420361098339,-1.1669187106563137,-0.5533243404202474,-1.6514390569837065,0.6717057892799497,-1.225030129700197,0.39040834770035143,0.2672652915370644,0.4856791867949107,0.44243564107840266,,,,,,,,,,,,,,
multi,vowel,clean,IPVS_EHC_71d347fe,0,M,u,2,301,-0.004862345796263679,0.31492359730420194,0.4526722046716437,0.3765069033888822,0.5003403269618915,0.5718727162035789,-0.9389295258574722,1.2189343877918812,-0.4093757354916789,-0.12105752140777545,-1.1303524844224941,0.7572330324730491,-0.8782905538808246,0.36197384526298576,0.3136964017036967,0.4207871020416668,0.5146138491990256,,,,,,,,,,,,,,
multi,vowel,phone,IPVS_EHC_71d347fe,0,M,u,2,301,0.19725460843157372,-0.04860967801091421,0.7429259649133155,0.18491960337478153,0.7565295342253058,0.5173876086321983,-1.2454499993370383,1.109759088708551,-0.2561598538693802,-0.26012870521176584,-1.3509507202311775,0.6571601405431059,-0.9172888457548717,0.16245979073290703,0.23359344823258354,0.4275209309229397,0.2017960831273695,,,,,,,,,,,,,,
multi,vowel,clean,IPVS_PD_25bcde8e,1,M,a,1,856,0.0349489137936195,-1.0202176960235905,0.4018250217059707,-0.8552384122858252,0.3883375401684746,-0.8272981400735647,-0.3866397779913264,0.16100478194769952,0.13867180703157117,-0.25136624928926216,-0.42279672848807237,-0.12246462958955463,-0.1289016196997075,0.5038291779734199,0.5562246166254572,0.49411715887699775,0.27614572126312403,,,,,,,,,,,,,,
multi,vowel,phone,IPVS_PD_25bcde8e,1,M,a,1,856,0.4616505241289677,-1.0268654543833975,0.8711877097647478,-0.8018713908610641,0.8648166674468304,-0.8667401266990933,-0.5359409897069987,0.2497347925467134,-0.29466690050604744,-0.2353144381557689,-0.7516737074703558,0.024629411436182514,-0.25994384959195144,0.42151308988105524,0.48616335207488065,0.48529530643857954,0.21554174979134583,,,,,,,,,,,,,,
multi,vowel,clean,IPVS_PD_25bcde8e,1,M,a,2,860,0.07716364012092583,-0.8946728265389453,0.4118075730033623,-0.6852415313207826,0.3884116777096146,-0.6867206292443497,-0.489729440402846,0.3497924675313077,-0.015990864832040874,-0.19819308460018661,-0.6053779110196948,0.13555581444267964,-0.33374889904286625,0.30889329191238635,0.3954204642467334,0.47532381441657845,0.20817491123936108,,,,,,,,,,,,,,
multi,vowel,phone,IPVS_PD_25bcde8e,1,M,a,2,860,0.4612546749990578,-0.8821386335663093,0.8407817890708761,-0.6210922907546971,0.8093085909305617,-0.7216718392952006,-0.6545833562349164,0.4798398006332013,-0.48970844252973567,-0.22744370272108752,-0.9715628316698148,0.2788752188776122,-0.5063189215986996,0.29329748221768054,0.25210541966297495,0.43272111277879544,0.25465524592808814,,,,,,,,,,,,,,
multi,vowel,clean,IPVS_PD_25bcde8e,1,M,e,1,771,-0.4675515487178613,-0.4336777148571179,-0.08170411164508268,0.141142794174458,-0.11578567596413919,-0.08011575233086654,-0.17874276992054275,0.1839181518837906,0.10684152560602254,-0.10054236878972847,-0.10133278984616693,-0.40717176874580574,0.3066293999560773,0.39386254077890037,0.3161042225933285,0.3058711468180692,0.2682308735195544,,,,,,,,,,,,,,
multi,vowel,phone,IPVS_PD_25bcde8e,1,M,e,1,771,-0.0925797029975681,-0.5659083721447197,0.330286513362281,0.060779821892021545,0.3316174556961842,-0.20023190289671428,-0.40978799103789404,0.1583486230919222,-0.08297380219267975,-0.12067999513759468,-0.40306373423299313,-0.36954780548135097,0.24886781034375627,0.44374556385463626,0.3348616134956117,0.33188762695686574,0.31626758529837345,,,,,,,,,,,,,,
multi,vowel,clean,IPVS_PD_25bcde8e,1,M,e,2,811,-0.35931996649295644,-0.5754424302056584,-0.028701621618358996,0.06343789735246733,-0.09733552627984503,-0.14645633193256918,-0.043940101622066456,0.011519534325942367,0.19970423898045778,-0.16034242962879078,0.021321581022572957,-0.41526788466627224,0.2549254550374815,0.231921519576147,0.21221029040828943,0.20696808073595438,0.2095794426822664,,,,,,,,,,,,,,
multi,vowel,phone,IPVS_PD_25bcde8e,1,M,e,2,811,-0.007486324963873172,-0.6164681883318468,0.3700421385818928,0.012043774005568737,0.35842298831048686,-0.21843022383458804,-0.38723730257649197,0.08956549963789553,-0.1017391567541099,-0.13706929961819914,-0.39993324930907764,-0.32517420098537414,0.188104901367175,0.2519037737799239,0.18569535463613104,0.22058826685612104,0.19895538976985466,,,,,,,,,,,,,,
multi,vowel,clean,IPVS_PD_25bcde8e,1,M,i,1,881,-1.0301736649583553,0.7783771740916997,-0.622356753380853,1.520732279310605,-0.5845400317517481,1.0457900884246105,-0.6147678996135246,1.1675928499838355,-0.10467947002620012,-0.4058196640561118,-0.4756883570399762,0.11458487914688534,-0.5204045432029971,0.510202678655282,0.47269668117098046,0.4794078595832038,0.40911351205221796,,,,,,,,,,,,,,
multi,vowel,phone,IPVS_PD_25bcde8e,1,M,i,1,881,-0.7100072278868274,0.5861664685668927,-0.31768050068718273,1.4601069614432034,-0.27825383298338474,0.8970129869610691,-0.7095027040894406,0.9726688992548981,-0.24342642721697152,-0.5490185815298715,-0.6404923438349833,0.04080723609866853,-0.58982581762854,0.39921646080193623,0.3997174793377714,0.371251094186467,0.34718966620588737,,,,,,,,,,,,,,
multi,vowel,clean,IPVS_PD_25bcde8e,1,M,i,2,964,-1.003093374905915,0.7521651684724051,-0.6668514203408669,1.5344899804427705,-0.6238194760577432,0.9148388915534678,-0.4722042708818255,0.9271221207647488,-0.07261901097051028,-0.4492043761600708,-0.3401703491036234,-0.003717598964556538,-0.44548677719551427,0.2430113152993371,0.26214043199947235,0.2855861503352482,0.2249223790579588,,,,,,,,,,,,,,
multi,vowel,phone,IPVS_PD_25bcde8e,1,M,i,2,964,-0.6820257035308871,0.5177543136580237,-0.33105656543168527,1.4281106911856554,-0.29140182181165136,0.7650192714970687,-0.6559792371402526,0.7911791153509041,-0.23155969155245815,-0.601644093029458,-0.5681087684528581,-0.06096708738919476,-0.5406770056402632,0.23691508895640093,0.28574408103530213,0.3132492935718338,0.2566698094945468,,,,,,,,,,,,,,
multi,vowel,clean,IPVS_PD_25bcde8e,1,M,o,1,924,0.05896023264248594,-0.854334439519498,0.4669790956185018,-0.5368490331678939,0.44421797323462775,-0.5531049037365605,-0.39597416631609417,0.29958161272162154,-0.14146759352988478,-0.5677192290079036,-0.613536822013289,0.11894945269316543,-0.6866686817010691,0.443327447998638,0.41034676647061885,0.5105120215187346,0.2746489010535597,,,,,,,,,,,,,,
multi,vowel,phone,IPVS_PD_25bcde8e,1,M,o,1,924,0.33673984273303326,-0.8011261669101475,0.8004092392411163,-0.5203135196360753,0.7888759286712399,-0.5561231078861428,-0.7186401221070359,0.47999742391298145,-0.3324866241795554,-0.39457845002439595,-0.921439505523915,0.18095354996487606,-0.5755319999892721,0.5888749509587624,0.5989950046239829,0.510360095963588,0.33520184527582453,,,,,,,,,,,,,,
multi,vowel,clean,IPVS_PD_25bcde8e,1,M,o,2,817,0.1892821965720163,-0.886811370944297,0.5789782953298748,-0.6059223611947232,0.5745691130214698,-0.7418601307448933,-0.3317793593144465,0.2633322706396735,-0.12293434567946766,-0.5749800962048854,-0.5517747519033261,0.11645428538929421,-0.6914343815941796,0.6426778647935629,0.4442212244995997,0.5499519500126311,0.4786704163197791,,,,,,,,,,,,,,
multi,vowel,phone,IPVS_PD_25bcde8e,1,M,o,2,817,0.5339085848778182,-0.850231576991664,1.0179666895609039,-0.6139351650617273,1.0527814741411423,-0.6751560596123247,-0.7006930742875621,0.42938385763473036,-0.47065905832103216,-0.4971604831971972,-0.9919717634768205,0.24842424802633872,-0.7455847312235359,0.6334746595733521,0.6081844679705668,0.5318824715751527,0.3592022984923938,,,,,,,,,,,,,,
multi,vowel,clean,IPVS_PD_25bcde8e,1,M,u,1,954,-0.10538487608839826,0.14220276879931992,0.4487303364048436,0.6589084985156508,0.6070672592686859,0.5430075529352714,-0.6139556056323368,1.1401160536950474,-0.7918272284265179,-0.7489435763620749,-1.0899204032346346,0.6552393227711787,-1.4041828991332537,0.5544386070406343,0.27179687443540246,0.3550738592284563,0.5223708013361626,,,,,,,,,,,,,,
multi,vowel,phone,IPVS_PD_25bcde8e,1,M,u,1,954,-0.0088365905064739,0.1455851764213748,0.5370177768612158,0.6618154555143795,0.7108290103565941,0.41362370410447336,-0.7740004784606059,1.1685504400356306,-0.906297389950071,-0.6826846294286775,-1.2088301593002957,0.5630015159473601,-1.2456861453760377,0.5450234440298086,0.47228278400070256,0.436783400497516,0.42136650727676966,,,,,,,,,,,,,,
multi,vowel,clean,IPVS_PD_25bcde8e,1,M,u,2,993,0.025629713981594873,-0.08508580438855105,0.6747643658064518,0.4082008727531337,0.8780434868942752,0.500949558450948,-0.7538504538873532,1.2635905125632358,-0.993146147310634,-0.4927066053003322,-1.322248939293713,0.8949907559720516,-1.3876973612723837,0.32073927594949614,0.1978403540696026,0.2607638759498023,0.2506510293084915,,,,,,,,,,,,,,
multi,vowel,phone,IPVS_PD_25bcde8e,1,M,u,2,993,0.44562827759551843,-0.39090538871048686,1.1580454979210444,0.11774787266849474,1.3672874034749003,0.3184036220637598,-0.8409258773678312,1.0921176973499445,-1.0010589090124447,-0.33867744374489867,-1.338619245756012,0.6192450505218015,-0.9579224942667001,0.25901937655394924,0.18462973452482487,0.24054318383021348,0.1762968814179999,,,,,,,,,,,,,,
multi,vowel,clean,IPVS_PD_215587d2,1,F,a,1,891,1.132378632108742,-0.6409809935037221,1.4069115120116795,-0.2702482078119973,1.340164286483114,-0.0621002496124428,-0.31762421333065655,0.41267745689114677,-0.003553065295531371,0.08968030251214437,-0.5449083717696578,0.1703732259449697,-0.08069292343282533,0.24321464374137974,0.296607416912943,0.2234334032081985,0.17859224706198976,,,,,,,,,,,,,,
multi,vowel,phone,IPVS_PD_215587d2,1,F,a,1,891,1.1278796125795238,-0.542464301964947,1.4194138924930697,-0.1912653087734062,1.4120308205346082,-0.010505314881556501,-0.3705476371205856,0.3888563012617214,-0.07616557544358422,0.06830056125872604,-0.6066010439368051,0.12564610619202396,-0.05734554493329792,0.2346340021543982,0.2994823773587586,0.22535688643054963,0.1806101929361628,,,,,,,,,,,,,,
multi,vowel,clean,IPVS_PD_215587d2,1,F,a,2,749,0.9500831525500227,-0.6370308977074739,1.3498356832302858,-0.4567522943152028,1.3695631293195842,-0.18903418949200151,-0.2369050347553917,0.2631364791115081,-0.07240199971688031,0.23490226566956734,-0.44568226806109074,0.006217742342906622,0.22868452332666073,0.2766033194885692,0.436722928984558,0.5065156674496114,0.35023879397386826,,,,,,,,,,,,,,
multi,vowel,phone,IPVS_PD_215587d2,1,F,a,2,749,0.9064257109244488,-0.5639641794423571,1.3079585565167362,-0.43617278139237026,1.3478378263651136,-0.18855086927139045,-0.2723847053730303,0.2490251253125673,-0.05575386152299175,0.24449213348874232,-0.45508819603734957,-0.0711593084169465,0.31565144190568883,0.27374927166641755,0.38808598754335916,0.480221948653111,0.34161052760157434,,,,,,,,,,,,,,
multi,vowel,clean,IPVS_PD_215587d2,1,F,e,1,742,1.065553773812649,-0.7078313483384693,1.271138511397646,-0.29939206044770145,1.12544752336671,-0.2579313496570416,-0.3295514016942593,0.2909383201478843,0.3097799181470422,0.08840253617564392,-0.3821327537799363,0.12171930406710359,-0.03331676789145967,0.20932979091248397,0.41109872177444134,0.4089540272214462,0.24237678635949567,,,,,,,,,,,,,,
multi,vowel,phone,IPVS_PD_215587d2,1,F,e,1,742,1.0451735078018878,-0.6341685898301312,1.2735173530509118,-0.27879533946781415,1.168821980566989,-0.22888630548400193,-0.39217174298760604,0.29810407657944704,0.2843264382449501,0.09820951351002193,-0.42328575295249976,0.05083427319278097,0.04737524031724096,0.2111211766897882,0.4623557943299422,0.4976547822997519,0.24699608804731688,,,,,,,,,,,,,,
multi,vowel,clean,IPVS_PD_215587d2,1,F,e,2,582,0.9314198787297522,-0.5699476305501802,1.234705937079021,-0.35339405992201395,1.2152403647984777,-0.3132842473898615,-0.11603877772177969,0.29030728746737755,-0.08453187627451761,-0.1758737908623048,-0.36996676886720314,0.14278297257210526,-0.3186567634344101,0.22086723141193765,0.3098913257413086,0.4017867584269385,0.2170370776488896,,,,,,,,,,,,,,
multi,vowel,phone,IPVS_PD_215587d2,1,F,e,2,582,1.0553356930613518,-0.5488472826991763,1.3256661559428486,-0.3493770323906626,1.3085389529807228,-0.3714727008342743,-0.10139136520879609,0.22238228212509836,-0.1531175463114466,-0.21440345628985336,-0.3873095062055758,0.08958030496856996,-0.3039837612584233,0.2935844552310403,0.2913502936909809,0.3595905442795505,0.23967862511372443,,,,,,,,,,,,,,
multi,vowel,clean,IPVS_PD_215587d2,1,F,i,1,686,0.6747390490784807,-0.23007917809254916,1.098311242656511,0.1788537274792935,1.2018401614815286,0.2544425612008109,-0.371147845482942,0.6170669576171243,0.13855792249290688,0.37076429831026825,-0.3517518168387627,0.15385727884103229,0.216907019469236,0.33557696845123647,0.2331415133413336,0.36565710884384434,0.44862191586811906,,,,,,,,,,,,,,
multi,vowel,phone,IPVS_PD_215587d2,1,F,i,1,686,0.6672957397418694,-0.22991560479101625,1.123423579718592,0.16029615465153768,1.210808748035755,0.19744121518383906,-0.49180417880415916,0.569778419669392,0.044668430986913664,0.3029838950888624,-0.455393559941389,0.0318944175022392,0.2710894775866232,0.3592106048859608,0.2376339334397823,0.3904274502163394,0.4121582405833067,,,,,,,,,,,,,,
multi,vowel,clean,IPVS_PD_215587d2,1,F,i,2,671,0.966222513957,-0.5175352098406396,1.3617699659861642,-0.008254207504298491,1.406046880644841,0.3141440470372477,-0.4086930023751247,0.7848556811549232,-0.16631958250963955,-0.027539349833581937,-0.6894817184425761,0.5741944245522652,-0.6017337743858472,0.29055741405566726,0.15462279008209695,0.2970040789018461,0.27694089779882003,,,,,,,,,,,,,,
multi,vowel,phone,IPVS_PD_215587d2,1,F,i,2,671,1.0305683239000312,-0.5270754556280212,1.4088117204809898,-0.019320274996698347,1.409500224307808,0.18838977096394333,-0.4260446266375168,0.692740874018326,-0.20766178978879754,-0.0585851883030411,-0.7206077691417179,0.4360988665067085,-0.4946840548097496,0.20764330494597255,0.2011273853747388,0.3061114342655045,0.2346676546793547,,,,,,,,,,,,,,
multi,vowel,clean,IPVS_PD_215587d2,1,F,o,1,671,1.1856157534545468,-1.1229682388731623,1.782411037063776,-0.981855028579312,1.7725844701229787,-0.375956725393868,-0.4583531580957822,0.5427071963004749,-0.3993963715678113,0.06889559279563409,-0.9038255337450108,0.4246004927237853,-0.35570489992815124,0.1373645002530722,0.26371602319613596,0.23455319929765553,0.1450705300104626,,,,,,,,,,,,,,
multi,vowel,phone,IPVS_PD_215587d2,1,F,o,1,671,1.2516435717900396,-1.1369396948415056,1.872460736308441,-1.0543393170271558,1.8784961199790018,-0.42416257109890504,-0.4905493228925073,0.4693462496378434,-0.6220093666028148,0.05518379799152722,-0.9839094335458267,0.30129775883763954,-0.2461139608461123,0.1672653072731347,0.29726561694270043,0.2728240125191857,0.20148771266014567,,,,,,,,,,,,,,
multi,vowel,clean,IPVS_PD_215587d2,1,F,o,2,623,1.166691418091456,-1.295564929564794,1.6458686219056446,-1.0447110546032587,1.5976662211020787,-0.6924877608617147,-0.04146387640635173,0.11597651494542757,-0.2981735214392344,0.11994420026739439,-0.5290948487023512,0.15554744670788448,-0.03560324644049009,0.17473533372724653,0.24714336087215483,0.2819166843927543,0.19546532255357593,,,,,,,,,,,,,,
multi,vowel,phone,IPVS_PD_215587d2,1,F,o,2,623,1.1656027849117916,-1.255780725200971,1.6506184641917547,-1.0540380296309788,1.6237268144687016,-0.7168004162708919,-0.09742298716306687,0.10890561127165953,-0.36783343424399695,0.19406200289726258,-0.5413410269518694,0.1051043685177962,0.08895763437946637,0.16843010701589567,0.25777689526702674,0.3388033621040262,0.19374290788416546,,,,,,,,,,,,,,
multi,vowel,clean,IPVS_PD_215587d2,1,F,u,1,530,0.5218783562194627,-0.6652810055317369,1.135934442937749,-0.14513287379306816,1.2281054263032458,0.1285947118915102,-0.8878884468251055,1.1982237482033435,-0.5414332098228002,-0.23809907653328008,-1.19761549873547,0.8404093552205079,-1.078508431753788,0.062498664462159056,0.06396705794269848,0.1550468952203427,0.14225555857810118,,,,,,,,,,,,,,
multi,vowel,phone,IPVS_PD_215587d2,1,F,u,1,530,1.117214655257621,-0.9933108242240342,1.6739700895810277,-0.5176901018844461,1.8338878790162645,-0.31576462052528215,-0.6718065100458434,0.6595223723623738,-0.31329080424968553,-0.12678451718961667,-1.0255395036261037,0.6560014827270646,-0.7827859999166813,0.09268495248126939,0.12136512898608902,0.17748757570084622,0.1232416132827173,,,,,,,,,,,,,,
multi,vowel,clean,IPVS_PD_215587d2,1,F,u,2,585,0.3163117009435284,-0.628446153850637,0.8588226710119818,-0.15919769328204314,0.950331857189154,0.039842536731323284,-0.582255251047618,1.0070625047313522,-0.17300611730144913,-0.2272109970705122,-0.7904399601142971,0.6060455463179241,-0.8332565433884364,0.2007569475363937,0.3320056396428198,0.5217083884117831,0.21833821743670537,,,,,,,,,,,,,,
multi,vowel,phone,IPVS_PD_215587d2,1,F,u,2,585,0.5895195273507354,-0.6162811689227395,1.0869756823676264,-0.046319516508327926,1.2314796949129159,0.10077796460386694,-0.5152787588260792,0.7972635770922373,-0.10843263740553136,-0.18983627800588254,-0.7619635934843297,0.5969932887681954,-0.7868295667740779,0.15844187851818103,0.2781868607183216,0.5023483153626801,0.17313666602892752,,,,,,,,,,,,,,
multi,vowel,clean,IPVS_PD_e50b4a59,1,F,a,1,1058,0.23584869684382054,-1.2262043782375143,0.773403775930967,-0.8306623552955171,0.759363490525844,-0.6693112603242293,-0.6373166541258494,0.33662984159382636,-0.11057256296886213,-0.2703342486946088,-0.8264673027508663,0.20212492587355277,-0.47245917456816156,0.5997930360574812,0.31902832026295136,0.3708183948612041,0.3639015596812443,,,,,,,,,,,,,,
multi,vowel,phone,IPVS_PD_e50b4a59,1,F,a,1,1058,0.548218133900338,-1.1214617224609327,1.0937633941758353,-0.7769333742230943,1.100145769850263,-0.6240085989189973,-0.7626102346481767,0.488776666141531,-0.36401614498745344,-0.24803593658707426,-1.059153436021235,0.2641686237411304,-0.5122045603282047,0.5012169048301243,0.3857609655911178,0.40846803665626624,0.26652421470658444,,,,,,,,,,,,,,
multi,vowel,clean,IPVS_PD_e50b4a59,1,F,a,2,1090,0.10542634790279085,-1.107272571015431,0.6456499532867644,-0.7583683924436204,0.6864888642085801,-0.6116228556368694,-0.5205296234025503,0.3310584530735599,-0.013719425197770472,-0.14606737688935678,-0.6601699340165755,0.06846382462388241,-0.21453120151323918,0.20008607591920635,0.5304231663672248,0.4737349060699655,0.18186177394502306,,,,,,,,,,,,,,
multi,vowel,phone,IPVS_PD_e50b4a59,1,F,a,2,1090,0.4342482695384492,-1.0762101749487973,0.9886690261075985,-0.7073022310795769,1.0252525838325512,-0.5671149161202828,-0.6190367578913313,0.44120503246601933,-0.28370249909363027,-0.2064097326488123,-0.8983461866867287,0.15978268527679304,-0.36619241792560536,0.1835273843321431,0.35689533866472617,0.44834156433754363,0.14646531368673069,,,,,,,,,,,,,,
multi,vowel,clean,IPVS_PD_e50b4a59,1,F,e,1,1005,-0.5716968155520077,-0.3084026572864447,-0.15991450253114178,0.29581085361453824,-0.18129993164618416,0.1395833600022109,-0.2331244620072901,0.21751231859572492,0.059629936506400257,-0.19690451974274706,-0.23311695903786775,-0.2453119230439661,0.048407403301219044,0.2610882954837912,0.30719301814758015,0.41688510869306117,0.26505760121160254,,,,,,,,,,,,,,
multi,vowel,phone,IPVS_PD_e50b4a59,1,F,e,1,1005,0.07341101753276774,-0.4016640938040036,0.4810258148123771,0.11642884157882204,0.5125384341375547,-0.15944257012844876,-0.5180433350020578,0.2973068553713424,-0.3147182862705259,-0.4541941626340299,-0.6745150634033565,-0.15056312691179377,-0.30363103572223615,0.2612225310320934,0.4662000312521679,0.5284631206302133,0.24736226463052566,,,,,,,,,,,,,,
multi,vowel,clean,IPVS_PD_e50b4a59,1,F,e,2,986,-0.6038030734336054,-0.3127462759966383,-0.1377555611417503,0.30211218886983554,-0.24510504836468278,0.24154113353909673,-0.23063307562591256,0.39840085668539676,-0.19323112123419303,-0.32743130994306224,-0.41460004116635063,-0.14703179406461533,-0.1803995158784469,0.35968862640780286,0.42873674955657765,0.43422477642578566,0.2680657377963442,,,,,,,,,,,,,,
multi,vowel,phone,IPVS_PD_e50b4a59,1,F,e,2,986,0.13610753892744715,-0.29913779589775447,0.5760089532044288,0.23205354686423735,0.5725133659167064,-0.016847706978788245,-0.46129399535523075,0.3949750599426192,-0.578456260754752,-0.5807009310889486,-0.769608402675068,-0.10710450303677872,-0.47359642805216984,0.35471421493406563,0.42070315124465774,0.5152907241650476,0.26424603153448656,,,,,,,,,,,,,,
multi,vowel,clean,IPVS_PD_e50b4a59,1,F,i,1,1374,-0.8031318543465317,0.23470362739470624,-0.25347973712997346,0.6892049603759521,-0.20982404859605772,0.5468220802759143,-1.0198223313754176,1.5139364449365953,-0.6519661877692179,-0.36534960024942786,-1.0893798059903392,0.5880458197775172,-0.9533954200269451,0.2994921805881881,0.27975614598124954,0.3672807402643195,0.2831172725598334,,,,,,,,,,,,,,
multi,vowel,phone,IPVS_PD_e50b4a59,1,F,i,1,1374,-0.35012752750378834,0.12693853061150118,0.12159563795850582,0.786384719083442,0.11256979371603695,0.5143729164366572,-0.5768839253279545,0.9740089955254848,-0.6092259644307467,-0.3406300271340346,-0.7685794807230878,0.2595264102257878,-0.6001564373598224,0.33550960003878394,0.3116803284368098,0.41587841822035215,0.3076436906316831,,,,,,,,,,,,,,
multi,vowel,clean,IPVS_PD_e50b4a59,1,F,i,2,1738,-0.7081747186081163,0.23182203024054854,-0.26454277002605897,0.6984818326844566,-0.19815021178103498,0.3736223238894994,-0.7901328201494912,1.2779150395101058,-0.5859529181058836,-0.4558371264787241,-0.9404823559967951,0.6352816757895908,-1.091118802268315,0.3447631665103242,0.30981918812728065,0.44160012241329377,0.33848105952416,,,,,,,,,,,,,,
multi,vowel,phone,IPVS_PD_e50b4a59,1,F,i,2,1738,-0.1875395138259135,-0.033237256937556796,0.1507237264993547,0.4867278522315838,0.13524445717247965,0.1572908313509605,-0.6592336331005297,1.0124227427859644,-0.6558132637506244,-0.5086723508998409,-0.9077920827593554,0.5095201871158034,-1.0181925380156442,0.23152331878764132,0.23409939461185011,0.37834051977361727,0.34200015911196024,,,,,,,,,,,,,,
multi,vowel,clean,IPVS_PD_e50b4a59,1,F,o,1,1210,-0.49204832101984786,-0.6387528945838125,0.026550039915834905,-0.37213578676553466,-0.0551563088394722,-0.362467653331021,-0.36474595619134664,0.49196063696352904,-0.24847474177021625,-0.7720450900967127,-0.6496728228266574,0.30220036803598493,-1.0742454581326977,0.5269967940286447,0.3894575815461026,0.33957071240877323,0.4466982410301952,,,,,,,,,,,,,,
multi,vowel,phone,IPVS_PD_e50b4a59,1,F,o,1,1210,-0.09359750334306853,-0.7025625424115782,0.5177676079399658,-0.41690099651902174,0.4818451979887715,-0.4013824692360297,-0.6054643084482385,0.6287664909213371,-0.5389660474107942,-0.7006770484457331,-0.937577000128993,0.3390485697372024,-1.0397256181829355,0.37095759360361663,0.4421398646136827,0.438568914021881,0.21234542367092876,,,,,,,,,,,,,,
multi,vowel,clean,IPVS_PD_e50b4a59,1,F,o,2,1174,-0.2345427145321376,-0.680574272323938,0.24804412107123194,-0.5275766472978565,0.1878435055147487,-0.4045153063096676,-0.3290738500971294,0.40008868030127315,-0.18062617159092392,-0.7432986061925084,-0.6167452759491993,0.2955232368961568,-1.038821843088665,0.3141020665299707,0.44307436063386063,0.4781192335366648,0.22040461228555386,,,,,,,,,,,,,,
multi,vowel,phone,IPVS_PD_e50b4a59,1,F,o,2,1174,0.18376970664722048,-0.8000898769405003,0.6916886765625929,-0.6363297022942443,0.6419846509021335,-0.557393047800314,-0.5805487518776578,0.5420738047268505,-0.4830934166401709,-0.7826264737854598,-0.9548225188390391,0.35931485901895394,-1.1419413328044137,0.3924504482647999,0.39626451267300294,0.46461196788337633,0.30413282883555426,,,,,,,,,,,,,,
multi,vowel,clean,IPVS_PD_e50b4a59,1,F,u,1,1344,-0.412773790151471,-0.156196562739292,0.20838425786114564,0.16477576886663342,0.3217360359238516,0.21429239814676862,-0.6581188990817507,1.0948169187707182,-0.7509366994779004,-0.5135284371323662,-1.1211806310359205,0.5912074516319882,-1.1047358887643544,0.199897832644165,0.31891191282837417,0.3346366279111232,0.18299219501569672,,,,,,,,,,,,,,
multi,vowel,phone,IPVS_PD_e50b4a59,1,F,u,1,1344,0.10088801937233104,-0.5819194340654233,0.8681927250679766,-0.1909558716608156,1.0527040534791086,0.1155920506335131,-0.9160928162054556,1.1433664580973069,-0.7475682135929566,-0.2373245935656573,-1.4050165661933398,0.6303059535728085,-0.8676305471384658,0.18642738501847228,0.392238325483593,0.4233628320317881,0.10377288252786498,,,,,,,,,,,,,,
multi,vowel,clean,IPVS_PD_e50b4a59,1,F,u,2,1123,0.035495710284621625,-0.49426454451349044,0.6517485877319619,-0.02192844499040533,0.7848248846884127,0.2598382326850185,-0.7569209598611902,0.8259007088343302,-0.33529366869617394,-0.02653727458582984,-1.0127170345739083,0.293076039182919,-0.3196133137687489,0.22597846965443197,0.3079255236744281,0.3560331682186148,0.2411085886565825,,,,,,,,,,,,,,
multi,vowel,phone,IPVS_PD_e50b4a59,1,F,u,2,1123,0.2844217643693641,-0.7622361115614573,1.0118872607416576,-0.16667030579513975,1.1479785878128475,0.32179100078565104,-0.8350636739421774,0.8748591541360926,-0.40077081713411544,0.09809736003478368,-1.2070218974572642,0.35550154796904987,-0.25740418793426617,0.16132449572829555,0.3522327483264984,0.36655196051486877,0.225765036087446,,,,,,,,,,,,,,
multi,vowel,clean,IPVS_PD_55bc13c6,1,F,a,1,469,0.5094577081422502,-0.670283975375836,0.9306426090928775,-0.3107025152065729,1.0118480989768732,-0.23782045217790368,-0.6792833951463126,0.5592456856485811,-0.1866184571501223,0.08902743012502842,-0.8817742397949468,0.40996674639781666,-0.32093931627278827,0.18511525821922098,0.4451854002495835,0.5520333801258548,0.12977340874144178,,,,,,,,,,,,,,
multi,vowel,phone,IPVS_PD_55bc13c6,1,F,a,1,469,0.6115490555131393,-0.9876783900884352,1.1666575651286768,-0.5607490412653967,1.239328657043275,-0.38504122508288274,-0.7227860417467125,0.4315819207170827,-0.10773402268178893,0.20257564902621528,-0.8916212359818468,0.17063765741832054,0.03193799160789475,0.11828086132118988,0.39784972496331994,0.5142595793062535,0.09700348646718557,,,,,,,,,,,,,,
multi,vowel,clean,IPVS_PD_55bc13c6,1,F,a,2,559,0.8357009518924736,-1.0310409321098724,1.253207736623747,-0.7027411151356796,1.2391079889737533,-0.6004304144343566,-0.30802240770984474,0.20546746346823186,0.023377957612895118,0.23416068073284732,-0.49999230790562726,0.00025131332878719807,0.23390936740406013,0.09689008226824815,0.24524515034556893,0.35691162657744724,0.10563325393259276,,,,,,,,,,,,,,
multi,vowel,phone,IPVS_PD_55bc13c6,1,F,a,2,559,0.9951604497715698,-1.0547348898490034,1.4928618945424563,-0.7071860219940588,1.5514232574655324,-0.5470859990275578,-0.5198128994565335,0.3443884819480715,-0.09890070099947361,0.22507878043619745,-0.7280587106722045,0.03650235856720177,0.18857642186899568,0.09995150653955197,0.16159031943299582,0.38782176681861563,0.09970895128310865,,,,,,,,,,,,,,
multi,vowel,clean,IPVS_PD_55bc13c6,1,F,e,1,502,0.037277942363000076,-0.42285671267683145,0.43352471351228805,0.02430358292251233,0.4722143474793592,-0.1434046696649482,-0.2088186325912444,0.16635128263606141,-0.12395398331102946,-0.17630541878474865,-0.35040522485181985,-0.18819207659250262,0.01188665780775397,0.37988566407761526,0.36379959592108235,0.44828850475197674,0.2715205327125121,,,,,,,,,,,,,,
multi,vowel,phone,IPVS_PD_55bc13c6,1,F,e,1,502,0.4795626840054594,-0.5883207252088761,0.8784933480008549,-0.21365100752241564,0.9294903685418975,-0.4278866776468738,-0.4867992376945666,0.15842619918237458,-0.24328610054309793,-0.26855238977301593,-0.6197755830670824,-0.31797969259247677,0.049427302819460825,0.2790889945839065,0.45458742638170996,0.5228413011526631,0.2262148110156906,,,,,,,,,,,,,,
multi,vowel,clean,IPVS_PD_55bc13c6,1,F,e,2,665,0.06477776995129454,-0.4479859073209882,0.47907535937196927,-0.007424385550625641,0.5051312643782537,-0.007466547321854976,-0.4164310006942964,0.4210272108421738,-0.1847066425141834,-0.16105731654174646,-0.5842090230014988,0.03713138759565682,-0.19818870413740328,0.3224672799398216,0.4284889265394781,0.5851229626236789,0.23891478934243962,,,,,,,,,,,,,,
multi,vowel,phone,IPVS_PD_55bc13c6,1,F,e,2,665,0.6127452079514811,-0.5638344894375718,0.9665481271899135,-0.1943798805015129,1.0149194608281429,-0.3596094781742956,-0.6114168581284377,0.2923742095965491,-0.4095619902724311,-0.35490629203935015,-0.8280826635976184,-0.09125538103114393,-0.2636509110082062,0.3139888834681403,0.25756091523383995,0.47834549757824774,0.21489597183770104,,,,,,,,,,,,,,
multi,vowel,clean,IPVS_PD_55bc13c6,1,F,i,1,735,-0.7430608181320891,0.05065811068968438,-0.15147922017406715,0.4158503225330863,-0.09020363919588985,0.49323528403597894,-0.8924847238796368,1.448029571041769,-0.8128168569738362,-0.6953475243008597,-1.1781859998665158,0.7781689936071297,-1.4735165179079892,0.20591604005731526,0.15669164839733501,0.2608337731009392,0.1883145922336923,,,,,,,,,,,,,,
multi,vowel,phone,IPVS_PD_55bc13c6,1,F,i,1,735,0.05455670673020032,-0.3313084820838742,0.6793532181286217,0.05952149359277046,0.7010917710541598,0.27184361655290434,-0.8164339442980263,1.156041051018265,-0.9625953920776882,-0.7506193600915998,-1.360632314382632,0.8714874635393522,-1.622106823630952,0.17395048209472358,0.17030924659683508,0.34702008356535013,0.12983094246296176,,,,,,,,,,,,,,
multi,vowel,clean,IPVS_PD_55bc13c6,1,F,i,2,564,-0.7514467155232148,-0.07358003569876446,-0.18350834329338633,0.29328252265558524,-0.17171452510006288,0.33121230895904935,-0.7994052872938269,1.4028597107704948,-0.6811597502845175,-0.6306342124062426,-1.0540977176497965,0.7090672701816348,-1.3397014825878775,0.3304317273447505,0.4182313969013627,0.39162215251344673,0.2967389294653431,,,,,,,,,,,,,,
multi,vowel,phone,IPVS_PD_55bc13c6,1,F,i,2,564,-0.15575529494706322,-0.3534793313811807,0.5132183227907209,-0.0010781820644350612,0.5665562451762312,0.13475823099998868,-0.8725468144259032,1.1998661266530262,-0.7810835985576405,-0.4833476475275615,-1.2088265780140373,0.6329334327238886,-1.11628108025145,0.1919697537854298,0.3350477292625316,0.3930815906524847,0.2198301274123085,,,,,,,,,,,,,,
multi,vowel,clean,IPVS_PD_55bc13c6,1,F,o,1,966,0.433460734193695,-1.005419864993671,0.859239773143982,-0.8924861473769977,0.8050673636383023,-0.8522113101749584,-0.2853249458146506,0.2270130772528977,-0.5278415128588676,-0.45976944788005847,-0.7634824521582703,0.3618580805715816,-0.82162752845164,0.4487158447425874,0.3652785194481945,0.53349842660372,0.3793215307953897,,,,,,,,,,,,,,
multi,vowel,phone,IPVS_PD_55bc13c6,1,F,o,1,966,0.7070347841957519,-1.1584056784880572,1.208172745848524,-1.0557170850963429,1.1579031572259706,-0.9257258762316457,-0.49982495092112444,0.30551430896438403,-0.6290579744454088,-0.41181880334584875,-0.9877351663749794,0.3584323297447429,-0.7702511330905917,0.3853331826786263,0.37421758093771024,0.5965755380196311,0.2672628629300178,,,,,,,,,,,,,,
multi,vowel,clean,IPVS_PD_55bc13c6,1,F,o,2,780,0.42071182197994655,-1.1148799721501832,0.8790789581516869,-1.0264476414164927,0.841156610661847,-0.8858184184019382,-0.33352442681152594,0.31399277416177285,-0.7231024842486422,-0.596937988144465,-0.9224128261463255,0.4792928473196096,-1.0762308354640746,0.42980282782192664,0.47410333048720865,0.4274500754561086,0.3350962281474802,,,,,,,,,,,,,,
multi,vowel,phone,IPVS_PD_55bc13c6,1,F,o,2,780,0.6777760432316706,-1.1722291459003065,1.1824189025876868,-1.0584037815913176,1.1794128061359763,-0.8696489399697027,-0.5035632320830965,0.34098379685280794,-0.8428844270797876,-0.5309855323444065,-1.1225527070271664,0.4279163673910129,-0.9589018997354194,0.38413719925376405,0.4512957870830277,0.542686928658756,0.36412690876696635,,,,,,,,,,,,,,
multi,vowel,clean,IPVS_PD_55bc13c6,1,F,u,1,506,-0.15772081210621094,-0.5118341964522475,0.6399027494909731,-0.2111241202801466,0.8195354015027222,0.12839885139347693,-0.8264485915240488,1.166727020356216,-0.6336689389947998,-0.35731309490572466,-1.298867286624093,0.8254737157962824,-1.182786810702007,0.39305955738622833,0.4377299551503263,0.5566298233055671,0.24899923323606954,,,,,,,,,,,,,,
multi,vowel,phone,IPVS_PD_55bc13c6,1,F,u,1,506,0.048841781620132294,-0.542683217135307,0.8784800168420923,-0.25223574625622286,1.0685151516410865,0.15374763270742015,-0.9631428714645537,1.134089003268041,-0.6857340300553724,-0.2840176659979318,-1.4491966600088697,0.7605105497090048,-1.0445282157069367,0.4337285764546054,0.521010410317025,0.5737064470115758,0.23542916364326374,,,,,,,,,,,,,,
multi,vowel,clean,IPVS_PD_55bc13c6,1,F,u,2,615,-0.15327056244944492,-0.3204311493854859,0.5595192487243068,-0.06751664507841353,0.7142515233780956,0.26177650742576053,-0.896076304318136,1.4842242228629465,-0.8061397105939989,-0.5201467420088082,-1.4423669345656707,1.1722926388426524,-1.6924393808514606,0.27324218617063584,0.5210776909857721,0.6550948018928732,0.2847040313229631,,,,,,,,,,,,,,
multi,vowel,phone,IPVS_PD_55bc13c6,1,F,u,2,615,0.26620771766193513,-0.5892584492682118,1.0635847560758513,-0.342225202780752,1.2698957057503182,0.11702029883538481,-0.9057742276892753,1.1951959825305112,-0.6657583816910824,-0.260450786469267,-1.418131555160533,0.8787837145612815,-1.1392345010305485,0.1913002552597042,0.40481522058110425,0.5490223453100795,0.3267982349123646,,,,,,,,,,,,,,
multi,vowel,clean,IPVS_PD_b85147c7,1,M,a,1,750,0.5057943228549427,-0.6175447834862603,0.8638138576679759,-0.4548268838061227,0.8358917317456669,-0.2567883932259348,-0.46145759956704246,0.7733926231165728,-0.3783569168051084,-0.3269778716729747,-0.9775151996645662,0.8961580863512225,-1.2231359580241972,0.20987752278473396,0.22277140612006777,0.28246142156763937,0.25688774014034316,,,,,,,,,,,,,,
multi,vowel,phone,IPVS_PD_b85147c7,1,M,a,1,750,1.1134081397453943,-0.9205093644062678,1.5534608475367229,-0.7346327392591371,1.5680541066328684,-0.4707825561695629,-0.6799393936660555,0.5276688657162918,-0.7068582206633356,-0.35160598594281406,-1.2736406483915117,0.5887866670369274,-0.9403926529797415,0.29568326020520214,0.1748992539825698,0.29880091492495664,0.31392077548809133,,,,,,,,,,,,,,
multi,vowel,clean,IPVS_PD_b85147c7,1,M,a,2,354,0.10915732954707101,-0.5344578417662148,0.49026001098557054,-0.17292520926098956,0.6148032784879764,-0.12087619248951707,-0.48924095267168827,0.6542461804140394,-0.28584870062420303,-0.05308657999489909,-0.7479494044156832,0.3611736185848713,-0.41426019857977037,0.42628772301076445,0.25323929163731157,0.4499655265622005,0.3809507641470326,,,,,,,,,,,,,,
multi,vowel,phone,IPVS_PD_b85147c7,1,M,a,2,354,0.6124729635280983,-0.6915068963420725,1.020513806526906,-0.2641504608164324,1.0830146436379335,-0.24362739614237136,-0.5434541636120493,0.4357414325681802,-0.42663609340926195,-0.07691993677518635,-0.8438380686305115,0.13975962575211703,-0.2166795625273034,0.28444077913515264,0.36139957352446617,0.44339731873149374,0.218076596343462,,,,,,,,,,,,,,
multi,vowel,clean,IPVS_PD_b85147c7,1,M,e,1,629,0.10182884256883787,-0.32078707520911437,0.48280570378875987,0.059272556317513096,0.5611508328241535,0.007997416687200441,-0.36142552205629275,0.5579052267689504,-0.4659838423054262,-0.2863874555636679,-0.7137481645929152,0.18796637335836416,-0.47435382892203204,0.2885191417195523,0.30957790626586495,0.3677682654565323,0.2904652537409988,,,,,,,,,,,,,,
multi,vowel,phone,IPVS_PD_b85147c7,1,M,e,1,629,0.43637051270159066,-0.5150693163157768,0.777093917131424,-0.007035761010049201,0.761657241466492,-0.15616983816145594,-0.4312487014994458,0.3294893853897155,-0.569606815467252,-0.2979883948404902,-0.8528762179620977,0.07605795547031947,-0.3740463503108097,0.264704948217178,0.28123848214628494,0.3642249735383153,0.21629994026472563,,,,,,,,,,,,,,
multi,vowel,clean,IPVS_PD_b85147c7,1,M,e,2,662,0.10571107590318325,-0.2297263580126379,0.5013686546204078,0.3557825624268858,0.5125221668101435,0.24872574764280464,-0.7048444032070026,0.813653704771145,-0.7395085307147036,-0.2823659889212805,-1.0226175897385008,0.3187824722248406,-0.6011484611461211,0.4109930306839487,0.4090015426485543,0.36376191115461187,0.3144971032730305,,,,,,,,,,,,,,
multi,vowel,phone,IPVS_PD_b85147c7,1,M,e,2,662,0.5171833148778383,-0.5211055085212741,0.8328111049667675,0.23965426774030954,0.7489536917539098,0.03206730476725641,-0.37930353266659694,0.46870922862116865,-0.6493898503594662,-0.17716174261953363,-0.7610670633277102,0.11435198184832855,-0.29151372446786217,0.32697002114379414,0.43630551319747574,0.3864782169549836,0.31951427352737644,,,,,,,,,,,,,,
multi,vowel,clean,IPVS_PD_b85147c7,1,M,i,1,601,-0.5958721274484228,0.6291527242459088,-0.20321733799667568,1.310879019901693,-0.019785724559649207,0.9566720057062165,-0.6299060832430451,1.1425784291735646,-0.4787134839392105,-0.4309542646574842,-0.7734893307275554,0.3763429316075472,-0.8072971962650314,0.5411317646343213,0.5434966683490625,0.44396246229960634,0.36785753356706447,,,,,,,,,,,,,,
multi,vowel,phone,IPVS_PD_b85147c7,1,M,i,1,601,0.0069580907389067545,0.3649467598450811,0.4202491170894406,1.1281638139667933,0.5506771694342516,0.7994772549976602,-0.8536383784543774,1.0359430170703132,-0.6981888466264402,-0.6197337585596827,-1.1630818963546172,0.48544079166968607,-1.1051745502293688,0.4784523133229845,0.5849608141078833,0.5316418226828439,0.4312419931579459,,,,,,,,,,,,,,
multi,vowel,clean,IPVS_PD_b85147c7,1,M,i,2,520,-0.22252980629220986,0.4466350239056807,0.14642102424150857,1.0196840597841985,0.320999729900788,0.6813080956538519,-0.7038672844855449,1.0002763262257361,-0.539041452205334,-0.5259796188881573,-0.8747114380105183,0.3445588022542114,-0.8705384211423688,0.44741347331981923,0.42319703174831375,0.5004240528917102,0.38437674522698,,,,,,,,,,,,,,
multi,vowel,phone,IPVS_PD_b85147c7,1,M,i,2,520,0.2547774979701409,0.1355981532102212,0.5949159844372517,0.9046917321781317,0.668037955625317,0.44048173773365146,-0.5040342770994474,0.5330156240707788,-0.36904882219357366,-0.5426989182089574,-0.6993367768442019,0.061888453867047645,-0.6045873720760051,0.2541878924576719,0.5018363318594782,0.5489985823083279,0.23496123133478614,,,,,,,,,,,,,,
multi,vowel,clean,IPVS_PD_b85147c7,1,M,o,1,587,0.66790654335076,-0.787325255256199,1.1195899535171032,-0.580278994256984,1.2179579639401044,-0.3924776793539355,-0.6431029869544269,0.8581144763288687,-0.8202973239482632,-0.3778005875330471,-1.2490949995456944,0.780436558469539,-1.1582371460025862,0.2651900814811177,0.31544944662794305,0.5060080276113665,0.20734093178883253,,,,,,,,,,,,,,
multi,vowel,phone,IPVS_PD_b85147c7,1,M,o,1,587,1.26164767542912,-1.0094130333861278,1.674282773020585,-0.7879187655516454,1.6459769397214181,-0.6766432559186271,-0.7109232658029616,0.6118869607576906,-1.048746513577426,-0.4103217653339206,-1.3777415159741475,0.6412726890549022,-1.0515944543888227,0.48058082603888025,0.40481974563467304,0.5479193905508999,0.3733249136061822,,,,,,,,,,,,,,
multi,vowel,clean,IPVS_PD_b85147c7,1,M,o,2,739,0.3867879561828763,-0.7572879630193282,0.8294167184427883,-0.5204619231183877,0.8745264909910352,-0.3142025704129358,-0.5152492301852516,0.770083900750353,-0.4710026920846339,-0.26701072835352985,-0.9259586500987578,0.5807095251517015,-0.8477202535052313,0.2981482567369791,0.4081264030322904,0.4870421022551232,0.22497015661227995,,,,,,,,,,,,,,
multi,vowel,phone,IPVS_PD_b85147c7,1,M,o,2,739,1.0574148272530417,-0.8335861593819736,1.5041642785742042,-0.6243954901280028,1.4523743721876252,-0.4680211481083645,-0.801078709658612,0.757828231206101,-0.8701253888647208,-0.28162155826942303,-1.3442704038673572,0.6005810492201132,-0.8822026074895363,0.3343181245929466,0.3874436557910205,0.4706417233175479,0.2655701422659349,,,,,,,,,,,,,,
multi,vowel,clean,IPVS_PD_b85147c7,1,M,u,1,482,0.0026845513232823075,-0.021257220054494923,0.46543711146404004,0.16119354644726064,0.7121687544830915,0.18706000000238418,-0.9563015569900645,1.3986575498663145,-0.8150453685172673,-0.5270137675106525,-1.3454194270331283,1.0563692838981233,-1.5833830514087759,0.47482537124411717,0.3781877965366314,0.41563381781505354,0.3728942702700071,,,,,,,,,,,,,,
multi,vowel,phone,IPVS_PD_b85147c7,1,M,u,1,482,0.5401764704235669,-0.40294660859066866,0.9177774570625404,-0.21115719588666126,1.076681730253943,-0.3032206882690561,-0.8147895105440041,0.9249587970560995,-1.0343860140648382,-0.6130953852472634,-1.4031586205137188,0.9074966490268708,-1.5205920342741341,0.4917137666151301,0.39178266674030016,0.4015827831276729,0.4516404986604727,,,,,,,,,,,,,,
multi,vowel,clean,IPVS_PD_b85147c7,1,M,u,2,644,-0.010288200081930947,-0.09596043322043321,0.4463009558157208,0.14418076305198915,0.6276829348320199,0.19596288549070506,-0.8920249536479872,1.3543347485133053,-0.7270453296524962,-0.45534924761459383,-1.3224392468013715,1.0270721348933876,-1.4824213825079815,0.38631026086450776,0.3532597903772837,0.5592437690442181,0.42208558122808837,,,,,,,,,,,,,,
multi,vowel,phone,IPVS_PD_b85147c7,1,M,u,2,644,0.5201066603749683,-0.3667718988948876,0.9887857862277744,-0.09266639865704418,1.1674867502039241,-0.045456337675298615,-0.9738800186548651,1.071499702424656,-0.9621530422153547,-0.5201483803618815,-1.5471930306827284,0.9398128013702628,-1.4599611817321443,0.41564797809226783,0.5758881467976599,0.6725583221398701,0.42150935654818933,,,,,,,,,,,,,,
multi,vowel,clean,IPVS_PD_a0fceda0,1,F,a,1,593,-0.15232392369198197,-0.5129292171959784,0.31826198739664896,-0.24122565229232906,0.4453897214904219,-0.30526586887048407,-0.4619070665509093,0.44647960757174077,-0.296368328964009,-0.4235535996133874,-0.7213439516910986,0.29937291217847867,-0.7229265117918661,0.651372794345417,0.5288316115727011,0.5957989081183797,0.5161108615464665,,,,,,,,,,,,,,
multi,vowel,phone,IPVS_PD_a0fceda0,1,F,a,1,593,0.1880952723386909,-0.7665124535560608,0.6563970264183039,-0.437574399828243,0.7260077720930597,-0.5186099897162253,-0.5028582737893283,0.3658301294559524,-0.3578412871526069,-0.40513770232180585,-0.847853582947194,0.24256708238179944,-0.6477047847036053,0.6258678851219582,0.6421829801306457,0.7255689270395311,0.45576260797357676,,,,,,,,,,,,,,
multi,vowel,clean,IPVS_PD_a0fceda0,1,F,a,2,295,0.021141411978646187,-0.7433201663911679,0.4999089140844884,-0.651689725575474,0.5753586347830497,-0.663677565627179,-0.6513778928477886,0.547866790729054,-0.33691661649167876,-0.31970960449027475,-0.9347355263044606,0.47783883762056545,-0.7975484421108402,0.6029507636777784,0.35689717617630673,0.5430840585407529,0.3132997876205307,,,,,,,,,,,,,,
multi,vowel,phone,IPVS_PD_a0fceda0,1,F,a,2,295,0.2730730636476797,-0.8700201331222125,0.7015612840147342,-0.7189175094251579,0.7056495921928331,-0.7455839769820035,-0.6340029977135739,0.3933321089394348,-0.31795298834305025,-0.19806320321256832,-0.9735101412581859,0.3454397726319941,-0.5435029758445624,0.4108450654413627,0.2641283298844859,0.5902839361739596,0.26214075201363524,,,,,,,,,,,,,,
multi,vowel,clean,IPVS_PD_a0fceda0,1,F,e,1,597,-0.5827017383323074,0.07096292730161406,-0.20831001078850048,0.6250629901553927,-0.17643371651929732,0.24131267017640776,-0.3690906107674734,0.5100251791952048,-0.29375388193097285,-0.4208593702561178,-0.4430202115379004,0.0011639958221600249,-0.42202336607827784,0.4180669597646685,0.5237079162251104,0.5451734360323958,0.14586582456940356,,,,,,,,,,,,,,
multi,vowel,phone,IPVS_PD_a0fceda0,1,F,e,1,597,-0.18685469371694707,-0.04411046339774862,0.16490094911587272,0.5071766998276405,0.18597758949467066,0.07126070119046235,-0.46728141510386983,0.4750815668145926,-0.37792035287718256,-0.5755442426355768,-0.6746007817535348,0.024814868273218695,-0.6003591109087956,0.36929314506229516,0.5883148968394765,0.6203100530704689,0.19456062421040327,,,,,,,,,,,,,,
multi,vowel,clean,IPVS_PD_a0fceda0,1,F,e,2,324,-0.7843454024773471,0.022582140276018455,-0.27849723953677685,0.48934360973689023,-0.22851401590267006,0.3021934804107462,-0.5085701948525955,0.5951017037186087,-0.028142660780220617,-0.1498952311064516,-0.40963961754222306,-0.12922664798263991,-0.020668583123811653,0.6136816503075567,0.6718725670390285,0.6123581443953257,0.5042607214792113,,,,,,,,,,,,,,
multi,vowel,phone,IPVS_PD_a0fceda0,1,F,e,2,324,-0.3636963752155401,-0.06301141271785814,-0.03226663309092424,0.4508401179800228,-0.07205834163694966,-0.026604786591262232,-0.3690628647348102,0.38354104616660245,-0.05251791921197152,-0.30098300366377345,-0.3633356140166217,-0.22790644133501514,-0.07307656232875828,0.43526192107985073,0.5608292486842203,0.511286491201835,0.44326557692181,,,,,,,,,,,,,,
multi,vowel,clean,IPVS_PD_a0fceda0,1,F,i,1,785,-0.8183151036817303,0.4245957481316953,-0.3222942435817354,0.8862186452006079,-0.2665489433677333,0.7484856324464146,-1.0652178648677348,1.5370615324650094,-0.7256778596945882,-0.496120187175122,-1.174986664656621,0.7361941176235296,-1.2323143047986516,0.4576849543902533,0.3484168903544569,0.36471545164612174,0.26288091446021505,,,,,,,,,,,,,,
multi,vowel,phone,IPVS_PD_a0fceda0,1,F,i,1,785,-0.18508445140915564,0.036147439777218356,0.24984832038418756,0.5847006177573194,0.25823410140101316,0.4238489603350876,-1.0361755625710618,1.1970824141158167,-0.7537371770907866,-0.6513810769008224,-1.239104605657533,0.5802048936628612,-1.2315859705636836,0.4204289251130934,0.3359592050975857,0.351680607530273,0.2813788682201759,,,,,,,,,,,,,,
multi,vowel,clean,IPVS_PD_a0fceda0,1,F,i,2,324,-0.7538747107800172,0.3296854413133495,-0.24941914026834527,0.7244743028161477,-0.18279168496326526,0.42418325814057367,-0.8910382015972721,1.275174932516351,-0.526156021548169,-0.3803230727813682,-0.9305454030328867,0.5053967658563384,-0.8857198386377065,0.5653143660443237,0.5854192166532186,0.5739677263498724,0.3889317049158743,,,,,,,,,,,,,,
multi,vowel,phone,IPVS_PD_a0fceda0,1,F,i,2,324,-0.18690137747599153,0.05733477126578895,0.1866709930556161,0.4540452122384188,0.22301406717422056,0.049909920412666946,-0.7294884180384023,0.9313325732946396,-0.5350276164862574,-0.4542626366969578,-0.8597003110513395,0.342019228739854,-0.7962818654368118,0.5233276157985857,0.28561484310211355,0.259516656640768,0.718039881630809,,,,,,,,,,,,,,
multi,vowel,clean,IPVS_PD_a0fceda0,1,F,o,1,635,-0.30971511944228897,-0.3546757908083322,0.2035478727398269,-0.37800730373759284,0.22035896664685778,-0.31452973171325493,-0.7602694158948312,1.056850123906073,-0.8471168253052579,-0.8194701316475556,-1.1983006726412635,0.8334927718470416,-1.6529629034945972,0.7151820555349697,0.6018666734624989,0.5668963296548932,0.5457686548264659,,,,,,,,,,,,,,
multi,vowel,phone,IPVS_PD_a0fceda0,1,F,o,1,635,0.11032434277177795,-0.5741850059489253,0.6310024257172436,-0.4639596054012694,0.6447826682191509,-0.38291599705150436,-0.8774326168333139,0.9333344493794629,-0.9032724443383104,-0.7256977296876782,-1.3824045539215168,0.7622642009824593,-1.4879619306701375,0.6472177575972528,0.4150231420715225,0.5450669871857537,0.44167269448760615,,,,,,,,,,,,,,
multi,vowel,clean,IPVS_PD_a0fceda0,1,F,o,2,332,-0.3217996644973755,-0.3619916873425245,0.26267822600901125,-0.3555483815073967,0.3422025533765554,-0.3348788321763277,-0.8284165245294571,1.13154207020998,-0.7104058224707842,-0.6328004477918148,-1.18904519200325,0.8277962400391697,-1.4605966878309846,0.4055485857083958,0.17692061116012867,0.25096933208619526,0.4114281377351054,,,,,,,,,,,,,,
multi,vowel,phone,IPVS_PD_a0fceda0,1,F,o,2,332,0.0394166673719883,-0.5511177866905927,0.6185747783631086,-0.500029277279973,0.7080265759676695,-0.5073172955960036,-0.9845490661263466,0.9961661219596862,-0.7662884379923344,-0.6302204217016697,-1.4119199112057685,0.7672732065990567,-1.3974936283007264,0.4437000239082135,0.29046530771773776,0.3299572581715523,0.43962338780819565,,,,,,,,,,,,,,
multi,vowel,clean,IPVS_PD_a0fceda0,1,F,u,1,738,-0.524980083242193,0.01336498464549984,0.12379271681378554,0.3767347149550915,0.24220149521086667,0.4313329384402112,-1.0672247867594968,1.6722753064052478,-0.9516454307479901,-0.6535294744614009,-1.4505037282769744,1.1696669474109873,-1.8231964218723882,0.5246987807034718,0.6258377525564527,0.6543174276158614,0.4702546014546148,,,,,,,,,,,,,,
multi,vowel,phone,IPVS_PD_a0fceda0,1,F,u,1,738,-0.03271670166302372,-0.13058045429286655,0.6798335911185892,0.18658407801040658,0.9265951479004847,0.2704339846297427,-1.132617690004744,1.5361856039579924,-1.0542120788548444,-0.6073092901995322,-1.659013126347516,1.2054870582378663,-1.8127963484373983,0.5869963809894263,0.7363279996797676,0.748381654826682,0.3923885201186301,,,,,,,,,,,,,,
multi,vowel,clean,IPVS_PD_a0fceda0,1,F,u,2,337,-0.5038028017347083,-0.08383621040529805,0.1613640683918751,0.22639457125381884,0.21208201356122058,0.369389768304496,-1.0992225713917774,1.607825941640168,-0.8033072471325033,-0.5614262923157861,-1.3758639167682292,0.9815471953359144,-1.5429734876517005,0.4031599988319643,0.4713813029250892,0.6216075253626261,0.2742828792121108,,,,,,,,,,,,,,
multi,vowel,phone,IPVS_PD_a0fceda0,1,F,u,2,337,0.004119160727327093,-0.1866596303696703,0.713245541150934,0.052694166602172285,0.9324727432774793,0.11351317504943885,-1.1599260178105584,1.5066310243653547,-0.9701140053166545,-0.6464354507441591,-1.6828914863135427,1.1949913930423155,-1.8414268437864745,0.44839859279496336,0.6045208082111518,0.5762547439233596,0.40651774647561917,,,,,,,,,,,,,,
multi,vowel,clean,IPVS_PD_69229acc,1,M,a,1,268,-0.006401299602455563,-0.8585751514743876,0.4829428861906499,-0.7457024345611348,0.5963134967986449,-0.7623809248576929,-0.6780843973895649,0.41645443016364253,-0.3211911251699483,-0.24744180235781787,-0.8607686934647737,0.3186583282242035,-0.5661001305820214,0.08839403149248748,0.40055991624003046,0.6795366808728047,0.12892649258379132,,,,,,,,,,,,,,
multi,vowel,phone,IPVS_PD_69229acc,1,M,a,1,268,0.43118884488020415,-0.9063826356037163,0.9319716920087366,-0.6981383046986144,1.022135622707414,-0.7628317340104668,-0.885281119817569,0.3943955353748651,-0.5851555930243598,-0.20857206893004018,-1.1939900870676394,0.34743114179115236,-0.5560032107211925,0.2546843266501134,0.340713129937814,0.49788153915754435,0.15282704648733555,,,,,,,,,,,,,,
multi,vowel,clean,IPVS_PD_69229acc,1,M,a,2,878,-0.19859013723378832,-0.6067237444786411,0.2220010653307492,-0.326663150564965,0.25259782362616423,-0.2995183560715029,-0.56354271352404,0.5802561464317312,-0.2699801618741317,-0.3178594751057751,-0.7985362082606915,0.37066883769478987,-0.688528312800565,0.46606816588866584,0.4240671049125262,0.40633963386726557,0.4974160451333637,,,,,,,,,,,,,,
multi,vowel,phone,IPVS_PD_69229acc,1,M,a,2,878,0.0850272797556086,-0.5555915220386602,0.5353697632354769,-0.2609523555941202,0.5677885677044591,-0.37800129923517956,-0.7691356708493197,0.638780454618179,-0.54734828548901,-0.3399270426510184,-1.1016842246507152,0.4120923503845309,-0.7520193930355493,0.5212927367497878,0.4331059619601543,0.42938474171701524,0.46242073005978385,,,,,,,,,,,,,,
multi,vowel,clean,IPVS_PD_69229acc,1,M,e,1,1072,-0.4475864601894195,-0.07018161879748291,-0.044070187840402494,0.5977163852556892,0.02425745994963261,0.2665492797166294,-0.22555712575775497,0.31988208456346706,-0.18523357007999597,-0.42765067946975643,-0.32597011791669434,-0.22941730317503492,-0.19823337629472154,0.5372320166497452,0.38406374428551426,0.3679226908741412,0.47941906887212127,,,,,,,,,,,,,,
multi,vowel,phone,IPVS_PD_69229acc,1,M,e,1,1072,-0.07118948033044797,-0.059079795798159536,0.34559235694060414,0.6039690541462128,0.40874355818544117,0.21316729951071442,-0.5503717047503646,0.5007029970795471,-0.4173447619776548,-0.4668145054685218,-0.7340916852403131,-0.028887202763663872,-0.4379273027048579,0.48091431818512254,0.47626044502741904,0.43431858998351275,0.36936968579856333,,,,,,,,,,,,,,
multi,vowel,clean,IPVS_PD_69229acc,1,M,e,2,293,-0.35531347215512377,-0.12084202005364801,-0.018004593623560026,0.4946511569669691,0.0873857894859745,0.06511902202994137,-0.2506943378744826,0.19885227926033364,-0.06838074696939545,-0.44513794704008913,-0.3137161331830052,-0.25731231497421775,-0.18782563206587133,0.3769542566746042,0.23101205850260165,0.24392255685809042,0.36515146340566845,,,,,,,,,,,,,,
multi,vowel,phone,IPVS_PD_69229acc,1,M,e,2,293,0.11866858365845545,-0.23666875872571588,0.5054870685615108,0.41757693314282907,0.6229651342172408,0.039153628935248166,-0.47444781458983987,0.28990402628304596,-0.2629548286819189,-0.4137143572676653,-0.5932950693166862,-0.18126983321824316,-0.23244452404942217,0.45531166839817666,0.5041194977371573,0.5354263680770724,0.45034190207370417,,,,,,,,,,,,,,
multi,vowel,clean,IPVS_PD_69229acc,1,M,i,1,1042,-0.6078855273917841,0.4296568862070291,-0.2761928552684312,1.1421310549346022,-0.28392012141192685,0.7421112953664396,-0.6182512673564231,0.857476107990399,-0.3321918814469831,-0.401406732515786,-0.6471587816199746,0.061670016446790564,-0.4630767489625766,0.34553654222340346,0.38524174291211893,0.40612924322855837,0.46432381024868696,,,,,,,,,,,,,,
multi,vowel,phone,IPVS_PD_69229acc,1,M,i,1,1042,-0.1113130535942297,0.3202883493357573,0.29773957506060217,1.2120711584917654,0.33028030393127433,0.8142223272460718,-0.8620719089628027,1.0534175736740374,-0.45485182277882064,-0.4109913675358501,-0.9359111271251124,0.22422905325496825,-0.6352204207908183,0.30026557146160043,0.47525820313047734,0.513937285078672,0.3171364179988998,,,,,,,,,,,,,,
multi,vowel,clean,IPVS_PD_69229acc,1,M,i,2,299,-0.8403556546124306,0.556561205103911,-0.5395378126294573,1.0832710167321051,-0.47748211849460287,0.43352444231180853,-0.5070924814893396,0.8291537023216321,-0.12525624489586656,-0.4238253599701665,-0.4782919059636185,0.10511784798861867,-0.5289432079587852,0.18576334849110626,0.3003725376277147,0.39773056904057386,0.11357647620404489,,,,,,,,,,,,,,
multi,vowel,phone,IPVS_PD_69229acc,1,M,i,2,299,-0.3807237263542512,0.4546324311040383,0.023229081821705095,1.15844920919745,0.1427112416009218,0.5953581802423488,-0.7666592600431231,0.930634244206202,-0.2436212296314661,-0.4654648945311815,-0.7762900304399143,0.32051151138807527,-0.7859764059192568,0.2344349157239212,0.21660702834202644,0.3211144534842149,0.16921228479676625,,,,,,,,,,,,,,
multi,vowel,clean,IPVS_PD_69229acc,1,M,o,1,1060,0.3405340333123627,-0.5279302054887298,0.7739462257603055,-0.2942987730105718,0.795005137698268,-0.05622422969285047,-0.537100650838711,1.00591164817975,-0.6709355869851772,-0.4624944991379414,-1.123225545826948,0.8585700305389627,-1.3210645296769041,0.4023503967338864,0.21279763719874717,0.3141880473113986,0.24428771096548424,,,,,,,,,,,,,,
multi,vowel,phone,IPVS_PD_69229acc,1,M,o,1,1060,0.7099950493740961,-0.5454471235239656,1.2647397646551612,-0.3095432568646077,1.3738671232881785,-0.004970337445818403,-0.8679671817746177,1.0462203626081628,-0.8037243526686663,-0.3770363828776486,-1.4180576535140943,0.8202922230574695,-1.197328605935118,0.5425563589559466,0.2883030888027766,0.33192267473349424,0.4182006936139896,,,,,,,,,,,,,,
multi,vowel,clean,IPVS_PD_69229acc,1,M,o,2,295,0.3711045566251722,-0.09420313858716502,0.71823270509472,0.05237166507769439,0.8638260549744644,-0.13413114071229085,-0.7308609010809559,1.0361530624203763,-0.7360733126179647,-0.7364851145421044,-1.1976061534073392,0.8854989325259365,-1.621984047068041,0.2978672810326254,0.18835642842825515,0.22163272589499594,0.4051218464464933,,,,,,,,,,,,,,
multi,vowel,phone,IPVS_PD_69229acc,1,M,o,2,295,0.5249766328577268,-0.39542815341787824,1.0166651347262712,-0.15545984454410897,1.1380147772320246,-0.16395361637328304,-0.8809098779818433,0.8737209119365714,-0.6900308819140418,-0.5740326473773536,-1.3068124143417272,0.5830954966572045,-1.157128144034558,0.18616277244788335,0.21221504633590943,0.22876533585376638,0.3405792055488486,,,,,,,,,,,,,,
multi,vowel,clean,IPVS_PD_69229acc,1,M,u,1,1102,0.3978428678345104,-0.22434502702735343,0.8297130745523286,0.2092931804745219,0.9348416153532861,0.4128839401950289,-0.5178551289880384,1.1906210871081337,-0.6712833197050224,-0.5487697562512314,-1.0694915482554912,0.8456320648483955,-1.394401821099627,0.2600959208012116,0.4776810259489564,0.4853358714586081,0.21333891366338037,,,,,,,,,,,,,,
multi,vowel,phone,IPVS_PD_69229acc,1,M,u,1,1102,0.6600744138806608,-0.2294273413380107,1.1737513807785114,0.22827884221725234,1.3089312456795816,0.4569487611782875,-0.7753504359154902,1.2238248300786465,-0.89631250111268,-0.4663088272109043,-1.3692135111712977,0.856709808426321,-1.3230186356372253,0.2806449487735498,0.42383377084671603,0.4631267706808651,0.24991325864267058,,,,,,,,,,,,,,
multi,vowel,clean,IPVS_PD_69229acc,1,M,u,2,301,0.06464215553267885,-0.18730633528851673,0.57508259591806,0.11729655682382004,0.6026124491546694,0.16735749506489347,-0.9274923883748977,1.4882709861460313,-0.7373679246527055,-0.31089016395873126,-1.3021416147110871,1.149192096778701,-1.4600822607374322,0.6534414493654357,0.5263212884837942,0.578988096593985,0.5301538943431688,,,,,,,,,,,,,,
multi,vowel,phone,IPVS_PD_69229acc,1,M,u,2,301,0.48084448450836687,-0.1949305234693032,0.996185958714775,0.05995779702676594,1.1162141070840108,0.025812746740836466,-1.0932314521041364,1.3833648476811404,-1.0395087010294035,-0.4849868707811635,-1.6159806607177902,1.2050980125342943,-1.6900848833154578,0.3661805287904712,0.5479602400247517,0.5664946790241098,0.2877060278881296,,,,,,,,,,,,,,
multi,vowel,clean,IPVS_PD_5fcdd5c0,1,M,a,1,477,-0.05042431391905409,-1.0673322964213037,0.3325732580356897,-0.8654674149867965,0.371425664642962,-0.8831107645499997,-0.3921685560447414,0.04711425514690552,0.11990096858777236,-0.3187485635021007,-0.4269048327560624,0.10484414002517374,-0.42359270352727446,0.3282719476662927,0.5720642737318506,0.6517936020379973,0.26224482781813224,,,,,,,,,,,,,,
multi,vowel,phone,IPVS_PD_5fcdd5c0,1,M,a,1,477,0.3481558619475946,-1.118420526956432,0.7722413347780912,-0.946071487374422,0.8189542758755568,-1.0390154248953696,-0.6010650915032064,0.12361345569950363,-0.3394054245554196,-0.3921456928867912,-0.83527488720957,0.2102002066978698,-0.602345899584661,0.3865779997032349,0.48810800621106865,0.5231919634106554,0.4073027767693881,,,,,,,,,,,,,,
multi,vowel,clean,IPVS_PD_5fcdd5c0,1,M,a,2,288,-0.10821117049661176,-0.898654590906768,0.3587714485909747,-0.6962391946507597,0.33670089196884767,-0.6841344424020285,-0.5641806711410654,0.4935554923682377,-0.1480133318524251,-0.2986132441324064,-0.7291547590973734,0.3883038103130871,-0.6869170544454934,0.15104521790757647,0.443212817580626,0.37265227350855923,0.17180811875331442,,,,,,,,,,,,,,
multi,vowel,phone,IPVS_PD_5fcdd5c0,1,M,a,2,288,0.3409831523038875,-0.8765136841042288,0.7275217076142629,-0.6507579584060044,0.6379261189836195,-0.803580449572925,-0.7560703287693276,0.44905316332976025,-0.44262152541985456,-0.34805451423443595,-1.0773886599759945,0.4113521697213766,-0.7594066839558126,0.29880766213380267,0.3546765601307131,0.34136507726052606,0.2855692475745683,,,,,,,,,,,,,,
multi,vowel,clean,IPVS_PD_5fcdd5c0,1,M,e,1,554,-0.5542360637002363,-0.1562739477721517,-0.24483162178072387,0.3053705524095518,-0.2618659378704197,-0.0346714115874496,-0.1667804150078111,0.22878720615795273,0.11079947081600834,-0.12067078840277509,-0.09098396750312009,-0.25760272861330097,0.13693194021052585,0.3074203350615568,0.46354409140373853,0.5171820896489207,0.38898049108050575,,,,,,,,,,,,,,
multi,vowel,phone,IPVS_PD_5fcdd5c0,1,M,e,1,554,-0.23495291909593308,-0.17118062886470806,0.05309053662115942,0.27595041000735976,0.05742508476365826,-0.19721553028522137,-0.3348110384659139,0.1919776931137382,-0.13211595530281522,-0.2005274586022614,-0.3662372783361795,-0.2245125638677956,0.02398510526553421,0.28000069680683237,0.4062312411950846,0.5089860305923555,0.29470981823261944,,,,,,,,,,,,,,
multi,vowel,clean,IPVS_PD_5fcdd5c0,1,M,e,2,288,-0.31500623109696924,-0.6261316131928871,0.04537153398168498,-0.15187914583874845,-0.0019709462749546974,-0.321719888212352,-0.2944931612275113,0.04286640355813092,0.2279987353189238,-0.1515294964714297,-0.10906380691148083,-0.39418020151855276,0.24265070504712305,0.23140216138064645,0.3805896943121893,0.374538140259801,0.36724522167303597,,,,,,,,,,,,,,
multi,vowel,phone,IPVS_PD_5fcdd5c0,1,M,e,2,288,0.014022979842520308,-0.5765185536838126,0.39792158745828715,-0.08146758660160262,0.40669412345721806,-0.3187985533270343,-0.45909803283625633,0.05875580355353739,-0.03983586272974124,-0.16928284336951957,-0.3875359854093571,-0.4034189563030484,0.23413611293352884,0.222064853123682,0.289146006870441,0.3112963988041432,0.2860405258915576,,,,,,,,,,,,,,
multi,vowel,clean,IPVS_PD_5fcdd5c0,1,M,i,1,474,-0.5653920872853353,0.6013822883784354,-0.3104359347607706,1.1738776564598083,-0.3376426883823388,0.6389080455878398,-0.49150345734991396,1.0078523616482329,-0.34871478795588434,-0.615706124036879,-0.6014423151012067,0.33156694742766296,-0.9472730714645419,0.5398399322834515,0.5088977175036395,0.4987607510879851,0.4721280557837,,,,,,,,,,,,,,
multi,vowel,phone,IPVS_PD_5fcdd5c0,1,M,i,1,474,0.02331388257183395,0.15248960767175768,0.3495951819044727,0.7875219371977386,0.3307564518564231,0.45385927253669794,-0.7559813692957371,0.9353514666949119,-0.5642171829313665,-0.5316382791664633,-0.9966510522824067,0.4740754221859095,-1.005713701352373,0.5142306192736127,0.40007022050715274,0.4186407081884904,0.3648611772898389,,,,,,,,,,,,,,
multi,vowel,clean,IPVS_PD_5fcdd5c0,1,M,i,2,274,-0.6750486688800605,0.3963505747806595,-0.39662950333342495,1.0219915365598289,-0.3490092987755695,0.3934508215591132,-0.41560622313654566,0.6094322955033865,0.025525601423648465,-0.3911031436130225,-0.3478924299040473,-0.02969626285674342,-0.3614068807562791,0.401395593300636,0.3765611645694532,0.5136084927606256,0.5471972905602873,,,,,,,,,,,,,,
multi,vowel,phone,IPVS_PD_5fcdd5c0,1,M,i,2,274,-0.15913485744631434,0.005961604506136423,0.1827876891895949,0.6472631272781326,0.17668317258358002,0.20980926244014717,-0.7580154059701655,0.672290155955826,-0.24575851916010122,-0.3106850792306015,-0.7745814447302416,0.10434432987527675,-0.41502940910587827,0.2551121993940312,0.398354142562235,0.4975614214131053,0.37258632236263983,,,,,,,,,,,,,,
multi,vowel,clean,IPVS_PD_5fcdd5c0,1,M,o,1,398,-0.18789100678016743,-0.8593461704750855,0.20556803749253352,-0.6676866430789232,0.21694839683671793,-0.7918992448598147,-0.38363559792439145,0.287019917058448,-0.05806159339845181,-0.4260405579581857,-0.52064779077967,0.1814923528426637,-0.6075329108008494,0.44655287748628714,0.5669615322508282,0.41182415445155357,0.41840837987070306,,,,,,,,,,,,,,
multi,vowel,phone,IPVS_PD_5fcdd5c0,1,M,o,1,398,0.2112077924112479,-0.8808329996963342,0.6724410014847915,-0.6965689508865277,0.672249581788977,-0.7981216963380575,-0.5352697538832824,0.33867265687634546,-0.27913263539473215,-0.44432562378545604,-0.7568817642827829,0.19598750189567607,-0.6403131256811321,0.5764063540738756,0.6501526746065939,0.5427444926508167,0.45108410179354197,,,,,,,,,,,,,,
multi,vowel,clean,IPVS_PD_5fcdd5c0,1,M,o,2,281,0.17501604715747945,-1.1225245683150884,0.5902788550896052,-0.8684902067720537,0.6060791188443201,-0.8419184788797028,-0.45559858014950383,0.218848463522612,-0.04524235118775678,-0.46717577101387214,-0.6364434021111776,0.2232242795203388,-0.6904000505342109,0.45838216024351985,0.46008603188132713,0.5579952012090947,0.31133675429329927,,,,,,,,,,,,,,
multi,vowel,phone,IPVS_PD_5fcdd5c0,1,M,o,2,281,0.4868506177289951,-1.0716414444545317,0.9572050977035387,-0.8061990046642236,0.9620107888470034,-0.7947187035746829,-0.6552602885037484,0.3407480635586575,-0.1920827156340582,-0.29565627797997207,-0.8694573937083138,0.2516492526515348,-0.5473055306315069,0.4834556346466791,0.620382645406888,0.6154847477446995,0.4888365039124094,,,,,,,,,,,,,,
multi,vowel,clean,IPVS_PD_5fcdd5c0,1,M,u,1,427,0.038694009126856166,-0.07738060739021821,0.44527687491841816,0.29644019890156237,0.5179294428356891,0.11929633048026014,-0.6528065510181138,1.1642896101632472,-0.757942744498123,-0.7657267927311737,-1.061045469477019,0.7945027171492809,-1.5602295098804546,0.4009896429261364,0.2886615307222891,0.5380705559445222,0.3845984091301766,,,,,,,,,,,,,,
multi,vowel,phone,IPVS_PD_5fcdd5c0,1,M,u,1,427,0.22622126166922574,0.042808401793357466,0.6454422195018034,0.4094871892539444,0.7549893835175362,0.2222851732245679,-0.943709813435254,1.3533207456425471,-1.178051747468659,-0.7974759769636833,-1.490025092423658,1.0234303882468767,-1.8209063652105602,0.3078520303393947,0.19231841327358357,0.4207882611726608,0.16263802588462684,,,,,,,,,,,,,,
multi,vowel,clean,IPVS_PD_5fcdd5c0,1,M,u,2,256,-0.21538765825234452,-0.07342518604808039,0.24770646010126388,0.2525617749273003,0.2648376374469175,-0.003911454569209705,-0.7623865530862437,1.242536367534043,-0.7041901284224027,-0.5811339705795436,-1.0699072956264792,0.7692226912681158,-1.3503566618476595,0.5723495792978934,0.3238984494852129,0.4018889402374973,0.41968954936533914,,,,,,,,,,,,,,
multi,vowel,phone,IPVS_PD_5fcdd5c0,1,M,u,2,256,0.08755938254006497,-0.27663789476667133,0.6310700431659624,0.13436354570961617,0.6308584662226887,0.03665213461046095,-1.0411507038327006,1.3127526582835556,-0.918519746560555,-0.4878167064933034,-1.4041951476753531,0.863847244869579,-1.3516639513628823,0.46655524923468067,0.6459177965731114,0.5022873998108361,0.3719059638372276,,,,,,,,,,,,,,
multi,vowel,clean,IPVS_PD_5e7a0360,1,M,a,1,595,-0.04952106201181225,-0.8421969463010462,0.3200714806882607,-0.5946957926873734,0.3759701502840726,-0.7430844144994805,-0.5751225659493304,0.20714392600690618,0.1791831254541707,-0.14064742104053832,-0.4438210388108128,-0.17113027952256657,0.030482858482028256,0.34201895213224964,0.3665199147191819,0.5493795758303595,0.2578337091326869,,,,,,,,,,,,,,
multi,vowel,phone,IPVS_PD_5e7a0360,1,M,a,1,595,0.4990099276147303,-1.108508734976878,0.8917147620719355,-0.8110986383271819,0.8953436477010658,-0.8743363170981073,-0.6503889413774848,0.15867891121937447,0.02266089263416472,-0.12533903501781762,-0.5787745745075183,-0.15040559850695753,0.025066563489139916,0.29484178043726433,0.3227004210169713,0.5100753792702869,0.27718308104568595,,,,,,,,,,,,,,
multi,vowel,clean,IPVS_PD_5e7a0360,1,M,a,2,351,0.040201598716573125,-0.9565606913860375,0.49707659966007794,-0.692946041435427,0.5544922479662285,-0.6957656104135287,-0.5349989751645174,0.16465190370783422,-0.01605750020081398,0.04694670544698905,-0.4551121526137347,-0.21852258213252818,0.2654692875795172,0.35114508934402294,0.5594742018634956,0.5245230082517736,0.16026317212836846,,,,,,,,,,,,,,
multi,vowel,phone,IPVS_PD_5e7a0360,1,M,a,2,351,0.5804184763493696,-1.1832496956061413,1.0791005483735794,-0.8422914209524037,1.0866486074235202,-0.8153377043974908,-0.7166465616904164,0.2011831712454416,-0.2576664985638659,-0.06486593709455282,-0.7697092851191335,-0.11919490131439191,0.054328964219839085,0.288111293939679,0.1881206424640241,0.330046930490914,0.08636607702357876,,,,,,,,,,,,,,
multi,vowel,clean,IPVS_PD_5e7a0360,1,M,e,1,671,-0.4462749603072704,-0.4978266359484817,-0.008822814665420476,0.2589839255765413,-0.032505410406784736,0.12244893680731062,-0.1410413596677425,0.004973809269462567,-0.026670236778318437,-0.2645100253465454,-0.12457753445204375,-0.48565710149243213,0.22114707614588677,0.33126973207496074,0.5004289588292603,0.4610989793393202,0.269404041300196,,,,,,,,,,,,,,
multi,vowel,phone,IPVS_PD_5e7a0360,1,M,e,1,671,-0.031107058522127404,-0.5809258210747769,0.35111042450438656,0.17018808757253084,0.33397489238909395,-0.014861993103405973,-0.25778728032082543,-0.052143546204930794,-0.035863955322625325,-0.2084974950600055,-0.22099668906063358,-0.47527002002905233,0.2667725249690468,0.33039672443752854,0.5019485969189608,0.42824863853041256,0.23067964765868684,,,,,,,,,,,,,,
multi,vowel,clean,IPVS_PD_5e7a0360,1,M,e,2,287,-0.2627842918985841,-0.619626158234701,0.17983216848332068,-0.05340025474914926,0.18007251353277637,-0.08894999023806842,-0.22822748998858336,-0.07500138861595551,0.028515969225436966,-0.10418033793654745,-0.1775038003749241,-0.5515570492413692,0.4473767113048217,0.5045309107747658,0.21000457880147178,0.319661744007606,0.7004038707002228,,,,,,,,,,,,,,
multi,vowel,phone,IPVS_PD_5e7a0360,1,M,e,2,287,0.10965783420325703,-0.6180633328898104,0.4954241273892408,-0.024064165233187593,0.5231654461408626,-0.20452557418043213,-0.3173417834877279,-0.09372802595527185,-0.08325591959016171,-0.13834973398832917,-0.309283572168364,-0.5246228800085239,0.3862731460201947,0.31733064407801953,0.19143806947396025,0.4337420703972608,0.4111523115498581,,,,,,,,,,,,,,
multi,vowel,clean,IPVS_PD_5e7a0360,1,M,i,1,685,-0.7783198823603981,0.3282272880239788,-0.3367743464572006,1.0515820604461243,-0.3284091028201319,0.705889032632475,-0.5274748749614052,0.8766012877733458,-0.10227130719635029,-0.1991623483072522,-0.4310010741045585,-0.019822863231972767,-0.17933948507527944,0.4092906688677316,0.2305090924331607,0.2763309021835109,0.48563338473103734,,,,,,,,,,,,,,
multi,vowel,phone,IPVS_PD_5e7a0360,1,M,i,1,685,-0.29050349094281813,-0.005358937121655819,0.08650310087378008,0.8480720190816262,0.04064372490067262,0.4907835912675463,-0.453453359703948,0.6498052607813891,-0.1805659266428936,-0.32870369401835176,-0.45921347602077933,-0.12221140694552965,-0.20649228707282213,0.3691078073442143,0.23540457397984715,0.277180553365081,0.47589112540041717,,,,,,,,,,,,,,
multi,vowel,clean,IPVS_PD_5e7a0360,1,M,i,2,287,-0.4962189681612687,0.01199955910961063,-0.06559820998610788,0.5917292223500379,-0.08373689660102646,0.41477455224604964,-0.7107480099435487,0.8932682072496139,-0.13664696033979426,-0.10550917430936946,-0.6373847345740808,0.1401456504564926,-0.24565482476586206,0.24341572802570752,0.28003256626622514,0.2785245774923014,0.19970577531821285,,,,,,,,,,,,,,
multi,vowel,phone,IPVS_PD_5e7a0360,1,M,i,2,287,-0.1495195131081377,-0.06368348252222028,0.2522603178644456,0.5951423980941662,0.1886311398248452,0.3210760200816083,-0.6857063939116593,0.7315091619946364,-0.3141960932340236,-0.2103528341633736,-0.725503420209609,0.03099434926158431,-0.24134718342495792,0.2174789129211588,0.35998422388221685,0.38879887598679796,0.1809059019119756,,,,,,,,,,,,,,
multi,vowel,clean,IPVS_PD_5e7a0360,1,M,o,1,704,-0.015893612197547587,-1.2023191229914718,0.4496105982096128,-1.0057397054613761,0.4042068534653704,-0.9121254497682149,-0.47806260668022454,0.06863440079438798,-0.10704202500154388,-0.4332999220855956,-0.5470979179624679,-0.10681438228589887,-0.3264855397996967,0.2645585961505476,0.3565502577879073,0.38485309596112727,0.2286016620949743,,,,,,,,,,,,,,
multi,vowel,phone,IPVS_PD_5e7a0360,1,M,o,1,704,0.26923071385695124,-1.1764639031212285,0.724994810965826,-0.9664250854051338,0.6844077841993773,-0.9772220622256117,-0.5881527840458559,0.026692095115991694,-0.2810518444990212,-0.49249720875665826,-0.7240233842353776,-0.13746800734925102,-0.35502920140740724,0.3205881170503734,0.31764665047698987,0.3387253633559029,0.24835238207923166,,,,,,,,,,,,,,
multi,vowel,clean,IPVS_PD_5e7a0360,1,M,o,2,293,0.05528353440896266,-1.2056948357382737,0.5390997284886527,-1.078560652705909,0.49721125458593424,-0.9244988207089699,-0.5312135816462296,0.127156860074081,-0.1766626053610764,-0.34456076763444027,-0.6398705742453451,-0.05779511449953257,-0.2867656531349077,0.3051578654924105,0.5959228202376736,0.5290097482289497,0.32484069861853865,,,,,,,,,,,,,,
multi,vowel,phone,IPVS_PD_5e7a0360,1,M,o,2,293,0.3766631977369556,-1.248595963090153,0.8478105048001823,-1.131430719531862,0.7835667796727628,-1.1097212982716533,-0.7113605774728592,0.13412647816420947,-0.421145011897141,-0.4404331098842082,-0.8896226926711993,-0.05126710525466561,-0.3891660046295426,0.5116789868215995,0.4419845381016035,0.41526435628169484,0.618558345526593,,,,,,,,,,,,,,
multi,vowel,clean,IPVS_PD_5e7a0360,1,M,u,1,707,-0.25097963126266704,0.029818060678594254,0.2862656443960526,0.4050443678743699,0.25287563867428725,0.5188031268119812,-0.9480384167502908,1.6167391067392687,-1.0157616058517904,-0.8908997809185701,-1.5081414016555337,1.1461813976484188,-2.037081178566989,0.38106259009138493,0.24099036802909027,0.33902046976901146,0.27065260572702265,,,,,,,,,,,,,,
multi,vowel,phone,IPVS_PD_5e7a0360,1,M,u,1,707,0.19973465312929714,-0.004618082572432125,0.7552346563339234,0.35914657245664033,0.8215826095553005,0.4214086014733595,-1.0959334212190965,1.4975131608458125,-1.2536573257165797,-0.8726597994215348,-1.7063533519296086,1.0638262330784518,-1.9364860324999866,0.30515682110666215,0.30943542057390583,0.3171331831293648,0.23988550996344085,,,,,,,,,,,,,,
multi,vowel,clean,IPVS_PD_5e7a0360,1,M,u,2,299,-0.43035198822205895,0.06717731560791396,0.016415291234274595,0.29759129264407397,0.045168608674028304,0.12101709389884169,-0.7791692300890032,1.2158511975852166,-0.7290456116364147,-0.9027392498696047,-1.201715357725133,0.8282764395544542,-1.731015689424059,0.13967639451628677,0.13790250692902162,0.22814485402113638,0.2835291160067305,,,,,,,,,,,,,,
multi,vowel,phone,IPVS_PD_5e7a0360,1,M,u,2,299,0.04955458262348702,-0.006680673327893842,0.5355445346614932,0.38488987335184005,0.5717714372919409,0.37203539183455936,-1.002198494929635,1.3308685270462246,-0.8651756838540345,-0.7784716522331396,-1.4724798591097414,0.8661860239110599,-1.6446576761441996,0.19570301423868766,0.10533491717718622,0.10741310587520748,0.16878744469618215,,,,,,,,,,,,,,
multi,vowel,clean,IPVS_PD_b85147c7,1,M,a,1,838,0.45779051374466645,-0.9850826192174166,0.8514332491608839,-0.7516846909882531,0.8712077949728284,-0.4996874864907965,-0.4953687796221366,0.478666142434887,-0.31053201351610443,-0.26366259515403756,-0.9109691566684179,0.5235263964065188,-0.7871889915605563,0.2785029773101648,0.334060096056085,0.49179847868079374,0.2129278194767182,,,,,,,,,,,,,,
multi,vowel,phone,IPVS_PD_b85147c7,1,M,a,1,838,0.9231178174830146,-1.145874216088227,1.3235040053370453,-0.9667020751429456,1.3034398286115556,-0.6625932371096005,-0.5738072021317387,0.33026416956757504,-0.4946678014146903,-0.2848777254112065,-1.0516759566371403,0.42524535668688634,-0.7101230820980928,0.2328527852817592,0.2600663308746642,0.44118404508029946,0.1866507743840041,,,,,,,,,,,,,,
multi,vowel,clean,IPVS_PD_b85147c7,1,M,a,2,293,0.0151056083245466,-1.0028247887131858,0.5708997561096472,-0.8628950176265954,0.6670885513731315,-0.6584761469377636,-0.7078619690264686,0.4921750044923718,-0.14990785726382908,-0.21469081403677073,-0.8831296458756183,0.29317063159482964,-0.5078614456316004,0.35055219812424365,0.5130666158990993,0.4658218985785719,0.10535968579511996,,,,,,,,,,,,,,
multi,vowel,phone,IPVS_PD_b85147c7,1,M,a,2,293,0.29663569627508607,-1.0161038128669653,0.9038252680651886,-0.7720127029944275,0.9258398979397143,-0.47804431482560217,-0.9359090146371873,0.7374978840856229,-0.556718292882887,-0.20532719639398284,-1.2868928838584384,0.5146196211588248,-0.7199468175528076,0.38147860919510096,0.32436042440118845,0.48218294996494293,0.3554215887462923,,,,,,,,,,,,,,
multi,vowel,clean,IPVS_PD_b85147c7,1,M,e,1,841,-0.26192338673195037,-0.47925986379089924,0.07465237039740723,0.10785550914778567,-0.00893619202151157,0.05625861180890905,-0.3065518160562704,0.4337894808685425,-0.040423874837337156,-0.17773465084114878,-0.4036160161147023,-0.0047369958740649835,-0.1729976549670838,0.3044482053422431,0.2220975106486902,0.28262299697973403,0.22850386260426656,,,,,,,,,,,,,,
multi,vowel,phone,IPVS_PD_b85147c7,1,M,e,1,841,-0.13244309446009078,-0.4621705709707619,0.2209743106129146,0.13780764314797844,0.15152076391300354,0.05094983270852873,-0.47693946034011275,0.4630729288452923,-0.3180794352352029,-0.21915889062946387,-0.7287330129359028,-0.016756997670572583,-0.20240189295889127,0.21415789465044996,0.22928136009540567,0.31570656153368076,0.23442879512351586,,,,,,,,,,,,,,
multi,vowel,clean,IPVS_PD_b85147c7,1,M,e,2,274,-0.08618956840181925,-0.27418030753552197,0.1902117107108415,0.2846951141773936,0.2507329551749919,-0.11530925701540637,0.0018535174698714751,-0.06538118314312165,0.17352865869740405,-0.10478560253977776,0.07957725606140602,-0.5902389530765723,0.48545335053679456,0.28969905578826155,0.26776893365903665,0.20546243032119474,0.278425994076732,,,,,,,,,,,,,,
multi,vowel,phone,IPVS_PD_b85147c7,1,M,e,2,274,0.3398283238870552,-0.40577546695628797,0.6205587168953505,0.2088015088474894,0.6627755722547152,-0.16365564776113234,-0.18712335865361146,-0.04291825449789863,-0.12368807995534804,-0.20000329241156578,-0.29046521948493387,-0.5036521302648338,0.30364883785326796,0.32173676497840537,0.21838877263795634,0.24437124789756398,0.2601588435513168,,,,,,,,,,,,,,
multi,vowel,clean,IPVS_PD_b85147c7,1,M,i,1,774,-0.5964607336746265,0.47778879010114544,-0.267522875715223,1.292588070994283,-0.21334977706998204,0.8327819971695478,-0.3470959816239934,0.7724557857912497,0.0696682351213668,-0.40177715390664825,-0.2722688001128865,-0.005838912240201568,-0.3959382416664467,0.2825119844964952,0.4205284661184126,0.4178706702540474,0.24839487177783207,,,,,,,,,,,,,,
multi,vowel,phone,IPVS_PD_b85147c7,1,M,i,1,774,-0.3065548402620999,0.35053676213317675,-0.01683501934416816,1.2060214979454171,0.04760107727393572,0.6406758992329176,-0.6248305606547855,0.772469562330471,-0.282164517310428,-0.6167965555971272,-0.6614891360214084,0.0885594164185194,-0.7053559720156467,0.19180602010433642,0.3464978326452528,0.36612394238302165,0.1753824052461474,,,,,,,,,,,,,,
multi,vowel,clean,IPVS_PD_b85147c7,1,M,i,2,274,-0.5681393776672432,0.49055649573544424,-0.2647047335483942,1.0403466246214257,-0.15849611683782325,0.5207057954317116,-0.6326761815741838,0.973926644188812,-0.4192334306706865,-0.5189530606639673,-0.7199049872088145,0.30598204382078115,-0.8249351044847484,0.29586623726292516,0.339764755397011,0.43067821939025375,0.2816454590293038,,,,,,,,,,,,,,
multi,vowel,phone,IPVS_PD_b85147c7,1,M,i,2,274,-0.21138752835342683,0.3776418277657176,0.05387977205486183,0.995469925633396,0.09649805625878184,0.38300176880445824,-0.6318331166024668,0.7262779739965876,-0.47722334019749996,-0.5889821984771505,-0.8154145145272634,0.20406200792864862,-0.7930442064057991,0.4100539772287171,0.4669040115668363,0.46074232908638746,0.445145189041274,,,,,,,,,,,,,,
multi,vowel,clean,IPVS_PD_b85147c7,1,M,o,1,818,0.446709513512811,-0.945320167434894,0.8853230741692752,-0.6765820245008644,0.9055593018609334,-0.3515489684130118,-0.5576528944377976,0.6389086227750451,-0.48854242607466575,-0.4046831502374716,-0.9864877238869667,0.5586246075714386,-0.9633077578089102,0.3716588112283659,0.22542785398597248,0.465374011061886,0.40132576916304286,,,,,,,,,,,,,,
multi,vowel,phone,IPVS_PD_b85147c7,1,M,o,1,818,0.8990952667242628,-0.9942536990392984,1.3781820364235862,-0.6879021218576566,1.31036636221215,-0.24674827251129033,-0.5499342160102555,0.561598311939345,-0.6837314388192282,-0.26576613731742876,-1.100549609650199,0.4832878139483311,-0.7490539512657598,0.39068880048921634,0.17571641932855686,0.3541320117774439,0.2760334943870891,,,,,,,,,,,,,,
multi,vowel,clean,IPVS_PD_b85147c7,1,M,o,2,282,0.4061357229071505,-0.7680307113072451,0.834725058779997,-0.4983101989416515,0.768795599218677,-0.2710756211596377,-0.5732694590792936,0.8147828387863496,-0.20540271550416947,-0.12448186146862367,-0.8521472834488925,0.6279030349215164,-0.7523848963901401,0.6510727013668248,0.28673184326090895,0.4246840178720972,0.34850155538479405,,,,,,,,,,,,,,
multi,vowel,phone,IPVS_PD_b85147c7,1,M,o,2,282,0.8414581519715926,-0.6725121723378406,1.2843549935256733,-0.4546758032896939,1.2273861958700067,-0.1994362720671822,-0.729698047041893,0.7651459423058173,-0.39686954205527025,-0.06087384727947852,-1.1280171632766725,0.6184829723966472,-0.6793568196761257,0.625930000447347,0.29427807798228556,0.37307854361878723,0.34764781469694583,,,,,,,,,,,,,,
multi,vowel,clean,IPVS_PD_b85147c7,1,M,u,1,640,-0.031299735962723695,-0.5335816650961837,0.5025875334783146,-0.155508539872244,0.5139294564335918,0.2099851880533,-0.7074920145096257,1.0565698724240065,-0.25444333301857114,-0.21940362457341203,-0.9065590147705128,0.5996306957677007,-0.8190343203411127,0.4335254634899128,0.49074042181529487,0.3539347357775618,0.3946715038129506,,,,,,,,,,,,,,
multi,vowel,phone,IPVS_PD_b85147c7,1,M,u,1,640,0.13476797895661244,-0.3174547823534037,0.6044819471038257,0.010801162415494522,0.6791669881980246,0.013249828674209615,-0.7659408363203207,0.9209515590531131,-0.6329570362965266,-0.2746049950850041,-1.1315332494365673,0.5717736407386838,-0.8463786358236879,0.49405594558006044,0.45781980020526,0.4030546200577141,0.4794082782282821,,,,,,,,,,,,,,
multi,vowel,clean,IPVS_PD_b85147c7,1,M,u,2,293,0.03341268078755524,-0.3272927846275481,0.6362866505896304,0.1151917791467602,0.6584629457717561,0.5501445568887527,-1.0187693524495356,1.485494651026645,-0.5551812479556617,-0.16639265603264847,-1.3411743913666676,1.038763940881538,-1.2051565969141864,0.4440575104108572,0.6660858022956935,0.6459139839319185,0.6284899933098863,,,,,,,,,,,,,,
multi,vowel,phone,IPVS_PD_b85147c7,1,M,u,2,293,0.3049215632306654,-0.33206927448006,0.8483796586087868,0.0011167242533743045,0.8936597326886182,0.21998690413889913,-0.9668828343267495,1.1795772530433148,-0.666266411206143,-0.2403674475048895,-1.3781125200333568,0.870183767719289,-1.1105512152241785,0.33777651121148766,0.5070909207580732,0.6924950165333423,0.42598447991195976,,,,,,,,,,,,,,
multi,vowel,clean,IPVS_PD_283812f2,1,M,a,1,965,0.26699910890664874,-0.6219239379303443,0.8055217834591659,-0.3684280037056391,0.9186313532177031,-0.3546508302291234,-0.632838050781754,0.6911453589256563,-0.7973287685135692,-0.5213673524880245,-1.1762141828298156,0.5942365187855634,-1.1156038712735878,0.29107620055583777,0.2673070720750599,0.373681471686374,0.31912140524302257,,,,,,,,,,,,,,
multi,vowel,phone,IPVS_PD_283812f2,1,M,a,1,965,0.41790835551647326,-0.8854270362792237,0.997123349258525,-0.4691763051845043,1.0424530715625315,-0.3547921220873304,-0.7258306762818022,0.6938257964266809,-0.9372385127762645,-0.5090417497773656,-1.3654362197984686,0.6389191837077365,-1.1479609334851022,0.2573090296427187,0.3339421122853369,0.4416749662649313,0.22796032722805395,,,,,,,,,,,,,,
multi,vowel,clean,IPVS_PD_283812f2,1,M,a,2,268,-0.06080970444061138,-0.18724887643331362,0.4617592246260172,-0.12800465248249196,0.6177654557022048,-0.21716208985926191,-0.7311674229524754,0.9263262985113226,-0.7140461699462232,-0.5630170545184318,-1.159298833505607,0.8080728469807424,-1.3710899014991742,0.27248691533044817,0.2789894736739441,0.2522059560478368,0.2806788007985019,,,,,,,,,,,,,,
multi,vowel,phone,IPVS_PD_283812f2,1,M,a,2,268,0.4279925869202908,-0.6611001530179271,0.9466324360282333,-0.3315778625784097,0.9776945184042425,-0.2792058723208345,-0.8215908998692477,0.7534876996536314,-0.6750905107200882,-0.39877553895851714,-1.2973905941586437,0.7442010489786849,-1.142976587937202,0.34124356138582335,0.5214941141844354,0.32524088318830435,0.31167333455438234,,,,,,,,,,,,,,
multi,vowel,clean,IPVS_PD_283812f2,1,M,e,1,751,-0.09999195920786678,-0.07311593435556027,0.2263891660585636,0.34205524326031594,0.25780406174665016,-0.00957251279026336,-0.3443481357491466,0.2751799916183605,-0.3766147341339657,-0.3550665151996914,-0.5527922648878689,-0.12492008838480434,-0.23014642681488706,0.3708900557957496,0.365572953393564,0.394502261529212,0.1945523005356561,,,,,,,,,,,,,,
multi,vowel,phone,IPVS_PD_283812f2,1,M,e,1,751,0.4378643767730624,-0.3655747986355272,0.8988979157151246,0.2527475285358281,0.9481925843428085,0.16948386970618348,-0.5329357116687589,0.4569683095353538,-0.6704491209693071,-0.2692532567286703,-0.8941946001248455,0.05558409965173765,-0.32483735638040795,0.2948668202266772,0.32276204743030296,0.43703833815396204,0.18875744398039615,,,,,,,,,,,,,,
multi,vowel,clean,IPVS_PD_283812f2,1,M,e,2,295,-0.09800710061849174,-0.032569601458344755,0.2279190265357831,0.21157722663407946,0.29734334989456135,-0.21368516830064482,-0.5020986416582334,0.3733776886079271,-0.4605335972066653,-0.47726135755662863,-0.644054289254765,0.013048950088142003,-0.4903103076447706,0.46142852090893266,0.3292570511375716,0.3141488803914371,0.4740775051808232,,,,,,,,,,,,,,
multi,vowel,phone,IPVS_PD_283812f2,1,M,e,2,295,0.3147562084730062,-0.2588132267112786,0.6194636019441367,0.18537288121247697,0.6489997499406674,-0.22203288130504265,-0.41614213897346775,0.32995182654615174,-0.48881221684695636,-0.364692242047881,-0.6551878040624877,-0.0657550037054524,-0.29893723834242864,0.4601673650762394,0.371155432384477,0.33660157435378607,0.46993124573610295,,,,,,,,,,,,,,
multi,vowel,clean,IPVS_PD_283812f2,1,M,i,1,494,-0.9119254701689585,0.6222236584997017,-0.4915267213078953,1.1801361433611621,-0.4568350658620764,0.7721998979081244,-0.8256498743223664,1.2373386475463841,-0.5651340728638156,-0.6261449399960521,-0.9475647291081064,0.5578181809126931,-1.1839631209087451,0.3550556513009725,0.23762028993899786,0.3589305912568911,0.2170304819350038,,,,,,,,,,,,,,
multi,vowel,phone,IPVS_PD_283812f2,1,M,i,1,494,-0.2098440387905044,0.139686021078753,0.23486533966040452,0.8659178211584987,0.2684553933123614,0.6543659117797878,-0.775579914650661,0.94718418417861,-0.46126904488609943,-0.5588357087549747,-0.9700024996027851,0.5051537123039965,-1.0639894210589713,0.16818985539110476,0.33538435844422065,0.44930265858440865,0.10538552594606142,,,,,,,,,,,,,,
multi,vowel,clean,IPVS_PD_283812f2,1,M,i,2,274,-0.7780569118548588,0.6152440711676356,-0.33315602788724097,1.1978629935218628,-0.21101929624396634,0.7251974453768099,-0.8243344228669821,1.2683780423129898,-0.5655534369758812,-0.6251188766166388,-0.9225589694028877,0.5809925071087229,-1.2061113837253616,0.49191990858748696,0.34212867524027146,0.4660645461946523,0.5010359872619591,,,,,,,,,,,,,,
multi,vowel,phone,IPVS_PD_283812f2,1,M,i,2,274,-0.4177185200065015,0.4259321615997567,0.03543565799313855,1.0659093885536652,0.16227471352700729,0.5802528933588281,-0.9186406555664108,1.0650987100888447,-0.6979046755705971,-0.7394023181713489,-1.0718368744275657,0.408289155013949,-1.1476914731852979,0.3090664031354777,0.39510743888400723,0.4335043949189189,0.3357436737895145,,,,,,,,,,,,,,
multi,vowel,clean,IPVS_PD_283812f2,1,M,o,1,588,0.24348182972036514,-0.524662719060809,0.7402546654144923,-0.3574490731971412,0.7811548102036708,-0.28510184064086547,-0.7110068254214895,0.8748938662689284,-0.7550094192900226,-0.49441279870810484,-1.2146461423339143,0.7326017794499206,-1.2270145781580253,0.12555149718618921,0.414362657143876,0.5028889633214992,0.12574589530496968,,,,,,,,,,,,,,
multi,vowel,phone,IPVS_PD_283812f2,1,M,o,1,588,0.552361388159337,-0.718725077849997,1.0407611466733748,-0.5011978653696297,1.061380022284338,-0.5142946637703874,-0.6803026399706716,0.6634991000390659,-0.9004306933595299,-0.499092127917345,-1.3053006997889718,0.6558676426756685,-1.1549597705930135,0.22260828346596825,0.31255412793065807,0.4816302646916188,0.14626377476401994,,,,,,,,,,,,,,
multi,vowel,clean,IPVS_PD_283812f2,1,M,o,2,281,0.2843702580096454,-0.29929755839723104,0.8279925441953557,-0.17022782581797719,0.9133744386173565,-0.18805831018284228,-0.9107955253335851,1.1580778092322266,-0.8893349544536433,-0.454702316083499,-1.4266473918976867,0.9861852355609985,-1.4408875516444974,0.21798751574467778,0.11783180950649566,0.4555248093309103,0.18842002210490275,,,,,,,,,,,,,,
multi,vowel,phone,IPVS_PD_283812f2,1,M,o,2,281,0.614448550361148,-0.5784365525965155,1.0523445613285494,-0.5103562975070886,1.0663229429862908,-0.6368398877114234,-0.7476568592370615,0.796736715284325,-0.8755681332222809,-0.49050307772039664,-1.3678256424926443,0.8580651531910756,-1.3485682309114722,0.19969195736399506,0.1215138433649272,0.4523992127621022,0.14990161132286722,,,,,,,,,,,,,,
multi,vowel,clean,IPVS_PD_283812f2,1,M,u,1,555,-0.772396923990937,0.28255200350248777,-0.1043911974082838,0.7811657803821134,-0.11388847903088406,0.9359958831433419,-1.2597784002621968,1.9002556528773036,-0.9113418418276418,-0.5905674513619583,-1.5666189079170112,1.0542518304990935,-1.6448192818610519,0.2091215699824317,0.36539426806905617,0.3166769455860791,0.3106246650993161,,,,,,,,,,,,,,
multi,vowel,phone,IPVS_PD_283812f2,1,M,u,1,555,-0.18078216498678512,0.032323940290703075,0.4431076933134783,0.42619044993732785,0.5732450169306975,0.6207123379986565,-1.0316458696180635,1.4809710244695704,-0.8715565317833388,-0.4337466567665249,-1.463005937703021,0.9361716306099931,-1.369918287376518,0.09323854228204906,0.2266833735813174,0.3069904673804953,0.202613051817821,,,,,,,,,,,,,,
multi,vowel,clean,IPVS_PD_283812f2,1,M,u,2,306,-0.1177596738157065,0.084541040432194,0.4495820773198553,0.5327697546909684,0.4703451515701802,0.6281017533948888,-1.1701365210439847,1.7059038339749626,-0.9516392836914115,-0.4874766618013382,-1.5554464038299478,1.276106137458397,-1.7635827992597353,0.427875757684319,0.3108422438557109,0.2703278061902633,0.31348658317518535,,,,,,,,,,,,,,
multi,vowel,phone,IPVS_PD_283812f2,1,M,u,2,306,0.2731294471608556,-0.0422829144998737,0.8688990134421898,0.42911768704652786,0.978653278849695,0.6400462429484596,-1.0420945714349332,1.5164115234561588,-0.8510064165229383,-0.21361163392177093,-1.5108487197886342,1.1720065432398215,-1.3856181771615925,0.4568302679960554,0.4216380456158809,0.28501632690712286,0.3717565057389674,,,,,,,,,,,,,,
multi,vowel,clean,IPVS_PD_37ac75bd,1,F,a,1,450,0.34521752816659435,-0.5082204907028763,0.40963975494658506,-0.23826127306178765,0.29411239844781384,-0.278478596828602,0.2803614990854705,-0.29534842780342807,0.6843606646138208,0.20132448355908747,0.44808299283462544,-0.25938822438733444,0.46071270794642194,0.15888789813981244,0.19060641456474736,0.2657080105368856,0.19788438337094139,,,,,,,,,,,,,,
multi,vowel,phone,IPVS_PD_37ac75bd,1,F,a,1,450,0.5200466601936905,-0.5217509588709583,0.5951308812256213,-0.24538541789408083,0.493522038227982,-0.35378297876428677,-0.15104895294816406,-0.18206776297754712,0.4265539846486516,0.07120263984909764,-0.03746307493635902,-0.2387181028516756,0.30992074270077324,0.21753569307319842,0.15999731918510204,0.2056976708554525,0.24311125514326432,,,,,,,,,,,,,,
multi,vowel,clean,IPVS_PD_37ac75bd,1,F,a,2,278,-0.1419770240428902,-0.5284100676931086,0.15975474060646125,-0.23568259702906721,0.19544452765867823,-0.20099195997629846,0.009942562186292239,-0.15680044712055297,0.4200298187455961,0.03712504374839011,0.0808496070759637,-0.2555531028746849,0.292678146623075,0.13153247572606777,0.19478346215471853,0.23412919434390933,0.12252651164762825,,,,,,,,,,,,,,
multi,vowel,phone,IPVS_PD_37ac75bd,1,F,a,2,278,0.045937175019865946,-0.5307290123864299,0.3707289421664817,-0.1688724420077744,0.36528560022513074,-0.124349627732521,-0.1816603975991408,0.1123477155786185,0.2246879662076632,0.00020437798507156826,-0.22048756178645862,-0.04351405280509165,0.04371843079016322,0.1280697893785373,0.3655587793856644,0.38155094609020845,0.24939709757947956,,,,,,,,,,,,,,
multi,vowel,clean,IPVS_PD_37ac75bd,1,F,e,1,586,-0.12463533531197092,-0.11384218651801348,0.18676394135267896,0.24471672586250034,0.17788780252025885,0.07158542542972347,-0.20217341440729797,0.42495247776704753,-0.05200220917520875,0.01012207873546603,-0.3243885244433345,0.08389185080093077,-0.07376977206546474,0.3733568620983949,0.3700004808226099,0.3618876041160943,0.3642241089050869,,,,,,,,,,,,,,
multi,vowel,phone,IPVS_PD_37ac75bd,1,F,e,1,586,0.23669207413596186,-0.11706035465679386,0.5634472219866108,0.24924920516257937,0.591587482274256,0.030938543929633768,-0.4042300858365541,0.4827305274507539,-0.32034706125374546,-0.04621346292763271,-0.6153868316164748,0.07309190740025687,-0.11930537032788958,0.31694972653875014,0.36387000156141286,0.3753707944848221,0.2688820196359842,,,,,,,,,,,,,,
multi,vowel,clean,IPVS_PD_37ac75bd,1,F,e,2,150,0.3362892296579149,-0.31488996032211514,0.7145129520032141,-0.08298886352115208,0.7527304098010064,-0.07348792420493232,-0.1777112608982457,0.3229023728105757,0.2573371335864067,0.3634015599058734,-0.20911713879969385,0.059610074199736116,0.3037914857061373,0.2316557287778999,0.28311973498810883,0.17943886637006962,0.4088156391375271,,,,,,,,,,,,,,
multi,vowel,phone,IPVS_PD_37ac75bd,1,F,e,2,150,0.6013038193186124,-0.1731724187731743,0.9344735211796231,0.15092916836341222,0.9596770568026437,0.08220010466045803,-0.4577606351011329,0.5159079399373796,0.024534856445259517,0.25154070713453824,-0.5481045832236607,0.18945086745338308,0.062089839681155154,0.43058045773121223,0.1931806599512315,0.19813104836654777,0.4223083488008682,,,,,,,,,,,,,,
multi,vowel,clean,IPVS_PD_37ac75bd,1,F,i,1,786,-0.43187829924715776,-0.0020219162422216545,-0.031517367873151424,0.4016691458616721,0.0196923705417726,0.14955319214801668,-0.46864812994786237,0.8330402121389822,-0.23744941209206136,-0.18756949415398858,-0.5756219519949439,0.331819977046985,-0.5193894712009736,0.441246910663352,0.4238730662079774,0.5257807470613954,0.2180929078294976,,,,,,,,,,,,,,
multi,vowel,phone,IPVS_PD_37ac75bd,1,F,i,1,786,-0.029297708328497613,0.033223024711517966,0.46824792545225663,0.4971334593907251,0.5685358698464046,0.34767575299967146,-0.7807074873629263,1.0699275226600595,-0.5834129954356764,-0.21066119465029845,-0.9851713467831329,0.4601699469050677,-0.6708311415553662,0.4022018463817982,0.4934600842839911,0.5422227276448434,0.3177304264584047,,,,,,,,,,,,,,
multi,vowel,clean,IPVS_PD_37ac75bd,1,F,i,2,337,-0.26825772446070983,-0.0706069926763403,0.10029767438989555,0.17902289470428318,0.12746612125723233,0.035818027525112546,-0.8135027588147835,1.1424430391838398,-0.7424812410852591,-0.4790230373223427,-1.1037193178543316,0.7862487680787964,-1.2652718054011391,0.6417526176545116,0.40313351104859485,0.4194005176013998,0.571607111400158,,,,,,,,,,,,,,
multi,vowel,phone,IPVS_PD_37ac75bd,1,F,i,2,337,0.39121177330099305,-0.18826433267499426,0.8606865850135024,0.2400749064431402,0.9233142480327579,0.3264634098325457,-0.8782692089897072,1.1158137944678368,-0.9136041255273255,-0.2796948850338389,-1.298842021103563,0.8263945359589872,-1.106089420992826,0.44492250764565,0.4311567704259984,0.48396287582225195,0.3782133511309368,,,,,,,,,,,,,,
multi,vowel,clean,IPVS_PD_37ac75bd,1,F,o,1,299,0.28779011791911574,-0.29754753443746934,0.5405992039824059,-0.21367719250818643,0.6087679264459821,-0.36386869370278735,-0.37280183462477523,0.4645422943224564,-0.34130075433965545,-0.08643171051259857,-0.7088207805024985,0.5679262536706516,-0.6543579641832502,0.443518392089013,0.3172018233415686,0.3803790327837057,0.4407451521287241,,,,,,,,,,,,,,
multi,vowel,phone,IPVS_PD_37ac75bd,1,F,o,1,299,0.7746386748651115,-0.472852340636991,0.9908786436635486,-0.30671010491597717,1.0252144662714795,-0.49935626588473664,-0.4455599122119872,0.36911162133045616,-0.5186257581355164,-0.0032240157298620235,-0.8388708496250171,0.40863408667977014,-0.41185810240963217,0.4042679381614421,0.41073544198436185,0.4999548409097987,0.3194310571751036,,,,,,,,,,,,,,
multi,vowel,clean,IPVS_PD_37ac75bd,1,F,o,2,297,-0.3029274448502663,-0.5218389491295682,0.09663991288765848,-0.5400612245225374,0.1308052458243663,-0.6115166929514049,-0.4206092977823492,0.5827329606650262,-0.6359847995489003,-0.6666467632661318,-0.9793496292563124,0.6694168297979752,-1.336063593064107,0.294928563867847,0.3571827126323031,0.44245978811635756,0.2901943713782218,,,,,,,,,,,,,,
multi,vowel,phone,IPVS_PD_37ac75bd,1,F,o,2,297,0.3225057345695336,-0.7955206590990781,0.7751285533665279,-0.691164280449212,0.8521034722554617,-0.6256578257463498,-0.5715569958673509,0.5475335845401167,-0.7402491335595787,-0.5777113934219217,-1.1520194864139877,0.5535094337902089,-1.1312208272121305,0.11322137141148134,0.3061054022754169,0.376019467216104,0.17798604985747726,,,,,,,,,,,,,,
multi,vowel,clean,IPVS_PD_37ac75bd,1,F,u,1,704,-0.36103336752023335,-0.29226618112539343,0.324491772097799,-0.22059561234881292,0.5260662800579701,-0.05093056944040757,-0.8564223498106003,1.2488310439687855,-0.7819260410823912,-0.6501425776700929,-1.361295461092355,1.0467827961129963,-1.6969253737830892,0.3388755107726875,0.28213694752864227,0.26956677224951925,0.24062395718912832,,,,,,,,,,,,,,
multi,vowel,phone,IPVS_PD_37ac75bd,1,F,u,1,704,-0.014285067096352577,-0.4810705085829744,0.7923088428335932,-0.3245276912765683,1.0453166544156254,0.0358338834331283,-1.1493331528497193,1.368849236307279,-0.936033391094995,-0.5520372531851226,-1.6986197699915688,1.1196761193140499,-1.6717133724991724,0.26899190608610213,0.2507798272501146,0.31894858904912554,0.17667646249461422,,,,,,,,,,,,,,
multi,vowel,clean,IPVS_PD_37ac75bd,1,F,u,2,281,-0.2980367560711133,-0.36637027676288897,0.4552405291407771,-0.3476949198358863,0.6734301677116981,-0.15251494194628926,-0.9212203805263226,1.1788038932360136,-0.6203677224866032,-0.4744646076179115,-1.310426024995612,0.9514215570935131,-1.4258861647114245,0.31489162372657264,0.29176236854235144,0.52994269620958,0.5505144932986406,,,,,,,,,,,,,,
multi,vowel,phone,IPVS_PD_37ac75bd,1,F,u,2,281,0.1571327728279949,-0.5185328235287638,0.9885268525259029,-0.33138555967243466,1.2279326016380943,-0.0019536737859601806,-1.1545522745544388,1.2888760940563044,-0.6459727436304092,-0.44906030441000616,-1.594857675789376,1.0761508126936015,-1.5252111171036078,0.4282487101238126,0.2120833822850263,0.5111284436984866,0.5713668938937652,,,,,,,,,,,,,,
multi,vowel,clean,IPVS_PD_7f660571,1,F,a,1,574,0.3549636514545176,-0.5122410496104659,0.6425745056974406,-0.401897574995639,0.7436767636093101,-0.5270712982454052,-0.38840679880339285,0.3066891843636084,-0.028487417416248707,-0.18320441818823016,-0.4967893395745169,0.17892313482121408,-0.3621275530094442,0.07859643619273024,0.1749483479963038,0.25913701453863647,0.05630381520534997,,,,,,,,,,,,,,
multi,vowel,phone,IPVS_PD_7f660571,1,F,a,1,574,0.711859955780768,-0.7147081176066674,0.9612260268775025,-0.566998672450898,1.0278556621660386,-0.7541869205632651,-0.4008539601342182,0.21440414076595637,-0.17002351995492945,-0.21099072149981654,-0.6114517439996576,0.1755309942248412,-0.3865217157246577,0.07345070969689635,0.2145165803382027,0.30737385861137995,0.04108271090167053,,,,,,,,,,,,,,
multi,vowel,clean,IPVS_PD_7f660571,1,F,a,2,281,0.06378270906104139,-0.48759225460551897,0.42434104236625353,-0.36910385281376584,0.571872132417013,-0.522816238054157,-0.39674650097387076,0.31587174719960026,0.06736978218400266,-0.1436352203848094,-0.4973152032088951,0.18722747890113373,-0.33086269928594314,0.0780879679852765,0.11101828619369877,0.11350138040760821,0.04246586835865655,,,,,,,,,,,,,,
multi,vowel,phone,IPVS_PD_7f660571,1,F,a,2,281,0.24234529783034467,-0.5929286375906341,0.6087775056707788,-0.48147775329781706,0.6834251404513975,-0.6610469103035842,-0.505001415338742,0.4077401776638257,-0.05656289772169124,-0.12058352767186757,-0.6974401160545604,0.19652792567817065,-0.3171114533500382,0.059713829247104,0.06362816488365974,0.09217062416797696,0.055613582396458354,,,,,,,,,,,,,,
multi,vowel,clean,IPVS_PD_7f660571,1,F,e,1,411,-0.1126358497601289,-0.14898304381833868,0.3018984337929289,0.3289110940477626,0.3628446235347856,0.14292070510899008,-0.422332212449568,0.44130965427831115,0.030933698601568277,0.06103148006717203,-0.41565900721289367,-0.058142355760099435,0.11917383582727147,0.4399718661017641,0.47493563787855925,0.5958773412578016,0.6137635673554467,,,,,,,,,,,,,,
multi,vowel,phone,IPVS_PD_7f660571,1,F,e,1,411,0.2073079356056476,-0.28740638651345907,0.6027236246628317,0.0625273674605829,0.6604055029298612,-0.19528079805103873,-0.5180123318665424,0.40065896293894965,-0.230983938222472,-0.06944676536900794,-0.6295164924280846,-0.14778097788331962,0.07833421251431168,0.48033402823045807,0.4790358660597853,0.4858248278006606,0.5283675175860008,,,,,,,,,,,,,,
multi,vowel,clean,IPVS_PD_7f660571,1,F,e,2,281,-0.1448909650892901,-0.016498751012531256,0.2345265730245579,0.2845406361232848,0.3183748084588869,0.08301694047521557,-0.363997194453104,0.36859884531892967,0.22144360029133114,0.2032783242196021,-0.2921901996848146,-0.03087974794914384,0.23415807216874593,0.47295606212237656,0.5189920679584326,0.7289841026244355,0.4122414963084962,,,,,,,,,,,,,,
multi,vowel,phone,IPVS_PD_7f660571,1,F,e,2,281,0.11955840779832129,-0.26991066389535306,0.5024858727257633,0.040085436677086285,0.5883571729504851,-0.21013741750688947,-0.4727708317295334,0.2603720040363673,-0.020011328204849063,0.1054722420738999,-0.5459728456989548,-0.11569243712494007,0.22116467919883995,0.5059406888819535,0.2932466412232425,0.5301695032399427,0.42146025989481384,,,,,,,,,,,,,,
multi,vowel,clean,IPVS_PD_7f660571,1,F,i,1,368,-0.8025890180656502,0.5348570861660682,-0.329747507902416,0.833757745790052,-0.24408914927426759,0.5969794561734071,-0.8142499661257675,1.4779207687657159,-0.5244368477850347,-0.3607469560528124,-0.9425734680246662,0.7280550525599235,-1.088802008612736,0.29975842056130675,0.3772968636650644,0.3601844014102962,0.25598625721838114,,,,,,,,,,,,,,
multi,vowel,phone,IPVS_PD_7f660571,1,F,i,1,368,-0.4055321040722701,0.22940351652937965,0.03749463176942087,0.547964295288464,0.12074633009798892,0.3151916125201964,-0.8363924332567163,1.2547708706812815,-0.7739695509946024,-0.38840770004904485,-1.1043175809286736,0.5859177394661012,-0.974325439515146,0.19351635268736142,0.21140688671735622,0.2138295966413339,0.1877418695796414,,,,,,,,,,,,,,
multi,vowel,clean,IPVS_PD_7f660571,1,F,i,2,274,-0.5309182712471628,0.3557590581925519,-0.05176295223365347,0.7964564145329487,0.013350658298256886,0.7098118141293526,-1.0113152388528168,1.5260546537766975,-0.4733324552246605,-0.540426073842738,-1.0767368112342903,0.7691010925694403,-1.3095271664121784,0.3608430212347145,0.4924691188431216,0.44536375412567514,0.36394899567212313,,,,,,,,,,,,,,
multi,vowel,phone,IPVS_PD_7f660571,1,F,i,2,274,-0.0513589597610106,0.2617854023554239,0.3224120172391455,0.6141674981777927,0.3850740017481597,0.3919458529317235,-0.8972883222691984,1.237803885556129,-0.6949145108999977,-0.6567987279899149,-1.1892062425613403,0.6136013916861939,-1.2704001196761088,0.24421667913656053,0.395680297378353,0.4312906278271857,0.19219174551277848,,,,,,,,,,,,,,
multi,vowel,clean,IPVS_PD_7f660571,1,F,o,1,427,-0.12966808444794978,-0.21846151224370133,0.3407518108183308,-0.08411213970137942,0.35786559215315583,0.006964998312497417,-0.585561917565676,1.0740510022361918,-0.6496561003798177,-0.4538452476263046,-1.0440272112532811,0.8374950659573658,-1.2913403135836705,0.4171630679231497,0.47700692867659844,0.5136398936366057,0.24913372342156753,,,,,,,,,,,,,,
multi,vowel,phone,IPVS_PD_7f660571,1,F,o,1,427,0.3808423371746382,-0.38832743106417156,0.7775092544142838,-0.3051061651702057,0.7663140401881956,-0.2774826008754018,-0.563721373445329,0.8293298198207343,-0.7586674166676599,-0.4785994105041027,-1.1319916375880112,0.6558434347828654,-1.1344428452869681,0.3541167347291839,0.47538569133883907,0.5629828525682118,0.2221404732817644,,,,,,,,,,,,,,
multi,vowel,clean,IPVS_PD_7f660571,1,F,o,2,287,0.12107559487309759,-0.2734363115247274,0.5507335211500267,-0.1467959772300169,0.604461113410878,-0.005561521546000001,-0.5592920938668223,1.0584854683435032,-0.4164909611892149,-0.3201034696546593,-0.974259982391589,0.9341265150814215,-1.2542299847360807,0.21372569636391137,0.3199453199976653,0.5262759417330042,0.18530395242470973,,,,,,,,,,,,,,
multi,vowel,phone,IPVS_PD_7f660571,1,F,o,2,287,0.45463900939922114,-0.45446060744324174,0.8443602581933743,-0.3705193233283269,0.8299403459350497,-0.20677814257971813,-0.6016302949431315,0.8926334319948461,-0.5097889110359842,-0.27431057169602785,-1.0838863362122133,0.7878326802390676,-1.0621432519350955,0.25611905989475087,0.35918236559595906,0.5302985224861183,0.32332749962802404,,,,,,,,,,,,,,
multi,vowel,clean,IPVS_PD_7f660571,1,F,u,1,664,-0.02398068841546774,-0.34450270228087904,0.7360148629173636,0.06325130004435778,0.8147428452596068,0.42592832434922456,-0.7836433275416493,1.2453886416554452,-0.738762509226799,-0.3766674941498786,-1.1993368948996066,0.8512004870921374,-1.227867981242016,0.32435607837224195,0.23469364473582607,0.24788279155503862,0.29195859293545434,,,,,,,,,,,,,,
multi,vowel,phone,IPVS_PD_7f660571,1,F,u,1,664,0.269687412828207,-0.6183373359218239,1.1066303035616876,-0.2980777615308762,1.2342977644503117,0.17251931484788657,-0.8128519447520375,1.1692580622434616,-0.8856247432902455,-0.2587681510858238,-1.3585334238409996,0.8821845487505198,-1.1409526998363435,0.1910737969419067,0.2201281172822705,0.21484929685947068,0.18671923676100918,,,,,,,,,,,,,,
multi,vowel,clean,IPVS_PD_7f660571,1,F,u,2,274,-0.29850560633173906,-0.5039701713136879,0.5174123745366751,-0.1711282976959125,0.5725825472948063,0.2856660282396408,-1.06067079844245,1.3788540729557175,-0.6543919671192227,-0.3177358484770878,-1.3149609400565365,0.8750158740454409,-1.1927517225225288,0.5072258402249117,0.43430250249033325,0.44093542933269414,0.31122665754303547,,,,,,,,,,,,,,
multi,vowel,phone,IPVS_PD_7f660571,1,F,u,2,274,0.08513273101255119,-0.605520297425339,0.9312405726277685,-0.2639921742031373,1.0441454446100327,0.20997314900159836,-0.9894729340112353,1.273731702063457,-0.7329311876232365,-0.21250950163566923,-1.3774818727769047,0.9072365568703916,-1.1197460585060608,0.46195406837328734,0.5409500537333642,0.5599613891718839,0.3369734349170645,,,,,,,,,,,,,,
multi,vowel,clean,IPVS_PD_d0de0fb0,1,M,a,1,395,0.1065873609942223,-0.6719134809598641,0.4481232316559377,-0.5101683141058507,0.5049520228608249,-0.5368511215292452,-0.4733051477228036,0.5922745526591434,-0.21692619142653066,0.06310353880818886,-0.7357996138842297,0.5346907380150969,-0.47158719920690806,0.1510526802932231,0.2815941517927828,0.40867798659197463,0.1719768914898566,,,,,,,,,,,,,,
multi,vowel,phone,IPVS_PD_d0de0fb0,1,M,a,1,395,0.44934942708488257,-0.7410717737951359,0.8286250570026631,-0.5506888391599374,0.827294156143937,-0.5569838468409791,-0.5999509939916023,0.5399672598401203,-0.6530243524267704,-0.09764511650624658,-1.0665286759283976,0.5654943528258977,-0.6631394693321442,0.13512319079818563,0.22362386514445354,0.3708105242102172,0.1453096554632737,,,,,,,,,,,,,,
multi,vowel,clean,IPVS_PD_d0de0fb0,1,M,a,2,268,0.09291063828600778,-1.03660976022114,0.5990157971779505,-0.8157703436819124,0.5849972274384381,-0.6339656551495011,-0.38411032574044335,0.38658757930920445,-0.12022117185003964,0.03714696879004255,-0.6074985963878808,0.27461709336228207,-0.23747012457223954,0.12284987003711341,0.12331075191560419,0.18326273509585142,0.15769927259359667,,,,,,,,,,,,,,
multi,vowel,phone,IPVS_PD_d0de0fb0,1,M,a,2,268,0.5748579272149522,-1.0580192936791315,0.9963490970340776,-0.8463130288837869,0.9268960146992294,-0.7429806787842586,-0.4078968425775752,0.21086310586075724,-0.5643085066551043,0.0009171130296624736,-0.8162378602557712,0.16925366445915935,-0.16833655142949688,0.22655989599654983,0.11274175184222003,0.16917197517544716,0.19432069310150352,,,,,,,,,,,,,,
multi,vowel,clean,IPVS_PD_d0de0fb0,1,M,e,1,437,-0.17318803593233056,-0.2690935767195524,0.17416606747152233,0.2585742799388139,0.17322897582453015,-0.07494380837837553,-0.10354217156031285,0.08819442075241654,0.13457130671907286,0.050619956658366966,-0.037764888044319225,-0.31545605384408293,0.3660760105024499,0.26775458486314013,0.29351493939643675,0.3483162234215669,0.2960829321100714,,,,,,,,,,,,,,
multi,vowel,phone,IPVS_PD_d0de0fb0,1,M,e,1,437,0.23685208019648216,-0.4068469883371215,0.5596675906231194,0.09854134027722217,0.583650986731279,-0.18414207709379524,-0.043033263812500264,-0.009779093553358157,0.12648912374737598,0.099977581446615,0.06989689079244327,-0.4839028496606835,0.5838804311072985,0.3239895907176136,0.30707671607326453,0.4484961294202383,0.4066717374497119,,,,,,,,,,,,,,
multi,vowel,clean,IPVS_PD_d0de0fb0,1,M,e,2,293,0.06244317252757186,-0.3060494670591785,0.4085936164956982,0.27337666453614745,0.3269201737675963,0.0952821860542405,-0.28579023631952577,0.5486480735957959,0.019735651501154496,0.1108062339704589,-0.29228490780470734,-0.1002680411572847,0.2110742751277436,0.0911488335030578,0.20312249104166955,0.274820874345083,0.21217815471226217,,,,,,,,,,,,,,
multi,vowel,phone,IPVS_PD_d0de0fb0,1,M,e,2,293,0.4585251305568016,-0.3684631277949123,0.7158371403729175,0.224206190914084,0.6087267408094837,-0.15702013881866542,-0.3378630219879797,0.3973065475370251,-0.13248738326595327,-0.10765571214553327,-0.4081201372341921,-0.08575852674111134,-0.02189718540442192,0.16006109446223965,0.13961433809780108,0.20090613039369717,0.11534021578485919,,,,,,,,,,,,,,
multi,vowel,clean,IPVS_PD_d0de0fb0,1,M,i,1,457,-0.37642229600386184,0.39934469932859595,-0.0577917299487374,0.8042973920432004,0.03422706983306191,0.46364575429396193,-0.4576085518977859,0.9482048745588822,0.09031971768899398,0.01150968757542697,-0.37380391362038523,0.29205592556433246,-0.2805462379889055,0.4362412733153838,0.4084808352413172,0.43945361321369436,0.331857193072977,,,,,,,,,,,,,,
multi,vowel,phone,IPVS_PD_d0de0fb0,1,M,i,1,457,0.07872618382627314,0.1605517828464508,0.40198871168223294,0.6071710845015266,0.43694778301499104,0.31934985599734567,-0.5680484025044875,0.8603793878988786,-0.32526564939455554,-0.2589058980074796,-0.746396087706089,0.3646287250451066,-0.6235346230525862,0.3192556354129554,0.5213523687390003,0.4960675069036758,0.30178672269608825,,,,,,,,,,,,,,
multi,vowel,clean,IPVS_PD_d0de0fb0,1,M,i,2,287,-0.7082128411083553,0.2986440658569336,-0.30037561722228984,0.6174447195378342,-0.2871912300931236,0.42498259616725015,-0.908217902817478,1.4192811664129268,-0.560375487098115,-0.46326047027042144,-1.00092244871779,0.6606221535819115,-1.123882623852333,0.3573302074577555,0.392158509764787,0.5956466210283453,0.17810567450591513,,,,,,,,,,,,,,
multi,vowel,phone,IPVS_PD_d0de0fb0,1,M,i,2,287,0.09797548007413831,0.1591449347190085,0.40977105532767455,0.4327142422943446,0.37264349979127764,0.12239690814059594,-0.9760960678144687,1.1214381039487145,-1.0771517223016376,-0.7411566511916288,-1.381407163735759,0.6744769390327909,-1.4156335902244197,0.3920291454241109,0.46383498490982683,0.48923444894356005,0.16544211257550392,,,,,,,,,,,,,,
multi,vowel,clean,IPVS_PD_d0de0fb0,1,M,o,1,473,0.03169951700327689,-0.5797003602249581,0.48233304991011033,-0.3509801338639176,0.5814575177535676,-0.36578696971399743,-0.5034153013375767,0.5344368834506001,-0.12834451784167372,-0.24992773191709267,-0.7136258109619743,0.385125274864728,-0.6350530067818206,0.4569853303961784,0.42112169729886795,0.3690526045356361,0.2860051755687963,,,,,,,,,,,,,,
multi,vowel,phone,IPVS_PD_d0de0fb0,1,M,o,1,473,0.40446724661609584,-0.5112719751763762,0.8654266503296401,-0.23280627905276785,0.8670610468638571,-0.266220349543973,-0.6123391029081846,0.7509495828235359,-0.5580715624909652,-0.29804281696938634,-0.9899084801213783,0.5533100391493032,-0.8513528561186895,0.26738407990806523,0.21296261915371267,0.317775390801738,0.2401592297412815,,,,,,,,,,,,,,
multi,vowel,clean,IPVS_PD_d0de0fb0,1,M,o,2,312,0.1175856889086835,-0.46310546304634276,0.5384072832604672,-0.36288241828058626,0.5579675772881254,-0.3370611713604724,-0.6457649272807101,0.8734091338008008,-0.4249921483086779,-0.12323983952878638,-0.9410001173258778,0.5838081189233096,-0.707047958452096,0.16889818390304345,0.24463057172171893,0.2922162444079206,0.3178410103019571,,,,,,,,,,,,,,
multi,vowel,phone,IPVS_PD_d0de0fb0,1,M,o,2,312,0.8540141404943263,-0.6208875654859746,1.2805593926855858,-0.48416145565979024,1.3527699455301812,-0.538148007335815,-0.6247236849145686,0.6958638669804056,-0.6997154845677792,-0.24975240282080274,-1.1220515788869654,0.5531992454854573,-0.8029516483062601,0.2528085507829167,0.2838963661778325,0.26589441456728835,0.37191528252198236,,,,,,,,,,,,,,
multi,vowel,clean,IPVS_PD_d0de0fb0,1,M,u,1,395,-0.10906306927717185,-0.10635152012738497,0.45538376139689096,0.08689535777025585,0.5859346553243162,0.16557026827385657,-0.8469264560107943,1.3366094133521937,-0.9298354888389885,-0.5699544284917131,-1.319616593137572,1.0233933521976954,-1.5933477806894085,0.6757827106168867,0.6330650732983739,0.5837108691085198,0.5316191934552648,,,,,,,,,,,,,,
multi,vowel,phone,IPVS_PD_d0de0fb0,1,M,u,1,395,0.4647688585871886,-0.207198302265461,0.9334549388302027,-0.11429204046726227,1.0806767480282844,-0.0949545198352025,-0.8769799016950502,1.136771484014857,-1.1493739006640036,-0.6767860296091953,-1.4972715581519693,0.9580553216773247,-1.6348413512865199,0.8052572244462114,0.5641694802707756,0.48484417940084623,0.5723505426265445,,,,,,,,,,,,,,
multi,vowel,clean,IPVS_PD_d0de0fb0,1,M,u,2,287,-0.369839672408352,0.14241723483697527,0.15474888975220608,0.39678165798931453,0.22883199853015085,0.36603225380009996,-0.6777576759371454,1.3092354046816082,-0.6237932968174102,-0.16922871337805181,-0.992272019041756,0.8736583773972671,-1.042887090775319,0.6177146356982227,0.43119801080523995,0.7121058570744776,0.4939995876632269,,,,,,,,,,,,,,
multi,vowel,phone,IPVS_PD_d0de0fb0,1,M,u,2,287,0.2833231866704246,-0.11045045487453482,0.6683942749665651,0.011248613368569083,0.8154136336952276,-0.21828585733912584,-0.7667244157694668,0.9997755928191147,-0.907552369584927,-0.49320812247736606,-1.2793486242349437,0.8789116836589024,-1.3721198061362685,0.5377431153250006,0.5221676575187452,0.6436216549644574,0.36320407728360016,,,,,,,,,,,,,,
multi,vowel,clean,IPVS_PD_a326f905,1,M,a,1,917,-0.15238919956930752,-0.399983189499746,0.15333651252320804,0.02730547689482867,0.2066628049159872,-0.16170252732486345,-0.5880665960037124,0.5783104365404201,0.029232398662614737,0.025573680079297015,-0.48244223490817145,-0.13952922071930285,0.16510290079859985,0.4850161878795703,0.37238103397815553,0.41593744199514165,0.4781428484408661,,,,,,,,,,,,,,
multi,vowel,phone,IPVS_PD_a326f905,1,M,a,1,917,0.31997168472479565,-0.668887023592601,0.7331461583799979,-0.1385523719601536,0.7794016109079718,-0.137930751712266,-0.9007802821979765,0.717038688663995,-0.2597304001017837,-0.06437168136482446,-0.9423542406727744,0.08351053583846443,-0.1478822172032889,0.37892070163930647,0.3546944727523693,0.4182366696069713,0.3698154375571451,,,,,,,,,,,,,,
multi,vowel,clean,IPVS_PD_a326f905,1,M,a,2,268,0.004168068093282205,-0.7205634978082445,0.3560228316504278,-0.3969946037288065,0.4294952114607081,-0.6579931649712869,-0.31449267939652925,0.09086471253339155,0.03588419085667457,-0.10268475299264178,-0.33368810790556447,-0.2483211100032484,0.14563635701060662,0.10928931879117283,0.4106085670758843,0.4876835177525639,0.0943104457096694,,,,,,,,,,,,,,
multi,vowel,phone,IPVS_PD_a326f905,1,M,a,2,268,0.2342600232841056,-0.7867111189313877,0.6199284907844331,-0.3790653281741672,0.637231484423449,-0.5510190469615254,-0.604387844050372,0.2756219001279937,-0.11485278606414795,-0.04301230991144239,-0.6687255658117341,-0.07688612423055334,0.03387381431911095,0.13756494712633516,0.16242640466216135,0.27873878900584137,0.06749795726437077,,,,,,,,,,,,,,
multi,vowel,clean,IPVS_PD_a326f905,1,M,e,1,811,-0.5339847967732368,-0.11515352634801022,-0.13504969275095624,0.5308550748002603,-0.14012353575082775,0.21198242872157871,-0.2960099217766854,0.38175744240533643,0.21981245316029574,-0.0676494171150656,-0.03970015151483567,-0.4430483531482227,0.3753989360331571,0.3500576202615599,0.31596786560094925,0.3543234436033764,0.17990955738737732,,,,,,,,,,,,,,
multi,vowel,phone,IPVS_PD_a326f905,1,M,e,1,811,-0.159940470170681,-0.09438440889058906,0.21757369162610424,0.5561209624552874,0.22691109553132457,0.21449267809151135,-0.5517002255703635,0.4642231237655792,-0.12445941125281783,-0.1955943130935854,-0.4796665190916042,-0.19405428505669017,-0.0015400280368952292,0.37965724522629085,0.24835647839895,0.2518496633935246,0.24550640513568722,,,,,,,,,,,,,,
multi,vowel,clean,IPVS_PD_a326f905,1,M,e,2,287,-0.3375373281150884,0.0007296167529387281,-0.03286865887614344,0.5358227977173866,0.0001531875546957027,-0.06833727399393313,-0.29793313783028225,0.26168889147525576,-0.09043755812968822,-0.4094265348391037,-0.2582413322491453,-0.3502822432645484,-0.05914429157455533,0.5475352716534614,0.36047654402609114,0.34281754071303255,0.5605877996673825,,,,,,,,,,,,,,
multi,vowel,phone,IPVS_PD_a326f905,1,M,e,2,287,-0.026129989524108138,-0.17108873221915583,0.3539284687338537,0.36565567372162217,0.39498194311395546,-0.0705135115826061,-0.6116438959375282,0.3568612765197809,-0.35902931381856773,-0.48303558604221125,-0.6778168502570576,-0.19386807547053161,-0.2891675105716796,0.3229768918566752,0.32758180211998933,0.3819368298163933,0.35707730377398206,,,,,,,,,,,,,,
multi,vowel,clean,IPVS_PD_a326f905,1,M,i,1,777,-0.5422360607337134,0.49155682580629306,-0.2751770781500692,1.1015318614257223,-0.3374340716087333,0.7423139269397907,-0.8973241593904108,1.3271818093365213,-0.10401072842916534,-0.23166857205123922,-0.6893076587795446,0.3162622338787072,-0.5479308059299465,0.46974870071601155,0.3455355964183713,0.449921919754412,0.42800939880586936,,,,,,,,,,,,,,
multi,vowel,phone,IPVS_PD_a326f905,1,M,i,1,777,-0.22801533264827933,0.22174589128514685,0.14485112754767662,0.9123304770896471,0.17049774693472738,0.6665420006378304,-1.0337043121233742,1.1805282213447947,-0.604871615416488,-0.4091722930141384,-1.0461744188751858,0.4119310739033355,-0.8211033669174739,0.4160844520281262,0.35735981982849147,0.4121604109586822,0.4776541457665538,,,,,,,,,,,,,,
multi,vowel,clean,IPVS_PD_a326f905,1,M,i,2,276,-0.3855385265077453,0.2834630789886038,0.04050214059022536,0.7911086549241859,0.049029436815215884,0.47452556889459313,-1.0019975153796643,1.3673133361770446,-0.6884583772485515,-0.3121237434805876,-1.0591210511075444,0.5567782551768314,-0.868901998657419,0.585947057322832,0.36272791827168854,0.3872312661668844,0.40526988764163924,,,,,,,,,,,,,,
multi,vowel,phone,IPVS_PD_a326f905,1,M,i,2,276,-0.23042813823165664,0.07367956629359579,0.23433160790836954,0.7038981120988547,0.2599593969174178,0.3324417337236634,-1.0279840977795154,1.0801042120858848,-0.6502034465771124,-0.29879024840262997,-1.1002784497048481,0.4057607493441866,-0.7045509977468166,0.5046243629583077,0.6176603319139528,0.6008456676640777,0.38883714505278716,,,,,,,,,,,,,,
multi,vowel,clean,IPVS_PD_a326f905,1,M,o,1,759,-0.0546871859996011,-0.5832175841999263,0.42819035529307775,-0.2108953233229514,0.3946860346217646,-0.18117699199875806,-0.5888571556926556,0.7181691918807426,-0.3887813737212438,-0.18671395547313033,-0.726037155290662,0.21819403847064048,-0.4049079939437708,0.4216751991462628,0.2821444503368623,0.34749566479423405,0.32996901107691745,,,,,,,,,,,,,,
multi,vowel,phone,IPVS_PD_a326f905,1,M,o,1,759,0.42787888708078103,-0.62733555228105,0.8504132021634271,-0.3027349074638125,0.7973336271566688,-0.32503716996514304,-0.7283838451952068,0.6152489489877772,-0.6240889127131886,-0.27178281085072514,-0.9912947170452685,0.2868246030168408,-0.558607413867566,0.46063414825478904,0.281419980555645,0.2739469079520092,0.39419911638205424,,,,,,,,,,,,,,
multi,vowel,clean,IPVS_PD_a326f905,1,M,o,2,306,-0.15494048708806868,-0.5046972598394622,0.3428983863281167,-0.21746767701014227,0.3081474618419357,-0.1470926144848699,-0.7226662714358257,1.1096319609686085,-0.34337957146699016,-0.36942760897395405,-0.976564435855202,0.7027259253613327,-1.0721535343352868,0.44770152040408184,0.22488124274099736,0.447178682945269,0.5600004965963854,,,,,,,,,,,,,,
multi,vowel,phone,IPVS_PD_a326f905,1,M,o,2,306,0.32655287234355573,-0.5310799301318501,0.8209667521650377,-0.3099565682527812,0.8175366834291945,-0.24197188092638616,-0.9966971239318019,1.031879252227752,-0.7175437111569487,-0.46885670717481687,-1.3758974781502848,0.7470682078729505,-1.2159249150477673,0.43939801119293154,0.43568434671046324,0.4590088905030659,0.3494731602396331,,,,,,,,,,,,,,
multi,vowel,clean,IPVS_PD_a326f905,1,M,u,1,572,-0.1596083754110475,0.26887278492714084,0.37102598263773806,0.7972713099402744,0.5721867564892353,0.7473707521377608,-0.83960963872283,1.5318878677695296,-0.7825197631623163,-0.6372768490163739,-1.2029212086006653,0.904687890219827,-1.541964739236201,0.34338359844739524,0.26257595754505364,0.2835602941205805,0.3178087369348791,,,,,,,,,,,,,,
multi,vowel,phone,IPVS_PD_a326f905,1,M,u,1,572,0.020697622451671335,0.08348491982838442,0.5875257487560428,0.655060931173868,0.7818867351513269,0.6566490659187006,-0.9112945669005776,1.2806153853618822,-0.8326850716284541,-0.6008767420642598,-1.3091861927925155,0.7493206590067508,-1.3501974010710107,0.4210686889607418,0.258165151571096,0.3102889342918983,0.33823781270313713,,,,,,,,,,,,,,
multi,vowel,clean,IPVS_PD_a326f905,1,M,u,2,295,-0.16662449621211337,-0.2988457821183286,0.4411216253614695,0.21178287183497585,0.44590072872611763,0.3179915705643131,-0.8584844924635806,1.394404122384928,-0.8988679704693078,-0.5494692468289601,-1.2875136564680412,0.8806761328109913,-1.4301453796399515,0.38989054822894637,0.21895339525164328,0.2793583218345469,0.5151447791464857,,,,,,,,,,,,,,
multi,vowel,phone,IPVS_PD_a326f905,1,M,u,2,295,0.34213026280457015,-0.3107281800380534,0.9170582048637045,0.11641477620871053,0.942959579707539,0.20971604356657988,-1.041861815304406,1.3244404994835288,-1.194693937139996,-0.6744081915098395,-1.588302606916697,0.9542363669912693,-1.628644558501109,0.38100462129150003,0.41875006608169685,0.5137102156617173,0.412980114180611,,,,,,,,,,,,,,
multi,vowel,clean,IPVS_PD_c41cf2aa,1,F,a,1,979,0.053415139077677184,-0.7504072408421133,0.5476349272681416,-0.34488172017050517,0.6055230341712566,-0.34649141866505045,-0.36143421823181,0.2944748804403282,-0.15917068342907523,-0.20683123421157965,-0.5682068673074752,0.08127570963434634,-0.288106943845926,0.33827278115378445,0.34340142751198843,0.3844950332375348,0.29158686881320556,,,,,,,,,,,,,,
multi,vowel,phone,IPVS_PD_c41cf2aa,1,F,a,1,979,0.37116265246337865,-0.8980095095565647,0.8089184236850318,-0.4984796183825754,0.8142732114156357,-0.5876337843101175,-0.4159638606935284,0.1715647334862241,-0.3201970144069053,-0.32612540749342817,-0.7416503705678852,0.03272037548036749,-0.35884578297379566,0.3164868897840287,0.3285365028547962,0.4073567087643822,0.24982896765769705,,,,,,,,,,,,,,
multi,vowel,clean,IPVS_PD_c41cf2aa,1,F,a,2,287,-0.2139135898882254,-0.7200191635961477,0.3270015466764483,-0.43879133342318455,0.4597347226273807,-0.5613434001200461,-0.38056194256840414,0.23218137637383676,0.06908712454269388,-0.11194928326358684,-0.4907314282965798,-0.011031559124761234,-0.10091772413882562,0.2642460103134759,0.2526331040369634,0.3324838299690652,0.15461781019746706,,,,,,,,,,,,,,
multi,vowel,phone,IPVS_PD_c41cf2aa,1,F,a,2,287,0.18834925223292642,-0.8934221710428337,0.6719716753746043,-0.6069768319240195,0.7873282796041124,-0.8035259755877401,-0.5566396000068312,0.10024891651606974,-0.21989767201718569,-0.21220446903409296,-0.7911867158261338,-0.07521715361861825,-0.1369873154154747,0.25955836122478887,0.20370538481843514,0.26176622266381927,0.15965341759060417,,,,,,,,,,,,,,
multi,vowel,clean,IPVS_PD_c41cf2aa,1,F,e,1,999,-0.07861315728027293,-0.3176455218561874,0.3557724395329861,-0.028309939729790522,0.40918132665252527,-0.14394731403091388,-0.6559720830542474,0.61614843974891,-0.49417272073754454,-0.4912824448439821,-0.8547307622313698,0.3686604364689892,-0.8599428813129713,0.38166145620127684,0.4119256947045773,0.43816229872172585,0.27079045009386127,,,,,,,,,,,,,,
multi,vowel,phone,IPVS_PD_c41cf2aa,1,F,e,1,999,0.27222517345987024,-0.4251932104841842,0.6112775742363017,-0.16069878464233062,0.6247009427694235,-0.48478353345850345,-0.8794381450396805,0.5616983952815838,-0.6597200651434615,-0.5862172890435935,-1.1572673936651867,0.3170603559152556,-0.9032776449588492,0.41835299467010617,0.4473847331106463,0.4596897776098999,0.2612455335676423,,,,,,,,,,,,,,
multi,vowel,clean,IPVS_PD_c41cf2aa,1,F,e,2,281,-0.04762137235974419,-0.24835174729132795,0.3318596345609462,-0.09715147254735056,0.4209005901446709,-0.33817233991693463,-0.6046716991437258,0.5145257616184167,-0.24465172054499565,-0.3333280259335535,-0.7503380256997058,0.2126726123928671,-0.5460006383264205,0.2508939611226083,0.11978460179477082,0.22107369837358654,0.1425368424136325,,,,,,,,,,,,,,
multi,vowel,phone,IPVS_PD_c41cf2aa,1,F,e,2,281,0.46704591704896214,-0.4165783938042511,0.7687809371207592,-0.29582978511703084,0.823128478061518,-0.6031844451935333,-0.8082733859677287,0.4460139216403284,-0.5855337414868484,-0.4892939574267032,-1.0607673271873292,0.10173878417565273,-0.5910327416023559,0.23792830272029689,0.08534528387593399,0.158603081565693,0.14872229888185012,,,,,,,,,,,,,,
multi,vowel,clean,IPVS_PD_c41cf2aa,1,F,i,1,1052,-0.7224588662480251,0.10350052517237543,-0.15255233329496806,0.5106412881537329,-0.18312540268407593,0.6776361153755761,-0.9777806447465208,1.5705231558295745,-0.8962971504919136,-0.5400759236580586,-1.2252047010992146,0.8173771036105065,-1.3574530272685652,0.4184000605095037,0.4934251402081848,0.4371024677823391,0.360436802098324,,,,,,,,,,,,,,
multi,vowel,phone,IPVS_PD_c41cf2aa,1,F,i,1,1052,-0.16317743534528756,-0.04707089804490156,0.40441474035570896,0.35236476239147063,0.40603541375338276,0.46327327236627475,-1.071748966186107,1.503306100828738,-1.123906845439084,-0.6558674681177245,-1.534492617072184,0.945724491560478,-1.6015919596782024,0.39303491878386576,0.338769357833985,0.47565400618075443,0.28032383988877074,,,,,,,,,,,,,,
multi,vowel,clean,IPVS_PD_c41cf2aa,1,F,i,2,281,-0.63091039181461,0.34187779959136916,-0.09074028127292204,0.59752388730557,-0.010598529108177275,0.5246342622493145,-0.9334529208008354,1.5160644534071521,-0.9080079365411454,-0.655795431965907,-1.2847149700102722,0.946452145040388,-1.602247577006295,0.26355046475235083,0.34140080117135635,0.30548859018588737,0.1705238615972784,,,,,,,,,,,,,,
multi,vowel,phone,IPVS_PD_c41cf2aa,1,F,i,2,281,-0.03160461765774608,0.11541573941354921,0.5850275744347883,0.45294564821311,0.7519477843885591,0.4682660288888322,-1.1702571045717545,1.5494460939655643,-1.089033571573404,-0.5974711919500983,-1.6157577566846588,1.0720384671137884,-1.6695096590638867,0.360234260092984,0.35068578723275107,0.4013453452217741,0.2868067921924835,,,,,,,,,,,,,,
multi,vowel,clean,IPVS_PD_c41cf2aa,1,F,o,1,1054,0.16034254718466137,-0.952660663623351,0.6435009003719697,-0.8431617702219388,0.6444876920960679,-0.700824859766554,-0.270390822931137,0.3091211272109805,-0.4901552182219758,-0.5733636220041604,-0.7237004118469141,0.3388938193359304,-0.9122574413400907,0.2960777528232798,0.27619590657806203,0.311620491823234,0.2843727370139737,,,,,,,,,,,,,,
multi,vowel,phone,IPVS_PD_c41cf2aa,1,F,o,1,1054,0.4073918394109804,-0.8278604559247802,0.8188359313159711,-0.7015428104282178,0.8151108075861675,-0.7217309571074011,-0.30986878991550076,0.3033889879910305,-0.5860868052517766,-0.567210829326125,-0.8328993475117518,0.289463806533099,-0.856674635859224,0.35512678516726337,0.33077647478239125,0.47066007659730763,0.3533341364834435,,,,,,,,,,,,,,
multi,vowel,clean,IPVS_PD_c41cf2aa,1,F,o,2,281,0.1692374578770801,-0.8823699055338753,0.7528143452822104,-0.7892831380550678,0.8110492400516419,-0.6282751215456506,-0.4032250458495857,0.3497646655556718,-0.3020873881832382,-0.28627238810591443,-0.7539610407761568,0.3448150998874176,-0.631087487993332,0.19377933087952204,0.2423260028659269,0.3411624137907825,0.22724323072083874,,,,,,,,,,,,,,
multi,vowel,phone,IPVS_PD_c41cf2aa,1,F,o,2,281,0.5440900526808564,-0.8832739441705173,1.067387092395647,-0.770957225525873,1.0774000361120912,-0.7021192966480932,-0.5483600360578333,0.4232688189081892,-0.49211275524641634,-0.232669737961518,-0.9565840137780771,0.32499932895618433,-0.5576690669177022,0.11947821068872912,0.19352794962563208,0.17337500011409662,0.14261206259799097,,,,,,,,,,,,,,
multi,vowel,clean,IPVS_PD_c41cf2aa,1,F,u,1,1018,-0.6724643096132995,-0.039923360778225794,0.02605079430965037,0.4264896750644921,0.09176761698391703,0.6034371669288554,-0.7788370442059305,1.4480488402586358,-0.6366102159071981,-0.19042589575709665,-1.029185915913652,0.7811307038204879,-0.9715565995775844,0.3783793409342915,0.3938985452313135,0.48350799855145676,0.2904439052932376,,,,,,,,,,,,,,
multi,vowel,phone,IPVS_PD_c41cf2aa,1,F,u,1,1018,-0.23557688198448007,-0.07129228718919692,0.44629068692135654,0.27681397084219783,0.6763025541710698,0.46540581045392293,-0.9845929374200066,1.4738505547927097,-0.7893017953858267,-0.4744816940046506,-1.4724195489988607,1.060544491057692,-1.5350261850623426,0.44749801914675263,0.3994974308031987,0.45934552604864093,0.38681233720331665,,,,,,,,,,,,,,
multi,vowel,clean,IPVS_PD_c41cf2aa,1,F,u,2,318,-0.25909718265756965,0.004170919690902035,0.23920179158449173,0.15635043134291968,0.4237078818647812,0.24453641683794558,-0.7943818888937434,1.3448945255950093,-0.7987775903505584,-0.5387197993695736,-1.2857778289665778,1.1355872922576964,-1.67430709162727,0.2605909385777683,0.29118592091475426,0.3852554346604934,0.24374674096077115,,,,,,,,,,,,,,
multi,vowel,phone,IPVS_PD_c41cf2aa,1,F,u,2,318,0.03759587315532068,-0.15592489081124464,0.459544411006694,-0.020409628360842664,0.6142137524050971,-0.030746099228660267,-0.8120118584483862,1.1742275779445965,-0.9140928800528249,-0.7661582274595276,-1.3779531285787623,1.0421461531271536,-1.8083043805866812,0.33240746292754014,0.539504875463377,0.5550487133899108,0.3876108906697372,,,,,,,,,,,,,,
multi,vowel,clean,IPVS_PD_8f283065,1,F,a,1,672,0.37055242880441175,-0.9096309333892152,0.8167376429358921,-0.744313857195401,0.9323979512889786,-0.8290012041383451,-0.45981388210807694,0.15344692953853029,-0.2363866996204499,-0.2776940800618417,-0.67745396845264,0.04505635616784491,-0.32275043622968663,0.22208730203975052,0.25384637502642116,0.342728416606626,0.21502504634911165,,,,,,,,,,,,,,
multi,vowel,phone,IPVS_PD_8f283065,1,F,a,1,672,0.6017471121826975,-1.0885899539778727,1.0381079690881294,-0.8234484553853474,1.0995175934369021,-0.9292803075127672,-0.5070187690308189,0.007196065264357494,-0.23388772542671402,-0.25670092777893094,-0.7194642347495744,-0.10052990407157357,-0.1561710237073574,0.1346449548812337,0.2349594964583668,0.27679144899809327,0.09495174802906589,,,,,,,,,,,,,,
multi,vowel,clean,IPVS_PD_8f283065,1,F,a,2,288,0.2287234234912642,-0.7335111399491628,0.7480896874063316,-0.4808665030989154,0.8770353689618494,-0.4923699399691889,-0.6818185095814453,0.46980152647385653,-0.2117500591209565,-0.08589509442106061,-0.8135714697084208,0.15720562493407178,-0.2431007193551324,0.1485800109414824,0.20349526566704332,0.2959723714524365,0.08506841306616152,,,,,,,,,,,,,,
multi,vowel,phone,IPVS_PD_8f283065,1,F,a,2,288,0.3713311564990844,-0.8437929677552191,0.8261005131677649,-0.591507163797987,0.9198446085398224,-0.8173964924510868,-0.6475001189900541,0.2828789361078164,-0.295535314785338,-0.2573119333848871,-0.8673508455013407,0.04693610049869822,-0.30424803388358534,0.2195624070634521,0.22510117749825512,0.2714733592914781,0.15615086184095925,,,,,,,,,,,,,,
multi,vowel,clean,IPVS_PD_8f283065,1,F,e,1,1333,-0.7198937156896913,0.14200436665249824,-0.4232786950212293,0.8043206050229281,-0.3788249913449591,0.18758191240860728,-0.08659731679492527,0.2190650204538406,-0.08818269443794731,-0.6510258277926999,-0.10297403773397543,-0.27840051666302107,-0.3726253111296788,0.3578701304055986,0.2607791166468623,0.24396874271514535,0.23030287388762163,,,,,,,,,,,,,,
multi,vowel,phone,IPVS_PD_8f283065,1,F,e,1,1333,-0.37775340555386894,-0.0769721142547705,-0.08660854462455125,0.5889762488197298,-0.04606160739164674,-0.007431810082270114,-0.07782248661535957,-0.0067114034265316974,-0.10101182249080524,-0.6710705435677861,-0.1454768395853623,-0.43491809136384213,-0.23615245220394393,0.3807298385113181,0.25566088868999465,0.2699627450618811,0.28692305591191675,,,,,,,,,,,,,,
multi,vowel,clean,IPVS_PD_8f283065,1,F,e,2,293,-0.7182095562670864,-0.09986958134982546,-0.3631310254167029,0.24421533512867102,-0.35667501650961103,-0.24926589732452975,-0.5347649072018047,0.49745395055598457,-0.2716426152293965,-0.6108075553751261,-0.5697315395046763,-0.06046941956389422,-0.5503381358112319,0.23450803958754066,0.2620337884834898,0.39017169627818854,0.24787985713686594,,,,,,,,,,,,,,
multi,vowel,phone,IPVS_PD_8f283065,1,F,e,2,293,-0.30426927222370426,-0.2216134394629527,0.044038429940487706,0.19002881376756786,-0.0008197888984518536,-0.2871232121172598,-0.43768193231800856,0.2969647139563399,-0.2880536404538289,-0.6484834759753976,-0.5839268457418108,-0.1955579202516941,-0.4529255557237035,0.3905554240084793,0.2546989525030131,0.26397536328069265,0.33871169742523105,,,,,,,,,,,,,,
multi,vowel,clean,IPVS_PD_8f283065,1,F,i,1,1285,-0.7811217315775256,0.09642750776618061,-0.28166795414709395,0.662720741464934,-0.2583277984467926,0.5197619127083072,-0.6856558183751681,1.2448617097004842,-0.4482135537688061,-0.6315975779843856,-0.7751099966302147,0.44648384984616485,-1.0780814278305504,0.3698393790522266,0.41607195707670863,0.380912616795817,0.2888779627544796,,,,,,,,,,,,,,
multi,vowel,phone,IPVS_PD_8f283065,1,F,i,1,1285,-0.4960569352414048,-0.28083171423925657,-0.03749936117504357,0.19034718873822426,-0.05125483431782085,0.028033320735246135,-0.7448673260660332,1.085525663562322,-0.5314925470704699,-0.6682885017840315,-0.9068970348971054,0.38961001268881534,-1.0578985144728468,0.2804875603653352,0.2953226566867656,0.2886576504077197,0.2148757476805304,,,,,,,,,,,,,,
multi,vowel,clean,IPVS_PD_8f283065,1,F,i,2,293,-0.5900209443380604,-0.1033745682508932,0.033787265588334725,0.358736295821303,0.10227264421807844,0.37800170018174556,-0.8969145851620173,1.3277166758553456,-0.54531718032845,-0.436776511202761,-0.9405646724889507,0.5157725763859722,-0.9525490875887332,0.3580862811628843,0.40112716562134154,0.4671119110814233,0.3612805096317545,,,,,,,,,,,,,,
multi,vowel,phone,IPVS_PD_8f283065,1,F,i,2,293,-0.4055284660751537,-0.20906625662819814,0.1525332265149402,0.2171738344733998,0.20708929263265793,0.058489912226375215,-0.8288974327556158,1.0792195261534998,-0.4874514497521907,-0.5117335194500826,-0.9107961654663086,0.3163733292097426,-0.8281068486598252,0.40462036471675117,0.495364209966989,0.7036034267449695,0.2503913676430829,,,,,,,,,,,,,,
multi,vowel,clean,IPVS_PD_8f283065,1,F,o,1,739,-0.09386477229300509,-0.6377404310730066,0.43181846262363904,-0.6230177352267705,0.4961499809549096,-0.6252808259779148,-0.6288368955421983,0.7468587967786896,-0.7788890043001496,-0.8676244664727972,-1.0527157003959913,0.6608433754926317,-1.528467841965429,0.2345782108201131,0.2798345046029727,0.39637403009745076,0.16706531396250995,,,,,,,,,,,,,,
multi,vowel,phone,IPVS_PD_8f283065,1,F,o,1,739,0.13334937587882695,-0.8582413483871503,0.616051044624843,-0.8441424330633678,0.6505223009023774,-0.9071861535645602,-0.6325608229704117,0.5038647115900275,-0.8545774066716098,-0.9327522518929471,-1.12981664384349,0.49436370952243214,-1.4271159614153792,0.3008976649119154,0.2980234830790424,0.3304194685571514,0.2192661712339554,,,,,,,,,,,,,,
multi,vowel,clean,IPVS_PD_8f283065,1,F,o,2,281,-0.1096963303152626,-0.7075093783570464,0.49739146638198717,-0.7312704416421744,0.5159662894066974,-0.5787906743718322,-0.8483810869194347,0.9128139403444775,-0.8271150176341717,-0.7830131835133366,-1.315142983515587,0.8340782618381568,-1.6170914453514935,0.1910864835760294,0.3781321068374523,0.28902144054733553,0.33585759756668987,,,,,,,,,,,,,,
multi,vowel,phone,IPVS_PD_8f283065,1,F,o,2,281,0.3078351997764858,-0.916325690830953,0.9217815166394386,-0.8821972869557037,0.9451290467787071,-0.6154561028678036,-0.8857845205527085,0.708032226597769,-0.8721299827451536,-0.7043078963220473,-1.4408441492791713,0.6634896785549863,-1.3677975748770335,0.2830899760070767,0.31329008430852,0.18472060126811718,0.1506677988125189,,,,,,,,,,,,,,
multi,vowel,clean,IPVS_PD_8f283065,1,F,u,1,852,-0.41597801371244714,-0.2719931929023005,0.2611847722728271,0.025948862574296072,0.39241944314562716,0.09030198713298887,-0.9040539321722463,1.2722116315271705,-0.748289148468757,-0.5234570625980268,-1.173319678637199,0.9215993174584582,-1.445056380056485,0.2621936566327377,0.2046101035466106,0.3267145227551752,0.22691010396469194,,,,,,,,,,,,,,
multi,vowel,phone,IPVS_PD_8f283065,1,F,u,1,852,0.31703601556364447,-0.7358562201552559,0.9560901587246917,-0.600301600759849,1.0734400378423743,-0.46724599463050254,-0.724895290157292,0.8752581554435892,-0.7660174141055904,-0.43224746126361424,-1.1326120035664644,0.744283947184158,-1.1765314084477723,0.1613244095964369,0.3663356218905314,0.3762923726992099,0.08111095479474208,,,,,,,,,,,,,,
multi,vowel,clean,IPVS_PD_8f283065,1,F,u,2,362,-0.3764451795488323,-0.20910974325390036,0.3293048283512439,0.03436983287881274,0.4928658221156225,0.15783468230601844,-1.1800868932260287,1.6888765124006009,-0.9169428288389784,-0.7171524373489783,-1.5671898935912947,1.2117273933296904,-1.9288798306786685,0.2632115965300989,0.33161915747554854,0.35772560574757384,0.2901712301668252,,,,,,,,,,,,,,
multi,vowel,phone,IPVS_PD_8f283065,1,F,u,2,362,0.10574875601114483,-0.55685374202258,0.8913044117459463,-0.4435924530166005,1.1065601318254383,-0.20618096889432416,-1.0612802297697155,1.3248109888592992,-0.9515936434815783,-0.6207834248422482,-1.581708539516554,1.0802663206507306,-1.701049745492979,0.1587800017695161,0.15876808957171756,0.27480138258625425,0.13356340620784218,,,,,,,,,,,,,,
multi,vowel,clean,IPVS_PD_74add44e,1,F,a,1,382,0.5299773792209832,-0.8102069630571034,0.5981607679439628,-0.766444331407547,0.4753112502720045,-0.7952181775932726,0.2240414047046848,-0.2781515287397348,0.346796645677608,0.02166888762427413,0.12316685714151548,-0.06468841931580202,0.08635730694007615,0.1972035939919718,0.24817128905256583,0.3617974885439002,0.36686946189571246,,,,,,,,,,,,,,
multi,vowel,phone,IPVS_PD_74add44e,1,F,a,1,382,0.663835550909457,-0.73304781674043,0.8373186321362205,-0.636525773289411,0.7494149457501329,-0.6086013814677362,-0.10732188911541649,-0.02687119700662468,0.11701396059082902,-0.05099222614713337,-0.23921605560766615,0.023102931597310562,-0.07409515774444393,0.2515524950390653,0.20161199073157732,0.2741764192808398,0.32024310129518685,,,,,,,,,,,,,,
multi,vowel,clean,IPVS_PD_74add44e,1,F,e,1,218,0.6448223081727823,-1.1310092754887813,0.8352531945389329,-1.1139217655767093,0.6369331818864201,-0.7101402194662527,0.35320004177364434,-0.3784485152273467,0.5515973582638033,0.3347269572656263,0.2686648248045733,-0.3034823058511723,0.6382092631167986,0.8730831139158098,0.8028366088954839,0.6459644702041595,0.8270753797450975,,,,,,,,,,,,,,
multi,vowel,phone,IPVS_PD_74add44e,1,F,e,1,218,0.727799461533626,-0.9537614893281099,0.8831584499866674,-0.848172303289175,0.7956151284954764,-0.5446092029186812,0.16033150165370016,-0.3177634037918214,0.4150613024830818,0.3452228649773381,0.050218106445037956,-0.17149009626132972,0.5167129612386678,0.8709147698727069,0.8253603643698529,0.8089009399663757,0.8267511198630313,,,,,,,,,,,,,,
multi,vowel,clean,IPVS_PD_74add44e,1,F,i,1,199,-0.6539398080800191,-0.006293771064971104,-0.4481653083454479,0.4690477857904986,-0.5943815355951135,0.31438936736465484,0.12964712982335366,0.06693635780887663,0.926149074450012,0.20274667331009857,0.5454414767359407,-0.4694678044516193,0.6722144777617178,0.8789430953207259,0.21802211756936424,0.21730325490064778,0.8763363721928532,,,,,,,,,,,,,,
multi,vowel,phone,IPVS_PD_74add44e,1,F,i,1,199,-0.47533007754274637,0.08260419078109678,-0.250384253903854,0.5698752587984416,-0.32853006109718447,0.4359290798094647,-0.2414728390160671,0.13476647973861083,0.7530991159810507,0.2685682505738637,0.17178142298597934,-0.508692771088609,0.7772610216624727,0.6308483357105567,0.1379940803557314,0.19215367427645152,0.6399536383463008,,,,,,,,,,,,,,
multi,vowel,clean,IPVS_PD_74add44e,1,F,o,1,205,0.6464285444680268,-0.3135303979724403,0.7305652828720527,-0.6310955076440563,0.5939587021503991,-0.8362186054388682,-0.13696813722693824,0.263481906940782,-0.5044232347026104,-0.3904279623089767,-0.487472257963041,0.44871596384763235,-0.839143926156609,0.15714517232540776,0.3616553254166923,0.4527537576293241,0.5996703138430682,,,,,,,,,,,,,,
multi,vowel,phone,IPVS_PD_74add44e,1,F,o,1,205,0.8244383335113525,-0.2943164422744658,0.8857427149768767,-0.5450782056261854,0.743895989729137,-0.7767124310499285,-0.27688523751448807,0.3528156484651372,-0.7319301801726101,-0.41271385883655004,-0.7212513969923423,0.5053851951852562,-0.9180990540218062,0.13090584825359955,0.5137523396417355,0.47874225845744783,0.30109322751322126,,,,,,,,,,,,,,
multi,vowel,clean,IPVS_PD_74add44e,1,F,u,1,129,0.3667448151715194,-0.6127410331104375,1.0075239874894106,-0.14564116204841226,1.0049978473895713,0.4519449870420408,-0.6296957238942762,0.8949511637793311,0.2662638774778269,-0.0778231094532375,-0.8417771213416811,0.7691985586587387,-0.8470216681119762,0.7814160200836711,0.5345403300805405,0.2868993747226855,0.49408191037815086,,,,,,,,,,,,,,
multi,vowel,phone,IPVS_PD_74add44e,1,F,u,1,129,0.5444877871984168,-0.5793842869468883,1.2586414602738392,-0.158861587319193,1.326208826861804,0.5345597761341289,-0.938928717487975,0.9709052024762842,-0.02499580270127405,-0.18993869650213024,-1.1935547895823853,0.7927294367853599,-0.9826681332874901,0.7602727009922192,0.45412282683613564,0.29347962963619745,0.49942779773002355,,,,,,,,,,,,,,
multi,vowel,clean,IPVS_PD_fdc0ff6e,1,M,a,1,729,-0.12300859571589425,-0.45534099896432056,0.25195813542210704,-0.001394657312058642,0.2420180544834202,-0.02932605636146997,-0.4379020143885819,0.5266281344794195,-0.18148327264128622,-0.21242321297899738,-0.5597967642331857,0.1729622507650312,-0.38538546374402854,0.6346729100426979,0.5207020917348596,0.5179574230541125,0.3651403110034424,,,,,,,,,,,,,,
multi,vowel,phone,IPVS_PD_fdc0ff6e,1,M,a,1,729,0.042063350048858104,-0.47963586534481656,0.34473849989151356,-0.09386223829552905,0.3885282746480103,-0.33483546992640834,-0.5513509655528297,0.46343054903293524,-0.21563325934366648,-0.36852226213706923,-0.6837955140731465,0.07295261142703287,-0.4414748735641021,0.6909924815328062,0.4833003604460312,0.5746142291124834,0.4825180926995585,,,,,,,,,,,,,,
multi,vowel,clean,IPVS_PD_fdc0ff6e,1,M,a,2,293,-0.0740848272028616,-0.7857193347424437,0.31928734860177765,-0.44505499008685184,0.3448474674069949,-0.40787427859791253,-0.2698820751097243,0.19429902143060823,0.14735802460861744,0.03975563424791993,-0.25855004612756316,-0.07933218025807608,0.11908781450599601,0.27412165465356836,0.42277025491583436,0.29814376684598826,0.2281084845229878,,,,,,,,,,,,,,
multi,vowel,phone,IPVS_PD_fdc0ff6e,1,M,a,2,293,0.12064820477517985,-0.8739204046416418,0.48309026279691925,-0.5263908179634709,0.5031677018114402,-0.6714353307155566,-0.400281430132645,0.09632328131609717,0.10231799863826084,0.02768939577758649,-0.39592450326782164,-0.19890547239637307,0.22659486817395957,0.19594856749134723,0.39179053122351376,0.34307741502003003,0.14380424729013952,,,,,,,,,,,,,,
multi,vowel,clean,IPVS_PD_fdc0ff6e,1,M,e,1,474,-0.3991836694987504,-0.2183218595239666,-0.018722563408888303,0.366000080650503,-0.023402166481201466,0.1014443312908386,-0.07192451178610741,0.2090020939655654,0.028891355424494176,-0.21100382706137388,-0.11000995603683111,-0.12986182214340547,-0.0811420049179684,0.3301256767164558,0.30041411353884334,0.39528635006684143,0.3656427734124743,,,,,,,,,,,,,,
multi,vowel,phone,IPVS_PD_fdc0ff6e,1,M,e,1,474,-0.13390290622527784,-0.2729267897931012,0.16243471398011788,0.2638679540657497,0.18322011203198998,-0.1870575732701308,-0.2029572956107713,0.16979881167620212,-0.09325621185915453,-0.29300912631141557,-0.2548484168686233,-0.22041703072226757,-0.072592095589148,0.43331410437221923,0.2920954830133881,0.35090173785791895,0.4944239529746246,,,,,,,,,,,,,,
multi,vowel,clean,IPVS_PD_fdc0ff6e,1,M,e,2,299,-0.42250179964534484,0.07162641828560698,-0.11017831493148487,0.5731517928575284,-0.09831610231439053,0.06320563584401463,-0.10619972687399848,0.21891769145239784,-0.0761221651378916,-0.2441224860058305,-0.161119249891181,-0.20055287408524125,-0.043569611920589245,0.4269408072719528,0.40072201442366395,0.36747207397563725,0.3470607906264564,,,,,,,,,,,,,,
multi,vowel,phone,IPVS_PD_fdc0ff6e,1,M,e,2,299,-0.08795382271814083,-0.09785804695845968,0.16238624343226626,0.36635527269945617,0.1653405298679573,-0.27600157055077634,-0.212713157521427,0.131827587621976,-0.11634137419705891,-0.4011146476008615,-0.29986767882470927,-0.2625864899784162,-0.13852815762244536,0.5319154842370125,0.5047460816292254,0.5806319097964543,0.41715126400206026,,,,,,,,,,,,,,
multi,vowel,clean,IPVS_PD_fdc0ff6e,1,M,i,1,571,-0.6585336661199787,0.3596464359030432,-0.1506853975116685,1.0531242389025564,-0.15385098911756676,1.0540208293467153,-0.9543281743199763,1.5284214094498414,-0.5514330846140753,-0.32411844426706304,-1.0804677652548076,0.7292982374613903,-1.0534166817284534,0.5360711195401903,0.4331156099379258,0.5096571884991751,0.6664489982951078,,,,,,,,,,,,,,
multi,vowel,phone,IPVS_PD_fdc0ff6e,1,M,i,1,571,-0.2653497555252414,0.14739768450357477,0.19508595130360162,0.9262988132916109,0.21753995337743454,0.7910259565876108,-1.0038432855995334,1.2315546407991527,-0.5936010029416737,-0.33034767053000436,-1.1314775618797837,0.5096969951823919,-0.8400446657123962,0.5851900127105053,0.4243986718281289,0.4279054905477854,0.6028743111592524,,,,,,,,,,,,,,
multi,vowel,clean,IPVS_PD_fdc0ff6e,1,M,i,2,293,-0.41165560955381664,0.0626945176535407,0.060733594631744645,0.6585563640136504,0.029507793612399344,0.564317625542145,-1.1119487312553966,1.4512258296632496,-0.6015205278066592,-0.4361576767122678,-1.2145458688843722,0.7706452362281454,-1.2068029129404132,0.34346645482391813,0.40031874249834504,0.3823655552330424,0.26925631468339634,,,,,,,,,,,,,,
multi,vowel,phone,IPVS_PD_fdc0ff6e,1,M,i,2,293,0.024338790589133224,-0.18830700387052224,0.4843516007991834,0.48697877241730014,0.4256537478354018,0.3344629255391784,-1.1475246454362815,1.0839186381485502,-0.6080414072773551,-0.32612291563533796,-1.2555271717114638,0.4740856425931393,-0.8002085582284773,0.39857810555434003,0.2623656710311656,0.28901623743458255,0.37690622946250063,,,,,,,,,,,,,,
multi,vowel,clean,IPVS_PD_fdc0ff6e,1,M,o,1,600,-0.2956014920439985,-0.6657662816345692,0.21391671494477324,-0.3941083391921388,0.2261129313045078,-0.19146483793026872,-0.7527370669361618,0.905569732396139,-0.5363891534507275,-0.4905535237553219,-1.0710237893793317,0.7107753242572976,-1.2013288480126196,0.5975313217757994,0.44366490826460675,0.4871205326469103,0.5929294762457883,,,,,,,,,,,,,,
multi,vowel,phone,IPVS_PD_fdc0ff6e,1,M,o,1,600,0.1604634027928114,-0.7319482119546996,0.6174106972499026,-0.48927918192413117,0.621770974372824,-0.4769978266623285,-0.8029094696872764,0.7335343550062842,-0.6769819036540058,-0.5597906097562777,-1.2067133074005445,0.6236515790482776,-1.1834421888045552,0.5919493507610987,0.4978360303302471,0.4430280285473896,0.5505119808444163,,,,,,,,,,,,,,
multi,vowel,clean,IPVS_PD_fdc0ff6e,1,M,o,2,293,-0.17314423182926608,-0.6635217508353756,0.24912682461873287,-0.5825560476820347,0.32421204919195445,-0.5887909406154169,-0.6780894237049555,0.7250374883076566,-0.42585810951593905,-0.4519931549406321,-0.8961864053192785,0.5214810833587484,-0.9734742382993806,0.6525958944264854,0.6700780094594065,0.5962696471844895,0.4308038465268599,,,,,,,,,,,,,,
multi,vowel,phone,IPVS_PD_fdc0ff6e,1,M,o,2,293,0.1635594389027795,-0.7093517531109395,0.5440755173311396,-0.6357493269241462,0.5917392295632659,-0.7682643298712154,-0.8088012462281912,0.58091067497508,-0.6120257713532044,-0.5594330489803843,-1.1243974542887198,0.43725425692138364,-0.9966873059017678,0.5493640421432063,0.5627205379732119,0.3900715194997244,0.4126894670265823,,,,,,,,,,,,,,
multi,vowel,clean,IPVS_PD_fdc0ff6e,1,M,u,1,456,-0.5631360642231293,-0.24443939910100324,0.0014751870049177296,0.17874015829641454,-0.003037141078580035,0.4585229297624017,-0.926830611742326,1.5528807500853157,-0.6291238277824256,-0.5446015883536235,-1.1701269543518986,0.9058732116309396,-1.450474799984563,0.42480425673251376,0.3187619277291458,0.42303569106212996,0.2987282876256479,,,,,,,,,,,,,,
multi,vowel,phone,IPVS_PD_fdc0ff6e,1,M,u,1,456,-0.0961560422051562,-0.4063046438089252,0.5260273428076375,0.028486045662068974,0.5098346146571375,0.34618653987881043,-1.1684525626419235,1.414527529347552,-0.9459886939203652,-0.5972422678975293,-1.549590695513426,0.9082011882841152,-1.5054434561816445,0.5176490698006977,0.4735405638113693,0.590001658467422,0.3485036738257233,,,,,,,,,,,,,,
multi,vowel,clean,IPVS_PD_fdc0ff6e,1,M,u,2,287,-0.38823998611786464,-0.24977350097171144,0.20011907307743337,0.13528701154827383,0.16463019625644462,0.4217883742958135,-1.0286527375954424,1.7344012818584553,-0.7419089491484482,-0.490476836186613,-1.28113840322274,1.0819185383058008,-1.5723953744924137,0.4121676513601817,0.3835951243300431,0.5515196369764461,0.5239491627824698,,,,,,,,,,,,,,
multi,vowel,phone,IPVS_PD_fdc0ff6e,1,M,u,2,287,0.16925973905993336,-0.37425207419891576,0.8074356236554294,0.04513798990001568,0.8082532221182234,0.33127876754441016,-1.221342686972866,1.515455849597909,-0.9645013078788801,-0.5684060356175968,-1.6640202020634116,1.082987897313399,-1.651393932930996,0.31659592414522575,0.39063961765798105,0.6583640023914158,0.40315541295109586,,,,,,,,,,,,,,
multi,vowel,clean,IPVS_PD_0bc86f51,1,M,a,1,204,0.07926318445994009,-0.07033609070124165,0.32697834362906797,-0.08282060079997586,0.3738546632230282,-0.39642762068298554,-0.6358210814575995,0.7726284479421954,-0.7140371412519486,-0.3338157655971666,-1.0642747170021456,0.6312162102830987,-0.9650319758802652,0.11595265469296545,0.29517999442574544,0.34761228848295833,0.15585298054111907,,,,,,,,,,,,,,
multi,vowel,phone,IPVS_PD_0bc86f51,1,M,a,1,204,0.7037877341912638,-0.6959147722490372,0.8198278230284491,-0.4730871506035328,0.722780253017141,-0.905881971601517,-0.26174844537050496,0.09936104824526175,-0.6970146732224572,-0.3457868788090925,-0.8004175273160781,0.2138536809342763,-0.5596405597433688,0.03285705276332773,0.3577072110630831,0.34871846420962166,0.03264246923916847,,,,,,,,,,,,,,
multi,vowel,clean,IPVS_PD_0bc86f51,1,M,a,2,274,-0.07511475879743874,-0.2616643485534622,0.23479707763496652,-0.17760585077914848,0.3406565401209406,-0.5751710203756769,-0.651529475328434,0.5259833914867367,-0.6450591546045729,-0.38143615725349234,-0.9347298321235611,0.3948893325111593,-0.7763254897646517,0.549627700112346,0.4357159021986367,0.5858931678566451,0.4225543065904693,,,,,,,,,,,,,,
multi,vowel,phone,IPVS_PD_0bc86f51,1,M,a,2,274,0.6468348217656813,-0.8765588190900274,0.8850814249501171,-0.4850215563573033,0.8718240043844085,-0.7459530777421343,-0.36953132761171065,0.07696162954152348,-0.4043224782469761,-0.2545231566371688,-0.6832659288522709,0.14072008299674973,-0.39524323963391855,0.4893569956831399,0.29992237697862767,0.446145896478355,0.4398065748065032,,,,,,,,,,,,,,
multi,vowel,clean,IPVS_PD_0bc86f51,1,M,e,1,221,-0.3034627372609045,0.26431837140169356,-0.03612208982607476,0.53553576543367,0.030888372794129794,0.14892972243907757,-0.700606055725786,0.7935710998630165,-0.28819089254042257,-0.18747577519345104,-0.7908266392865575,0.3272683827304526,-0.5147441579239037,0.1669543691727394,0.31336652176313395,0.41849236413880314,0.20141991961626604,,,,,,,,,,,,,,
multi,vowel,phone,IPVS_PD_0bc86f51,1,M,e,1,221,0.07741345263513408,0.11020177233039885,0.23950336828715818,0.507485069614604,0.26020510281835285,0.062329974277575216,-0.586337798744216,0.43128338321707305,-0.39940391973893447,-0.1094922688054411,-0.7501161767351896,0.12798004217894005,-0.23747231098438115,0.19334961201268172,0.17759051239827664,0.16121837583349974,0.14666809686331383,,,,,,,,,,,,,,
multi,vowel,clean,IPVS_PD_0bc86f51,1,M,e,2,293,-0.22753989191378576,0.028018470032740446,0.08035215777529162,0.4383511445616598,0.08016327436024186,-0.017751083619850505,-0.7157396460320317,0.6097895477787924,-0.28596635726885605,-0.31565134846052884,-0.7315993432776403,0.07646973493198554,-0.39212108339251434,0.503281765903018,0.4884780233742514,0.4633374843117689,0.42089291207856355,,,,,,,,,,,,,,
multi,vowel,phone,IPVS_PD_0bc86f51,1,M,e,2,293,0.4081661213757628,-0.1913467179247215,0.5460080529673624,0.29120738593871986,0.49594340578647655,-0.3218725837219906,-0.5236182265025747,0.27780115183463877,-0.5159886412869739,-0.5290920864474975,-0.7035329383982103,-0.03427717960992102,-0.4948149068375765,0.5158782104723518,0.5238003987392632,0.45005594517486947,0.27309163567276235,,,,,,,,,,,,,,
multi,vowel,clean,IPVS_PD_0bc86f51,1,M,i,1,348,-0.7462955365578333,1.033945656532333,-0.32293560944852373,1.5369792660077413,-0.1420247658377602,1.1373532544998897,-1.028663258325486,1.5850384519213723,-0.6330821542512803,-0.5927890710532665,-1.221656722539947,0.8684593337277572,-1.4612484047810237,0.32015859608965086,0.4573561806147029,0.4194700823712224,0.2962128044212465,,,,,,,,,,,,,,
multi,vowel,phone,IPVS_PD_0bc86f51,1,M,i,1,348,-0.3573763207310722,0.5864624096524148,0.02803442031145096,1.1345647658620561,0.14500817252056938,0.7097409587530863,-0.9807169928437187,1.1442323153927212,-0.6509496915908087,-0.6880491775770982,-1.182262028736018,0.6131889105464021,-1.3012380881235004,0.2951559793192413,0.44371854168755476,0.38110515759081787,0.19049487656587166,,,,,,,,,,,,,,
multi,vowel,clean,IPVS_PD_0bc86f51,1,M,i,2,246,-0.9211464574610865,0.8109240012394415,-0.5124104536465697,1.2554448045588829,-0.3302998233687233,0.816058075709923,-0.8412535549015612,1.11018328489484,-0.3772754721544884,-0.3857193234049388,-0.8793209360258,0.5202213465236127,-0.9059406699285515,0.2700419193583626,0.5024769654818094,0.40817127425656796,0.16140652943798123,,,,,,,,,,,,,,
multi,vowel,phone,IPVS_PD_0bc86f51,1,M,i,2,246,-0.284351845146031,0.4199025379242124,0.051135321827353655,0.9710235601744136,0.13418800927497246,0.4636483373674187,-0.6329694990370724,0.6615567000935206,-0.49601054846032244,-0.6086574974092277,-0.8087739323240679,0.23737996552340887,-0.8460374629326366,0.5046016129671109,0.5549244720804093,0.49208761796354783,0.21067054270262128,,,,,,,,,,,,,,
multi,vowel,clean,IPVS_PD_0bc86f51,1,M,o,1,353,0.059301172203860934,0.24347252318277046,0.3086950942664079,0.2104578910159393,0.4837164425514114,-0.11796485957965044,-0.8167079498230572,1.074282037540221,-0.9062543244149204,-0.5678513986823704,-1.2516842089908224,0.922408295489253,-1.4902596941716235,0.20388625934272142,0.3900290515807095,0.32633099088286355,0.13639426070040545,,,,,,,,,,,,,,
multi,vowel,phone,IPVS_PD_0bc86f51,1,M,o,1,353,0.5056271796495142,-0.12015444886796352,0.6984507929831044,-0.0851071490228456,0.8002618538661742,-0.3708019627371864,-0.7901915588849028,0.9246679594818975,-1.1825013963829183,-0.7163983306414644,-1.3963653201788244,0.9333230976207715,-1.649721428262236,0.15259302306387407,0.1809538626733511,0.274624720939709,0.10728176466521223,,,,,,,,,,,,,,
multi,vowel,clean,IPVS_PD_0bc86f51,1,M,o,2,268,-0.028586360775394205,-0.030455253926324255,0.4851621679133839,0.15082031699978274,0.6131840754806259,0.11273267423665081,-0.9399702335581367,1.1573036331453441,-0.6753701517979304,-0.2673470139687444,-1.2806854888244912,0.9424437744381987,-1.2097907884069432,0.37428120397825937,0.22750059464771064,0.366881345915893,0.23507924099273797,,,,,,,,,,,,,,
multi,vowel,phone,IPVS_PD_0bc86f51,1,M,o,2,268,0.5511311237458829,-0.32444745467768776,1.0033722078358684,-0.13035621181314375,1.12440342962006,-0.20783302932977676,-0.9718312551209956,1.0507392747166715,-0.9945583226688114,-0.4929701560349376,-1.5109269354078505,1.0069195718309025,-1.49988972786584,0.3661302018808667,0.2365617857615706,0.2405404609749028,0.1523455049519988,,,,,,,,,,,,,,
multi,vowel,clean,IPVS_PD_0bc86f51,1,M,u,1,418,-0.015031605485885863,0.3293024908219065,0.480067230642788,0.6528419705610427,0.6989990763721012,0.6983378058861173,-1.1340106234900535,1.6958442696976284,-1.0309282504022121,-0.48758678942445727,-1.69470532853452,1.5117695562186695,-1.9993563456431267,0.1804317290798469,0.26454287808852417,0.26823045099296694,0.1304281213628538,,,,,,,,,,,,,,
multi,vowel,phone,IPVS_PD_0bc86f51,1,M,u,1,418,0.32828813661185524,0.27911377219217165,0.7161942418250773,0.5258487873370685,0.87872475427058,0.3541630757233453,-1.0910735466177501,1.4607415821344134,-1.1397654270487172,-0.7413329277483244,-1.7021211388092192,1.3739731438339702,-2.1153060715822947,0.21586431478292836,0.23361505296944737,0.2952066245548268,0.17783598219589059,,,,,,,,,,,,,,
multi,vowel,clean,IPVS_PD_0bc86f51,1,M,u,2,273,-0.3595413601759708,0.16463094606544032,0.2731281232653242,0.542599764917836,0.4006689875414877,0.578720424933867,-1.1760525732329397,1.6665964863517069,-0.6831828711610852,-0.38179615830833263,-1.4072597420576847,1.1710057511474148,-1.5528019094557473,0.460184266978149,0.3294588909222308,0.55511474917093,0.5211738306611102,,,,,,,,,,,,,,
multi,vowel,phone,IPVS_PD_0bc86f51,1,M,u,2,273,0.1470265755147645,-0.11554970524527809,0.7204943458239238,0.2947269466790286,0.7476399802800381,0.39700427534002247,-1.2993304516329909,1.5119222474820686,-0.9450118064880371,-0.41895833439899216,-1.6390605753118341,1.15466408440561,-1.5736224188046022,0.3532200854080441,0.2688746732306588,0.40023490211282325,0.40593663116672585,,,,,,,,,,,,,,
multi,vowel,clean,IPVS_PD_b3bfc7ef,1,M,a,1,468,0.1401791105984796,-0.18190403108267075,0.6670018123819473,0.08893412578824564,0.7877708214817317,0.11083811690621342,-0.6100423635637506,1.0738708174503442,-0.7833876423801936,-0.3088995984339334,-1.122058446208636,0.9144518944692421,-1.2233514929031755,0.346415229677065,0.2750675911618256,0.4142678388937291,0.3604061218111289,,,,,,,,,,,,,,
multi,vowel,phone,IPVS_PD_b3bfc7ef,1,M,a,1,468,0.7403922266993962,-0.6723201623622407,1.1187556495903233,-0.48285218629431215,1.18309348980163,-0.5573290030584268,-0.29192689092869456,0.46473241487768946,-0.7684970065317256,-0.5936264896910664,-0.971677449261043,0.5577597679266482,-1.1513862576177145,0.2963820201764664,0.29493449789491694,0.342159516302936,0.23190563594355637,,,,,,,,,,,,,,
multi,vowel,clean,IPVS_PD_b3bfc7ef,1,M,a,2,279,0.4684223014222094,-0.352768874997218,0.7631497314343085,-0.12560160193570266,0.8108024043444346,-0.06917631511504833,-0.5772184762199954,0.7991392110755458,-0.4878685097017232,-0.20702797738758064,-0.9057560783518842,0.6225898755306499,-0.8296178529182305,0.15298514609370464,0.47965478981693427,0.4399790420142925,0.17388563807681112,,,,,,,,,,,,,,
multi,vowel,phone,IPVS_PD_b3bfc7ef,1,M,a,2,279,0.7827228334175764,-0.7031190452667383,1.0070778524734565,-0.535165158513735,0.9552745900210544,-0.5445004451204334,-0.604804656209325,0.4692879418825962,-0.6050936130024273,-0.17120859979172431,-1.0199569950442342,0.37153620725861314,-0.5427448070503375,0.24100654322745635,0.3149477850771597,0.35998543936489014,0.1815196182056348,,,,,,,,,,,,,,
multi,vowel,clean,IPVS_PD_b3bfc7ef,1,M,e,1,248,-0.34642546792825063,0.13098954111337663,0.14354591180880866,0.5737522507707278,0.26546806901693343,0.41419005701939265,-0.9423371148109436,1.2838547730445862,-0.5061822650829951,-0.3564688402414322,-1.1640758438408374,0.7453003292779128,-1.101769169519345,0.21413239841489565,0.17686993468113976,0.31965202503128554,0.20620397460263196,,,,,,,,,,,,,,
multi,vowel,phone,IPVS_PD_b3bfc7ef,1,M,e,1,248,0.1589157062768936,-0.2141161889831225,0.49871310353279114,0.2996896333495776,0.5471605564157168,-0.007180528044700623,-0.6554725868503253,0.8174353520944715,-0.67299041112264,-0.21005188107490538,-1.025615906616052,0.4374400967359543,-0.6474919778108597,0.3002919624018839,0.2651102833081081,0.24381676926538917,0.22480020893038916,,,,,,,,,,,,,,
multi,vowel,clean,IPVS_PD_b3bfc7ef,1,M,e,2,281,-0.4532133131866624,-0.2409473501542616,0.07377211035356014,0.2687529346646642,0.13735169551428958,0.27091084297239426,-0.5928296388606348,0.7127551031712245,0.012513987323236183,0.06770149556666437,-0.6047355950584073,0.17195979347066767,-0.1042582979040033,0.2894510221412821,0.16929653306945475,0.26770677746646,0.20638685140321614,,,,,,,,,,,,,,
multi,vowel,phone,IPVS_PD_b3bfc7ef,1,M,e,2,281,0.19868246743664938,-0.402243219360092,0.5254740984834863,0.12286110451588264,0.5043394163515441,-0.05340564444925658,-0.4951951951670223,0.5090964087367763,-0.29696855063621813,-0.12535521454183307,-0.7464615302325706,0.22765738665837154,-0.3530126012002046,0.3307010536375504,0.21958778526085765,0.407181834542822,0.17649663363604895,,,,,,,,,,,,,,
multi,vowel,clean,IPVS_PD_b3bfc7ef,1,M,i,1,518,-0.6174500560244689,0.6319778330433063,-0.2521514604584529,1.0879843715482798,-0.2051667584440647,0.8205559334884851,-0.8855773505683129,1.463987074410304,-0.48609894924820995,-0.6453900893624777,-1.0730757167897162,0.8038429680387847,-1.4492330574012624,0.2266617325383879,0.5245918142578101,0.5554782919177015,0.13120837223006576,,,,,,,,,,,,,,
multi,vowel,phone,IPVS_PD_b3bfc7ef,1,M,i,1,518,-0.023078227702241678,0.1490765582674589,0.29818457551300526,0.6532667814156948,0.3003311855479693,0.37290035317150444,-0.9422295449826962,1.0414890457087984,-0.7524718561997781,-0.781466521609288,-1.261046643822621,0.7432219803703424,-1.5246885019796304,0.25326527443208646,0.40886882701976973,0.41013965284876536,0.27302026870866325,,,,,,,,,,,,,,
multi,vowel,clean,IPVS_PD_b3bfc7ef,1,M,i,2,281,-0.768907503616175,0.5103070785308025,-0.3301840979143007,1.137020660575325,-0.33274812784773355,0.7694241612620608,-0.982756168179258,1.4365166958267166,-0.5126177607732412,-0.38821097273798383,-1.0519579754778619,0.7280680691084919,-1.1162790418464756,0.2990766927224795,0.18751848958607464,0.3549844331311498,0.38024236100580067,,,,,,,,,,,,,,
multi,vowel,phone,IPVS_PD_b3bfc7ef,1,M,i,2,281,-0.1613795443399418,0.0880036701464794,0.2826175053091444,0.8157419234337892,0.2444761754316691,0.5661304995153077,-0.9536564290170839,1.0417410819488164,-0.6843065734974731,-0.4804530975204953,-1.1632262542402956,0.597417892921253,-1.0778709904417483,0.27612955603755274,0.3812413128082321,0.3114430559114585,0.2815512412990773,,,,,,,,,,,,,,
multi,vowel,clean,IPVS_PD_b3bfc7ef,1,M,o,1,605,0.4283668228088988,-0.6110774271251741,0.9589363461355204,-0.22101088681004263,0.9988349105126273,0.20623781620306744,-0.4862837485620141,0.6672147868339681,-0.09150260202484026,-0.06672455570545079,-0.685756999701672,0.5155384314320879,-0.5822629871375387,0.17247212557449418,0.33400491463853316,0.467192030426996,0.21420887521576798,,,,,,,,,,,,,,
multi,vowel,phone,IPVS_PD_b3bfc7ef,1,M,o,1,605,0.7775292595638059,-0.6867104507674856,1.2080298804218776,-0.27742986992699387,1.2335175396900204,-0.019144844376679623,-0.49372587355043607,0.6474913795665933,-0.31423330343951866,-0.1352148940658438,-0.8895135924794786,0.53209300388482,-0.6673078979506637,0.12170046199194598,0.22332399100163766,0.2887337306566677,0.14238067901525464,,,,,,,,,,,,,,
multi,vowel,clean,IPVS_PD_b3bfc7ef,1,M,o,2,293,-0.17576348512186168,-0.46035834187168184,0.42624878487681267,-0.1774612351157571,0.5420128791514089,0.00588407809451475,-0.4916134651771373,0.9293939272562662,-0.40968229213340135,-0.05531502877083202,-0.7749045986240193,0.5129767010714543,-0.5682917298422864,0.1892700521405977,0.3295982260607141,0.4014892518085478,0.2520921224658475,,,,,,,,,,,,,,
multi,vowel,phone,IPVS_PD_b3bfc7ef,1,M,o,2,293,0.5046381670876411,-0.6747683069463504,1.0065713688141882,-0.3806758967496581,1.0369862575652236,-0.21411505551998225,-0.5305563957340973,0.807623675650796,-0.58455467703989,-0.22610122824119308,-1.051945101743364,0.6488764571962552,-0.8749776854374482,0.3952839557716026,0.3799925357162138,0.49285536293462556,0.31615724689103464,,,,,,,,,,,,,,
multi,vowel,clean,IPVS_PD_b3bfc7ef,1,M,u,1,521,0.08725832321773322,0.2475195585634,0.5722864097394882,0.6435744340141741,0.6562703985470933,0.8184314169727576,-0.9411122786541717,1.7757887554625733,-0.7657285996328909,-0.7246740923141138,-1.4585737921178532,1.4726784130254873,-2.1973525053396012,0.38038904833797205,0.2689238096376242,0.5197345338749287,0.36232259998780214,,,,,,,,,,,,,,
multi,vowel,phone,IPVS_PD_b3bfc7ef,1,M,u,1,521,0.4568271179454395,-0.17947468790002524,1.0214644809500477,0.18302735043600343,1.1561437608144534,0.43640892507550055,-1.1792166568219853,1.3916741318215196,-0.9905784873726269,-0.5709319734535279,-1.7304541897088195,1.2284219934346197,-1.7993539668881475,0.32942267740071696,0.43905156399176887,0.5198180021886554,0.40654810236605543,,,,,,,,,,,,,,
multi,vowel,clean,IPVS_PD_b3bfc7ef,1,M,u,2,276,0.10936883836984634,-0.4770212273999869,0.679124550018684,-0.08531273317983351,0.7339962868984923,0.15695424234292593,-0.7142301837363875,1.0986865882772998,-0.41080959913242293,-0.23301570620163378,-0.9978858260325638,0.8404727890548935,-1.0734884952565273,0.19192788935097088,0.21588236465211508,0.2957289986484355,0.13810495894855884,,,,,,,,,,,,,,
multi,vowel,phone,IPVS_PD_b3bfc7ef,1,M,u,2,276,0.6085810545517738,-0.721857571458242,1.1272099949868328,-0.36592421177999085,1.2114688917455902,-0.10775649529623699,-0.682446869067758,0.7329239556678089,-0.4029255059648709,-0.03064204142036208,-1.0487379602280007,0.6807599285707236,-0.7114019699910857,0.16105095928019703,0.1693718332556099,0.24184971646585843,0.15433245452560682,,,,,,,,,,,,,,
multi,vowel,clean,IPVS_PD_9bba66a1,1,M,a,1,522,-0.40356742918111715,-0.6903964013430723,-0.051795939683534534,-0.440460359926816,-0.05858230761661651,-0.6383974627609466,-0.291439663642531,0.011591205456454283,0.15681575528185837,-0.13018118483340665,-0.2187203086177065,-0.36074052670389223,0.2305593418704856,0.5017759948468615,0.3798608506463341,0.5732152828345741,0.42062364164614446,,,,,,,,,,,,,,
multi,vowel,phone,IPVS_PD_9bba66a1,1,M,a,1,522,0.04481119221183145,-0.8046485344125966,0.4280671342068417,-0.42293063627117,0.4240362376544126,-0.6003453124100995,-0.4473321453970709,0.18256485656758023,-0.10308855748290469,-0.05885099194896449,-0.5242718641830099,-0.21193554597627964,0.15308455402731516,0.4229687655365181,0.5247409606101947,0.5605262051200073,0.40523122896641844,,,,,,,,,,,,,,
multi,vowel,clean,IPVS_PD_9bba66a1,1,M,a,2,268,-0.2818257939300419,-0.719751908455366,0.05564343690136333,-0.550257592657466,0.1329323410251994,-0.7899353024952206,-0.3229475867601089,0.0009168334949163743,0.22394910804283472,-0.09700175825460458,-0.2511859667935857,-0.28118844202685134,0.18418668377224678,0.23383785974278684,0.44497437486167674,0.4727089470450475,0.1579343045739204,,,,,,,,,,,,,,
multi,vowel,phone,IPVS_PD_9bba66a1,1,M,a,2,268,0.1933048473280153,-0.9262802946714708,0.6086215650041898,-0.6517258977264534,0.6686714767121974,-0.8426409242329774,-0.5765558726809643,0.1765495494559959,-0.03098252562829006,-0.13499694634918813,-0.6166068589613761,-0.10243359243750204,-0.03256335391168609,0.20867383270621462,0.5218264827808342,0.40009722522668323,0.258197535190039,,,,,,,,,,,,,,
multi,vowel,clean,IPVS_PD_9bba66a1,1,M,e,1,506,-0.4632228386441344,-0.3966943628497814,-0.07624858235450167,0.1873846111917182,-0.1298748639559275,-0.16386088591657186,0.09992336148494169,-0.1507743664183899,0.09493580269382189,-0.17819629897559552,0.18661034433171153,-0.6673257651885873,0.4891294662129918,0.32737044069549415,0.24849799638579445,0.2392838056925231,0.3965993181187546,,,,,,,,,,,,,,
multi,vowel,phone,IPVS_PD_9bba66a1,1,M,e,1,506,-0.1142627959580798,-0.47782890670197575,0.28835875849778714,0.12952509468519374,0.3079749328133307,-0.1935443587012981,-0.17708516576768538,-0.07380290868643083,0.02415710383732068,-0.11565497365633123,-0.11387966916357216,-0.5733273678312176,0.45767239417488637,0.24940689521410905,0.29322358113225594,0.26773554729316373,0.3635522883813473,,,,,,,,,,,,,,
multi,vowel,clean,IPVS_PD_9bba66a1,1,M,e,2,274,-0.3833560002855508,-0.08729917493211217,-0.07143521703869464,0.42990515820951347,-0.09718170268348901,-0.010569872716105128,-0.13231884100171457,0.06627634917217565,-0.090509605246136,-0.3134521434465087,-0.17291096301682024,-0.4667948365929615,0.15334269314645285,0.2054544537411965,0.2699232135831361,0.18794747282542837,0.28624323809902774,,,,,,,,,,,,,,
multi,vowel,phone,IPVS_PD_9bba66a1,1,M,e,2,274,0.11788990923080099,-0.4248793974339244,0.43556590207728996,0.08681375659014805,0.46346001021833305,-0.269593768450151,-0.3719559891306492,0.046479330454246105,-0.27524258914482164,-0.2794790913362101,-0.4574191671717598,-0.4403911893514086,0.1609120980151985,0.07837879559914596,0.04940286770374904,0.09657723129622732,0.04737750424823552,,,,,,,,,,,,,,
multi,vowel,clean,IPVS_PD_9bba66a1,1,M,i,1,507,-0.6146910337151074,0.3808632554577999,-0.15870429526587002,0.9643686658046284,-0.2051957353216703,0.7473196203591393,-0.8989811004185285,1.4790923177218829,-0.6463731375874066,-0.3829144119727807,-0.9790466963267718,0.5043249760006295,-0.8872393879734102,0.3813548098960307,0.44600266245372555,0.4772983837941732,0.2535082611799548,,,,,,,,,,,,,,
multi,vowel,phone,IPVS_PD_9bba66a1,1,M,i,1,507,-0.23871759899327014,0.11285522418921111,0.2732403989698066,0.8095338207776429,0.24513216429069393,0.6765137563963406,-1.1258528140724682,1.4198279392523843,-0.8253995451770845,-0.5086697489389631,-1.3133849108805422,0.567928224398953,-1.076597973337916,0.38762613041641286,0.5215853334493554,0.4954134445682417,0.26332744875218544,,,,,,,,,,,,,,
multi,vowel,clean,IPVS_PD_9bba66a1,1,M,i,2,281,-0.5793507085044003,0.27979600023941176,-0.045079181003852706,0.7450721720619314,-0.13371262712591497,0.6733128737063098,-1.2729419900115424,1.7479571908183351,-0.8467612259486723,-0.5565646024498009,-1.428393775894797,0.9662419502904429,-1.5228065527402437,0.6088428154010999,0.38684155718386304,0.42403347845293554,0.4102388792607631,,,,,,,,,,,,,,
multi,vowel,phone,IPVS_PD_9bba66a1,1,M,i,2,281,-0.2150882870487913,-0.06793670717781113,0.33917803718493533,0.524659733624148,0.22628116281427577,0.6454027485565321,-1.215397880980249,1.407283084632377,-0.7333232870645071,-0.5871607335008813,-1.379288507107447,0.7515789661997345,-1.3387396997006158,0.5408173144876437,0.29593786288669277,0.2900390781288364,0.4831292654726887,,,,,,,,,,,,,,
multi,vowel,clean,IPVS_PD_9bba66a1,1,M,o,1,573,-0.15753168364365897,-0.7105330754449402,0.3339159399702929,-0.5289347336776015,0.2865066433298415,-0.44611035188039144,-0.6612310352964678,0.721040113788584,-0.3828563811986343,-0.7082236192580582,-0.977795751284862,0.49592713258512644,-1.2041507518431847,0.37637606283442265,0.3926537377444522,0.45077550678181233,0.20885665585522467,,,,,,,,,,,,,,
multi,vowel,phone,IPVS_PD_9bba66a1,1,M,o,1,573,0.19421579500903255,-0.8276100580243096,0.7592699522557466,-0.5754016001587329,0.7257563521464666,-0.39428327675314917,-0.772902538638184,0.7549060833626899,-0.6013899510753328,-0.4969582653132038,-1.189142662718676,0.47226104719051415,-0.969219312503718,0.2105020336818932,0.27116108549464973,0.24302671734844739,0.11931749665903135,,,,,,,,,,,,,,
multi,vowel,clean,IPVS_PD_9bba66a1,1,M,o,2,287,-0.10335152462727762,-0.8012245438691509,0.3640545625562613,-0.6052144634930384,0.3664656192753356,-0.6841802443727593,-0.6427314470958159,0.5334075417132736,-0.2678109041355938,-0.6384638503107721,-0.8507036084384587,0.3717365247665802,-1.0102003750773523,0.3042765227833399,0.36791019187056767,0.25596990858779983,0.16113838940341269,,,,,,,,,,,,,,
multi,vowel,phone,IPVS_PD_9bba66a1,1,M,o,2,287,0.3655766421832101,-0.8563209408625013,0.949651527266971,-0.6015449191276738,0.9799596350317057,-0.5574758629061584,-0.8769370224434516,0.704585808033199,-0.4806690292723606,-0.2696091920740343,-1.157229939292621,0.45005928625950237,-0.7196684783335366,0.10244826467762629,0.22061007831840004,0.24098611959074986,0.05838685291143535,,,,,,,,,,,,,,
multi,vowel,clean,IPVS_PD_9bba66a1,1,M,u,1,495,-0.08497625117751484,-0.1203001218813437,0.5551262287680148,0.30524048490155026,0.6925838458216953,0.40722068005338663,-1.0989452682761631,1.5399023864405725,-1.0808634292397032,-0.7474846037148627,-1.685901954920605,1.2054680238669166,-1.9529526275817795,0.3582271831728035,0.5384619937253812,0.3993166849707668,0.21824712471656618,,,,,,,,,,,,,,
multi,vowel,phone,IPVS_PD_9bba66a1,1,M,u,1,495,0.3133186577546476,-0.3785936099912984,0.9924625750342604,-0.015832169389082527,1.115019597589769,0.20147671422573052,-0.928593766809714,1.0858629480355517,-0.9052263843491423,-0.4633271803558876,-1.3602430152170586,0.7242405841609946,-1.1875677645168823,0.24521189723030126,0.2912535608514274,0.44790691247280456,0.27903222353041174,,,,,,,,,,,,,,
multi,vowel,clean,IPVS_PD_9bba66a1,1,M,u,2,293,-0.13282159821125072,0.024751758676464276,0.41873410167330405,0.46007986998153944,0.4950210804824775,0.33596861278269924,-1.0003952481652383,1.4325260011489782,-0.7803408207192932,-0.6191829395832988,-1.2922718434010523,0.8800758786794156,-1.4992588182627145,0.3830439348333963,0.37725655408471703,0.3244262766178506,0.2813709139319055,,,,,,,,,,,,,,
multi,vowel,phone,IPVS_PD_9bba66a1,1,M,u,2,293,0.10320677528273588,-0.05017148589683791,0.7336677016511475,0.39707926387167247,0.8480733742484938,0.34657893510861587,-1.123009410955138,1.4204331888990887,-0.8360090302882222,-0.44742909709444156,-1.4643171311771803,0.9472284498861281,-1.3946575469805695,0.4328198008069724,0.44044060743331503,0.320117585132408,0.20499873220472467,,,,,,,,,,,,,,
multi,vowel,clean,IPVS_PD_babad183,1,M,a,1,853,0.12505126231827465,-0.9063765444079338,0.49618055765856545,-0.6093071715989773,0.514889801193399,-0.6225828210628985,-0.41148811514846995,0.22705068100120357,-0.19514155140978087,-0.4003819451026517,-0.6644335300834091,0.11822075144066448,-0.5186026965433161,0.24255350889880245,0.40875087942807126,0.4442102970068075,0.24973076691653054,,,,,,,,,,,,,,
multi,vowel,phone,IPVS_PD_babad183,1,M,a,1,853,0.6178589421696598,-1.0323732131638257,1.0141648912174195,-0.7486981409683562,1.0144309691983124,-0.7569903795540217,-0.679040720123529,0.3836579260363681,-0.6289143364215687,-0.4316296501931159,-1.0991492006513808,0.34554242038442146,-0.7771720705775373,0.2417277430358372,0.3407149409714959,0.3959252481125674,0.2333132260617198,,,,,,,,,,,,,,
multi,vowel,clean,IPVS_PD_babad183,1,M,a,2,273,0.07662996351718902,-0.90437433701573,0.42188945403604794,-0.7291190044446425,0.4370126027952541,-0.8391695071350445,-0.4242385237957492,0.2646681668180408,-0.11306934817270799,-0.26134964259284915,-0.5921641970674197,0.11618961367869016,-0.37753925627153934,0.2660506680015989,0.26906777454362424,0.27723001881411374,0.1982489441720704,,,,,,,,,,,,,,
multi,vowel,phone,IPVS_PD_babad183,1,M,a,2,273,0.4533916022741433,-1.0264243492574403,0.8913750644886133,-0.7573883529865381,0.8560132028478564,-0.7687810248497761,-0.6685007592945388,0.4416810140465245,-0.47134772087588456,-0.2616553915720997,-0.9869999442136649,0.3144993067803708,-0.5761546983524706,0.1940816447237026,0.17588286083179272,0.2010346472588659,0.18518335068016134,,,,,,,,,,,,,,
multi,vowel,clean,IPVS_PD_babad183,1,M,e,1,836,-0.3115576597086462,-0.2346271963945898,-0.01992616829169224,0.3757965312417285,-0.0658814556213964,0.05738106643061239,-0.10459548318053621,0.17309481016846293,0.01705343441006197,-0.29487403033234444,-0.10473327488597646,-0.3749395687340859,0.08006553840174144,0.23950252029017896,0.3692671868376212,0.39174818914520326,0.2665980247363314,,,,,,,,,,,,,,
multi,vowel,phone,IPVS_PD_babad183,1,M,e,1,836,-0.14548296392320162,-0.3828277600060896,0.24165245335534274,0.19853653019642925,0.2075187395590235,-0.07854407562677604,-0.41376272847215495,0.3223591689836694,-0.25874142350250506,-0.361202613469139,-0.5589866629575353,-0.23040144812256336,-0.13080116534657568,0.28472052183948493,0.3750288078031377,0.41678799578025205,0.2906756469128811,,,,,,,,,,,,,,
multi,vowel,clean,IPVS_PD_babad183,1,M,e,2,281,-0.6123833092006706,-0.14621656242559647,-0.2718037850934373,0.29811083503376096,-0.29991679396149673,-0.06900930334125045,-0.33469871656429134,0.3591916762160126,-0.14259585385491863,-0.2984883156577511,-0.32693840157703535,-0.26795217637303315,-0.030536139284717965,0.24588150142544987,0.4482683741649656,0.40038469439347446,0.3901953089083855,,,,,,,,,,,,,,
multi,vowel,phone,IPVS_PD_babad183,1,M,e,2,281,-0.2677784965941187,-0.475281709573678,0.16746435971302392,-0.02499836780263122,0.14265537473577014,-0.23773004026455286,-0.5920282589084298,0.4054078488395764,-0.42021880894017644,-0.2793206095960013,-0.6688242244297231,-0.22342229080138473,-0.05589831879461658,0.393755813778846,0.5902454496087028,0.4397886142429198,0.582573949666847,,,,,,,,,,,,,,
multi,vowel,clean,IPVS_PD_babad183,1,M,i,1,820,-0.8885309674996671,0.6457982258341177,-0.5455235897040949,1.462174579137709,-0.5787271172171686,0.952445766608405,-0.5705065410129908,0.9908212251294919,-0.21857467454259957,-0.47587841797650343,-0.48094239091212915,0.07861811159617775,-0.5544965295726813,0.43363652305539313,0.4416249592120457,0.5104164631501638,0.3904960657097856,,,,,,,,,,,,,,
multi,vowel,phone,IPVS_PD_babad183,1,M,i,1,820,-0.286916713283314,0.19498659079758132,0.15779614312256254,0.9648767155481548,0.1936972902981731,0.6308614378416442,-0.906707227593515,0.9779039382692275,-0.45075511783967176,-0.4156878032698864,-0.9250781038488315,0.20362962828949094,-0.6193174315593774,0.4579937744996681,0.401515594643951,0.41556283278022554,0.4565762127145573,,,,,,,,,,,,,,
multi,vowel,clean,IPVS_PD_babad183,1,M,i,2,276,-0.8798543046037834,0.6358643287276647,-0.5859186065843306,1.2763304049710193,-0.6241464246827436,0.6230221607957978,-0.5641763274030513,0.9192156597792384,-0.13207068393029361,-0.5020570770265108,-0.46100624085190783,0.05183795094490051,-0.5538950279714113,0.5551229159835431,0.5466346191491915,0.5193465430019347,0.34831752616427425,,,,,,,,,,,,,,
multi,vowel,phone,IPVS_PD_babad183,1,M,i,2,276,-0.40795811903045837,0.2753727771790631,-0.03223505463585796,0.9257681793477162,-0.045598762940211465,0.38710983384804554,-0.8075473107487322,0.8904145333063171,-0.3932463821158352,-0.5273947020072535,-0.8087444765022002,0.1488915781703699,-0.6762862801776234,0.5693949618627151,0.4374413704040489,0.46025535510554116,0.5658959536671457,,,,,,,,,,,,,,
multi,vowel,clean,IPVS_PD_babad183,1,M,o,1,718,0.2628437530387331,-0.4246667831515272,0.583014795763625,-0.19489798191244956,0.48448937607032283,-0.2678680821425385,-0.5906452151981217,0.9154118302243727,-0.6571081219999878,-0.7784441404596523,-0.9881386176027633,0.7487824377086427,-1.527226578168295,0.3723781765996619,0.3174497178756405,0.31687678166067285,0.2736155603360621,,,,,,,,,,,,,,
multi,vowel,phone,IPVS_PD_babad183,1,M,o,1,718,0.5085420742010077,-0.5985539180261118,0.9561955316199197,-0.3274584404986214,0.8269287488526769,-0.31648851355054863,-0.7289332070698341,0.8366025090907458,-0.9205244370149793,-0.5392372143213395,-1.2031090967357159,0.5711559247208277,-1.1103931390421673,0.27240188906019663,0.26013761413223224,0.3760389910916344,0.2958688564225092,,,,,,,,,,,,,,
multi,vowel,clean,IPVS_PD_babad183,1,M,o,2,293,0.1742584878778727,-0.6634835713664017,0.6330627279598161,-0.3714531644926233,0.5682027100843224,-0.3693342575077283,-0.7375978733186668,0.9661973980860522,-0.5912519752305779,-0.5752934677115942,-1.070710440139986,0.6441662134760517,-1.219459681187646,0.2610922403073303,0.4337281930820476,0.3178698098300642,0.29460207647046965,,,,,,,,,,,,,,
multi,vowel,phone,IPVS_PD_babad183,1,M,o,2,293,0.3881922335611225,-0.6722688279246206,0.9496616897946697,-0.4099990874528885,0.8600579148295235,-0.28758998122592433,-0.9522507790118288,0.9674755829875752,-0.7981442021953185,-0.34614367223223724,-1.3331688423614718,0.5869308580449746,-0.9330745302772118,0.31690389426219073,0.4886920096025966,0.49905073771415936,0.3719318933511183,,,,,,,,,,,,,,
multi,vowel,clean,IPVS_PD_babad183,1,M,u,1,640,-0.36796141404192895,0.2845787234449138,0.12836476659867913,0.6826443858444691,0.216429931189244,0.48097390006296337,-0.9968312292670211,1.6081892571722467,-0.7794651457030947,-0.5790775799250696,-1.2807178855873644,0.9683605502117038,-1.5474381301367732,0.38007618150110095,0.33086589454614695,0.3624294698226882,0.39689581743605845,,,,,,,,,,,,,,
multi,vowel,phone,IPVS_PD_babad183,1,M,u,1,640,0.17210023904529712,-0.010773374427420398,0.7829574183560908,0.4578235459824403,0.9475027547062685,0.38089951845662046,-1.1088329086390634,1.3674401175230742,-0.8406122426968068,-0.2295807308886045,-1.4574463837780058,0.9267570225832363,-1.1563377534718409,0.4177335261346957,0.3805539746126239,0.38018487061714024,0.32250655943602646,,,,,,,,,,,,,,
multi,vowel,clean,IPVS_PD_babad183,1,M,u,2,299,-0.21317027369256836,-0.14982161321034088,0.3369354339758994,0.22106304855307163,0.33988342652334036,0.22422670700602768,-1.0849012008029453,1.5080281581667905,-0.5995230245820725,-0.4300261199968296,-1.2362591489243901,0.8720620155993087,-1.3020881355961382,0.3152197865480066,0.34617913061475614,0.3348101036016649,0.1576240802939331,,,,,,,,,,,,,,
multi,vowel,phone,IPVS_PD_babad183,1,M,u,2,299,0.2759310726632071,-0.2776369416252684,0.8445259792040725,0.12365868926377586,0.9186788833602357,0.12444358331393142,-1.1901945834001784,1.252292017910362,-0.7977283419166481,-0.252711922588928,-1.4417137207247275,0.7864457230541587,-1.0391576456430867,0.5309188450463275,0.46918558097176866,0.4554597825631334,0.2016229202341801,,,,,,,,,,,,,,
multi,vowel,clean,IPVS_PD_e32f1f63,1,M,a,1,1320,-0.02767584297918912,-0.8348624106458943,0.3811067428740889,-0.6340898683840277,0.3536698509271097,-0.583412515789722,-0.4455349187771178,0.3740380155440006,-0.17364659079472827,-0.2370854620445482,-0.6503685549691771,0.11596914508963248,-0.3530546071341807,0.5248907291130295,0.5215571090689002,0.5841534056474512,0.47619475401092876,,,,,,,,,,,,,,
multi,vowel,phone,IPVS_PD_e32f1f63,1,M,a,1,1320,0.31446756659583613,-0.9439773009807775,0.7516209637990805,-0.7294322741264948,0.7252665140825991,-0.7139459833164107,-0.7714353845727564,0.3801355514195607,-0.6102200114553926,-0.43948811048999276,-1.0990108816762163,0.215850431258047,-0.6553385417480398,0.38727225851978764,0.5307040381644038,0.6263337300828998,0.42695194713201395,,,,,,,,,,,,,,
multi,vowel,clean,IPVS_PD_e32f1f63,1,M,a,2,278,0.2227504432556175,-0.8227591871150902,0.5994044070442518,-0.5116414593621379,0.6643145969581037,-0.49326601739795434,-0.40065555930847213,0.2624759046981732,-0.08033410646021366,0.03431236974540211,-0.5068390777423268,-0.030579489744490103,0.0648918594898922,0.3658906789695039,0.33165471286500986,0.5036027405577502,0.41882091182171743,,,,,,,,,,,,,,
multi,vowel,phone,IPVS_PD_e32f1f63,1,M,a,2,278,0.5162668347890887,-0.9105722034970919,0.9176135552780968,-0.6244574788780439,1.0203520111030056,-0.6466629203586352,-0.6930603882563966,0.24350679488409133,-0.41378832262541565,-0.13483911380171776,-0.8879813298228241,0.05369331606752461,-0.18853242986924237,0.503886572451124,0.3184796316098221,0.38632132550730597,0.5654332171559489,,,,,,,,,,,,,,
multi,vowel,clean,IPVS_PD_e32f1f63,1,M,e,1,1559,-0.11625976332541846,-0.3393434844314734,0.18168543920064048,0.161921511560265,0.100110721594496,0.03736010478489427,-0.1638798955330981,0.42480862021382615,-0.2490816217317398,-0.2552283220350933,-0.30147460733591047,-0.041570812746039576,-0.21365750928905375,0.4377504696131782,0.44302013957676994,0.49097981154098247,0.38470957088868424,,,,,,,,,,,,,,
multi,vowel,phone,IPVS_PD_e32f1f63,1,M,e,1,1559,0.23822805501735325,-0.48430699262700444,0.5459954237511725,0.041128952529285355,0.45830265369779144,-0.10316313598046563,-0.5339594883496377,0.3947610234565389,-0.5022703221538914,-0.40022924665278153,-0.7785484013460744,0.01760746385770966,-0.4178367105104912,0.4568777908741088,0.45896991806056653,0.5486862845068582,0.45590279520239674,,,,,,,,,,,,,,
multi,vowel,clean,IPVS_PD_e32f1f63,1,M,e,2,275,-0.5105760807340796,0.06899420068119512,-0.10313115318616231,0.647439139178305,-0.08078318500157558,0.4022005196773645,-0.286686782764666,0.66000160538789,-0.09054481016867089,0.06360374842629288,-0.3239434470733007,0.036144313013011756,0.027459435413281122,0.3891140953980034,0.5371395011176261,0.41641056582496677,0.32039591076482443,,,,,,,,,,,,,,
multi,vowel,phone,IPVS_PD_e32f1f63,1,M,e,2,275,-0.037981260906566276,-0.16068165798981984,0.37396408021450045,0.45037396161845233,0.3893856782804836,0.2053164224733006,-0.5010698854923248,0.48059179638371324,-0.2373530342723384,-0.1333035747661735,-0.6104906755866426,-0.09891893662738077,-0.03438463813879273,0.3956316437950425,0.45218801939550185,0.5694234455327952,0.4180658299537074,,,,,,,,,,,,,,
multi,vowel,clean,IPVS_PD_e32f1f63,1,M,i,1,1392,-0.941240686049872,1.0091286671289987,-0.6457664110301214,1.8086890067780417,-0.6040980654755278,1.1473819265525307,-0.32642327611775773,0.921083728448626,-0.18966583576071205,-0.5129524729522079,-0.3551640229914605,0.08885746667357652,-0.6018099396257844,0.4479517670106337,0.510693268377486,0.47082793227148995,0.400915067457982,,,,,,,,,,,,,,
multi,vowel,phone,IPVS_PD_e32f1f63,1,M,i,1,1392,-0.48493747234914863,0.5049719775015372,-0.16323323816987886,1.4322047287767583,-0.17094315436967253,0.8580607257106088,-0.32324430991730624,0.6586194953671768,-0.40084506991947666,-0.5439670444176528,-0.4669266146202193,-0.05510356317332202,-0.48886348124433077,0.3381971392656316,0.4141625282338776,0.43846943644394404,0.3603069639895432,,,,,,,,,,,,,,
multi,vowel,clean,IPVS_PD_e32f1f63,1,M,i,2,277,-0.8198451269529536,0.8760842959324043,-0.3175774606580506,1.5407369308129042,-0.19102124004306908,1.2384386276770494,-0.6212449983922307,1.201382251199848,-0.2496573261158195,-0.16890184898040966,-0.5505719077801277,0.35461428029808456,-0.5235161292784942,0.33225220140127404,0.6332104685118057,0.6777092537315278,0.41044740514967626,,,,,,,,,,,,,,
multi,vowel,phone,IPVS_PD_e32f1f63,1,M,i,2,277,-0.6699554352703209,0.5841594654285979,-0.1990422926798552,1.3764720448476826,-0.0689393656696388,0.9157153182400914,-0.6087485266302874,0.7749001620236985,-0.14214464549175992,-0.26183914250420953,-0.5608762831031205,0.07612274621730436,-0.3379618887215139,0.2993818257645914,0.5535003136667161,0.5854463009050601,0.28531881832777717,,,,,,,,,,,,,,
multi,vowel,clean,IPVS_PD_e32f1f63,1,M,o,1,1513,0.23114436558305365,-0.6274256804923151,0.657191879235872,-0.300351997331293,0.6952209616913916,-0.2336398447700853,-0.37688920387078173,0.6390431091492653,-0.2754132128981474,-0.45625239759847536,-0.7405111030465437,0.4024057610962454,-0.8586581586947207,0.6514333563792333,0.41858564693823486,0.5015816196031195,0.6290442676952186,,,,,,,,,,,,,,
multi,vowel,phone,IPVS_PD_e32f1f63,1,M,o,1,1513,0.47927550596110235,-0.6202505360079809,0.9723039673696651,-0.2025093178544501,1.0429143326641834,-0.08577952220035989,-0.66724461725246,0.7749385966440895,-0.5767569969786276,-0.5601631736360302,-1.1557339099374149,0.45339554883908517,-1.0135587224751152,0.6111044851623946,0.4688314266320972,0.5610385178887412,0.6644233044556227,,,,,,,,,,,,,,
multi,vowel,clean,IPVS_PD_e32f1f63,1,M,o,2,278,0.10725769906171731,-0.5103245515908513,0.5714925332438379,-0.3626071894097896,0.5936694947027025,-0.24363779906360877,-0.5406644098638069,0.8270228900724933,-0.3638380344602324,-0.32202953982743476,-0.8841080119212469,0.5681885457819417,-0.8902180856093764,0.36074120833479784,0.39219234640616957,0.5322044187860139,0.29314753518187925,,,,,,,,,,,,,,
multi,vowel,phone,IPVS_PD_e32f1f63,1,M,o,2,278,0.5220646733152015,-0.6591661966272763,1.05555629410914,-0.41115510720937026,1.1466072308165687,-0.2549371532208863,-0.7233445676309722,0.6846552524893057,-0.34514920236099333,-0.3807057799505336,-1.0904902109787578,0.45185081206173416,-0.8325565920122677,0.2612857108008311,0.2517524683980243,0.42972313875090856,0.26489248221497436,,,,,,,,,,,,,,
multi,vowel,clean,IPVS_PD_e32f1f63,1,M,u,1,1385,-0.14730155294050523,0.30252908071599427,0.23854809468690524,0.8104994640597081,0.31074144412392457,0.7832129638906564,-0.6744269875879035,1.5162145122437414,-0.936080033275625,-0.44748719466041,-1.1921419847025911,1.0696396023555066,-1.5171267970159166,0.3112986003463899,0.33308680055194323,0.3745104099473787,0.249868448387168,,,,,,,,,,,,,,
multi,vowel,phone,IPVS_PD_e32f1f63,1,M,u,1,1385,0.5095114890490485,-0.16477766190123186,0.9693008423138468,0.2932030591759584,1.048838546524266,0.4326487365038673,-0.7486363885886116,1.073640448894132,-1.0923701744217305,-0.4575616415818676,-1.375155729686597,0.8045434370125889,-1.2621050785944565,0.2148408371027924,0.3609942353767457,0.3830389296996358,0.2170225943897054,,,,,,,,,,,,,,
multi,vowel,clean,IPVS_PD_e32f1f63,1,M,u,2,277,0.07249378203274962,-0.15132051411860004,0.6284421872414515,0.20156905777797013,0.71039940050976,0.5036858223869415,-0.7755413606852114,1.2196232863885914,-0.7539533673824664,-0.21406735109533379,-1.2166437617319072,0.9785356071894754,-1.1926029582848092,0.502449273487498,0.5936168851633087,0.5458255897781723,0.4510064549304966,,,,,,,,,,,,,,
multi,vowel,phone,IPVS_PD_e32f1f63,1,M,u,2,277,0.4163176146988383,-0.3568169794039812,1.030073252355981,-0.018309981077017184,1.1404752667971,0.23816775008589922,-0.752426929548829,0.9866319569106587,-0.7947809289315504,-0.08709064835381365,-1.2455014133167839,0.7649611234107239,-0.8520517717645375,0.5366447517415549,0.690404321454841,0.7210343941781541,0.5709162022975623,,,,,,,,,,,,,,
multi,vowel,clean,IPVS_PD_5fcdd5c0,1,M,a,1,707,0.11147000232163598,-0.8187722436820759,0.5353200196518617,-0.48453020316712997,0.5429400109192904,-0.2736131300996332,-0.41727088991333455,0.5406911665376495,-0.17752710317864137,-0.04532402126228108,-0.6576764282058267,0.42149946392459026,-0.46682348518687133,0.44440711790902915,0.461338486426628,0.721589712248258,0.5234276864877052,,,,,,,,,,,,,,
multi,vowel,phone,IPVS_PD_5fcdd5c0,1,M,a,1,707,0.6843791178044151,-0.9406360477910323,1.1197062048841926,-0.6167262105030172,1.106568652847234,-0.4969363889974706,-0.6781228991817025,0.4485048215617152,-0.6258819150574068,-0.178868940498899,-1.1279684571658863,0.4560337247962461,-0.634902665295145,0.4229563761989204,0.3373371808784032,0.6906010014930608,0.46300097154490244,,,,,,,,,,,,,,
multi,vowel,clean,IPVS_PD_5fcdd5c0,1,M,a,2,276,-0.20549557932529106,-0.7101380920194718,0.2869121122611574,-0.4935261634997575,0.3489669414169817,-0.3415550173047077,-0.7282994608563113,0.6775453781866165,-0.3030345678688532,-0.22881024905357017,-0.8950335494725101,0.585476227463728,-0.8142864765172981,0.10920930554963992,0.37718809431200695,0.344834556981991,0.1781110947476953,,,,,,,,,,,,,,
multi,vowel,phone,IPVS_PD_5fcdd5c0,1,M,a,2,276,0.207049875553832,-0.8038061271948986,0.6510913030031216,-0.5908637367278696,0.6616348732846329,-0.5986959083252642,-0.862782798258655,0.572118634560022,-0.6365573426865669,-0.23368713389857707,-1.1797401940966228,0.4864160261419882,-0.7201031600405653,0.15343784164940583,0.2517263601926279,0.2418862177908418,0.18459469933632083,,,,,,,,,,,,,,
multi,vowel,clean,IPVS_PD_5fcdd5c0,1,M,e,1,580,-0.3436325577398141,-0.06664913062049055,-0.04559201952712289,0.47433284665832576,-0.05808135820017464,0.24377957804278397,-0.18009764833868236,0.2978482163757428,0.13584133323239184,0.0930402358009041,-0.12601469324409276,-0.2196929400743938,0.3127331758752979,0.49265955136814077,0.45797509372790324,0.44966557175111077,0.6484559206842903,,,,,,,,,,,,,,
multi,vowel,phone,IPVS_PD_5fcdd5c0,1,M,e,1,580,-0.11412189369914176,-0.15790300923346104,0.2367858263696062,0.3532474256795028,0.27341608630343417,0.061185170179125906,-0.25512423995753813,0.1792892731469253,-0.06393929939160402,0.05050035073668107,-0.29246527954250917,-0.291233548000669,0.34173389873735005,0.4333083187733993,0.4354437940460454,0.40781932368260226,0.6103797355844888,,,,,,,,,,,,,,
multi,vowel,clean,IPVS_PD_5fcdd5c0,1,M,e,2,278,-0.5948572275894028,-0.20428759418427944,-0.1332376953214407,0.3820417621838195,-0.11529805564454623,0.12992619980304015,-0.24055086581834725,0.3013951875978992,0.12084779063505786,0.12086284364618007,-0.13491094427271969,-0.27098157355517505,0.3918444172013551,0.43531697901887073,0.5035400317214878,0.5733178557593893,0.2729442965445007,,,,,,,,,,,,,,
multi,vowel,phone,IPVS_PD_5fcdd5c0,1,M,e,2,278,-0.1392216407472179,-0.2874597507041125,0.3067552496989568,0.2638332731134835,0.3393502572462672,-0.030749449949888957,-0.46611543132790495,0.28738821599455106,-0.125795440304847,-0.017561164684593678,-0.4852328694292477,-0.2105459153452622,0.19298475066066853,0.24678682236182362,0.5292393329581546,0.4652784873158632,0.22764027746648455,,,,,,,,,,,,,,
multi,vowel,clean,IPVS_PD_5fcdd5c0,1,M,i,1,401,-0.992775928801026,1.1009332273634638,-0.7150538065374145,1.739557924606988,-0.6978260747377308,1.1721592963483818,-0.5195724413231695,1.2939106363231216,-0.11528880393356702,-0.354482366923722,-0.44859581159358203,0.2849691282509521,-0.639451495174674,0.36815253114112845,0.5404396175245321,0.46644986380506775,0.3274909603734697,,,,,,,,,,,,,,
multi,vowel,phone,IPVS_PD_5fcdd5c0,1,M,i,1,401,-0.40134042550914023,0.6132452767419617,-0.0643585347164716,1.3550699821893606,-0.0992572582114287,0.8981420845411625,-0.7634106595610187,1.1000986849865972,-0.3569663183694064,-0.4154099680761579,-0.8109302673473398,0.3474014563277302,-0.762811424403888,0.3479276326452708,0.31229678825603185,0.28760824706641985,0.33127563713536606,,,,,,,,,,,,,,
multi,vowel,clean,IPVS_PD_5fcdd5c0,1,M,i,2,277,-0.9353761016251798,0.7693081126955454,-0.5797672170008014,1.2799766691858896,-0.5624756427582153,0.8215678607275386,-0.6274216855892878,1.1312752701565176,-0.19014638662338257,-0.18235442608951807,-0.5487174288241449,0.23375696571778037,-0.41611139180729845,0.4279923750282721,0.5878542477732818,0.6917916105122504,0.3707941453436538,,,,,,,,,,,,,,
multi,vowel,phone,IPVS_PD_5fcdd5c0,1,M,i,2,277,-0.5360217792188336,0.5554055735736549,-0.13420333664217396,1.2025856022349375,-0.09321981775546502,0.7510755492184691,-0.8361737465787077,0.972475009407112,-0.3479397125140636,-0.3807059763345176,-0.8019222576104238,0.13491217563386093,-0.5156181519683785,0.2637069861689677,0.5631737097544142,0.6528632532542178,0.20363786797602423,,,,,,,,,,,,,,
multi,vowel,clean,IPVS_PD_5fcdd5c0,1,M,o,1,519,0.09639488003505305,-0.5765538655054836,0.5715593849889006,-0.38163911248929205,0.6247776778170857,-0.28010010714538564,-0.7258613701826467,0.7708038517151968,-0.39095718520708356,-0.11239123509857601,-0.9511174685991229,0.4920136125121539,-0.60440484761073,0.732415619601605,0.5837704887509672,0.6580453970010381,0.4494037536478925,,,,,,,,,,,,,,
multi,vowel,phone,IPVS_PD_5fcdd5c0,1,M,o,1,519,0.5992330815464544,-0.5796752375440476,1.1777178679411404,-0.42794516834968954,1.2402421935869101,-0.22540665582155647,-1.0799587954061862,0.8972767428182565,-0.7279872816686813,-0.12501084448668523,-1.4208428883514466,0.6058436331455224,-0.7308544776322076,0.6824130332274867,0.6979184363012495,0.7227377992518123,0.6409402037798072,,,,,,,,,,,,,,
multi,vowel,clean,IPVS_PD_5fcdd5c0,1,M,o,2,278,0.04211975793753352,-0.7291185543650672,0.48753717275602476,-0.5661327814949411,0.5224929628450246,-0.5238890165374392,-0.5970362038129852,0.6650764184693495,-0.25513933705432074,-0.3115509579933825,-0.8047196930717855,0.5449755195683489,-0.8565264775617314,0.6713061419623858,0.3497236643841401,0.3498756409594758,0.4557454887829289,,,,,,,,,,,,,,
multi,vowel,phone,IPVS_PD_5fcdd5c0,1,M,o,2,278,0.23443183719757058,-0.7473988942801952,0.7465848831371182,-0.5882494344065586,0.7180975623251427,-0.541525717469908,-0.8758742291302908,0.6751693873887971,-0.5110586329052845,-0.1919289061888343,-1.167563420498655,0.5089983326227715,-0.7009272388116058,0.5333415643205359,0.3748838136302362,0.33702443214385863,0.3386570952450327,,,,,,,,,,,,,,
multi,vowel,clean,IPVS_PD_5fcdd5c0,1,M,u,1,462,0.12767322779559404,-0.1524504019523696,0.5337318482158853,0.11907472423941111,0.4603907547944741,0.17803675081018064,-0.6161608101545478,1.2988254035548341,-0.6259989229788026,-0.4476832963472648,-1.0083836793041916,0.9778327451978656,-1.4255160415451305,0.7189338494696463,0.7170686162892383,0.8714643554774879,0.7778141437732639,,,,,,,,,,,,,,
multi,vowel,phone,IPVS_PD_5fcdd5c0,1,M,u,1,462,0.3736850848729662,-0.13475758689556191,0.8079395091040529,0.14854280227165428,0.8277048918304684,0.214455175635626,-0.9438633590722255,1.3616310121129742,-0.9146169670622983,-0.3361102751583504,-1.3573393448651265,0.9666319670651456,-1.302742242223496,0.7793134690901706,0.6812251802093411,0.8699076975251224,0.7997687379058671,,,,,,,,,,,,,,
multi,vowel,clean,IPVS_PD_5fcdd5c0,1,M,u,2,275,-0.1431046539183819,-0.10602511980316856,0.3604674086426244,0.17947328479001015,0.39053614564014205,0.29952001445221177,-0.8661387595263395,1.4632627768950028,-0.9416669567426046,-0.6531524082024892,-1.3860669136047363,1.1190677707845516,-1.7722201789870407,0.573765169438008,0.4193694991939651,0.3946032888360833,0.29918657765375983,,,,,,,,,,,,,,
multi,vowel,phone,IPVS_PD_5fcdd5c0,1,M,u,2,275,0.4540134538303722,-0.1554700154246706,0.947552476868485,0.14558997849623362,1.0689590681682934,0.23547995632345026,-0.986490399909742,1.3414437026688546,-1.1629562200921955,-0.6910441207163261,-1.6334631515271736,1.089972201983134,-1.7810163226994602,0.4512889485991874,0.3261427463409083,0.39404779274041396,0.2634776859477721,,,,,,,,,,,,,,
multi,vowel,clean,IPVS_PD_131a10e3,1,M,a,1,984,-0.02342675455115937,-0.686853078521184,0.6117055738797864,-0.4329803447062905,0.7452425366468929,-0.029948772862553596,-0.7116069075827663,1.0900723715690341,-0.6352624685780422,-0.13946893439955405,-1.210454411603309,0.8963568524451222,-1.0358257868446763,0.27744428800747284,0.39485816004036683,0.43952686421392645,0.2664221188218246,,,,,,,,,,,,,,
multi,vowel,phone,IPVS_PD_131a10e3,1,M,a,1,984,0.47426122313717733,-0.8698308929498937,1.1051030335696161,-0.49667996953468063,1.2310469830156983,-0.20512080826872103,-0.8093444183468819,0.8777207369739944,-0.8736581292909544,-0.2046248807282363,-1.4116488232000455,0.8328027224539452,-1.0374276031821814,0.2967605290770666,0.34430497545948446,0.38605301836443245,0.18715181591120825,,,,,,,,,,,,,,
multi,vowel,clean,IPVS_PD_131a10e3,1,M,a,2,278,0.01524190515989349,-0.5030781474141848,0.5288885892147109,-0.4919666326826527,0.6993320361666736,-0.48739489842028844,-0.7390725953238351,0.9225724005982989,-0.6588196373943772,-0.3307765791015256,-1.1885178614230383,0.7464595690724396,-1.0772361481739652,0.21542865286513505,0.41597013684972844,0.24948424340787542,0.08974126438194456,,,,,,,,,,,,,,
multi,vowel,phone,IPVS_PD_131a10e3,1,M,a,2,278,0.6318324869942098,-0.7942198755308276,1.1401214528651464,-0.6406576009910732,1.2878686079666728,-0.6386646309956199,-0.7593347128658068,0.7233635199566683,-0.7455671340936706,-0.3403871826650131,-1.2810902130745707,0.6587460762710267,-0.9991332589360398,0.31141985873712286,0.2776553074623267,0.22479066959724206,0.09871747885035509,,,,,,,,,,,,,,
multi,vowel,clean,IPVS_PD_131a10e3,1,M,e,1,758,-0.3484599298813887,0.12823884241413652,0.08470426604413149,0.6051603398824993,0.21090224826414333,0.40847579147993474,-0.4206140797519893,0.6974647323143456,-0.29061567789891307,-0.052565819739053644,-0.5633090494707096,0.14013795384712385,-0.19270377358617752,0.32422281604983116,0.36952968320628865,0.36255345462382743,0.2325094640029101,,,,,,,,,,,,,,
multi,vowel,phone,IPVS_PD_131a10e3,1,M,e,1,758,0.160023611627127,0.010370264842844847,0.5739222047687099,0.6100918319599148,0.7514482039239323,0.3498557783140425,-0.4548907563613172,0.5827948309954974,-0.3996119186478226,-0.17430714441855488,-0.7020885074641883,0.17657594004923707,-0.35088308446779193,0.3825289760268272,0.4113988557758177,0.428862780338629,0.23167711290563373,,,,,,,,,,,,,,
multi,vowel,clean,IPVS_PD_131a10e3,1,M,e,2,277,-0.47612755419965275,0.3437286449406675,-0.06574189725393306,0.7942204025691141,0.09553196981638491,0.5441765927090616,-0.5702321165336106,0.8916983193980006,-0.18467116641427228,-0.0674054670833542,-0.6678141585724082,0.3240107550302487,-0.3914162221136029,0.29428290792022105,0.41772880244519395,0.41289886502665224,0.1670157631546228,,,,,,,,,,,,,,
multi,vowel,phone,IPVS_PD_131a10e3,1,M,e,2,277,-0.06121174357608407,0.14240339112852862,0.3611548617036043,0.7266429050596889,0.555996369280501,0.42568590175248905,-0.5472869535763106,0.5682181287668422,-0.19160859206479466,-0.08514695851031892,-0.6244673436273358,0.04080216555359835,-0.12594912406391726,0.3005875332904668,0.24807661606670128,0.18891044223703127,0.25451508384524957,,,,,,,,,,,,,,
multi,vowel,clean,IPVS_PD_131a10e3,1,M,i,1,962,-0.8179392945085843,0.3898347703849568,-0.07204305022233085,0.9700239733841179,0.02876640069959073,1.2972523788679842,-1.1413538427862329,1.7617952025472912,-0.606534502575348,-0.206058678600718,-1.2572126800007473,0.956644796015482,-1.1627034746162,0.21704748616286224,0.2973028239657949,0.4211904338419201,0.19801928794076723,,,,,,,,,,,,,,
multi,vowel,phone,IPVS_PD_131a10e3,1,M,i,1,962,-0.3652661662149182,0.26279923654963816,0.33810575226495837,0.8882588988563181,0.4181311121242682,1.218547632743743,-1.595302191469496,1.8735815738311687,-1.016832277952181,-0.4875360257459553,-1.8190759922600122,1.1722587035601526,-1.659794729306108,0.27046956530625926,0.38958971092404165,0.41598924378831936,0.2893660813851583,,,,,,,,,,,,,,
multi,vowel,clean,IPVS_PD_131a10e3,1,M,i,2,277,-0.7936859441374591,0.6785403682800111,-0.17341934367568193,1.0406174017283731,-0.02456012707270548,1.1655547975780007,-1.3769814025856064,2.13858360159183,-0.8401792959538762,-0.38754002223471684,-1.5681767870566088,1.3168840233437316,-1.7044240455784483,0.1040402701001139,0.2325803533691087,0.3642506349008122,0.23779447966133987,,,,,,,,,,,,,,
multi,vowel,phone,IPVS_PD_131a10e3,1,M,i,2,277,-0.48095780664575316,0.7587346138354547,0.11010485450307766,1.1486777317024277,0.3025044267049093,1.1999205001100095,-1.3882232240574088,2.0199145335637168,-1.0225325314227693,-0.6759512204966859,-1.696389754732212,1.2582318761391553,-1.9341830966358413,0.1722721077875185,0.3012518463080693,0.28511463850741564,0.30435733098521855,,,,,,,,,,,,,,
multi,vowel,clean,IPVS_PD_131a10e3,1,M,o,1,881,-0.43625922081375845,-0.42931332223694807,0.15017485812954282,-0.14902754051924202,0.1612365511448487,0.09844238346263005,-0.5302004414154586,1.0761802870857693,-0.4768999668229054,-0.315691932028825,-0.858679195207549,0.6548571088201663,-0.9705490408489914,0.24365976173271892,0.28667519356929805,0.403896343765234,0.3684465204075017,,,,,,,,,,,,,,
multi,vowel,phone,IPVS_PD_131a10e3,1,M,o,1,881,0.2338135090915377,-0.5242909207686585,0.8839385550898731,-0.12436963307947653,0.9084701558930662,0.15582534676463483,-0.7147777509542854,1.0801765450007073,-0.9055569630207773,-0.40988569851746404,-1.307451534023357,0.7934324594534976,-1.2033181579709615,0.2510204886653166,0.26489272535901465,0.3454685338165135,0.27984428410830064,,,,,,,,,,,,,,
multi,vowel,clean,IPVS_PD_131a10e3,1,M,o,2,278,-0.013440776705032303,-0.3327579173658575,0.4696543601651986,-0.2805829412703003,0.6068001952731893,-0.2637186955128397,-0.5221414718599546,0.9152371849687326,-0.7369076423346996,-0.29901664992350907,-0.9910957352036521,0.6967575293300408,-0.9957741792535498,0.07082762905324456,0.14842960572167324,0.31607577791890995,0.04727523379563345,,,,,,,,,,,,,,
multi,vowel,phone,IPVS_PD_131a10e3,1,M,o,2,278,0.43261171221023514,-0.6636071251261801,1.0117983938682646,-0.44609999913899673,1.0773803676877702,-0.27584030470322995,-0.7077121010848454,0.7953571051004387,-0.6306846303244432,-0.16065916392420018,-1.1312377257716089,0.5543695614628849,-0.7150287253870851,0.19428173499857812,0.2832592809467403,0.3309314570527454,0.20854959654448085,,,,,,,,,,,,,,
multi,vowel,clean,IPVS_PD_131a10e3,1,M,u,1,796,-0.4196112907207162,-0.08332719694371003,0.36427462100982666,0.48653899666280426,0.5169522605181738,0.801377679700632,-0.9329347277847294,1.6114004352850895,-1.0078312596267238,-0.37639683393847245,-1.4469722150259936,1.1438700500641907,-1.5202668840026632,0.3420143990994788,0.3898936471537587,0.4394771944876621,0.28396018421753944,,,,,,,,,,,,,,
multi,vowel,phone,IPVS_PD_131a10e3,1,M,u,1,796,-0.0396271058081583,-0.30759342519808014,0.841619794151773,0.22760021783193285,1.0595108234483328,0.7111858212424123,-1.1952575713271376,1.4356072389181689,-1.0388087725040802,-0.24460022028332973,-1.6828093483857032,1.0210860887207247,-1.2656863090040544,0.4280505264051616,0.5659459483483962,0.5174990763215398,0.29932391527822433,,,,,,,,,,,,,,
multi,vowel,clean,IPVS_PD_131a10e3,1,M,u,2,278,-0.24806308968081361,-0.19511243239754722,0.5321309433451721,0.24505645364877723,0.6432656548207715,0.5835316418891862,-0.923682604872045,1.4737389570190793,-0.7573902589224634,-0.33812544716610793,-1.3919594947780882,1.1828074364789896,-1.5209328836450975,0.6085232745102238,0.5522652284391267,0.3747226340573542,0.564621435560253,,,,,,,,,,,,,,
multi,vowel,phone,IPVS_PD_131a10e3,1,M,u,2,278,0.0899000922661452,-0.38305845022911117,0.9130827312668165,0.04519019985482806,1.0880283890735536,0.5127938874065876,-1.0617235835109438,1.1983930230850266,-0.8288244509271213,-0.33616508929325,-1.554588618732634,0.9460786329138846,-1.2822437222071348,0.4103423274683582,0.6327128002788386,0.6388933477265242,0.3003770862734143,,,,,,,,,,,,,,
multi,vowel,clean,IPVS_PD_b133cb84,1,M,a,1,506,-0.3299237598518008,-0.1482488700727883,0.3071926599368453,-0.01380798186322576,0.4211367025579277,0.34524159525570114,-1.1015820564015915,1.4502106526572454,-1.0624778372676749,-0.4771647467032859,-1.5950680396666652,1.1518702552114661,-1.6290350019147521,0.23311189517110928,0.3893035777792215,0.40142156763039827,0.28540796983660427,,,,,,,,,,,,,,
multi,vowel,phone,IPVS_PD_b133cb84,1,M,a,1,506,0.34701377378874704,-0.590716678992306,0.8380811599230296,-0.2743458275830275,0.7883999481012947,0.045290295377765834,-0.9801104546181465,1.121319613762592,-1.061054247823593,-0.26462849822679635,-1.5049586709784835,0.9369814117855736,-1.2016099100123698,0.2536415495027889,0.43890117917600546,0.4880838644194815,0.21197184682602593,,,,,,,,,,,,,,
multi,vowel,clean,IPVS_PD_b133cb84,1,M,a,2,287,-0.04153646321999544,-0.08199205856791811,0.3946720934499895,0.04396630479076694,0.5731971598084952,0.09177223502556024,-0.6606083778459901,1.0322130304368244,-0.714536611141497,-0.27644181832929565,-1.1565917662285656,0.9155413223419747,-1.1919831406712704,0.08461315242205641,0.13559709454125615,0.31529605189641,0.065487661653938,,,,,,,,,,,,,,
multi,vowel,phone,IPVS_PD_b133cb84,1,M,a,2,287,0.5464800510964641,-0.4386112544405667,0.9755590213516544,-0.07125115325685182,1.06210061080883,-0.027453022540649238,-0.4850632575033717,0.6174071171896995,-0.5167280714635905,-0.2049411769116545,-0.9836194337792479,0.7058732405391043,-0.9108144174507588,0.08598449045145129,0.2149107930001503,0.45520469620594234,0.11891738113214809,,,,,,,,,,,,,,
multi,vowel,clean,IPVS_PD_b133cb84,1,M,e,1,465,-0.6120520725472426,0.5006934667680426,-0.2640720110747122,0.9440138582474015,-0.18465870864502418,0.4925087391261986,-0.4478555266681965,0.8812337446704133,-0.16540138599693135,-0.12501470214523722,-0.5084351261670444,0.17116170182263338,-0.2961764039678706,0.3656024354683813,0.36643964529538553,0.2865443978081476,0.4056771691687586,,,,,,,,,,,,,,
multi,vowel,phone,IPVS_PD_b133cb84,1,M,e,1,465,-0.011705510612029756,0.13193978486736188,0.38844900997522486,0.7120525365341521,0.4688903811691482,0.3387392331515589,-0.3991245157402476,0.6328669968845596,-0.35704408172104096,-0.12315960888046518,-0.6458734883309265,0.17187111091042293,-0.2950307197908881,0.2625077188684819,0.325821753299731,0.3172193116438437,0.386329544414533,,,,,,,,,,,,,,
multi,vowel,clean,IPVS_PD_b133cb84,1,M,e,2,269,-0.719740620420023,0.6041359067694542,-0.38989777451643914,1.113456431342049,-0.2790215205561164,0.6006236736394145,-0.317529209552367,0.6795994823147182,-0.07888467518464187,0.13697443591670755,-0.30822465436224555,-0.029246282586656465,0.16622071850336403,0.2451317032687614,0.47437100396294396,0.5039914705226204,0.1339890358222892,,,,,,,,,,,,,,
multi,vowel,phone,IPVS_PD_b133cb84,1,M,e,2,269,-0.07704944259549942,0.2796671592567596,0.27981904377600897,0.9443801003365428,0.417502685832831,0.581356200703814,-0.43027236362907784,0.6185516878688262,-0.1806090502468355,0.04119116593540812,-0.537808529621253,0.11556212985716714,-0.07437096392175903,0.2600216878562728,0.3748113988254673,0.39451338727198343,0.11651823071814256,,,,,,,,,,,,,,
multi,vowel,clean,IPVS_PD_b133cb84,1,M,i,1,515,-0.7703031526221427,0.8559513959105347,-0.2237950995998475,1.3755391400223025,-0.024329335847718816,0.9919977871924156,-0.913219927969874,1.2924833374887608,-0.38768041693276956,-0.31869929585256235,-0.9268557275961904,0.5225514443561097,-0.8412507402086721,0.4339291221442226,0.4623513423711999,0.41786160522386123,0.2921008312410965,,,,,,,,,,,,,,
multi,vowel,phone,IPVS_PD_b133cb84,1,M,i,1,515,-0.3274190817932481,0.6578886675313839,0.151439485908712,1.30601820320759,0.3387171668045729,0.7946108283541349,-0.6915682907243377,0.9631722714137105,-0.49800595057627917,-0.5201428546344192,-0.8472001428646563,0.3634952849144882,-0.8836381395489074,0.3555758870618881,0.4466678288778628,0.39255033507582665,0.33290780364880534,,,,,,,,,,,,,,
multi,vowel,clean,IPVS_PD_b133cb84,1,M,i,2,277,-1.0641287831132284,0.9621230658299909,-0.5041192560317274,1.50405967306948,-0.38043966942918517,1.1745820794990676,-0.8357651936793755,1.4569765268685575,-0.5072507414810672,-0.29438417052437443,-0.8869649336009682,0.5249141849644349,-0.8192983554888092,0.23577961231261932,0.398511233220812,0.4204492731683467,0.17258650372120218,,,,,,,,,,,,,,
multi,vowel,phone,IPVS_PD_b133cb84,1,M,i,2,277,-0.6528688799478337,0.6553979594550446,-0.15045977531079047,1.3322856868812425,0.01484093980161016,0.8517809735086863,-0.773802998180161,1.0481342544812642,-0.40318250749817863,-0.5206611001206015,-0.844666213332536,0.356030040058101,-0.8766911401787025,0.24577054018688738,0.4730853951106048,0.4277238114714525,0.20576996115535473,,,,,,,,,,,,,,
multi,vowel,clean,IPVS_PD_b133cb84,1,M,o,1,518,0.18773110669392806,-0.08088429682911971,0.674489377066493,0.009595319533195252,0.8829115218459032,0.05664379097139224,-0.8031868114112279,1.1648685788640227,-0.6054501674878292,-0.18855907839651292,-1.1865080716804817,0.919168036741515,-1.107727115138028,0.24465917239951895,0.23150167385212927,0.2908274313019821,0.2819007604906006,,,,,,,,,,,,,,
multi,vowel,phone,IPVS_PD_b133cb84,1,M,o,1,518,0.8076222576200962,-0.16772940062368527,1.1807875513361814,-0.13449709872022653,1.3440245966880748,-0.24754433854459187,-0.7731495307137569,1.0335938544490209,-0.837770126043604,-0.4077708256454804,-1.3453775271773338,1.083977637764735,-1.4917484634102156,0.2129578681115587,0.2403525389213661,0.29617370206804267,0.24259122670350997,,,,,,,,,,,,,,
multi,vowel,clean,IPVS_PD_b133cb84,1,M,o,2,281,-0.24644206693539253,-0.17499463877381657,0.3522454179250277,-0.017379329754756048,0.49202036213945355,0.06454308851230779,-0.8079713858090914,1.1218376748660612,-0.5956636311916205,-0.09795332942488631,-1.1392811769564477,0.8020991631866207,-0.900052492611507,0.32777920332897115,0.42827162464587837,0.43507786610843974,0.21248657145598998,,,,,,,,,,,,,,
multi,vowel,phone,IPVS_PD_b133cb84,1,M,o,2,281,0.2866027014848043,-0.3143489001065316,0.7270536043587521,-0.19700102164195135,0.6946674475126718,-0.232410272109438,-0.7369135821888433,0.9910020625450202,-0.919515224074471,-0.36359010817560217,-1.2918844991887108,0.9314364675300185,-1.2950265757056207,0.26120516634745694,0.4335221752693953,0.3555854724961996,0.1702325626929775,,,,,,,,,,,,,,
multi,vowel,clean,IPVS_PD_b133cb84,1,M,u,1,473,-0.5619760992234213,0.48681102180690095,0.13451987029167645,1.0852332231245543,0.4498235648138481,1.1300532911953174,-1.188367854294024,1.6498912208958676,-0.4982017452779569,-0.25723697174536553,-1.346091764433342,0.9938123541965819,-1.2510493259419475,0.34462521013130115,0.43310186531501155,0.511903810977616,0.42232634075069836,,,,,,,,,,,,,,
multi,vowel,phone,IPVS_PD_b133cb84,1,M,u,1,473,-0.1552641545471392,0.1848342432264696,0.5238782060773749,0.7490864293617114,0.82239670052863,0.8182798484961192,-1.0876883893682245,1.3946351088975606,-0.5380032048413628,-0.5130513837462978,-1.3939731185896356,0.8730446551191179,-1.3860960388654158,0.28067922492185227,0.4800827960890882,0.4327917741090186,0.2936675971576956,,,,,,,,,,,,,,
multi,vowel,clean,IPVS_PD_b133cb84,1,M,u,2,279,-0.3541422643252378,0.29218366054388195,0.38334822469561763,0.5469971424376471,0.6804099130559955,0.9122234142038244,-1.3655035030206986,1.8699922455838447,-0.960787792442113,-0.3791979028011215,-1.7595184568822737,1.367449190136949,-1.7466470929380704,0.42319533557074673,0.18586951739126814,0.22003974564784978,0.4969228830063858,,,,,,,,,,,,,,
multi,vowel,phone,IPVS_PD_b133cb84,1,M,u,2,279,0.2859040341786379,-0.06149542287609281,0.9806898343845232,0.29310039937848875,1.2769637941961458,0.6626809306398651,-1.299831009122747,1.4286402414536334,-0.8729336276738602,-0.3875324960643723,-1.8085917777563694,1.164092127740736,-1.5516246238051081,0.21491399299158936,0.3493280949505131,0.5643632850894014,0.21152042055608664,,,,,,,,,,,,,,
multi,vowel,clean,IPVS_PD_283812f2,1,M,a,1,953,-0.25764726177768144,-0.8124740055094215,0.28013914914551413,-0.588539486546167,0.31465695197669624,-0.4965107144485593,-0.5727917609986627,0.5369882474394994,-0.37505156295877895,-0.40527166573112966,-0.8328705381660562,0.16307288186257318,-0.5683445475937028,0.3150911741068338,0.5019626914008296,0.4277314319337075,0.23480392851218337,,,,,,,,,,,,,,
multi,vowel,phone,IPVS_PD_283812f2,1,M,a,1,953,0.05615493634400359,-1.0951093460252772,0.668266547287946,-0.8163185592929314,0.7095673015604469,-0.6368737060570175,-0.5974046503686156,0.43402042095573784,-0.4996795406984409,-0.266599246169104,-0.9435177248289864,0.18245690195361253,-0.44905614812271655,0.3148957944174005,0.34730091374926225,0.3703704606664759,0.2090714559936027,,,,,,,,,,,,,,
multi,vowel,clean,IPVS_PD_283812f2,1,M,a,2,278,-0.3385591551306702,-0.48268300560968264,0.1711203914490484,-0.3117084929808265,0.245932011199849,-0.13134734110818022,-0.7861464928303447,0.8313642736701738,-0.4873797208780334,-0.18883995299360581,-1.0230660427893912,0.4927755500566924,-0.6816155030502982,0.14365184712349874,0.14127900341767294,0.2533488169526788,0.12412426906049687,,,,,,,,,,,,,,
multi,vowel,phone,IPVS_PD_283812f2,1,M,a,2,278,0.1659148137661673,-0.6763844986756643,0.6478244717277232,-0.3605335294490769,0.6727288833686283,-0.2076534019517047,-0.7619312951962153,0.6116301385419709,-0.5199847367725202,-0.2903916212242274,-1.1256675837295396,0.4143361875432588,-0.7047278087674862,0.19954337287201573,0.10397533388513919,0.16084318305770443,0.15182897799295544,,,,,,,,,,,,,,
multi,vowel,clean,IPVS_PD_283812f2,1,M,e,1,643,-0.5529368170549087,-0.10365922745192081,-0.10894133304594715,0.45925888596271053,-0.09091303499478086,0.20264821925058538,-0.41460242459324287,0.6428454827892688,-0.14456836220829986,-0.275141267235889,-0.3988610486035507,0.005043123042552662,-0.28018439027844166,0.39950173821145196,0.4928658485619853,0.48563410341268004,0.44280936341800864,,,,,,,,,,,,,,
multi,vowel,phone,IPVS_PD_283812f2,1,M,e,1,643,-0.18562551035283456,-0.24415181854436563,0.3423191210019188,0.41723899959131727,0.37586114395804493,0.3359265209630478,-0.38847970558229344,0.6119952215704807,-0.38717349639850684,-0.17314103615376375,-0.5707587654430429,0.03834449011322294,-0.2114855262669867,0.5102546884788995,0.5195488748350817,0.5526109792087441,0.42822881290442166,,,,,,,,,,,,,,
multi,vowel,clean,IPVS_PD_283812f2,1,M,e,2,277,-0.6641240159194627,0.37103347971053896,-0.1902752424071649,0.6555502311198297,-0.0714066919987787,0.39931203219704997,-0.6308818987743583,0.9574800699413893,-0.41243373526784477,-0.22127166426110412,-0.7200104911884148,0.33264421938199124,-0.5539158836430954,0.39473204263002404,0.405907091852034,0.36328523135219365,0.3285406358161294,,,,,,,,,,,,,,
multi,vowel,phone,IPVS_PD_283812f2,1,M,e,2,277,-0.1686571847178979,0.08806845010397676,0.30727264374316093,0.4759601659760504,0.46336451610048374,0.3205082489701802,-0.5988230334962913,0.7683753192781688,-0.47428370458994085,-0.3368856600390937,-0.8536737593348155,0.28699321025413665,-0.6238788702932303,0.28347300297913136,0.422572804375713,0.400425560310056,0.1694331076143314,,,,,,,,,,,,,,
multi,vowel,clean,IPVS_PD_283812f2,1,M,i,1,596,-1.0471785247492391,0.4187719545134619,-0.5379052479340377,1.1505266211552327,-0.4986310172097643,0.7149569383879614,-0.7698658440865618,1.2420815838781816,-0.2913651325890805,-0.5601656450239639,-0.7054080586859633,0.33477485609662266,-0.8949405011205867,0.45254133786997913,0.4240167676108577,0.39003282876953516,0.49447617768312535,,,,,,,,,,,,,,
multi,vowel,phone,IPVS_PD_283812f2,1,M,i,1,596,-0.6364950566817928,0.13645396444051625,-0.08031442973700316,0.8820031415983285,0.04648284951235329,0.5037063317758411,-0.5501177047467765,0.8017109570057033,-0.38965067454723007,-0.4915131121540869,-0.6263985761217565,0.08107449190805578,-0.5725876040621426,0.3723845605547745,0.4548739499793579,0.4699998858557679,0.48307416305353795,,,,,,,,,,,,,,
multi,vowel,clean,IPVS_PD_283812f2,1,M,i,2,279,-1.1440583135954727,1.0246185732663735,-0.657030113702695,1.5542352601621279,-0.4701565518181705,0.898172681853616,-0.6137300010263567,1.4025941970785694,-0.2796624310799604,-0.5226850262760411,-0.5054775402390745,0.4117397061995501,-0.9344247324755911,0.31627803698903734,0.3819448391639123,0.27351457274943086,0.37350016196346314,,,,,,,,,,,,,,
multi,vowel,phone,IPVS_PD_283812f2,1,M,i,2,279,-0.7703714331931616,0.6637400087167525,-0.26933484493628057,1.2250741769576214,-0.031226750485290437,0.6298680933269524,-0.5590522129683805,1.0087514182872321,-0.2977739590159535,-0.4295624789048934,-0.5664941488638432,0.23705048136104492,-0.6666129602659383,0.46951806888357517,0.5913761005558396,0.41749796593057525,0.5150568116689114,,,,,,,,,,,,,,
multi,vowel,clean,IPVS_PD_283812f2,1,M,o,1,863,-0.43235725741510445,-0.41064152764676853,0.23476649484882464,-0.12336184500729187,0.39960879351592016,-0.008927535028815959,-0.6183669016999775,1.068490873871511,-0.4601453829248057,-0.2851487915381531,-0.9266085226182074,0.6332323525194258,-0.9183811440575789,0.3509779036201262,0.2571114539566102,0.4015957867690551,0.2812964852452795,,,,,,,,,,,,,,
multi,vowel,phone,IPVS_PD_283812f2,1,M,o,1,863,0.03535396454995767,-0.5018687106970418,0.7201146999076152,-0.1524958912577473,0.834626229598343,0.06863285259474679,-0.7529755853159579,1.0216715780296766,-0.7567718020408829,-0.4719939107983328,-1.2212484290604417,0.6636096841452898,-1.1356035949436227,0.5087878281470064,0.2741352994051447,0.35743416290425783,0.28508513984471,,,,,,,,,,,,,,
multi,vowel,clean,IPVS_PD_283812f2,1,M,o,2,278,-0.10100211238577253,-0.11242226564458438,0.5163695798920733,-0.0011827975866340456,0.6476038322739658,0.06557793604830901,-0.7892226030429205,1.2803105534542174,-0.7971927101413409,-0.4509505865031055,-1.2513371855020523,1.0481945652337301,-1.4991451517368357,0.4146114100835317,0.616535712414818,0.7486261521689155,0.5579753148797655,,,,,,,,,,,,,,
multi,vowel,phone,IPVS_PD_283812f2,1,M,o,2,278,0.2451917529993114,-0.29793259501457214,0.939208793498221,-0.09847507439553738,1.1108170343296868,0.13402953433493772,-0.91606644274933,1.1694987820727485,-0.715142481117731,-0.443125101161145,-1.4102959164551325,0.9778540457288424,-1.4209791468899875,0.23709661065929652,0.7711538077922211,0.6899595593322265,0.3689449589275491,,,,,,,,,,,,,,
multi,vowel,clean,IPVS_PD_283812f2,1,M,u,1,766,-0.43109265478408854,0.12750695341307183,0.19930325442034266,0.49570157537641735,0.29906350539430326,0.5522121286586575,-1.1069961107295492,1.7246163873568825,-0.9279938613590987,-0.45505335815250875,-1.4159947822923247,1.0945295099330985,-1.5495828680856072,0.2854433729235033,0.33003436811114367,0.3189146521249416,0.33077428631938693,,,,,,,,,,,,,,
multi,vowel,phone,IPVS_PD_283812f2,1,M,u,1,766,0.0871976812572583,-0.05334669795373212,0.7427678314240083,0.32187455037365786,1.03383340207131,0.264445482518362,-0.8151119391231433,1.239685807539069,-0.595533090117185,-0.3322306245646399,-1.1397227948126585,0.8329467685650225,-1.1651773931296623,0.18522672639615956,0.2634270231464858,0.3909941721845029,0.1781718040650187,,,,,,,,,,,,,,
multi,vowel,clean,IPVS_PD_283812f2,1,M,u,2,278,-0.4304089436218852,0.12375097757294065,0.19095349462614172,0.2678478275913568,0.3020847398965132,0.3621884819474958,-1.0711746857989402,1.7216418633858364,-0.9412121840176129,-0.6308454904882681,-1.49892638978504,1.2516523195164544,-1.8824978100047225,0.30955388084196733,0.487781343702459,0.4797085533795799,0.3535652712850413,,,,,,,,,,,,,,
multi,vowel,phone,IPVS_PD_283812f2,1,M,u,2,278,0.011224247603898957,-0.08017953981955846,0.6853722309072813,0.052308757922479084,0.8902055135085469,0.21141760157687323,-1.1993411687158404,1.7271637242464792,-0.88679454280507,-0.5003024757884088,-1.6561067487512315,1.367699731673513,-1.868002207461922,0.24509401015436966,0.5686121187335137,0.5335463831411279,0.2651655979592901,,,,,,,,,,,,,,
multi,figshare,phone_real,FIGSHARE_HC_7ba4f94b,0,M,a,1,186,0.38166134165866034,-1.3472435027360916,0.8509345927408763,-1.0494003716324056,0.8246638255992106,-0.9332480835063117,-0.5139342031574675,-0.05989086445021842,-0.0389222896524838,0.10623529180884361,-0.5928571947983333,-0.2532110736771886,0.3594463654860322,0.23732339253250376,0.154531821744243,0.1270150639827128,0.15458896540419442,,,,,,,,,,,,,,
multi,figshare,phone_real,FIGSHARE_HC_f54ebd4c,0,M,a,1,210,0.6955057154335673,-1.2950209943311555,1.1580090290970273,-1.072617807203815,1.0928230628607765,-0.944918368307371,-0.7906966914260198,0.33497888860957964,-0.37432338297367096,0.15229446446848294,-1.0337532181588431,0.27358428199612905,-0.12128981752764612,0.16077552190003264,0.3786696163851183,0.28736486759495045,0.14973748170884024,,,,,,,,,,,,,,
multi,figshare,phone_real,FIGSHARE_HC_9865fce2,0,M,a,1,96,1.0160658261899291,-1.2214484677232544,1.4805029322361123,-1.0345490482346764,1.4189344891186417,-0.8957189295826287,-0.5353155269705016,0.05423161310368571,-0.4414531462665262,0.1597899585191546,-0.8979787405194908,-0.04595349966708956,0.20574345818624415,0.2973375332369277,0.13930117288740024,0.06469947000749623,0.22921290326712548,,,,,,,,,,,,,,
multi,figshare,phone_real,FIGSHARE_HC_252be6ca,0,F,a,1,208,0.3312303116397252,-0.8474179514580302,0.9916126612159941,-0.50968541488761,1.1067883184268361,-0.08421579062465638,-0.7620363967522742,0.6171242985578757,-0.25443135296541547,0.2899943713749212,-0.9750739077017421,0.22086681728620852,0.06912755408871268,0.08843933941344122,0.24465426226607007,0.20303272539022416,0.08535709803857004,,,,,,,,,,,,,,
multi,figshare,phone_real,FIGSHARE_HC_4acda958,0,F,a,1,93,0.8091611768070021,-0.8052322731206292,1.0947362027670209,-0.5787272777473718,0.9587881779461577,-0.5599373424785179,-0.40266819272124976,0.27449844124024375,0.1433375956196534,0.0025405273364301315,-0.6130555857691848,0.1742184054302542,-0.17167787809382407,0.1273878496355257,0.2280823453486058,0.2638036691393421,0.1717781655324149,,,,,,,,,,,,,,
multi,figshare,phone_real,FIGSHARE_HC_4af81098,0,M,a,1,210,0.8279076916357827,-1.0427027671110063,1.2757346123930007,-0.866616717643208,1.3015766420534678,-0.8075736173325114,-0.5709077002746719,0.32787116343480727,-0.23042970588282932,-0.13886497063296183,-0.8420407627783124,0.20295839533505458,-0.3418233659680164,0.16141206261058313,0.1623707927901278,0.27995735632965446,0.16889696790539266,,,,,,,,,,,,,,
multi,figshare,phone_real,FIGSHARE_HC_f73a999a,0,F,a,1,192,0.7329656229964618,-0.80752869322896,1.0402543513939297,-0.6596662877448674,1.0593348032441632,-0.8292757601573549,-0.44814668197570173,0.2770485202942429,-0.328782406218093,-0.2423172391437251,-0.8808543985259945,0.306862759660801,-0.5491799988045261,0.1972376098780514,0.4720086254060926,0.2047037151989944,0.19721521930837216,,,,,,,,,,,,,,
multi,figshare,phone_real,FIGSHARE_HC_876a314c,0,M,a,1,181,0.7387643345725645,-1.2055805205205166,1.2010129312856481,-0.9784494982946903,0.9943968452718279,-0.8269922263031706,-0.6945593584021297,0.41969249113847357,-0.42358171816812745,-0.07693244800518412,-0.9356975826785106,0.18275063900157398,-0.25968308700675813,0.17326019279879187,0.11327958450798485,0.3181977725862852,0.14816832022164567,,,,,,,,,,,,,,
multi,figshare,phone_real,FIGSHARE_HC_5b05eeb2,0,M,a,1,84,1.216594893198747,-1.4697483462783008,1.6006989146654422,-1.173510756630164,1.5658902434202342,-0.9357828887609335,-0.31183786833515537,-0.25404826608987957,-0.04112113553744096,0.31743740390699643,-0.591262532541385,-0.10189191810786724,0.41932932201486367,0.1929187305386158,0.6237021017477561,0.3628765956675126,0.1843056376233091,,,,,,,,,,,,,,
multi,figshare,phone_real,FIGSHARE_HC_55f3bddc,0,F,a,1,102,0.3604373886219917,-0.6688716276999442,0.8203906974484844,-0.37660421503166996,0.8906937486702396,-0.36982885027124035,-0.44346843131126895,0.48772682610058016,-0.11859239085066703,0.15138324061709066,-0.6761648380948652,0.2543754129700603,-0.10299217235296965,0.6608359292872831,0.46807882373595416,0.6299523329696463,0.7297154145496262,,,,,,,,,,,,,,
multi,figshare,phone_real,FIGSHARE_HC_92380c86,0,M,a,1,135,0.6327603880637958,-1.12568610685843,1.0312680587356473,-0.9213857687549827,0.9423575993673301,-0.6784657171846907,-0.6905859793409889,0.26496231813489657,-0.3401416490475337,0.13502235609440155,-0.9870200142448331,0.3051243966422331,-0.17010204054783157,0.2121667299665901,0.5478847881748166,0.4252520463260423,0.20091120886007058,,,,,,,,,,,,,,
multi,figshare,phone_real,FIGSHARE_HC_01d4d510,0,F,a,1,165,0.8330347550035727,-1.1995033660922387,1.4570806857311365,-1.0774756769339244,1.5179555259569726,-0.8712503046098382,-0.6953491378914226,0.34593201466281004,-0.4554269781919441,-0.1574501170202939,-1.171401027477149,0.49184571475618416,-0.6492958317764781,0.4019412804117699,0.4967743740682356,0.41403013010843454,0.24294100680214914,,,,,,,,,,,,,,
multi,figshare,phone_real,FIGSHARE_HC_42747f79,0,M,a,1,126,0.6740899417353304,-1.4063660251466852,1.1292611274280047,-1.14158864084043,1.1100037780247236,-0.9365572835269728,-0.3413552516385129,-0.22840640282160357,-0.33490733645464243,0.2602839550297511,-0.6104830005451253,-0.2564419780024572,0.5167259330322084,0.311036259247235,0.16635466854337744,0.19652562715646033,0.21945011552777657,,,,,,,,,,,,,,
multi,figshare,phone_real,FIGSHARE_HC_3a3eafbf,0,F,a,1,101,0.8862662383767425,-0.6653463928425898,1.3253265931958058,-0.5546393836619424,1.373984200055482,-0.5572901673492838,-0.7623162328219805,0.7008148016499691,-0.612113258389176,-0.325367662628166,-1.2892950343303993,0.8052653499314042,-1.1306330125595703,0.03510652986499671,0.30597664588562806,0.3239826020855599,0.0562474265015889,,,,,,,,,,,,,,
multi,figshare,phone_real,FIGSHARE_HC_edb76d71,0,F,a,1,287,0.7175307676971303,-0.6677810468770176,1.0910600771793741,-0.47244932343160484,1.0539270167405894,-0.40381410278681384,-0.4661683011261714,0.5092051163143505,-0.5659627637938957,-0.24250196320989917,-0.9613795222746844,0.5660271396849713,-0.8085291028948706,0.33835077633420474,0.44855374831303363,0.4342043069525577,0.19806112571867476,,,,,,,,,,,,,,
multi,figshare,phone_real,FIGSHARE_HC_fa154b06,0,M,a,1,164,0.7352775332331657,-0.9434491634368897,1.2373229223489761,-0.48333788752555845,1.2806626951694489,-0.3985050171613693,-0.8876250971853733,0.45207817733287814,-0.3508013562858105,0.25448816530406476,-1.0175831887125968,0.14157533254474403,0.11291283275932074,0.3534947328005048,0.3547985071720914,0.3728456306709226,0.5264852904792663,,,,,,,,,,,,,,
multi,figshare,phone_real,FIGSHARE_HC_e373aca9,0,F,a,1,199,0.5484329991596789,-0.9182936967897021,0.9593996080485258,-0.7779060396527456,0.989790691324502,-0.8665497700783832,-0.5669586069820342,0.3097449606361468,-0.49052188059022606,-0.43050333149423287,-0.9865302280946211,0.30552116635232424,-0.7360244978465571,0.22299652625598904,0.1540287928052363,0.14257380915143494,0.05291074222832768,,,,,,,,,,,,,,
multi,figshare,phone_real,FIGSHARE_HC_9cb93b19,0,F,a,1,200,0.8561589752634367,-1.0563268087804318,1.5307042663296064,-0.8595633621017138,1.5408734808365503,-0.5557073923448722,-1.0168718570222457,0.765358632011339,-0.5191503744572401,-0.036301729579766594,-1.2486377829064925,0.5040758711906771,-0.5403776007704437,0.17370973608876222,0.11024290769074084,0.12989619398310615,0.08009499713071404,,,,,,,,,,,,,,
multi,figshare,phone_real,FIGSHARE_HC_0f388c37,0,M,a,1,89,0.874619814211672,-0.6901629339564931,1.1405809212814677,-0.45911547812548553,1.1466128208420494,-0.41389239918101917,-0.3794837228276513,0.4332212870771235,-0.33100762692364777,-0.3185818688435988,-0.7750996353951367,0.4391490511596203,-0.7577309200032191,0.06473338313823748,0.19837235207237244,0.12523013313492581,0.06790887126505556,,,,,,,,,,,,,,
multi,figshare,phone_real,FIGSHARE_HC_16c35afd,0,F,a,1,198,0.44760264207919437,-1.2657168279091517,0.9867278570930164,-1.0318625207990408,0.9853346685568491,-0.7728210553526879,-0.8728993439426025,0.5803780584906538,-0.4125140905380249,-0.16478369378795227,-1.147721135119597,0.4608147554565221,-0.6255984492444744,0.24922160350967845,0.2527710872340586,0.3390146205185649,0.15067262917373025,,,,,,,,,,,,,,
multi,figshare,phone_real,FIGSHARE_HC_5e1634ce,0,F,a,1,181,0.47964209782967876,-0.5990967929636667,0.9658606118018475,-0.35565516831131155,1.0013403389432014,-0.24177670041355517,-0.7058322309354029,0.7505046861981033,-0.5610351129135954,-0.14146981689087842,-1.1336073465303544,0.7647105816307418,-0.9061803985216202,0.4355388641668338,0.5999946676330409,0.48037554914851244,0.4749742939501585,,,,,,,,,,,,,,
multi,figshare,phone_real,FIGSHARE_HC_b0995bda,0,F,a,1,81,1.0914587232531334,-1.3240742032625237,1.5684333516626943,-0.944077023438045,1.5841982461968247,-0.6129134796103652,-0.3143777363762564,-0.05293110742860911,-0.006965191996827417,0.3051519837914681,-0.5800270146253158,0.029925842978516404,0.2752261408129517,,,,,,,,,,,,,,,,,,
multi,figshare,phone_real,FIGSHARE_HC_a137f8a3,0,M,a,1,141,0.6159328004893134,-1.0741962334688973,0.8924843107952791,-0.6405968294424169,0.8126505730783238,-0.7585515579756569,-0.077262521666639,-0.11369273031459134,-0.3440899561433231,0.26058407145387985,-0.39401652646415375,-0.10666021321188002,0.36724428466575987,0.3552200962325933,0.35399596098784686,0.541919366668262,0.2925591960143053,,,,,,,,,,,,,,
multi,figshare,phone_real,FIGSHARE_HC_672c4fec,0,M,a,1,96,0.8654601234814217,-0.904883680158648,1.4392970841506432,-0.7898321007860118,1.4393743554065968,-0.522300968139336,-0.939278049715634,0.7777298313790354,-0.5614502368302181,0.02504719202888423,-1.3985915965047375,0.7243288030912136,-0.6992816110623294,0.8337238598350778,0.7819492472489452,0.8340111034313299,0.3070251938767282,,,,,,,,,,,,,,
multi,figshare,phone_real,FIGSHARE_PD_729a3156,1,M,a,1,274,0.7967539544565132,-0.8567374783108034,1.1495029578007847,-0.3992090325757682,1.1321166340845177,-0.4002734313169158,-0.15913047892860618,0.14031008779104934,-0.28794745454587134,-0.2967159069446196,-0.6049717888236046,0.16241774631731482,-0.4591336532619344,0.3322465883133818,0.4016068255787204,0.29290716090262514,0.23541298092935628,,,,,,,,,,,,,,
multi,figshare,phone_real,FIGSHARE_PD_1783cb3a,1,M,a,1,151,0.47640436592992846,-0.9485786599772317,0.8481836286219921,-0.6993484493795332,0.7596990809990809,-0.7509605724077958,-0.5340109058133848,0.43790522348749766,-0.36029184061092334,-0.08607176421107826,-0.7632506836901655,0.3354200550283377,-0.421491819239416,0.15748266296450672,0.27348510480547983,0.2947033819812032,0.07016775703073362,,,,,,,,,,,,,,
multi,figshare,phone_real,FIGSHARE_PD_c423f257,1,F,a,1,85,0.9012198524147856,-0.8624562200377969,1.5112788443471872,-0.510916578711248,1.4374662988326128,-0.09427838494964674,-1.0001887994654037,0.7966103036614025,-0.10581431757001315,-0.047330294900080734,-1.2713313540991615,0.8329215598676134,-0.8802518547676942,0.1903811337045769,0.4171897429270842,0.4736011375077654,0.25885909323400597,,,,,,,,,,,,,,
multi,figshare,phone_real,FIGSHARE_PD_53c2e661,1,F,a,1,273,0.6388052821159362,-1.0012220644589627,1.0419374467748583,-0.8842231568061945,0.8451168858643734,-0.5786872385126172,-0.3470598070910483,0.26664592443090496,-0.6107250480037747,-0.4415750829559384,-0.8025997940338019,0.4112642182883891,-0.8528393012443275,0.36139396125898177,0.3470643838379682,0.2072354579050128,0.43216109923088847,,,,,,,,,,,,,,
multi,figshare,phone_real,FIGSHARE_PD_05a28246,1,M,a,1,183,0.3996053007808891,-0.1866782153243417,0.6677214911392143,0.15245133383317036,0.6566597349471874,0.09208221559051995,-0.9070135465076378,1.2539052160473558,-0.9483248380658863,-0.3999843093323278,-1.4582029146117133,0.9596739489048183,-1.3596582582371461,0.17664034417357172,0.37273660481280235,0.3158460530576597,0.12127351731210517,,,,,,,,,,,,,,
multi,figshare,phone_real,FIGSHARE_PD_31eeed1a,1,M,a,1,237,1.0761493146419525,-1.1176064397905257,1.570960099880512,-0.8550046148833695,1.594536707117841,-0.6693670927853017,-0.42459502586951625,0.33709086550699247,-0.29145005918466127,0.06565296287824224,-0.693854123562366,0.3979574730294151,-0.33230451015117285,0.3978425513351989,0.42696192452814064,0.4026241239547603,0.46910251670356873,,,,,,,,,,,,,,
multi,figshare,phone_real,FIGSHARE_PD_b32279a0,1,F,a,1,200,1.321199811498324,-1.3547104795773823,1.7679456979036332,-1.1255817095438638,1.6055611759424209,-0.9193343982100487,-0.5154190933952729,0.274540092330426,-0.3976020526140928,-0.03599354634061456,-0.9552990918358167,0.4245173980947584,-0.46051094443537294,0.3046854845373605,0.8091579091239461,0.7943175294436946,0.2186888470615297,,,,,,,,,,,,,,
multi,figshare,phone_real,FIGSHARE_PD_d5686d30,1,M,a,1,178,0.6866240815983878,-1.121767051793911,1.236322608258989,-0.7923176743917995,1.2118647595246632,-0.6256325932012664,-0.4536596812583782,0.43584966086954985,-0.13614639501880715,-0.2505024528061902,-0.8093988618089093,0.48016127645624457,-0.7306637292624347,0.269478429507131,0.37175002785949857,0.316894605640823,0.24227180077686708,,,,,,,,,,,,,,
multi,figshare,phone_real,FIGSHARE_PD_f021c6ec,1,M,a,1,110,0.9868259578943253,-1.2311803811427318,1.3304267914006205,-0.9759936524611531,1.3422527105519266,-0.7820448742219896,-0.24243919664260113,-0.07674571533094753,-0.13966339194413388,0.18564577886100972,-0.5786717633406321,-0.07013557498540843,0.25578135384641815,0.16745088119180687,0.297637217478822,0.38800034196255984,0.1709844331513027,,,,,,,,,,,,,,
multi,figshare,phone_real,FIGSHARE_PD_2ae38838,1,M,a,1,316,1.1389365779726128,-1.5053161370126824,1.779942583724072,-0.8431814127846768,1.9203699049196745,-0.49597545454376624,-0.2081303983926773,0.07278108283093102,0.015670943495474363,0.5251517634250615,-0.42457986858330277,0.013107256954045672,0.512044506471016,0.28568055250743746,0.31987239566983733,0.3055346911636666,0.24850799523104267,,,,,,,,,,,,,,
multi,figshare,phone_real,FIGSHARE_PD_b5a119f5,1,M,a,1,256,0.9947492563492292,-1.2054177029179287,1.6983225879731116,-0.9802675723255455,1.7043797915632075,-0.6416161162899686,-1.0702789583569998,0.7534226079701216,-0.30176088417118246,0.2740356360937094,-1.162226007356272,0.3844097267062246,-0.11037409061251523,0.1270536740567191,0.09403913942393258,0.1966157686686924,0.07216182517636509,,,,,,,,,,,,,,
multi,figshare,phone_real,FIGSHARE_PD_8eb4d6b4,1,F,a,1,113,1.1438389956087307,-0.9375686602316041,1.2354621170223623,-1.097558783232302,1.2928719330525054,-1.217490438317907,-0.17016594111919403,-0.4242064660226089,-0.45688253921875055,-0.32064217361419095,-0.7552138603683831,-0.04267423891502878,-0.2779679346991622,0.6887270311329938,0.3711015563073307,0.30913712862903103,0.4212739995158066,,,,,,,,,,,,,,
multi,figshare,phone_real,FIGSHARE_PD_4a3456e1,1,F,a,1,167,1.0267000652775906,-0.7659528439882959,1.4403209875125695,-0.48269755061310116,1.339787664684919,-0.37049721107624545,-0.6763399433676559,0.6606572397274546,-0.49801781485871516,-0.14897796098548588,-1.254715224598894,0.9489321561142949,-1.097910117099781,0.35074543786460916,0.3532568235912861,0.46026599173953114,0.17439925310241083,,,,,,,,,,,,,,
multi,figshare,phone_real,FIGSHARE_PD_abc050cf,1,F,a,1,121,0.9527275499007474,-0.6075772643089294,1.338516316185259,-0.4997397553022594,1.2550919119217625,-0.16590239495447237,-0.8462049803913456,0.6917559949502553,-0.009358633258571364,-0.10656108758220934,-1.0527036194115469,0.48248071547546617,-0.5890418030576755,0.14868077322200793,0.7393463060581986,0.4452095556474761,0.11664086172929457,,,,,,,,,,,,,,
multi,figshare,phone_real,FIGSHARE_PD_1aa82538,1,M,a,1,103,0.43069294473481556,-0.8162164442122929,0.8884733692994193,-0.591305588919019,0.8559032401868275,-0.5264502645484985,-0.6739436168046224,0.38672480489763,-0.1332559869402931,0.010303535513461583,-0.737544204980608,0.1764275585079477,-0.16612402299448611,0.2505851893494151,0.16729541434801098,0.30230891427471795,0.3177568549162246,,,,,,,,,,,,,,
multi,figshare,phone_real,FIGSHARE_PD_8f6def68,1,M,a,1,184,1.1623071767389774,-1.3007131097838283,1.4520265742072038,-0.9138775627527919,1.4451974790011133,-0.9008009725117258,-0.406056289760662,0.059494023344346454,-0.3200559927416699,0.08608531725725957,-0.6994238528423011,0.18103988141021027,-0.09495456415295069,0.0995663498864513,0.4408190494385098,0.5935838556992006,0.12214230997420537,,,,,,,,,,,,,,
multi,figshare,phone_real,FIGSHARE_PD_2b8953f4,1,F,a,1,135,1.1924662645216342,-1.2719458302965871,1.7356070706873765,-1.0684174058246023,1.7318946807472795,-0.8593350851241454,-0.5071157573917766,0.24816356603930026,-0.30946883540830494,-0.08650624936009631,-0.9775840000789843,0.3464584538460146,-0.43296470320611086,0.31801581090221703,0.20924951171619424,0.20786982373399543,0.3272467735844598,,,,,,,,,,,,,,
multi,figshare,phone_real,FIGSHARE_PD_657d51c5,1,F,a,1,167,0.4434839923783104,-0.8718144784469416,0.8432751051565208,-0.43348986530067896,0.8525866624152306,-0.27662367086009226,-0.25169323370008184,0.2526512783352691,0.28705048487328066,0.13913057737126208,-0.3852044172806315,0.10376287319946408,0.03536770417179802,0.07186780055255845,0.16526856419495614,0.2070055622365142,0.11581530741727351,,,,,,,,,,,,,,
multi,figshare,phone_real,FIGSHARE_PD_c155c9fe,1,M,a,1,150,0.898781833714909,-0.7703879637850656,1.1448331226905186,-0.6075809395975537,1.0896367937326432,-0.5201905053522852,-0.588946683704853,0.32874996331002976,-0.631443836291631,-0.1501673354870743,-1.0700942902101411,0.5664999767930972,-0.7166673122801714,0.22982751528904777,0.1880724099361867,0.10257523969202947,0.1668226886913138,,,,,,,,,,,,,,
multi,figshare,phone_real,FIGSHARE_PD_40d9d154,1,M,a,1,154,1.2208386491587822,-1.497560644403417,1.452576959386785,-1.344588336792398,1.4596354736292616,-1.3059535032891212,-0.21418815550017864,-0.7614856565252264,-0.1119650957432199,-0.15595612991997537,-0.4209700764176693,-0.5472159702925289,0.3912598403725535,0.3306960506451795,0.2673603153038896,0.49829200392496426,0.2606756755584528,,,,,,,,,,,,,,
multi,figshare,phone_real,FIGSHARE_PD_86e8cea0,1,F,a,1,197,1.467816575735557,-1.314484205065655,1.8701189105250255,-1.1369306650482307,1.7523630617045556,-0.9666265026361001,-0.28132292077320964,0.24068115255599762,-0.6124310273082316,-0.3351338664148034,-0.9185870591269321,0.5057042949214703,-0.8408381613362738,0.21142356932462653,0.7363603103765375,0.3892702484433922,0.09744261767672542,,,,,,,,,,,,,,
multi,figshare,phone_real,FIGSHARE_PD_41b9ec4d,1,F,a,1,345,1.3110320688301815,-1.591319596853809,1.8471519397076777,-1.3042709558194385,1.705334960622488,-0.9601998789154965,-0.2789180117888727,0.1575977944629492,-0.31383394986247093,-0.11532973350534116,-0.6826713023266354,0.3003387339503149,-0.41566846745565605,0.2669254954321187,0.4039311143064905,0.5410995232976605,0.20838149837220968,,,,,,,,,,,,,,
multi,figshare,phone_real,FIGSHARE_PD_4aa08767,1,F,a,1,119,0.7439212292841036,-0.6974230237203102,1.201412460575365,-0.27336399787909366,1.253222744350564,-0.23031867673135784,-0.5577492617989239,0.5305657486801278,-0.2624433650954129,-0.23933849024446044,-0.784326455160363,0.48785484564324766,-0.7271933358877081,0.3944873719693377,0.12642697905414263,0.1990088463885068,0.4001528407491416,,,,,,,,,,,,,,
multi,figshare,phone_real,FIGSHARE_PD_85b39883,1,M,a,1,164,0.9081964695453644,-0.6387635818123818,1.3729528039693832,-0.4841865031421185,1.4020067524909974,-0.2332547128200531,-1.1340777346491813,1.0041665136814117,-0.4777704334259033,-0.27583347909152506,-1.4268246132135392,0.8174074909090996,-1.0932409700006247,0.3815788771000717,0.48976338118763824,0.17975970782661935,0.3649662281189895,,,,,,,,,,,,,,
multi,figshare,phone_real,FIGSHARE_PD_c2ae567e,1,F,a,1,79,0.9187560987715818,-1.3144672792785022,1.4996863141351817,-1.1793421738001766,1.6067545559941505,-0.8916995330732695,-0.39752281928549005,0.028441386487410993,0.34677357059352254,0.432625375231918,-0.5649071676390511,0.023595020022927498,0.4090303552089905,,,,,,,,,,,,,,,,,,
multi,figshare,phone_real,FIGSHARE_PD_4235a438,1,F,a,1,108,0.7110745536558556,-1.2714989356922382,1.221686082355904,-0.9293627603487535,1.2490462751099558,-0.7252002735481118,-0.5412108927513614,0.2552092648816831,-0.33173643142888043,-0.10751714365500392,-0.89362179284746,0.23282628650353712,-0.34034343015854107,0.19797498707640532,0.38977023064348837,0.30863887697079045,0.11247530194985898,,,,,,,,,,,,,,
multi,figshare,phone_real,FIGSHARE_PD_eda49162,1,F,a,1,123,0.4397302999099096,-0.46189391434192656,0.8783290036519369,-0.08924135208129882,1.0236857279141744,-0.23073598682880403,-0.46142320285240807,0.6099664887785912,-0.19691186368465424,-0.12273908197879792,-0.8043320516745249,0.47152624463041626,-0.5942653266092142,0.6072718995733369,0.2646409884575724,0.3001494217786723,0.5459731145947077,,,,,,,,,,,,,,
multi,figshare,phone_real,FIGSHARE_PD_5aa058c7,1,M,a,1,332,0.9683834286034108,-0.465326918810606,1.2908227497339249,-0.3486580416560173,1.3609719636291266,-0.36462234817445277,-0.8530747447907925,0.9000114174000919,-1.3741773214191197,-0.5666326250880956,-1.6538487147539853,1.0560815999470652,-1.6227142250351607,0.30308449309587354,0.2737719524713415,0.2725628622365734,0.2795722147870926,,,,,,,,,,,,,,
multi,figshare,phone_real,FIGSHARE_PD_b0a52958,1,F,a,1,143,0.734301748289459,-1.0657449350959953,1.2223438630843986,-0.7405051708906546,1.2415688217713916,-0.737866625874892,-0.537076601180537,0.32445907181706923,-0.4948765380286622,0.016095240397014838,-0.9146623804994013,0.12618738905280485,-0.11009214865579002,0.41188487167378296,0.34494685554896387,0.42608181894304864,0.5261163458938451,,,,,,,,,,,,,,
multi,figshare,phone_real,FIGSHARE_PD_7bd14973,1,M,a,1,214,0.41814997734931797,-0.41540796963068155,0.8533560598125824,-0.1003871887922287,0.8688135622785642,0.13601258064691837,-0.6657070025801659,0.7712163370389205,-0.5059731953419172,-0.2256426616356923,-0.9478662164165423,0.5284105894227441,-0.7540532510584363,0.3059492824262292,0.258913186010924,0.36625104407503517,0.24168210237878462,,,,,,,,,,,,,,
multi,figshare,phone_real,FIGSHARE_PD_54d59a99,1,M,a,1,206,0.9019888625029595,-0.8228098745307615,1.3914799233598094,-0.5249424686114634,1.298483304919735,-0.2251810287275622,-0.9299965508041843,0.7662535267130982,-0.47093514256900354,-0.2155643426362545,-1.2236633994165929,0.5837290329528192,-0.7992933755890737,0.21044195248035585,0.4764810924972106,0.1716255650611712,0.11853730304325635,,,,,,,,,,,,,,
multi,figshare,phone_real,FIGSHARE_PD_95d7c1be,1,M,a,1,193,1.0295258654743178,-0.7911528990818903,1.3485189890250182,-0.6729153845554743,1.2472789477334063,-0.5065765262414248,-0.5318493885107529,0.5086426473198793,-0.38115810316342574,-0.09857970450678442,-0.8675795437561141,0.4790438208092227,-0.5776235253160071,0.39727567226960964,0.5288499664293662,0.3698536195512891,0.11129679733530866,,,,,,,,,,,,,,
multi,figshare,phone_real,FIGSHARE_PD_254cb77d,1,F,a,1,90,1.1786253032860932,-1.2951830344067679,1.8016620167979487,-0.9078062209818099,2.0153278333169444,-0.6982293584280543,-0.5515959044849431,0.06023541479199021,-0.10234708449354878,0.29096103197446577,-0.773510904499778,0.060436778874308976,0.23052425310015678,0.2465057924037902,0.26589581798072126,0.40210550391575506,0.12905826821991992,,,,,,,,,,,,,,
multi,figshare,phone_real,FIGSHARE_PD_88c4d072,1,F,a,1,115,1.1331782332365063,-0.46399880125038867,1.4051778817522353,-0.27053151182506396,1.4330039516739224,-0.6004454610140427,-0.3357414916373681,0.37288075815076416,-0.5121772714715073,-0.5189193604864936,-0.8309358077636664,0.5256014330231625,-1.044520793509656,0.48312002227591283,0.4209621675593998,0.4233717491825348,0.2605337345722836,,,,,,,,,,,,,,
multi,figshare,phone_real,FIGSHARE_PD_4f1346e1,1,M,a,1,122,0.8120214226278099,-0.7355949618929142,1.1319477131237854,-0.5072506484953133,0.9528691583388561,-0.29938096170489853,-0.5149768584886113,0.6411932909206765,-0.3920566425532908,-0.12450866079008258,-1.0341870474654276,0.7919658858178033,-0.9164745466078859,0.16657105856978138,0.14237143099470384,0.4388645883008506,0.5001990450136845,,,,,,,,,,,,,,
multi,figshare,phone_real,FIGSHARE_PD_89894eae,1,F,a,1,204,0.5559218476616568,-0.7885822991449987,1.090246455924165,-0.6590066087101737,1.1218655350948534,-0.45631332082613824,-1.019832731975663,0.6899125313746833,-0.19185916106066397,-0.18122752191078279,-1.1153967680349466,0.42001787015807723,-0.6012453920688601,0.3511522441639534,0.41936863728022966,0.3368787266011048,0.34804495141372305,,,,,,,,,,,,,,
multi,figshare,phone_real,FIGSHARE_PD_fe321b4b,1,M,a,1,360,1.0084633259447637,-1.0728521135946114,1.527577497616962,-0.9339307792898681,1.424228879864569,-0.6174940462741587,-0.6565740162299739,0.4983835727907717,-0.6725316814802311,-0.06230953494431796,-1.156503246941914,0.5036887584719807,-0.5659982934162987,0.11718706883278288,0.23988783710881334,0.2753364125126543,0.22041938196114758,,,,,,,,,,,,,,
multi,figshare,phone_real,FIGSHARE_PD_ee70f192,1,F,a,1,75,0.4340500811735789,-1.1036253439055548,1.0882874170939127,-0.6499186711178886,1.224422820409139,-0.4706888622707791,-0.41702424320909715,0.012613499661286671,0.24246172540717656,0.4274819620781475,-0.3609583616256714,-0.3742919190476338,0.8017738811257813,,,,,,,,,,,,,,,,,,
multi,figshare,phone_real,FIGSHARE_PD_fdae567f,1,M,a,1,123,0.7589301705360413,-0.7539187296231588,1.0802525226275126,-0.5614995416005453,1.1495727664232254,-0.5102963364124298,-0.6902341890335083,0.4403555738925934,-0.3467876088619232,-0.07546531985203425,-1.1369541206955909,0.5898739449431499,-0.6653392647951841,0.2427860483142658,0.2929903469917725,0.336467368145198,0.1948646654933186,,,,,,,,,,,,,,
multi,figshare,phone_real,FIGSHARE_PD_69264955,1,M,a,1,281,0.9328511036359347,-1.4277789211837497,1.279610876148269,-1.1675579473817137,1.1551649482292536,-1.1014841167179086,-0.3933035964091149,-0.1730448545436182,-0.3568202046423974,0.06392756020705376,-0.680315015407709,-0.12250859177941402,0.18643615198646776,0.39724945356805286,0.26137493042933746,0.3408720341015586,0.2669200705007064,,,,,,,,,,,,,,
multi,ddk,clean,IPVS_EHC_49649a7c,0,F,,,284,,,,,,,,,,,,,,,,,,D1,1.6194331983805668,3.934539622068405,50.416386518627384,2.34375,-0.05331395392898468,2.3585386157035826,25.300019904971123,2.34375,-0.09364365298521148,2.8118061423301697,32.73629978299141,2.34375,-0.008075841617729236
multi,ddk,clean,IPVS_EHC_49649a7c,0,F,,,302,,,,,,,,,,,,,,,,,,D2,1.7921146953405018,4.055021777749062,38.99153769016266,1.953125,-0.10797991076133429,2.3318326622247696,31.79040253162384,2.34375,-0.09198867853267766,3.2121292054653168,40.8573305234313,1.953125,-0.1089504368374419
multi,ddk,clean,IPVS_EHC_7a274592,0,F,,,329,,,,,,,,,,,,,,,,,,D1,1.4314928425357871,2.403561535477637,29.19733620248735,1.953125,-0.3091740729890186,2.3312212288379666,26.108767129480825,1.5625,-0.16843512405614738,2.4090260028839108,27.3921326547861,1.5625,-0.29041852309769145
multi,ddk,clean,IPVS_EHC_7a274592,0,F,,,309,,,,,,,,,,,,,,,,,,D2,1.7821782178217822,2.9385486766695976,41.423316579312086,1.953125,-0.25722974104334045,2.6367224156856537,28.827113658189774,2.34375,-0.12950335173465832,2.6626490652561188,32.11286440491676,1.953125,-0.20753453655564585
multi,ddk,clean,IPVS_EHC_bde32635,0,F,,,293,,,,,,,,,,,,,,,,,,D1,1.4134275618374559,3.2945074200630184,37.736155539751046,1.953125,0.06977350708114616,2.4674954175949093,29.16475996375083,1.953125,-0.2008955625895736,2.581672477722168,29.039358198642713,1.953125,-0.18207986318993996
multi,ddk,clean,IPVS_EHC_bde32635,0,F,,,339,,,,,,,,,,,,,,,,,,D2,1.5624999999999998,3.034946691989898,32.98814252018928,1.953125,-0.3705400654425989,2.537293171882629,27.951754331588738,1.953125,-0.14655319606542686,2.766680371761322,32.40741342306136,1.953125,-0.25374950704462634
multi,ddk,clean,IPVS_EHC_6f100ca8,0,F,,,293,,,,,,,,,,,,,,,,,,D1,1.6498625114573786,3.0167198002338402,43.59253674745559,2.34375,-0.2610122048498962,3.1172039270400997,39.572964757680865,2.34375,-0.09795782482190832,3.1978295564651487,39.33328926563263,2.34375,-0.038081013046927494
multi,ddk,clean,IPVS_EHC_6f100ca8,0,F,,,290,,,,,,,,,,,,,,,,,,D2,1.7191977077363896,2.4260380811989304,34.0516062825918,2.34375,-0.09090770995196779,2.296213710308075,29.429987519979466,2.34375,-0.05573507181472315,2.5894802689552305,35.4430116713047,2.34375,0.08149943303076555
multi,ddk,clean,IPVS_EHC_40e93a8c,0,M,,,309,,,,,,,,,,,,,,,,,,D1,0.8756567425569177,3.774118209257722,45.51195316016674,1.5625,0.06215826151172142,2.881873369216919,28.301182575523853,1.5625,0.02485641459039908,3.358848422765732,34.15368124842644,1.5625,0.01903034663977199
multi,ddk,clean,IPVS_EHC_40e93a8c,0,M,,,286,,,,,,,,,,,,,,,,,,D2,0.7575757575757576,3.0075295295566318,29.469453720375892,1.5625,-0.07589503193004073,2.6349485099315637,28.849442005157467,2.34375,0.12031319162223367,3.1853672891855234,38.56141520664095,2.34375,0.13036884296178555
multi,ddk,clean,IPVS_EHC_6d20d216,0,F,,,305,,,,,,,,,,,,,,,,,,D1,2.2184300341296925,4.391984401643275,51.37826323509214,2.734375,0.00594325525592322,3.0369613885879514,38.519543409347484,2.734375,-0.11539176540349624,3.156109738349914,33.186655938625336,2.734375,-0.011826151922574432
multi,ddk,clean,IPVS_EHC_6d20d216,0,F,,,270,,,,,,,,,,,,,,,,,,D2,1.9880715705765406,3.264417406916618,42.00732192955911,2.34375,0.21391232977138014,3.3036074638366695,35.02571180462837,2.734375,-0.09528260710987611,3.1863161087036134,36.812090054154396,2.734375,-0.09659968311174974
multi,ddk,clean,IPVS_EHC_997af7b3,0,F,,,270,,,,,,,,,,,,,,,,,,D1,1.5473887814313347,3.8226553320884706,47.801772654056535,1.953125,-0.2376558742215154,2.798217111825943,33.837801665067644,1.953125,-0.08460085853300567,3.323701465129852,40.71903705596923,1.953125,-0.06843602160216257
multi,ddk,clean,IPVS_EHC_997af7b3,0,F,,,280,,,,,,,,,,,,,,,,,,D2,1.7324350336862369,5.140658110380173,55.34735806286335,2.34375,-0.2991854904125589,2.6036584079265594,31.097248569130898,2.734375,-0.08724946339778233,3.801678866147995,43.18796843290329,2.734375,-0.20413762539229144
multi,ddk,clean,IPVS_EHC_639d115c,0,F,,,305,,,,,,,,,,,,,,,,,,D1,1.4096916299559472,2.0122925639152527,31.35114189237356,3.90625,0.01620303106932099,3.136517286300659,29.915590286254876,1.953125,-0.21884249293154096,2.74069230556488,34.52415287494655,1.953125,-0.19582181537020213
multi,ddk,clean,IPVS_EHC_639d115c,0,F,,,298,,,,,,,,,,,,,,,,,,D2,1.5549076773566568,3.922567956149578,52.05833330750464,2.34375,-0.12322669438278509,2.484824979305267,27.885923236608498,2.34375,-0.03685944665310833,2.2420137375593185,29.646095838397738,2.34375,-0.133294114084193
multi,ddk,clean,IPVS_EHC_4afb35f7,0,M,,,287,,,,,,,,,,,,,,,,,,D1,1.5094339622641508,4.962643004953861,56.51740897446871,2.34375,-0.011918520938537286,2.9365007877349854,32.60026425123215,2.34375,0.25173586635461354,3.186500370502472,36.48373633623123,2.34375,0.04376316971080694
multi,ddk,clean,IPVS_EHC_4afb35f7,0,M,,,273,,,,,,,,,,,,,,,,,,D2,1.6877637130801686,4.2234203070402145,64.09897478297353,2.34375,0.01466316973147056,4.066530704498291,53.04584987461567,2.34375,-0.038761035981920273,4.021528720855713,46.64313551038504,2.34375,0.034723729406132935
multi,ddk,clean,IPVS_EHC_b4f61509,0,F,,,307,,,,,,,,,,,,,,,,,,D1,1.5355086372360842,3.365551050752401,45.815582107752554,1.5625,-0.22387451282788406,2.864546513557433,34.60754744708534,2.34375,-0.13642408537541315,2.9095274925231926,40.30973866581912,1.953125,-0.0697407916345617
multi,ddk,clean,IPVS_EHC_b4f61509,0,F,,,290,,,,,,,,,,,,,,,,,,D2,1.4801110083256246,2.9966728270053857,43.0738112889229,2.34375,-0.037587399308706644,2.673602104187011,31.63153767585753,2.34375,-0.13929156284747843,3.031039363145828,37.37012155354021,2.34375,-0.13905200166081333
multi,ddk,clean,IPVS_EHC_25e7d520,0,F,,,291,,,,,,,,,,,,,,,,,,D1,2.0146520146520146,4.1022947825491425,55.059354454278946,2.734375,-0.08414517271188678,3.286874985694884,46.41116864979266,2.734375,-0.0023254814016424297,2.9964225649833667,33.77387970685958,2.734375,-0.148004013422568
multi,ddk,clean,IPVS_EHC_25e7d520,0,F,,,277,,,,,,,,,,,,,,,,,,D2,2.355250245338567,2.646841600909829,31.438622511923306,2.734375,-0.05594236164977737,3.151146322488785,33.438685536384575,2.734375,-0.1674792215635287,3.404075413942337,40.84419760853052,2.734375,-0.17280825948685286
multi,ddk,clean,IPVS_EHC_e7aed759,0,M,,,300,,,,,,,,,,,,,,,,,,D1,1.3592233009708738,2.5761323157697915,35.941536994650946,1.953125,-0.05847506317022284,3.387343120574951,33.432514872401946,1.953125,0.01790321137956049,2.821752321720123,31.434806063771244,1.953125,-0.0743713173201908
multi,ddk,clean,IPVS_EHC_e7aed759,0,M,,,257,,,,,,,,,,,,,,,,,,D2,1.7917133258678608,2.816028560698032,35.82364389672874,1.953125,0.07758578736111547,3.2045419931411736,29.868474006652818,1.953125,-0.08935904142084858,3.485825020074844,37.87148904055357,1.953125,-0.09821026035190251
multi,ddk,clean,IPVS_EHC_ac9bbb18,0,M,,,297,,,,,,,,,,,,,,,,,,D1,0.9057971014492753,3.064427858963609,30.16989406198261,1.5625,-0.11174181219613914,2.595095372200011,28.567008934915062,1.5625,0.13978936220949448,3.135743635892868,35.361082367598975,1.5625,-0.017570336786771314
multi,ddk,clean,IPVS_EHC_ac9bbb18,0,M,,,276,,,,,,,,,,,,,,,,,,D2,0.9794319294809012,3.570253446698188,36.22391644865274,1.5625,-0.13352166618018707,2.41779863834381,28.003986626863455,1.5625,-0.0003447139438839195,3.3216107845306393,44.21951573342082,1.5625,-0.08616268399812509
multi,ddk,clean,IPVS_EHC_99f6ef3d,0,F,,,262,,,,,,,,,,,,,,,,,,D1,1.5250544662309367,2.776133340597153,35.22819273173809,2.34375,-0.08468652619338066,2.5952527284622193,39.214305505156545,2.34375,0.07593160233092144,3.0179128885269164,32.808708101511,2.34375,0.08745446704038692
multi,ddk,clean,IPVS_EHC_99f6ef3d,0,F,,,284,,,,,,,,,,,,,,,,,,D2,1.5888778550148954,3.400111353397369,40.21388716995716,2.34375,0.1265991406375206,2.6990594387054445,28.4610877931118,2.34375,0.016188994302114214,2.999907863140106,31.889353990554806,2.34375,-0.010079422616476383
multi,ddk,clean,IPVS_EHC_de4ff365,0,M,,,249,,,,,,,,,,,,,,,,,,D1,1.7334777898158182,6.0380937740206715,70.744593963027,2.734375,0.11893773226277526,2.81055234670639,45.01273605972526,2.734375,-0.038713888341608466,3.7717951834201813,45.40489129722118,2.734375,0.024035654147965695
multi,ddk,clean,IPVS_EHC_de4ff365,0,M,,,276,,,,,,,,,,,,,,,,,,D2,1.7910447761194028,5.436061461269855,58.126048073172534,2.734375,-0.43456013770165625,3.157655310630798,42.296730875968926,2.734375,-0.06421949877497218,3.4921484708786013,48.11328828334807,2.734375,-0.031361686507816434
multi,ddk,clean,IPVS_EHC_c3e98ecb,0,M,,,299,,,,,,,,,,,,,,,,,,D1,1.2715712988192553,3.478159660100937,56.547293066978455,1.953125,0.17647244908053442,3.116794085502624,25.891520380973816,1.953125,-0.24530780945371558,2.9687158465385433,27.22028285264969,1.953125,-0.2101149163101172
multi,ddk,clean,IPVS_EHC_c3e98ecb,0,M,,,278,,,,,,,,,,,,,,,,,,D2,1.3320647002854422,3.3596608102321626,33.40232795104383,1.953125,-0.32808210048939296,3.120958393812179,34.026032574474804,1.953125,-0.060612269922042196,3.0648299157619476,39.24972802400589,1.953125,-0.15642464777425644
multi,ddk,clean,IPVS_EHC_1390377d,0,M,,,298,,,,,,,,,,,,,,,,,,D1,1.5720524017467248,4.347413477301597,51.15311701782042,2.34375,0.5548915900623174,2.758342117071151,36.25933997333048,2.34375,-0.16587580730883117,3.05874211192131,31.267981603741628,2.34375,-0.05666848552278899
multi,ddk,clean,IPVS_EHC_1390377d,0,M,,,299,,,,,,,,,,,,,,,,,,D2,1.5720524017467248,1.8178957045078277,20.726230219006535,2.34375,0.010166228858626,2.3465136051177975,32.93281823396683,2.34375,-0.20471697050081783,2.615397000312805,25.720708817243576,2.34375,-0.199990892951458
multi,ddk,clean,IPVS_EHC_9a2a24e8,0,F,,,323,,,,,,,,,,,,,,,,,,D1,1.0820559062218216,3.052917879074812,34.721875889226794,1.5625,-0.03110019003447389,2.7100650519132614,27.16181706637144,1.5625,-0.2006970382110378,3.2570653557777405,34.00109773501754,1.5625,-0.09064296862877812
multi,ddk,clean,IPVS_EHC_9a2a24e8,0,F,,,290,,,,,,,,,,,,,,,,,,D2,1.2999071494893222,3.305774897336957,32.607978582382195,1.953125,-0.37793994322905394,2.386214804649353,24.21336740255356,1.953125,0.04756415868804077,2.951512342691421,32.519544810056686,1.953125,0.039719308428873765
multi,ddk,clean,IPVS_EHC_7ffb735c,0,F,,,285,,,,,,,,,,,,,,,,,,D1,2.3346303501945522,4.852713906764984,62.82644636929035,3.125,-0.1436016096324854,2.784659051895142,41.132599636912346,3.515625,-0.09131816942710606,3.3703399479389184,38.0284807831049,3.515625,0.05813430313884418
multi,ddk,clean,IPVS_EHC_7ffb735c,0,F,,,359,,,,,,,,,,,,,,,,,,D2,1.5901060070671378,2.6847621500492096,25.922799319960177,1.953125,0.03786644103994331,2.2366698384284973,21.57019544392824,1.953125,-0.15003396017312462,2.4580262303352356,24.876919016242027,1.953125,-0.17942777003891275
multi,ddk,clean,IPVS_EHC_832281bf,0,M,,,283,,,,,,,,,,,,,,,,,,D1,1.5429122468659595,3.750541166588663,58.32857057452201,2.34375,-0.22601311428095433,3.1601779818534843,46.07690706849096,2.34375,-0.24131659481896117,3.1371024072170255,30.977105237543533,2.34375,-0.21592953757461084
multi,ddk,clean,IPVS_EHC_832281bf,0,M,,,297,,,,,,,,,,,,,,,,,,D2,1.5873015873015877,3.460367937386036,43.10963322408494,2.34375,-0.3328293583448404,3.077518224716186,33.45991048961876,2.34375,-0.050685461171910653,3.1908492833375934,42.61822782456872,2.34375,-0.09159015124010642
multi,ddk,clean,IPVS_EHC_71d347fe,0,M,,,290,,,,,,,,,,,,,,,,,,D1,0.9111617312072892,2.755384704470634,42.195694805122905,2.734375,0.03370848314238364,2.806382608413696,29.38816234469411,1.5625,-0.06859901019384279,2.8570445477962494,30.455983169376843,1.5625,-0.0849044172143024
multi,ddk,clean,IPVS_EHC_71d347fe,0,M,,,297,,,,,,,,,,,,,,,,,,D2,0.911577028258888,3.297452780976891,29.543685400858514,1.5625,-0.03226097651076549,2.4865049391984937,26.282658390700814,1.5625,0.06766685425528637,2.8130104929208746,31.808034069836133,1.5625,0.06696747755566808
multi,ddk,clean,IPVS_EHC_71d347fe,0,M,,,317,,,,,,,,,,,,,,,,,,D1,1.3136288998357963,3.6643871273845434,44.7190423309803,1.953125,0.11330869422873306,2.8171071231365206,34.71762977540492,1.953125,-0.009869135762844441,3.7125683426856995,33.16460916772485,1.953125,-0.04393853374193417
multi,ddk,clean,IPVS_EHC_71d347fe,0,M,,,302,,,,,,,,,,,,,,,,,,D2,1.588702559576346,3.647341925650835,40.16846967861056,1.953125,0.2799894968595171,2.746904671192169,25.039055570960045,1.953125,-0.14442682423197312,3.3246928453445435,35.19773557782173,1.953125,-0.04261725279678025
multi,ddk,clean,IPVS_PD_25bcde8e,1,M,,,246,,,,,,,,,,,,,,,,,,D1,1.279317697228145,2.4107761632651084,41.31814960390328,3.90625,0.35938946243672476,2.9134773433208463,31.657916419208046,1.953125,-0.16922941729753038,2.8875691711902616,29.65511702001094,1.953125,-0.08668947544924056
multi,ddk,clean,IPVS_PD_25bcde8e,1,M,,,249,,,,,,,,,,,,,,,,,,D2,1.2594458438287153,2.8704808298498388,26.68667806312442,1.953125,-0.45490744317999765,3.0055423140525814,36.32509507238865,1.953125,-0.10814477475197919,2.9065492898225784,33.794690892100334,1.953125,-0.1870884802891174
multi,ddk,clean,IPVS_PD_215587d2,1,F,,,249,,,,,,,,,,,,,,,,,,D1,1.284796573875803,2.4979529112577437,32.07990104332566,1.5625,-0.10262094840792044,2.402361625432968,29.21660035848617,1.953125,-0.0629160592765294,2.844280695915222,35.13671150431037,1.953125,-0.03345372817408003
multi,ddk,clean,IPVS_PD_215587d2,1,F,,,244,,,,,,,,,,,,,,,,,,D2,1.3605442176870748,3.012165531516075,38.370919320732355,1.5625,-0.17233084034296753,2.4077218770980835,26.703380420804024,1.5625,-0.23422897329433137,3.0450519323349,30.45483659952879,1.5625,-0.3077415521430186
multi,ddk,clean,IPVS_PD_e50b4a59,1,F,,,236,,,,,,,,,,,,,,,,,,D1,1.1389521640091114,3.5750406205654137,56.21627822518348,1.5625,-0.27555390142148456,3.0022321939468384,30.356003195047368,1.5625,-0.11181670856517077,3.288889360427856,32.74805128574371,1.5625,-0.1325667954972568
multi,ddk,clean,IPVS_PD_e50b4a59,1,F,,,235,,,,,,,,,,,,,,,,,,D2,1.1415525114155252,3.59554074704647,30.482118255458772,1.5625,0.02655761225726594,2.7455923020839688,29.347531497478485,1.5625,-0.16835197932492887,3.372555196285248,33.32285813987254,1.5625,-0.1981798660215456
multi,ddk,clean,IPVS_PD_55bc13c6,1,F,,,241,,,,,,,,,,,,,,,,,,D1,2.219755826859045,5.770845448970794,79.15029356256127,3.125,-0.02703717748813261,2.1722105130553246,29.10757996141911,3.125,0.10543139635141478,3.0114971682429315,37.77843308635056,3.125,-0.1199927302430835
multi,ddk,clean,IPVS_PD_55bc13c6,1,F,,,255,,,,,,,,,,,,,,,,,,D2,2.0876826722338206,2.182849806174636,29.155514985322952,3.125,-0.10008681169560735,2.8834891974926,37.70110242068768,3.125,0.01835452908092586,2.8347548678517347,35.05713552236557,3.125,-0.11226283358823953
multi,ddk,clean,IPVS_PD_b85147c7,1,M,,,251,,,,,,,,,,,,,,,,,,D1,1.26984126984127,3.506560974568128,50.219363099895375,1.953125,0.09021643854113422,2.321437519788742,22.427052184939384,1.953125,-0.04444427145541928,2.6841925740242,26.277054771780964,1.953125,-0.01017523095498011
multi,ddk,clean,IPVS_PD_b85147c7,1,M,,,231,,,,,,,,,,,,,,,,,,D2,1.3761467889908259,2.8288172781467438,28.762026131153107,2.734375,-0.19527241737191847,2.2799526154994965,28.333208709955215,2.734375,0.14751589713972132,2.5562714338302612,32.765187323093414,2.734375,0.08672659263807525
multi,ddk,clean,IPVS_PD_a0fceda0,1,F,,,263,,,,,,,,,,,,,,,,,,D1,0.9673518742442564,3.20999898314476,54.35049486346543,2.734375,0.04614219556838304,2.8086441278457643,36.545615643262856,1.5625,-0.2525868861783974,2.741638860106468,33.59737426042557,1.5625,-0.13097942163633597
multi,ddk,clean,IPVS_PD_a0fceda0,1,F,,,243,,,,,,,,,,,,,,,,,,D2,1.2903225806451613,3.2054879218339902,34.29859966970978,2.34375,0.7048314697943365,2.4874405562877655,35.15877019613981,2.34375,0.07020437786649396,2.809107264876365,38.62319920212028,2.34375,0.2615718643659038
multi,ddk,clean,IPVS_PD_69229acc,1,M,,,206,,,,,,,,,,,,,,,,,,D1,1.8292682926829267,4.399227215349674,60.63751404872164,1.953125,-0.11013843303052492,3.1187939107418057,28.722716104239225,1.953125,-0.08043965689264158,3.060915690660477,30.042150020599365,1.953125,-0.22498408163598108
multi,ddk,clean,IPVS_PD_69229acc,1,M,,,216,,,,,,,,,,,,,,,,,,D2,1.5444015444015442,2.997212540358305,51.46735645830631,1.953125,-0.10117706620005551,2.6683376878499985,26.044050604104996,2.34375,-0.2004777183442194,3.265382707118988,34.74699258804321,2.34375,-0.19323141059579427
multi,ddk,clean,IPVS_PD_5fcdd5c0,1,M,,,197,,,,,,,,,,,,,,,,,,D1,0.847457627118644,4.2550048783421515,60.29822106473148,2.734375,0.13505723917542387,2.290065963566304,21.61540199071169,1.5625,-0.09408750285182634,3.288497838377953,29.951276630163196,1.5625,-0.07158610243541824
multi,ddk,clean,IPVS_PD_5fcdd5c0,1,M,,,190,,,,,,,,,,,,,,,,,,D2,0.8759124087591241,3.3537846609950055,28.852216228842728,1.5625,-0.12521049870222054,2.480603885650635,29.186701178550706,2.34375,-0.04895429159081159,3.3332167387008664,36.83147795498371,2.34375,-0.03484458982546333
multi,ddk,clean,IPVS_PD_5e7a0360,1,M,,,223,,,,,,,,,,,,,,,,,,D1,1.9184652278177459,3.8581860046833754,50.00328659079969,2.734375,0.1302449922433027,2.4483396112918854,32.40890000015497,2.734375,-0.12684710209044783,3.2218863517045975,34.897418692708015,2.734375,-0.1061679661046584
multi,ddk,clean,IPVS_PD_5e7a0360,1,M,,,244,,,,,,,,,,,,,,,,,,D2,2.6002166847237267,2.0331105291843414,31.140048522502184,3.515625,-0.12072684996787428,3.1854852437973022,55.90161681175232,3.515625,-0.03471312493319932,3.0972443222999573,45.593179017305374,3.515625,-0.062080168658084044
multi,ddk,clean,IPVS_PD_b85147c7,1,M,,,204,,,,,,,,,,,,,,,,,,D1,1.094391244870041,3.178608172386885,48.19936744868756,2.734375,0.3219543892069487,2.8234872579574586,23.529958948493007,1.5625,-0.22759980846079833,3.6499585270881654,30.694725811481476,1.5625,-0.12494476385941133
multi,ddk,clean,IPVS_PD_b85147c7,1,M,,,214,,,,,,,,,,,,,,,,,,D2,1.019108280254777,3.335260970517993,29.53721703030168,1.5625,-0.1172418540562001,2.4975287914276123,23.836014121770837,1.5625,-0.21367213645142022,3.2823659837245938,29.926043823361347,1.5625,-0.11000140636710337
multi,ddk,clean,IPVS_PD_283812f2,1,M,,,222,,,,,,,,,,,,,,,,,,D1,0.7761966364812419,5.0282065205276005,56.63829876109949,1.5625,0.20217712439270127,2.2731134295463558,18.986305817961675,1.5625,-0.27455218448683616,3.8216302633285517,25.669456496834737,1.5625,-0.2408746825462551
multi,ddk,clean,IPVS_PD_283812f2,1,M,,,241,,,,,,,,,,,,,,,,,,D2,0.9302325581395349,3.402185529470444,27.279256675392393,1.5625,-0.2563974758521934,2.598227399587631,24.033035002648838,1.5625,-0.34304899077192985,3.093592530488968,25.88811941444874,1.5625,-0.36279085982335635
multi,ddk,clean,IPVS_PD_37ac75bd,1,F,,,193,,,,,,,,,,,,,,,,,,D1,2.2598870056497176,6.534439194202423,73.1974234431982,2.734375,-0.01617598315116689,2.5496672511100766,26.838814094662666,2.734375,-0.27142151462568614,3.57890897989273,36.77900031208992,2.734375,-0.23650739424993777
multi,ddk,clean,IPVS_PD_37ac75bd,1,F,,,230,,,,,,,,,,,,,,,,,,D2,1.66073546856465,4.596462212502956,44.44309547543526,2.34375,-0.06870287834723078,3.0661858320236206,28.34247387945652,2.34375,-0.051478508068336835,3.9450844526290894,36.65491584688425,2.34375,-0.20184318076285598
multi,ddk,clean,IPVS_PD_7f660571,1,F,,,245,,,,,,,,,,,,,,,,,,D1,2.777777777777778,3.5371935851871967,38.73008945956826,3.515625,-0.23178405567970126,2.3605098724365234,21.371394768357277,1.953125,-0.04903449779659948,2.516486346721649,20.656284876167774,3.515625,-0.13223409792607596
multi,ddk,clean,IPVS_PD_7f660571,1,F,,,288,,,,,,,,,,,,,,,,,,D2,2.5,3.4312177896499634,28.551573492586613,1.953125,-0.26363969377716634,2.595229983329773,25.202902406454086,1.953125,-0.04111674200379135,3.2291754484176636,35.96767485141754,1.953125,-0.0441262856030806
multi,ddk,clean,IPVS_PD_d0de0fb0,1,M,,,220,,,,,,,,,,,,,,,,,,D1,1.2121212121212122,4.4563156440854055,55.251238103955984,2.734375,-0.34962617272360536,2.7882156789302828,28.54614021256566,1.953125,-0.2331346457383306,3.2079755663871765,33.948395662009716,1.953125,-0.22380461409311114
multi,ddk,clean,IPVS_PD_d0de0fb0,1,M,,,252,,,,,,,,,,,,,,,,,,D2,1.256544502617801,4.382145823910832,41.437794640660286,1.953125,-0.4384976654396232,2.6835944652557373,31.808670237660408,1.953125,0.053351886383339625,3.7623415291309357,38.03926967084408,1.953125,-0.2710468622868357
multi,ddk,clean,IPVS_PD_a326f905,1,M,,,284,,,,,,,,,,,,,,,,,,D1,1.2307692307692308,5.062416887283325,56.48201052099466,1.5625,-0.33411088463281424,2.5050673365592955,27.321379631757722,1.953125,-0.21540684540178703,3.767073035240173,34.39757108688353,1.5625,-0.1987001541633733
multi,ddk,clean,IPVS_PD_a326f905,1,M,,,281,,,,,,,,,,,,,,,,,,D2,1.2396694214876034,3.788868645206094,35.03784012282267,1.5625,-0.3143442684822241,3.1025224328041077,28.67994960397482,1.5625,-0.47138967539918214,3.742937058210373,29.20991312712431,1.5625,-0.3217082447183705
multi,ddk,clean,IPVS_PD_c41cf2aa,1,F,,,266,,,,,,,,,,,,,,,,,,D1,1.2244897959183672,3.1540330667048693,48.51060248911381,3.515625,-0.34189964831757347,2.268186017870903,27.278301492333412,1.953125,-0.060698234748774636,2.604700356721878,27.88895983248949,1.953125,-0.11232621944573049
multi,ddk,clean,IPVS_PD_c41cf2aa,1,F,,,275,,,,,,,,,,,,,,,,,,D2,1.2295081967213115,2.19250866509974,23.28585341572761,1.953125,-0.33854105701647996,2.340967157483101,26.54464829713105,1.5625,-0.1495354096175246,2.693324667215347,30.885589309036725,1.953125,-0.11784981852309907
multi,ddk,clean,IPVS_PD_8f283065,1,F,,,250,,,,,,,,,,,,,,,,,,D1,1.0787486515641855,3.9134494364261627,52.70019223913547,1.5625,0.029292558514344924,2.7012391805648797,27.395566776394837,1.5625,-0.2105640913314991,3.3407741904258725,29.073879644274705,1.5625,-0.22399758153567617
multi,ddk,clean,IPVS_PD_8f283065,1,F,,,238,,,,,,,,,,,,,,,,,,D2,1.1135857461024499,2.9364577773958445,29.92251357063651,1.5625,-0.2207512963308245,2.3339975774288177,28.773418813943863,1.5625,0.022719638255787784,2.816199451684952,31.235945783555508,1.5625,-0.07703200327360214
multi,ddk,clean,IPVS_PD_74add44e,1,F,,,254,,,,,,,,,,,,,,,,,,D1,1.5200868621064059,5.9858101025223736,79.96146770194174,1.5625,-0.11869836991264446,2.6308953642845156,23.053532652556896,1.5625,-0.1779469630753734,3.572450506687165,30.58664429932833,1.5625,-0.21437422247010995
multi,ddk,clean,IPVS_PD_74add44e,1,F,,,256,,,,,,,,,,,,,,,,,,D2,2.103049421661409,3.582262276858091,38.327269554138184,1.953125,-0.10015996045120339,2.6102155566215512,23.449191451072686,1.953125,0.009981396403610931,3.582726263999939,31.876123324036595,1.953125,-0.025396169737484802
multi,ddk,clean,IPVS_PD_fdc0ff6e,1,M,,,222,,,,,,,,,,,,,,,,,,D1,2.395209580838323,5.7988532356917855,77.16607170179482,3.125,-0.35554403168915266,2.8635872244834895,31.920668929815292,3.125,-0.29305387484263445,3.5356604337692255,39.96713623404502,3.125,-0.2500200584535057
multi,ddk,clean,IPVS_PD_fdc0ff6e,1,M,,,248,,,,,,,,,,,,,,,,,,D2,3.121516164994426,1.4332547158002855,19.740523928776383,4.296875,-0.08475172756814527,2.7508451700210568,37.580166459083564,4.296875,-0.357097178862859,2.620382022857666,33.853648900985725,4.296875,-0.31698429467093
multi,ddk,clean,IPVS_PD_0bc86f51,1,M,,,260,,,,,,,,,,,,,,,,,,D1,2.219755826859045,5.032886899635195,81.80336701683699,2.34375,0.0030625261354735246,2.1850875020027156,20.93672763556242,2.34375,-0.16610945386544335,2.8073646932840344,28.634123057126995,2.34375,-0.18614143639551126
multi,ddk,clean,IPVS_PD_0bc86f51,1,M,,,225,,,,,,,,,,,,,,,,,,D2,1.9300361881785286,2.217548134922981,27.984934598207435,1.5625,-0.15184287934121865,2.283664655685424,21.151718646287907,2.734375,-0.45520226301941946,2.5478595733642577,27.94473379850387,2.734375,-0.28146545113077087
multi,ddk,clean,IPVS_PD_b3bfc7ef,1,M,,,243,,,,,,,,,,,,,,,,,,D1,1.7094017094017095,4.03300049751997,61.62158798426387,2.734375,0.2891032721345819,1.8535908132791517,25.12343620881437,2.734375,0.2648241473237891,2.1280544489622106,24.504423364996907,2.734375,0.11759880828697376
multi,ddk,clean,IPVS_PD_b3bfc7ef,1,M,,,278,,,,,,,,,,,,,,,,,,D2,1.6771488469601676,2.0143719878979027,28.014694452285763,2.34375,-0.06293117165072876,2.2192958354949948,31.295489743351936,2.34375,0.08207561659758378,2.8309910833835596,33.225959837436676,2.34375,-0.11082580756569148
multi,ddk,clean,IPVS_PD_9bba66a1,1,M,,,273,,,,,,,,,,,,,,,,,,D1,3.141361256544502,6.2271239794790745,73.87851234525442,2.734375,-0.04504319770094688,2.4485777020454407,26.51752606034279,2.734375,-0.12509798105310996,3.5358946323394775,34.33983772993088,2.734375,-0.029427674662582056
multi,ddk,clean,IPVS_PD_9bba66a1,1,M,,,268,,,,,,,,,,,,,,,,,,D2,2.2988505747126435,2.3058416374027724,29.221963714808204,2.734375,-0.26777961923001675,2.707620084285736,34.18673180043697,2.734375,-0.1989998765410075,3.080711305141449,34.627066403627396,2.734375,-0.13575401172304324
multi,ddk,clean,IPVS_PD_babad183,1,M,,,272,,,,,,,,,,,,,,,,,,D1,1.8633540372670807,6.126490034162998,86.92194496281441,2.734375,0.17627456378919867,2.7212440848350514,41.909236423671175,2.734375,-0.0441710740607563,3.2057657629251484,41.31550058722496,2.734375,0.031958525500114195
multi,ddk,clean,IPVS_PD_babad183,1,M,,,278,,,,,,,,,,,,,,,,,,D2,1.9334049409237382,2.4332783997058867,30.84301564842462,2.734375,0.1010733812756638,2.8513015806674953,42.0102137327194,2.734375,-0.16942444881677932,2.81188750565052,33.8349612802267,2.734375,-0.1617014951363807
multi,ddk,clean,IPVS_PD_e32f1f63,1,M,,,279,,,,,,,,,,,,,,,,,,D1,1.149425287356322,3.14691746532917,49.718620553612695,1.5625,-0.03513153424497609,2.1792687654495237,20.333796814084042,1.5625,-0.31842074257123365,2.616157394647598,27.46733367443084,1.5625,-0.14439768480217488
multi,ddk,clean,IPVS_PD_e32f1f63,1,M,,,264,,,,,,,,,,,,,,,,,,D2,1.1952191235059761,4.043632526695728,34.238090813159936,1.5625,-0.20489494357214932,2.359130024909973,29.442698955535885,1.5625,-0.27628138378561046,3.068155264854431,29.309652447700486,1.5625,-0.23969971979776367
multi,ddk,clean,IPVS_PD_5fcdd5c0,1,M,,,221,,,,,,,,,,,,,,,,,,D1,0.7425742574257426,4.386364452168346,53.61291784793137,1.5625,0.5422301452121469,2.4228142976760862,17.420989554375407,1.5625,-0.15249376399263115,3.1866676211357117,32.08843551576136,1.5625,0.008183570676332162
multi,ddk,clean,IPVS_PD_5fcdd5c0,1,M,,,285,,,,,,,,,,,,,,,,,,D2,0.7568590350047304,3.507018664479255,27.105609979480505,1.5625,-0.10708601586568439,2.1697767317295074,19.18065376579761,1.5625,0.014043608138871464,2.733905869722366,26.764500737190243,1.953125,-0.08151743644564925
multi,ddk,clean,IPVS_PD_131a10e3,1,M,,,245,,,,,,,,,,,,,,,,,,D1,1.2958963282937366,2.7623654305934906,46.89344987273216,3.515625,-0.08768155243863018,2.3698126077651978,24.14945811033249,1.953125,-0.13584001168582413,2.418639838695526,26.90984308719635,1.953125,-0.22119855337068242
multi,ddk,clean,IPVS_PD_131a10e3,1,M,,,277,,,,,,,,,,,,,,,,,,D2,1.317027281279398,2.1235652595758436,25.432448845822364,1.953125,-0.24733092007997215,2.18051592707634,32.278275936841965,1.953125,-0.07425635053675114,2.228550973534584,35.14208562672138,1.953125,-0.12023995339092781
multi,ddk,clean,IPVS_PD_b133cb84,1,M,,,264,,,,,,,,,,,,,,,,,,D1,1.1916583912611718,3.6556143283843983,49.00235489010806,1.5625,-0.19169209073300494,2.2772867441177365,28.10464143753048,1.5625,-0.22622628353968463,2.0216558516025542,30.59646353125572,2.734375,-0.2533530613069723
multi,ddk,clean,IPVS_PD_b133cb84,1,M,,,255,,,,,,,,,,,,,,,,,,D2,1.2345679012345678,2.3310918252915145,29.018519446253777,2.34375,-0.3049051367608444,1.7165540829300885,26.719737779349092,1.5625,-0.3648615271954417,1.858732682466507,26.05377282947302,1.5625,-0.4011921295934826
multi,ddk,clean,IPVS_PD_283812f2,1,M,,,256,,,,,,,,,,,,,,,,,,D1,0.893854748603352,3.90755848288536,45.81407926976681,2.34375,-0.05265443137384183,2.7603085041046143,20.46050794422626,1.5625,-0.06309654663344964,3.5984080553054807,27.818063385784626,1.5625,0.1791997611601884
multi,ddk,clean,IPVS_PD_283812f2,1,M,,,278,,,,,,,,,,,,,,,,,,D2,1.0101010101010102,3.8588025286793703,31.832247450947754,1.5625,-0.24495146894088207,2.714789950847625,28.820238560438156,1.5625,-0.09252855632966546,3.2610953629016874,29.63128674775362,1.5625,-0.003764511734520193
en,vowel,clean,IPVS_EHC_49649a7c,0,F,a,1,628,0.324322718949545,-0.6946844711663231,0.7643513262823776,-0.3063892579031369,0.8102939838060627,-0.4063545309361957,-0.25727472351814706,0.5173569058891011,-0.8613096017134253,-0.14392855163249704,-0.8537162173362005,0.44620420450157433,-0.5901327561340713,0.14052494113036773,0.13302061550244626,0.22098980203290527,0.1623245595857003,,,,,,,,,,,,,,
en,vowel,phone,IPVS_EHC_49649a7c,0,F,a,1,628,0.656706871888625,-0.8999734653366936,1.094972611892791,-0.40906344074263146,1.093490538616029,-0.3708875211616042,-0.2989228751372408,0.4262728072190411,-0.7879682836078462,-0.0005070937294808645,-0.8832751058002628,0.3521016800736703,-0.35260877380315114,0.1629562991121061,0.11449966205655497,0.28736546129246116,0.1938224537004357,,,,,,,,,,,,,,
en,vowel,clean,IPVS_EHC_49649a7c,0,F,a,2,296,0.09740054933877473,-0.2225152679373709,0.5927673954139935,0.27406021550800025,0.7181554180517625,0.15290885946054136,-0.5425294325425384,1.0318116795983208,-0.6474995808989814,-0.14572242969709837,-1.024841345846653,0.9109828148999911,-1.0567052445970895,0.27934286190118196,0.09732549740065818,0.18075504414964738,0.11322906759709607,,,,,,,,,,,,,,
en,vowel,phone,IPVS_EHC_49649a7c,0,F,a,2,296,0.6507262401701359,-0.4933065090621455,1.1110162520676516,-0.0029356533221984176,1.2484181766094786,-0.1652469691098406,-0.47790748148821716,0.6434281061958061,-0.758680518339859,-0.09812390477804656,-0.9824628144335211,0.6148214041558879,-0.7129453089339345,0.3980195954303124,0.15625236318235253,0.2722269912104494,0.2680674637329959,,,,,,,,,,,,,,
en,vowel,clean,IPVS_EHC_49649a7c,0,F,e,1,498,-0.03479497323433558,-0.05467465693751971,0.47192730794350307,0.6052977213760217,0.6731352384885152,0.48054495905836425,-0.19552018026510876,0.47581873012085757,-0.09538359219829241,0.0003991932546099027,-0.25614925278971595,-0.01404981457317869,0.014449007827788591,0.10966358151298027,0.18263237516333167,0.2691266671214248,0.16629189987451404,,,,,,,,,,,,,,
en,vowel,phone,IPVS_EHC_49649a7c,0,F,e,1,498,0.2991136705875397,-0.09895328874389331,0.7128100803494454,0.46170008624593417,0.9301432398458321,0.059684815059105556,-0.23083899612228076,0.3501008950173855,-0.5320683418711026,-0.298740961253643,-0.5167071384688219,-0.025048469919711353,-0.2736924913339317,0.1674707999917755,0.20465897011074696,0.30932120726031204,0.170408998648432,,,,,,,,,,,,,,
en,vowel,clean,IPVS_EHC_49649a7c,0,F,e,2,259,-0.07175639233771403,-0.05031479059890577,0.38363330702113496,0.5698913825545341,0.4960634169305206,0.27111810711538714,-0.42014714240268536,0.6357890328594075,-0.1620989448515473,0.10310516990483946,-0.5753904562087575,0.3061369164805314,-0.2030317465756919,0.32692314895039026,0.15081253763319222,0.3264260084299211,0.4033601458719364,,,,,,,,,,,,,,
en,vowel,phone,IPVS_EHC_49649a7c,0,F,e,2,259,0.5634320759849184,-0.14495385148722656,0.9761869151880787,0.40458790217615237,1.1199578334381626,0.0318669843825565,-0.45890651225664053,0.4586577387941871,-0.609877417896204,-0.12416345550186315,-0.8018961920385148,0.2339818079119465,-0.35814526341380964,0.2409918424438859,0.09881441247738347,0.29462656512752444,0.2649888316225963,,,,,,,,,,,,,,
en,vowel,clean,IPVS_EHC_49649a7c,0,F,i,1,474,-0.4465249253736509,0.1991103158651532,0.18916385480157144,0.756217905170434,0.26092683581205517,0.7810376264623828,-1.0474907393222088,1.450179076486534,-0.9082406692050554,-0.40474612893653916,-1.3458845050601693,0.8494181028677972,-1.2541642318043362,0.13413244196772678,0.25037649368080533,0.22872923976502302,0.25355352490063326,,,,,,,,,,,,,,
en,vowel,phone,IPVS_EHC_49649a7c,0,F,i,1,474,0.17764074798230525,-0.3171188380126353,0.6696611465169833,0.14659543137450318,0.6991357832521825,0.08869810959884336,-0.7753548800320058,0.852805259500767,-0.6758645001303899,-0.3490967678648609,-1.0934719009832903,0.3865152286574036,-0.7356119965222645,0.14365277546445307,0.46376414986013814,0.44746878525117095,0.19496612172068423,,,,,,,,,,,,,,
en,vowel,clean,IPVS_EHC_49649a7c,0,F,i,2,276,-0.18251826605164861,0.15859275840851197,0.23921914721827908,0.595175452440618,0.19497450997671448,0.4205919129841299,-0.7294618192027851,0.8959816847759557,-0.298904710146318,-0.33035374185945615,-0.7869572965316025,0.5000060724027185,-0.8303598142621746,0.16780988828753726,0.34609455623679136,0.3361700994832465,0.19015174094289136,,,,,,,,,,,,,,
en,vowel,phone,IPVS_EHC_49649a7c,0,F,i,2,276,0.3831510272729828,-0.05134708407413529,0.690758500921439,0.2986492286604571,0.6833559133740793,-0.06914444070264518,-0.48675100657954273,0.530403561082231,-0.2765400571277343,-0.34706968522395,-0.6624649048120861,0.2782822316400258,-0.6253519168639757,0.27326580356804725,0.46845963520386036,0.5271973157190771,0.30885938198254764,,,,,,,,,,,,,,
en,vowel,clean,IPVS_EHC_49649a7c,0,F,o,1,454,0.36807532276767885,-0.8909846884708335,1.0201131268030537,-0.5933718893976108,1.0934174215815362,-0.32688645822723417,-0.42401882114201567,0.7078182034289641,-0.9566345182757308,-0.2408727305077941,-1.1185247696881746,0.6408398007144676,-0.8817125312222617,0.2779872573320123,0.23506605025045627,0.35310145359802597,0.24139460258805218,,,,,,,,,,,,,,
en,vowel,phone,IPVS_EHC_49649a7c,0,F,o,1,454,0.5828670425354129,-0.6662930590610434,1.1087531869972709,-0.4863075682499113,1.1879048111447452,-0.4951239179847014,-0.5403221157671761,0.703492824593219,-1.1964859371855312,-0.4043129657524346,-1.3260932216135255,0.6802646067047858,-1.0845775724572204,0.3428563659429208,0.2536393060728564,0.26864428825824704,0.33568358343291066,,,,,,,,,,,,,,
en,vowel,clean,IPVS_EHC_49649a7c,0,F,o,2,302,0.676257461964429,-0.8811173861498361,1.288571793463204,-0.6850440633165967,1.3182560411783366,-0.34667080624417945,-0.5609887269335788,0.6003386791754555,-0.5386920315878732,-0.01000067501605212,-1.047208238843378,0.5940745607079877,-0.6040752357240398,0.07713245452082998,0.0733328605428548,0.20895133011020417,0.12961046269390578,,,,,,,,,,,,,,
en,vowel,phone,IPVS_EHC_49649a7c,0,F,o,2,302,0.9922206559024014,-0.8028967124256459,1.544304113794159,-0.7153019367174788,1.5143634978231493,-0.5046128254015367,-0.8415555515950852,0.7554724833795002,-0.6845560667442752,-0.3483277378337724,-1.3799476770090533,0.7035930205730128,-1.0519207584067851,0.07786373849679872,0.06920533999803058,0.16234394816116285,0.10676314336085535,,,,,,,,,,,,,,
en,vowel,clean,IPVS_EHC_49649a7c,0,F,u,1,451,0.22654916791458413,0.0010548139960123604,0.8380965071960569,0.26782241546139945,0.9712448379650327,0.4234248301309853,-0.9739000572379665,1.2792835403852356,-1.2020323366146686,-0.8730734422582982,-1.5601609256324733,1.1266031875120428,-1.999676629770341,0.1871857151800641,0.30191734509966756,0.39021343845873574,0.2413544591980419,,,,,,,,,,,,,,
en,vowel,phone,IPVS_EHC_49649a7c,0,F,u,1,451,0.7297785392656537,-0.4973436788659254,1.1920173387025994,-0.3975669976420068,1.195081334547363,-0.3571126781046611,-0.7965635755185272,0.7521924196958982,-1.0202485012282305,-0.7627510922476375,-1.27195873889536,0.6691001445687345,-1.4318512368163718,0.3487676775987548,0.3462072591812714,0.48924091208771614,0.38437728762618045,,,,,,,,,,,,,,
en,vowel,clean,IPVS_EHC_49649a7c,0,F,u,2,297,0.684020890536921,-0.5317964270794192,1.3190543351892652,-0.07257150379972085,1.442380079676985,0.041533028363515544,-0.4858094925820495,0.4613803517718555,-0.8774021430222015,-0.3602671626976082,-1.038258238627924,0.5428514331787325,-0.9031185958763408,0.2937732442296127,0.34128269664984057,0.524649809643908,0.44533444896596736,,,,,,,,,,,,,,
en,vowel,phone,IPVS_EHC_49649a7c,0,F,u,2,297,0.9485005981096343,-0.5977768013930188,1.42255636466948,-0.25420249798777383,1.4751829807984762,-0.32105602923385257,-0.49630636393024935,0.41521565116650566,-1.0981388573207003,-0.5345365382189857,-1.0552707748622867,0.346395801731994,-0.8809323399509797,0.12859532172720217,0.16865249639393737,0.31846147098317623,0.13787296849978678,,,,,,,,,,,,,,
en,vowel,clean,IPVS_EHC_7a274592,0,F,a,1,570,0.5687592660910205,-0.5676557181174295,1.04603137276326,-0.19842059526875702,1.0425835164666872,0.02912008692646584,-0.866781722144251,0.9789452053257945,-0.5335254529109824,-0.053262956941511196,-1.2016783043393615,0.7904536016067566,-0.8437165585482678,0.18978077217245454,0.2351789573369613,0.29710902642944914,0.20777761335272057,,,,,,,,,,,,,,
en,vowel,phone,IPVS_EHC_7a274592,0,F,a,1,570,0.6790502818617207,-0.6368192664799635,1.302296947796791,-0.24786656641820717,1.35460478063041,0.11999567253896368,-0.9682247162039517,0.9722608318497912,-0.502449131151389,0.006492693565393749,-1.229298916084376,0.5972904283498899,-0.5907977347844962,0.256594120259203,0.20042566700812733,0.2580419329284024,0.2956201314514801,,,,,,,,,,,,,,
en,vowel,clean,IPVS_EHC_7a274592,0,F,a,2,284,0.5741912450554759,-0.6040979518966619,0.9464485395786374,-0.329695770040501,0.9392067305743694,-0.26847370904545453,-0.7560840580872324,0.6960567900434483,-0.403745379905368,-0.2598330706877764,-1.1812207050794779,0.7253613117757405,-0.9851943824635169,0.24166467386353474,0.32955648826556777,0.30451508968683594,0.13969879738538987,,,,,,,,,,,,,,
en,vowel,phone,IPVS_EHC_7a274592,0,F,a,2,284,0.8655765252404435,-0.7586283222014127,1.2573160491017408,-0.42962781235922215,1.24548787086509,-0.3136223440253457,-0.7322973891399628,0.6058099294124648,-0.457687608637782,-0.1566717330106469,-1.1313902849201547,0.5703682655706829,-0.7270399985813297,0.3308730846110235,0.24252040082773338,0.3687923288867883,0.27979187399935607,,,,,,,,,,,,,,
en,vowel,clean,IPVS_EHC_7a274592,0,F,e,1,827,-0.18529934632466352,-0.03547005244423926,0.301510679380035,0.7459784003810384,0.27114186578353405,0.7272557152708772,-0.6851047655226479,0.8783606130412407,-0.42754411884776544,0.15475554861712984,-0.7995994277598273,0.25295297421095236,-0.09819742559382254,0.3042412664358046,0.45727426517519126,0.536789171107617,0.3390465676297231,,,,,,,,,,,,,,
en,vowel,phone,IPVS_EHC_7a274592,0,F,e,1,827,0.13053967085642593,-0.22012906583022304,0.7056104088693078,0.5514874384256916,0.7488877574502822,0.617291558886198,-0.8769076569999008,0.7301705967282626,-0.311557157898333,0.17085809488471604,-0.8958201671630084,0.07011571840216337,0.10074237648255269,0.2272092070526526,0.3703431258269033,0.3876803803733177,0.23713622749752014,,,,,,,,,,,,,,
en,vowel,clean,IPVS_EHC_7a274592,0,F,e,2,289,-0.22156395733356476,0.5765722673279898,-0.021464542150497437,1.0231553375720979,-0.07406977483204433,0.4943860125541687,-0.261035053219114,0.6330572433556829,0.04375930121966771,-0.11108686034168516,-0.44029909938573836,0.25783082550125463,-0.36891768584293977,0.3164966770666328,0.20215960695957697,0.2808278455312391,0.2644126106443171,,,,,,,,,,,,,,
en,vowel,phone,IPVS_EHC_7a274592,0,F,e,2,289,-0.04106686600617,0.33605529597827366,0.19454410638128009,0.8914153620174953,0.09626057531152453,0.39266199818679265,-0.4045775369661195,0.5480758501376425,0.14499324764524188,-0.0595200035401753,-0.4572840303182602,0.09173944195466383,-0.15125944549483913,0.192472500968638,0.14970641992849754,0.30243007325358023,0.14047467485592155,,,,,,,,,,,,,,
en,vowel,clean,IPVS_EHC_7a274592,0,F,i,1,1084,0.0008456144321915563,0.47657401142127676,0.4181175060753076,1.019239683915501,0.4287808287683074,0.9429933943905713,-1.0180615495456142,1.656196939250443,-0.9969877623752949,-0.36004873018917494,-1.361601320066792,0.9478008972646589,-1.3078496274538338,0.20313109808220284,0.3190248692221029,0.3712948601395892,0.14689446915960735,,,,,,,,,,,,,,
en,vowel,phone,IPVS_EHC_7a274592,0,F,i,1,1084,-0.09095968696877269,0.3348471273902369,0.44670610580067693,1.063298041789444,0.4222486365837919,1.1746568209006012,-1.2843077221965313,1.5554830676253222,-0.7975788105484898,-0.3206084981514998,-1.4566317822818466,0.7834806663207025,-1.1040891644722022,0.15733750238038238,0.46832515846381745,0.5340704941076566,0.11400894541254894,,,,,,,,,,,,,,
en,vowel,clean,IPVS_EHC_7a274592,0,F,i,2,290,-0.18328245121172104,0.5054860646012186,0.22446091644380284,0.8698213105571682,0.2803959379764809,0.8549961565897383,-1.2237263410940937,1.8318973485080676,-0.8327371754694259,-0.5470353895048986,-1.5043746945501744,1.280096385328249,-1.8271317748331475,0.299368455964056,0.26728357767951383,0.17917124962394404,0.2983696893118393,,,,,,,,,,,,,,
en,vowel,phone,IPVS_EHC_7a274592,0,F,i,2,290,-0.10455622703864656,0.3180002418571505,0.3948278846754425,0.7550995250542959,0.4360745964550424,0.8454312336170811,-1.3775483647297169,1.5912112155179867,-0.701801780140263,-0.5841796904288489,-1.5882713054788524,1.1076429076920982,-1.691822598120947,0.27637268060354925,0.255733400719045,0.2202951650624921,0.23969111987914557,,,,,,,,,,,,,,
en,vowel,clean,IPVS_EHC_7a274592,0,F,o,1,841,0.366289008755495,-0.3552289367902397,0.9040186609667127,0.011113783363068458,0.9397787479185822,0.361460874723916,-0.8787777835779851,1.191496626708177,-0.666469470728742,0.06097396941173195,-1.2540906145578563,0.8620071219520109,-0.801033152540279,0.28210200324417367,0.2597877633738242,0.29067217200701845,0.2298493222776658,,,,,,,,,,,,,,
en,vowel,phone,IPVS_EHC_7a274592,0,F,o,1,841,0.5866134986133859,-0.39263565773420994,1.2228341492685941,-0.0033859494889136588,1.2900925961461398,0.4344362715093216,-1.2938300762141104,1.2798769712853846,-0.5497530089451534,0.19997892220421593,-1.5367435534401694,0.9166351629365789,-0.716656240732363,0.24297977429218268,0.20827077330411006,0.3245310717669459,0.26901297690407594,,,,,,,,,,,,,,
en,vowel,clean,IPVS_EHC_7a274592,0,F,o,2,315,0.8545204670656295,-0.5653579440854845,1.1578332408868446,-0.5496615525433626,1.0473399414587272,-0.44281707861751474,-0.7425711022482978,0.8926957088015067,-0.8685314838217679,-0.27009631003494616,-1.3077971102699402,0.8783923276951389,-1.1484886377300851,0.2352559826174543,0.1708205992598102,0.4180657094490872,0.2363043642355084,,,,,,,,,,,,,,
en,vowel,phone,IPVS_EHC_7a274592,0,F,o,2,315,1.0968046817514632,-0.7385907906388479,1.451837742849002,-0.6492576344461037,1.3597320028083035,-0.47652444519378523,-0.7586570159783439,0.7071222933354201,-0.6419958945304628,-0.14008713955128635,-1.2276392301554402,0.662737585683033,-0.8028247252343192,0.32822597011449506,0.10230202104777611,0.35328056618036985,0.37991945229916707,,,,,,,,,,,,,,
en,vowel,clean,IPVS_EHC_7a274592,0,F,u,1,1017,-0.09175411103302446,0.19597301511444554,0.4233040809875229,0.567357321515216,0.4812086502580908,0.8279201087897031,-1.2293881490802219,1.7923258278646952,-1.1629374212602157,-0.3677005226649161,-1.6834146002408135,1.3393613673539286,-1.7070618900188448,0.37929580180372346,0.30607248364074185,0.3407296752831737,0.36244379980143876,,,,,,,,,,,,,,
en,vowel,phone,IPVS_EHC_7a274592,0,F,u,1,1017,0.3206963900312074,0.02524517888718463,0.9718340671881911,0.35349256800161444,1.0489247329837952,0.7040365836331575,-1.6174251098679637,1.7845515990218241,-1.303912874183171,-0.528312226498283,-2.071357534969692,1.361584126754205,-1.8898963532524882,0.3911485649487421,0.3191895761411822,0.32304753969484074,0.269360213844406,,,,,,,,,,,,,,
en,vowel,clean,IPVS_EHC_7a274592,0,F,u,2,317,-0.16006673864669202,0.5954057510298584,0.25714138914777346,0.8304180080041835,0.3752000870973028,0.9680310060216494,-1.378364296483744,2.085217156959454,-1.0572332334143952,-0.8679563396108088,-1.8544448108573235,1.5947869622894606,-2.4627433019002694,0.33973050667288035,0.28929867612953336,0.5278267192373028,0.31140650183624685,,,,,,,,,,,,,,
en,vowel,phone,IPVS_EHC_7a274592,0,F,u,2,317,0.09826441413444999,0.3126824733786558,0.6592559135709134,0.5393348637363673,0.8228905800905527,0.7074088326299378,-1.6627547391422133,1.9367302412762069,-1.1232368506062094,-0.9318494465962754,-2.0536532339625335,1.4533039159799745,-2.38515336257625,0.426912906000798,0.17131597287026828,0.3190884560863246,0.4227527456944324,,,,,,,,,,,,,,
en,vowel,clean,IPVS_EHC_bde32635,0,F,a,1,949,0.13166479969922382,-0.3491558235027744,0.6481951722017312,-0.07776938788527574,0.7104110866002151,0.08688794071223398,-0.7778711575760315,0.9108754935594449,-0.7532098467629762,-0.3681921279302516,-1.248393071616385,0.6656586991919893,-1.0338508271222409,0.180031217183946,0.2539864744640676,0.3749612307306371,0.18478079392657226,,,,,,,,,,,,,,
en,vowel,phone,IPVS_EHC_bde32635,0,F,a,1,949,0.37067440723683914,-0.4635650168993427,0.9988985174904772,-0.14716549429083456,1.1159644681705903,0.12455676222014553,-0.9510577756865847,0.9467832840157057,-0.8095112514735938,-0.1812714027361569,-1.3974927115774405,0.6391215105092515,-0.8203929132454084,0.18846758874208708,0.24996331003943817,0.32012688217541946,0.1753259112854168,,,,,,,,,,,,,,
en,vowel,clean,IPVS_EHC_bde32635,0,F,a,2,278,0.09574235275032975,-0.09023212127032734,0.5763754618487188,-0.04976564592548779,0.667804700366798,0.08022331996333032,-0.9092802453253951,1.2481346518865652,-0.7555582758394026,-0.2804168738158686,-1.4323545545339584,1.0448684518868547,-1.3252853257027233,0.11178345967056255,0.20942403946926905,0.17550811001923883,0.10483470837411926,,,,,,,,,,,,,,
en,vowel,phone,IPVS_EHC_bde32635,0,F,a,2,278,0.5880931810076747,-0.4215899973752953,1.1931017545007525,-0.2776672544756106,1.2593246726762681,0.07466457039117813,-0.9944340482886348,1.1779432620941883,-0.6110758734423489,-0.0011340430272477014,-1.4323581496164912,0.8410610700403118,-0.8421951130675596,0.14435984834182683,0.22075402002270478,0.2237218778107003,0.13768055603860116,,,,,,,,,,,,,,
en,vowel,clean,IPVS_EHC_bde32635,0,F,e,1,402,0.09970369910405687,0.18154648777620852,0.40383308183802064,0.38208727883405924,0.36850930590274905,0.1656583741553559,-0.6021691352005832,1.0855274673335809,-0.5665301180575505,-0.3093625776900733,-0.9470714635469697,0.7276247853782675,-1.0369873630683408,0.35930487984967563,0.12535776989340786,0.23902126361480822,0.2676740799557156,,,,,,,,,,,,,,
en,vowel,phone,IPVS_EHC_bde32635,0,F,e,1,402,0.22297002171928232,0.3448369663116361,0.5854657757257627,0.5475207939128245,0.6515967974608595,0.2641701732785249,-0.8228543295471136,1.079318184867378,-0.5635174895244196,-0.22651544311815056,-1.0375756206344966,0.5293906557350612,-0.7559060988532118,0.2687050271104856,0.10113043966132043,0.23847707370347235,0.2339531258152414,,,,,,,,,,,,,,
en,vowel,clean,IPVS_EHC_bde32635,0,F,e,2,347,0.072167226714951,0.3602247414263812,0.34492154362384214,0.4558200104670091,0.421929953985237,-0.00858740009474412,-0.4837654233691795,0.8042723722934153,-0.4359150109678935,-0.3600452896296693,-0.7739646637625102,0.4874422675595757,-0.847487557189245,0.29002332034219286,0.2802444291666357,0.3968572366994412,0.3124730567080421,,,,,,,,,,,,,,
en,vowel,phone,IPVS_EHC_bde32635,0,F,e,2,347,0.3507905864829652,0.36673363380169754,0.7228053985029886,0.44394604533768156,0.884543888021314,0.03917926685376601,-0.8504760768710141,0.9078002855556006,-0.5028524862236954,-0.2821210825628641,-1.056074219279027,0.46399421156629134,-0.7461152941291554,0.22113160194926354,0.160594497462417,0.25391831411049054,0.2783093309257784,,,,,,,,,,,,,,
en,vowel,clean,IPVS_EHC_bde32635,0,F,i,1,402,-0.5531891016058685,0.6028193509406294,-0.048981810527399555,0.7432553504616761,0.026608748130561893,0.6764287254041876,-1.1534825829434987,1.9149275382688222,-1.2052855775499147,-0.8673219629063094,-1.5584293739362196,1.0606153574117945,-1.9279373203181038,0.1776758356834607,0.18403944050732943,0.28331842728837114,0.22019179519055895,,,,,,,,,,,,,,
en,vowel,phone,IPVS_EHC_bde32635,0,F,i,1,402,-0.43940673903985455,0.561987033067656,0.26826185345157116,0.7840956749994893,0.48950046060745384,0.905112560253498,-1.5741801700316185,2.0867706310650536,-1.1144776620771275,-0.7694739469688786,-1.8931643310164616,1.259908015416427,-2.0293819623853055,0.22852354126323776,0.1346807126384195,0.16232667322569638,0.24430918750539443,,,,,,,,,,,,,,
en,vowel,clean,IPVS_EHC_bde32635,0,F,i,2,287,-0.3795168284391392,-0.08912166315696143,0.2875699470670237,0.08486214469623014,0.25963376290191803,0.37949177536661227,-1.4374588393751597,1.7266977108971922,-1.2496796450173924,-0.6451928296444044,-1.8185648322105408,1.0302374535213317,-1.675430283165736,0.33352024812293235,0.3254354223751986,0.36245423827515866,0.35082339830961634,,,,,,,,,,,,,,
en,vowel,phone,IPVS_EHC_bde32635,0,F,i,2,287,-0.11452506870203624,-0.09921278154229843,0.6469966046555193,0.2332070487083038,0.6942829251978438,0.6114160749264536,-1.6859783209817258,1.742548509829306,-1.0998050591160107,-0.5256417633567242,-1.9919340269413988,1.0448699838164224,-1.5705117471731467,0.24567272608747182,0.20829503884321446,0.2692425455725759,0.25345311861232844,,,,,,,,,,,,,,
en,vowel,clean,IPVS_EHC_bde32635,0,F,o,1,441,0.5221619120183981,-0.408854636999796,1.0333387739815802,-0.3620107862746941,1.146601097876171,-0.2690313270631826,-0.8142666547928217,1.0235712566465702,-0.6684593499269126,0.019233462495623896,-1.2262063903628655,0.7939235406875048,-0.774690078191881,0.22287915178774736,0.29632794904650944,0.27254055367660956,0.3375906890218451,,,,,,,,,,,,,,
en,vowel,phone,IPVS_EHC_bde32635,0,F,o,1,441,0.679636194064932,-0.44439307170094183,1.3065447274244057,-0.27960356350214977,1.4675544275427765,-0.09941023717511376,-0.9498421714553293,1.0895077360688517,-0.5309511524888705,0.05335841822736668,-1.2921443680547318,0.7873877800509053,-0.7340293618235386,0.1509042589965936,0.36462692314025535,0.41619671528485275,0.1839536379470673,,,,,,,,,,,,,,
en,vowel,clean,IPVS_EHC_bde32635,0,F,o,2,282,0.5799020969692399,-0.2647022363017587,1.1020037608988145,-0.22396641049314947,1.2695248677450068,-0.09697407624300788,-0.812847944743493,1.0660111699034185,-0.4544038963668487,-0.09071160318220363,-1.185409439311308,0.8583570457556668,-0.9490686489378705,0.2940634901435093,0.5676284903331241,0.5114971259487212,0.4223604251323274,,,,,,,,,,,,,,
en,vowel,phone,IPVS_EHC_bde32635,0,F,o,2,282,0.8135896307580611,-0.34638243414023345,1.4021841568105362,-0.2534869414918563,1.581665898771847,-0.07176241120871375,-0.9655053243041039,1.044797652609208,-0.4550141461631831,0.026886680897544413,-1.2686876759809607,0.7594079053577255,-0.7325212244601811,0.5018639667841134,0.6668876133120651,0.5054206047634568,0.4123333739502096,,,,,,,,,,,,,,
en,vowel,clean,IPVS_EHC_bde32635,0,F,u,1,589,-0.026813702768003437,0.103592024134918,0.6119381794627283,0.18806703980539885,0.8227285531624942,0.4880022987513475,-1.1198055462098457,1.5906193182501995,-1.2624348286172034,-0.45884205029464104,-1.7124317081881242,1.2318786710080967,-1.6907207213027378,0.258649987672945,0.29329096311004904,0.47889329989673823,0.3400531929140237,,,,,,,,,,,,,,
en,vowel,phone,IPVS_EHC_bde32635,0,F,u,1,589,0.26134889054466304,-0.10218762558111003,0.9797734323941486,-0.10035465288330132,1.1975120266558419,0.2823951706500121,-1.2099193502479875,1.240032882421789,-0.8842319371834607,-0.3441749214916162,-1.6657207974245851,0.8932081199867624,-1.2373830414783786,0.24030015943433303,0.48302759604342066,0.4583739638785578,0.2272814843488002,,,,,,,,,,,,,,
en,vowel,clean,IPVS_EHC_bde32635,0,F,u,2,287,-0.26292138172022866,0.1007224514305247,0.35992360528493894,0.24070263675527076,0.4809427719584779,0.36684799030681564,-1.1091595946708857,1.5670454577903528,-0.7751766956610486,-0.4825740127119026,-1.4480094623703488,1.0485799433178984,-1.531153956029801,0.45826175591825363,0.5474154003429266,0.5083507571839541,0.4666080299340155,,,,,,,,,,,,,,
en,vowel,phone,IPVS_EHC_bde32635,0,F,u,2,287,-0.13253735367617855,-0.03601004467534192,0.651683167742856,0.23425579157178802,0.813263188638439,0.5012285743834656,-1.43634182593726,1.5481828409812355,-0.5882235872263164,-0.17110748102382428,-1.643757764659176,0.8813723511778551,-1.0524798322016793,0.25507858680054785,0.4988267267507009,0.633563665387902,0.3495156639398599,,,,,,,,,,,,,,
en,vowel,clean,IPVS_EHC_6f100ca8,0,F,a,1,548,0.8138157119805163,-0.9974238151853735,1.455581704323942,-0.5724913238124414,1.5029066850741704,-0.2698143693985361,-1.0637869240208107,0.9223363846992001,-0.44589007808403536,0.04479392861778086,-1.4535353980281136,0.7176182949125315,-0.6728243662947506,0.13664147210805747,0.21988121869339886,0.319896497237612,0.1261664821613969,,,,,,,,,,,,,,
en,vowel,phone,IPVS_EHC_6f100ca8,0,F,a,1,548,0.7182336578766505,-0.8350569349798289,1.3993430668657476,-0.4316092858260328,1.5316238085428873,-0.14448333874796376,-1.1500104091384193,0.969827926158905,-0.379078863674041,-0.020396309052452898,-1.5062469364115687,0.7212078494894685,-0.7416041585419214,0.13055302559377535,0.20445845567088378,0.29406030656445376,0.10255796045543297,,,,,,,,,,,,,,
en,vowel,clean,IPVS_EHC_6f100ca8,0,F,a,2,302,0.8478989931908283,-1.0590127681965356,1.4978375145039715,-0.7944450451286285,1.566204180756768,-0.49311281216668557,-0.8717558372479218,0.6041441992088988,-0.4021450668409631,-0.04166249869452728,-1.2644616316308033,0.6820986183912872,-0.7237611170858145,0.057745112385088455,0.1796750470200929,0.3167412066077375,0.0414811382755672,,,,,,,,,,,,,,
en,vowel,phone,IPVS_EHC_6f100ca8,0,F,a,2,302,0.837461707847459,-1.003396710196694,1.502134260731739,-0.7873614436977512,1.6013803195494871,-0.5067607553286867,-1.015407303778025,0.6739419776905369,-0.3040729638311889,0.016693909417141925,-1.2967588279273483,0.555740113093794,-0.5390462036766521,0.06428019652642132,0.2543718419456749,0.3983141031248576,0.03709049018664029,,,,,,,,,,,,,,
en,vowel,clean,IPVS_EHC_6f100ca8,0,F,e,1,417,0.43655968739454487,-0.347995165097286,0.9050455785605062,0.23993837204112475,0.9229151405898698,0.29777326752465083,-0.5172168797112081,0.7020205849729686,-0.16591121956884147,0.11816697215950822,-0.6714788991141605,0.20749041178371327,-0.08932343962420505,0.30872683770282716,0.21005197011747376,0.26674440855857257,0.22352961129841115,,,,,,,,,,,,,,
en,vowel,phone,IPVS_EHC_6f100ca8,0,F,e,1,417,0.37970916570657753,-0.2717785238032322,0.9391780118068376,0.29516020328162673,1.036089461222588,0.4330634391640287,-0.738534031101907,0.8170839704246635,-0.1840964854357252,0.11961272887262216,-0.881136626420743,0.23522951545201212,-0.11561678657938997,0.26559162738604003,0.3325847596853335,0.3490763083274537,0.22263354254909296,,,,,,,,,,,,,,
en,vowel,clean,IPVS_EHC_6f100ca8,0,F,e,2,277,0.2849255639635874,-0.19026650363456704,0.7062758495529254,0.15478464381066626,0.6951133030617308,0.04965469241142273,-0.8169828457925135,0.8454915809774113,-0.4028460867926032,-0.26387658193261326,-1.0227667441268167,0.5040128536767767,-0.7678894356093899,0.11329895202887945,0.17297134774100284,0.2930031238276729,0.1067198313081783,,,,,,,,,,,,,,
en,vowel,phone,IPVS_EHC_6f100ca8,0,F,e,2,277,0.19474415034947995,-0.12964699778728142,0.6957754153691366,0.1689606927290648,0.7933199204013733,0.07910597627748273,-0.9738240611410427,0.8793468507017917,-0.32784568005336256,-0.20579424852918007,-1.059309100230297,0.3791568017157609,-0.584951050244941,0.0980709236094552,0.17343164097122557,0.23076980356069207,0.07722180268239494,,,,,,,,,,,,,,
en,vowel,clean,IPVS_EHC_6f100ca8,0,F,i,1,606,-0.3024102491991861,-0.15432868349355655,0.33110845686642676,0.2018562522972678,0.4125941703198375,0.2412883968471171,-1.1143120201406898,1.3588991635939578,-0.6961448335058087,-0.2311509450754294,-1.2437835071276833,0.658872980092253,-0.8900239251676824,0.23619553992271208,0.45741574467227025,0.3251356340789339,0.2770885643602412,,,,,,,,,,,,,,
en,vowel,phone,IPVS_EHC_6f100ca8,0,F,i,1,606,-0.07668196557314841,-0.10881708627873725,0.6850281580054498,0.22445254965306638,0.8252473181666253,0.5165763375359577,-1.349905177459612,1.4544071795848699,-0.6231078273811184,-0.1913384231278202,-1.4285498760067499,0.67746794852684,-0.8688063716546601,0.24559875259601152,0.5214740868780842,0.4871154975053714,0.28491697687370826,,,,,,,,,,,,,,
en,vowel,clean,IPVS_EHC_6f100ca8,0,F,i,2,287,-0.014624919333209882,-0.39437233402549876,0.64462643448328,-0.10693975938537906,0.6930950702614866,0.06769690107058927,-0.8997972835867392,1.1252502900672097,-0.41788057922627886,-0.2760713882098308,-1.0207438374185838,0.592483559774095,-0.8685549479839257,0.21013538071780483,0.36894597484252767,0.3036349777615578,0.14294997576636984,,,,,,,,,,,,,,
en,vowel,phone,IPVS_EHC_6f100ca8,0,F,i,2,287,0.17986707363514542,-0.2629818552835828,0.8573807949964711,-0.07235743251839125,0.9605450925627196,0.19049541187079655,-1.0566279521222748,1.1845832094980802,-0.5978341200792721,-0.13438116207804984,-1.1889528177377116,0.4918863209169035,-0.6262674829949534,0.20055520948429953,0.38508711715467075,0.2608070809523614,0.21770349996478522,,,,,,,,,,,,,,
en,vowel,clean,IPVS_EHC_6f100ca8,0,F,o,1,496,0.3375878720075492,-0.80142988794602,1.2384053212684274,-0.6496389257227815,1.3957729038576152,-0.07758246002181264,-1.0923603085063447,1.4655471114104226,-0.903692562508103,-0.06348213889704854,-1.6407817982187207,1.3549520561359072,-1.4184341950329558,0.3471110028463059,0.3254833793971014,0.28508230945074703,0.2862565205918982,,,,,,,,,,,,,,
en,vowel,phone,IPVS_EHC_6f100ca8,0,F,o,1,496,0.3247584573574514,-0.8049843393316205,1.2657770424481207,-0.6389090322308092,1.4305912372249885,0.029470000541050163,-1.168958663340383,1.3910313758674084,-0.7971063312268097,0.021732911017517117,-1.6509240117649104,1.128584113997101,-1.1068512029795838,0.33171614075239375,0.4071154625416947,0.3642663217467006,0.2845418342132954,,,,,,,,,,,,,,
en,vowel,clean,IPVS_EHC_6f100ca8,0,F,o,2,285,0.575093105609654,-1.131164007193861,1.3671332130655212,-0.9870111053450066,1.5321546353791888,-0.48570199807484943,-0.8551380466996578,1.0688452312820835,-0.48822933740434593,-0.1773200180621175,-1.3508227181713484,1.2073508973358666,-1.3846709153979841,0.2504714011618883,0.3402955911543049,0.548011738690159,0.24723999362710364,,,,,,,,,,,,,,
en,vowel,phone,IPVS_EHC_6f100ca8,0,F,o,2,285,0.6265101701195477,-1.1137967177650385,1.47026891248268,-1.0085682063771968,1.667955340000621,-0.38225115060109144,-0.9507385595151555,1.0054295571923952,-0.6047853071961486,-0.11924574075386538,-1.4118677050049542,0.9317634474290045,-1.0510091881828698,0.26703074261449833,0.24584149825991083,0.4466065808306664,0.2567964880017762,,,,,,,,,,,,,,
en,vowel,clean,IPVS_EHC_6f100ca8,0,F,u,1,520,0.19081334029443753,-0.7282871740559737,0.8736951774798143,-0.5144065085989542,0.9554284013903294,-0.158921859633082,-0.8682540009419123,1.0942520772417386,-0.7301929970391285,-0.2622462022357071,-1.3160155772780762,0.864461499815568,-1.126707702051275,0.33515549692020935,0.4821534442688275,0.598881404898251,0.4376354015069005,,,,,,,,,,,,,,
en,vowel,phone,IPVS_EHC_6f100ca8,0,F,u,1,520,0.6424318559181231,-0.9573988012778454,1.4742298285739543,-0.6740524676652291,1.5863666222072565,-0.061950613625156574,-1.1118910618317432,1.1573355175936832,-0.6969867654335804,-0.007689415262295649,-1.5304551768379333,0.9562321822039592,-0.9639215974662548,0.261833926038132,0.5316729649547599,0.6590656360808118,0.3046458571374078,,,,,,,,,,,,,,
en,vowel,clean,IPVS_EHC_6f100ca8,0,F,u,2,298,0.46856951117515566,-0.6081302432550324,1.0897469465931258,-0.4393437266349792,1.229644846998983,-0.10119605561097463,-0.8595400614043077,1.2383421025342412,-0.4844593042300807,-0.25699511323538093,-1.2793542136748632,1.1417056494288975,-1.3987007626642785,0.11697373394188101,0.1267040927160673,0.21663004595780086,0.2807817098951416,,,,,,,,,,,,,,
en,vowel,phone,IPVS_EHC_6f100ca8,0,F,u,2,298,0.6993248493307167,-1.0817331188254886,1.3829010271363789,-0.8474864003558954,1.4382810996638404,-0.40054162268837296,-0.7958901985651917,0.8735774200409651,-0.25656961848338444,-0.0890562197814385,-1.1238951845301521,0.7843611379464467,-0.8734173577278852,0.25686765572345616,0.12250152697344652,0.20111254264290704,0.3408168565096844,,,,,,,,,,,,,,
en,vowel,clean,IPVS_EHC_40e93a8c,0,M,a,1,330,0.7837745815214484,-1.1047257263251025,1.3516176856226392,-0.8500989226229263,1.366994501665385,-0.43246965366180495,-0.8741691756730128,0.5770750636554728,-0.3530931265065164,0.10226509291114229,-1.1291861070526972,0.33650863044565976,-0.23424353753451746,0.17366831084404458,0.25524004527538974,0.34763068774621947,0.09953348227161106,,,,,,,,,,,,,,
en,vowel,phone,IPVS_EHC_40e93a8c,0,M,a,1,330,0.8992952501231973,-0.8602388535033573,1.4828698863886824,-0.5474672397278776,1.4939084474486535,-0.1795666099648283,-1.0484632133986012,0.8061194584488568,-0.45446695688396993,0.022575040771202606,-1.3660280602146881,0.4764318401558381,-0.4538567993846355,0.2547939376207464,0.31859843706081287,0.27734651343079453,0.13895477685934293,,,,,,,,,,,,,,
en,vowel,clean,IPVS_EHC_40e93a8c,0,M,a,2,272,0.5295762513287183,-1.1630808442104152,1.1232062349232232,-0.8237362205982208,1.1168396656469601,-0.38853743054517886,-0.7260501135776682,0.4294157789611235,-0.09049740969771292,0.3230336856823869,-0.8776620865867633,0.17175790641411412,0.15127577926827276,0.3946976980635915,0.251423212608174,0.2749837545519912,0.13124692977482458,,,,,,,,,,,,,,
en,vowel,phone,IPVS_EHC_40e93a8c,0,M,a,2,272,0.6017431996581031,-1.0077321200472553,1.2151809452873905,-0.6653001557399587,1.2159407869344805,-0.24861323797121282,-0.8929321358843547,0.6075122096553082,-0.2318261357524046,0.2736187780775675,-1.072416165343872,0.21816938934938573,0.05544938872818176,0.25206628908594664,0.26495183807547434,0.23263302398136934,0.2187277772242822,,,,,,,,,,,,,,
en,vowel,clean,IPVS_EHC_40e93a8c,0,M,e,1,421,0.7313896333982822,-0.29939843260723614,1.0404268216945438,0.019853926223257313,1.080975618934914,-0.30347843998270074,-0.5001252938518411,0.5346822141570301,-0.3353363592987475,-0.08491018025771431,-0.7376691253171137,0.21513622005289723,-0.3000464003106115,0.21953604356789908,0.1686634660873822,0.22081042120567462,0.19414285119053445,,,,,,,,,,,,,,
en,vowel,phone,IPVS_EHC_40e93a8c,0,M,e,1,421,0.7764185988620336,-0.15323939536635584,1.182500969751079,0.22923845494453143,1.2752895038354066,-0.05031754730247226,-0.7826357448525109,0.7183270454995717,-0.41018920430081635,-0.17810880027623044,-0.9972522784716527,0.2597187313549368,-0.4378275316311672,0.31547695752641264,0.16359662763052513,0.16482777200981302,0.2570247899052836,,,,,,,,,,,,,,
en,vowel,clean,IPVS_EHC_40e93a8c,0,M,e,2,301,-0.01439259691133025,-0.48320198692998834,0.3888345186222983,-0.14430229785692625,0.3449147110650553,-0.34030143570834104,-0.7917893810496146,0.5948257456785737,-0.4143849856616384,-0.24326957482330047,-0.9021083895755078,0.19064374659107536,-0.43391332141437583,0.31154198058685134,0.29143698075390617,0.4517845500936925,0.3757069314833342,,,,,,,,,,,,,,
en,vowel,phone,IPVS_EHC_40e93a8c,0,M,e,2,301,0.22080336486437044,-0.3352933601779832,0.6095997749606549,0.027157723162714288,0.5948376736258933,-0.2416271060211224,-0.911309729705858,0.7305448923404045,-0.4071328267866735,-0.25053660143475504,-0.9623963643503453,0.18309482389762585,-0.4336314253323809,0.3241545802800144,0.24277699285937873,0.3326737548270911,0.3179154383190283,,,,,,,,,,,,,,
en,vowel,clean,IPVS_EHC_40e93a8c,0,M,i,1,466,-0.11515288486012391,0.19146026708185673,0.37006460151502063,0.6214780836233071,0.42815940204475605,0.5618382917451007,-1.0146634933139598,1.3960099145237888,-0.5302864876708814,-0.0645216828212142,-1.1909278528764844,0.7223957434496177,-0.7869174262708319,0.3692459399564225,0.2990140273148154,0.2879147309117675,0.3238899258914775,,,,,,,,,,,,,,
en,vowel,phone,IPVS_EHC_40e93a8c,0,M,i,1,466,0.07444673760661057,0.17715802251228263,0.6360437478870153,0.6028895306267908,0.6885746685521943,0.6444905916494983,-1.4053332237260683,1.4704760885664394,-0.5236360528639384,-0.039384505857846565,-1.4714047823633467,0.7148892844295395,-0.7542737902873861,0.34639069788276383,0.33466360714608173,0.38245280585816366,0.2626959264894198,,,,,,,,,,,,,,
en,vowel,clean,IPVS_EHC_40e93a8c,0,M,i,2,283,0.008353590703847115,0.18030347688156262,0.43361937128312406,0.605621212320021,0.48532843894777244,0.4936628895893432,-1.1362496830566584,1.2625294381763503,-0.32883421972132565,-0.11890742213231081,-1.1320254893330803,0.6769306758712781,-0.795838098003589,0.1919883460407073,0.31378901945276877,0.2669308123310211,0.07513030128344404,,,,,,,,,,,,,,
en,vowel,phone,IPVS_EHC_40e93a8c,0,M,i,2,283,0.06739112124805562,0.21496273202505725,0.5599929487321809,0.7343483555038073,0.585173236783485,0.6345714252246054,-1.441022425018556,1.3056383092849575,-0.32290088903834246,-0.03891217556090383,-1.3292888510994048,0.5163547904584666,-0.5552669660193704,0.2039356435907285,0.22739141017163308,0.3530309951882661,0.1257268670331515,,,,,,,,,,,,,,
en,vowel,clean,IPVS_EHC_40e93a8c,0,M,o,1,488,0.735926989491294,-0.6266035417817077,1.2485966584106691,-0.4285759601463266,1.1964469285441093,-0.061239683557124364,-0.8717757005776677,1.007393444121695,-0.5820952765897017,0.0320451596029559,-1.2381834476983467,0.6062020269811762,-0.5741568673782202,0.3079800095286402,0.2705882115393444,0.4223972685237308,0.48611498423107197,,,,,,,,,,,,,,
en,vowel,phone,IPVS_EHC_40e93a8c,0,M,o,1,488,0.7396374084815687,-0.3647572364227301,1.2730196989109728,-0.17859353419063853,1.2196763510606727,0.1968864084911995,-1.1092208218919177,1.1921141976807392,-0.5364103637585024,0.010198426641979995,-1.431533622295678,0.6902473597172775,-0.6800489330752975,0.3369703901955499,0.31546097098522546,0.34756679390706674,0.5094646403281212,,,,,,,,,,,,,,
en,vowel,clean,IPVS_EHC_40e93a8c,0,M,o,2,273,0.7396427781292887,-0.7923810467575536,1.1851518494613242,-0.5702181164062384,1.1655628710985184,-0.3904224504124035,-0.8332775776133393,0.9176822629841891,-0.4485064120906772,-0.0942267298246875,-1.194380911733165,0.7546088230767937,-0.8488355529014812,0.15158313725460115,0.1364013842176245,0.14726389266045098,0.24045991682858178,,,,,,,,,,,,,,
en,vowel,phone,IPVS_EHC_40e93a8c,0,M,o,2,273,0.8881874237096671,-0.7953446444236871,1.381991444934498,-0.5149362343730348,1.3509098767331151,-0.2291882549271439,-0.8981568108905446,0.9298078657099695,-0.4868027870402192,-0.03358773936827977,-1.315889352018183,0.7764866224744104,-0.8100743618426901,0.16653162571848673,0.10157737152997678,0.11203409944204284,0.28135919560710626,,,,,,,,,,,,,,
en,vowel,clean,IPVS_EHC_40e93a8c,0,M,u,1,536,-0.08776981471488195,-0.0944437672910483,0.4059598287625342,0.10670077735963075,0.415897655375996,0.24714030205092816,-0.9027841708489827,1.3126532947239669,-0.8017708300988867,-0.24486773528204941,-1.275074988557315,0.7995644276614607,-1.0444321629435103,0.3681301597625494,0.3217438377947019,0.3530687071908846,0.25387779490198087,,,,,,,,,,,,,,
en,vowel,phone,IPVS_EHC_40e93a8c,0,M,u,1,536,0.18233120321116833,-0.11185660439988841,0.7255147296171751,0.12195377061085672,0.7620889415837223,0.27440167611800365,-1.1237881933310017,1.3482279236549917,-0.7823187437672052,-0.3309620594640511,-1.4996704534158944,0.8587808867349572,-1.1897429461990083,0.3213494944732838,0.3850453115863231,0.33320574968681066,0.24457399246657557,,,,,,,,,,,,,,
en,vowel,clean,IPVS_EHC_40e93a8c,0,M,u,2,278,0.06965425823416029,-0.16942424114261354,0.5935702781592097,0.19818750183497155,0.6424515962245918,0.43780129376266685,-1.0329764506646566,1.2285160264443784,-0.5175383836917934,-0.15609063536283516,-1.3292235324070567,0.8027126246708489,-0.9588032600336841,0.09189045999355622,0.23265845624746245,0.4305982455676257,0.17913649946796817,,,,,,,,,,,,,,
en,vowel,phone,IPVS_EHC_40e93a8c,0,M,u,2,278,0.3854418455490044,-0.017051718508203823,0.916498913651421,0.3976858775353148,1.009834091755606,0.4930660392024687,-1.1213807167396659,1.262235623385225,-0.6490920637512491,-0.22852324543609506,-1.490829170991977,0.8026393225327844,-1.0311625679688794,0.14627292112288978,0.23009680262990145,0.41951293901803877,0.2677445000126007,,,,,,,,,,,,,,
en,vowel,clean,IPVS_EHC_6d20d216,0,F,a,1,471,0.2982014979469481,-0.4834313733312351,0.8926022049079093,-0.13814713476824675,1.061114428110763,0.013517045458719503,-0.8207491970630922,0.8507497758989621,-0.5520969109063435,-0.33426378780561283,-1.229224837816225,0.6076964945943744,-0.9419602823999872,0.21327584707396713,0.17461302710653176,0.31856090961441813,0.16254202446428298,,,,,,,,,,,,,,
en,vowel,phone,IPVS_EHC_6d20d216,0,F,a,1,471,0.4617304592376884,-0.4481905763541009,1.1038172648357418,-0.13856394883811263,1.2697623692215962,0.012541470805663523,-0.9557505522726282,0.9290188357181347,-0.5652103405643267,-0.20114959918568076,-1.3203562002089335,0.6292725503115583,-0.830422149497239,0.19366190539866765,0.246598930952688,0.33061372980413006,0.16375970016518082,,,,,,,,,,,,,,
en,vowel,clean,IPVS_EHC_6d20d216,0,F,a,2,270,0.41521008055151243,-0.78749065855403,0.864944424526191,-0.498218440991125,0.9423804238070677,-0.3272415221105387,-0.7296862852426222,0.6285104213489426,-0.3656010157716127,-0.1627999935069202,-1.075852624060195,0.5619459441851502,-0.7247459376920704,0.2649682547164391,0.35438705965273065,0.543297209906,0.17908188067058947,,,,,,,,,,,,,,
en,vowel,phone,IPVS_EHC_6d20d216,0,F,a,2,270,0.743935180299076,-0.8302856560474561,1.2773212330576815,-0.4929552964038319,1.3702353459817391,-0.2319694341700754,-0.808624334357403,0.6876963034824088,-0.41679175749973013,0.06073387054565512,-1.1593447616438808,0.48467997313235645,-0.42394610258670135,0.15803677131845664,0.2367192688120557,0.38267901690795486,0.11263459896392156,,,,,,,,,,,,,,
en,vowel,clean,IPVS_EHC_6d20d216,0,F,e,1,551,0.33920666904067703,-0.38760309132924614,0.9388098585731673,-0.02130589699457059,1.1537976867752853,0.005145658584159667,-0.506114385009172,0.33749282663952546,-0.21501926704115737,0.179810651119382,-0.5834534809758656,-0.07838608660479146,0.25819673772417345,0.3160300477193213,0.19698096736418286,0.3812076277989287,0.27943423009643065,,,,,,,,,,,,,,
en,vowel,phone,IPVS_EHC_6d20d216,0,F,e,1,551,0.4558956678000102,-0.34498240260739343,1.098077199205171,0.016205547169256065,1.2830851214890033,0.05986765526752818,-0.6834674185856592,0.46140444782925516,-0.1291261259972869,0.19291867564497037,-0.6879012628804521,0.011628638688486148,0.1812900369564842,0.3963155603383621,0.24799818555128192,0.4124578178502086,0.35760999972612156,,,,,,,,,,,,,,
en,vowel,clean,IPVS_EHC_6d20d216,0,F,e,2,342,0.4586896903595878,-0.7377970162959933,0.955881580999754,-0.42782700864724743,1.0637791190043235,-0.35346366103413035,-0.4384394982486095,0.16214620546229835,0.08684863244156235,0.11005231343860765,-0.41582200175277817,-0.0662187585082737,0.17627107194688135,0.3482500199946774,0.18321177388817822,0.5202864322328221,0.3471211234849483,,,,,,,,,,,,,,
en,vowel,phone,IPVS_EHC_6d20d216,0,F,e,2,342,0.670785406116143,-0.6641274173427554,1.2237794055666738,-0.3515834024953611,1.395178079749774,-0.38106191151061103,-0.5791408070227475,0.2120902695629782,0.06621294823086378,0.22187939665994597,-0.4635135796535941,-0.1781198403987925,0.39999923705873847,0.28777600180513907,0.1809669017440647,0.45199371674529915,0.2447510798210155,,,,,,,,,,,,,,
en,vowel,clean,IPVS_EHC_6d20d216,0,F,i,1,679,-0.5675542770650392,0.16374503604357282,0.050745410229874124,0.6476842000315417,0.16709717339437574,0.5801741407961017,-1.0566493180969816,1.5237862792749568,-0.707180861556734,-0.49516716541171363,-1.314115459003775,0.7715378021161029,-1.2667049675278166,0.2625867983308457,0.314587530914347,0.43121699515576073,0.22542630430931646,,,,,,,,,,,,,,
en,vowel,phone,IPVS_EHC_6d20d216,0,F,i,1,679,-0.2050462204115898,0.09503504673979976,0.459275065322377,0.5528341529931882,0.6339879712513432,0.5832160052576975,-1.0277250623353245,1.2956091891291088,-0.481116923259931,-0.10962292797918133,-1.1505394282142807,0.5625967157089259,-0.6722196436881072,0.26349190796389477,0.22627170052333997,0.3861967125353919,0.21497931802713457,,,,,,,,,,,,,,
en,vowel,clean,IPVS_EHC_6d20d216,0,F,i,2,281,-0.1622901458359329,0.14860558844882354,0.3342759306790561,0.4811520788091174,0.5714712575871563,0.3581078391985075,-0.9770200781568268,1.2330546717671953,-0.4464547134186389,-0.42460260791538734,-1.2026147701331145,0.8149335060665417,-1.239536113981929,0.22246060727748693,0.3583910019679453,0.5172198653165684,0.1611427827069192,,,,,,,,,,,,,,
en,vowel,phone,IPVS_EHC_6d20d216,0,F,i,2,281,0.21309811017922395,0.03856127907538555,0.7545629937267868,0.34843713212648086,0.9841086919138418,0.2971361612779854,-1.0619755218014915,1.1464314712927892,-0.45326491511432376,-0.09586292214294863,-1.2323397069993103,0.640243008776882,-0.7361059309198306,0.14040365844542127,0.5551203732592325,0.7640701989934544,0.0922738756435977,,,,,,,,,,,,,,
en,vowel,clean,IPVS_EHC_6d20d216,0,F,o,1,554,0.3588963599351352,-0.4578638276207947,1.0835273964944,-0.35540794737324743,1.2070719328915287,0.04210613828576253,-0.9297129513617761,1.1264866960798194,-0.6775213698159435,0.036751342892736016,-1.3811703904303247,0.8779703733974142,-0.8412190305046782,0.36631146599973136,0.4495440775664607,0.6594921067342122,0.32510091651042466,,,,,,,,,,,,,,
en,vowel,phone,IPVS_EHC_6d20d216,0,F,o,1,554,0.5475550608452923,-0.3399705897994384,1.2853431683368313,-0.2570355207977181,1.4523001622386322,0.11287983618453591,-1.1101660507167885,1.173228593643554,-0.6055915886145866,0.03566712930709302,-1.460160300760212,0.8394836255622481,-0.803816496255155,0.4594484579966475,0.3685686415498806,0.5257135480890829,0.40392524763300286,,,,,,,,,,,,,,
en,vowel,clean,IPVS_EHC_6d20d216,0,F,o,2,306,0.3755627230781576,-0.7006535060379816,0.9721189670102752,-0.5634161736816168,1.0432116244312213,-0.25193837179761863,-0.6249028000494709,0.7287006953164287,-0.45244688945619954,-0.1911211818780588,-1.1185194723632024,0.7022544241145902,-0.8933756059926489,0.2326233348782948,0.28660699522159677,0.28252607426151394,0.22995061284351576,,,,,,,,,,,,,,
en,vowel,phone,IPVS_EHC_6d20d216,0,F,o,2,306,0.603464557343851,-0.6875473340244397,1.312089789982723,-0.4885492601796337,1.4736918006902155,-0.029889796172147213,-0.897828857211963,0.884319107817567,-0.44365164831928583,0.04018675928692455,-1.319911945125331,0.7113334257155657,-0.6711466664286412,0.2524070178349869,0.2675152950328458,0.37911197080070747,0.2766957699285754,,,,,,,,,,,,,,
en,vowel,clean,IPVS_EHC_6d20d216,0,F,u,1,620,0.13148851031737943,-0.4169683592614307,0.7905955574605413,-0.22511845130112865,0.891425383667792,0.1302433382439357,-0.7475813301580567,1.31533833697278,-0.5458027929948863,-0.045814660337743576,-1.0805132645032098,0.8215028033842162,-0.8673174637219598,0.29075362764059665,0.31437757727923343,0.3928818087738064,0.3320057385757542,,,,,,,,,,,,,,
en,vowel,phone,IPVS_EHC_6d20d216,0,F,u,1,620,0.25454690471611996,-0.44506250053483953,1.0622485476315662,-0.18635311927045545,1.2554272161696547,0.27661164669740584,-1.124443564403762,1.4216619017784313,-0.7075548832134534,-0.1882872296276913,-1.498098544165572,0.9194566590951816,-1.1077438887228728,0.3989284211829107,0.26415110121750984,0.32344711744992277,0.31804456438200945,,,,,,,,,,,,,,
en,vowel,clean,IPVS_EHC_6d20d216,0,F,u,2,277,0.019479935219187935,-0.17848313015378164,0.5212176973948222,0.03799958179096976,0.5802889036204286,0.08458901459942321,-0.8673142846116049,1.2484227674093076,-0.6675867764000407,-0.4907585660408357,-1.305057836506895,1.0103082044418166,-1.5010667704826521,0.0587453357920174,0.14028802076617208,0.11935483895499197,0.11497671305153138,,,,,,,,,,,,,,
en,vowel,phone,IPVS_EHC_6d20d216,0,F,u,2,277,0.4068045103978254,-0.3049763145739447,0.9894688566644748,0.015123054652870772,1.138561004293179,0.17297105910535343,-1.0322098864052824,1.2010248499716114,-0.6528203470442824,-0.30168945775060596,-1.4492026929726858,0.901809609734905,-1.203499067485511,0.04346586514079646,0.13363814885863717,0.12300414624090868,0.11726700425198115,,,,,,,,,,,,,,
en,vowel,clean,IPVS_EHC_997af7b3,0,F,a,1,510,0.3240288362101792,-0.6614154907418233,0.8541766027706901,-0.3211756939299745,0.934148477913897,-0.20232596681788076,-0.661926278783605,0.748886241364518,-0.7987508964207437,-0.19052580764724147,-1.271270978781912,0.8579356553690398,-1.0484614630162814,0.270262078768461,0.37785974660249383,0.43516389022352775,0.3672638024507329,,,,,,,,,,,,,,
en,vowel,phone,IPVS_EHC_997af7b3,0,F,a,1,510,0.9386292834297504,-0.946102991505386,1.4455885700151032,-0.607534934395279,1.4915776355983386,-0.40462400321087805,-0.6688798553024242,0.5821623902256582,-0.8029211508292778,-0.08655690959368656,-1.2788434470790664,0.5427747282376086,-0.6293316378312952,0.2554953669622917,0.2796025243963677,0.304555955706805,0.2845454711168723,,,,,,,,,,,,,,
en,vowel,clean,IPVS_EHC_997af7b3,0,F,a,2,252,0.16456537154552184,-0.5797474000995096,0.6683537114999796,-0.22812068668243132,0.7232819293674669,-0.29888278471404,-0.5667702294886112,0.5948937214714917,-0.23585363771570356,0.12041245003868091,-0.8530364817400512,0.6284611023545853,-0.5080486523159045,0.14768174538665732,0.41257981771667296,0.70044641985287,0.1863878203251049,,,,,,,,,,,,,,
en,vowel,phone,IPVS_EHC_997af7b3,0,F,a,2,252,0.6669208062322516,-0.8864524982085353,1.2056898792323314,-0.446296112317788,1.2465518271844638,-0.35088381298670646,-0.6090980279994639,0.5154565605580023,-0.34054223310790566,0.12721366998984626,-0.9910672299171749,0.4112239490924893,-0.2840102791026431,0.1817892596967233,0.2946944405640425,0.4170873938414549,0.22524256154148736,,,,,,,,,,,,,,
en,vowel,clean,IPVS_EHC_997af7b3,0,F,e,1,744,0.3076481835783592,-0.4347451120016298,0.738899395801127,0.09967907065791744,0.6688347481124636,0.0855156285688281,-0.28862194816714953,0.5443681489559822,-0.43159963227143244,-0.04087497118494606,-0.5997489224370968,0.18169791369915142,-0.2225728848840975,0.14167036736021077,0.3997925679486143,0.40921884695042055,0.1365536243013439,,,,,,,,,,,,,,
en,vowel,phone,IPVS_EHC_997af7b3,0,F,e,1,744,0.6983106794567513,-0.599730335941006,1.1084166345452624,-0.06641349196434021,1.0753193842912359,-0.07942089371915374,-0.5256866883885648,0.5857118909978973,-0.592926071590877,-0.17433219355630822,-0.9032215337335531,0.21810141335507588,-0.3924336069113841,0.09245423690396601,0.2128148083607254,0.29410451898594014,0.08649090450848951,,,,,,,,,,,,,,
en,vowel,clean,IPVS_EHC_997af7b3,0,F,e,2,259,0.2883083004101067,-0.3470782163036857,0.6385134401594758,0.025951202792726506,0.6510933191533301,-0.26248304783159,-0.47751636556379357,0.44367077671418526,-0.6848242821017648,-0.2102997171081555,-0.7583533765593912,0.18379075317435964,-0.39409047028251515,0.08198038866770874,0.14609155614266756,0.16340757930739913,0.13612864842474084,,,,,,,,,,,,,,
en,vowel,phone,IPVS_EHC_997af7b3,0,F,e,2,259,0.7595180255971896,-0.5172106864725708,1.0930689671996292,-0.015218167358143315,1.0955844001405557,-0.18608385903440464,-0.663954866160253,0.46193304188122414,-0.8424915265125833,-0.1554527215327427,-1.0260170614643462,0.21606692497375285,-0.37151964650649555,0.1271593216195062,0.15129655509172377,0.15284398212283906,0.16613400982003002,,,,,,,,,,,,,,
en,vowel,clean,IPVS_EHC_997af7b3,0,F,i,1,774,-0.10242429193381077,-0.1509932279586792,0.38003071675740596,0.20882214656971043,0.3644721923084218,0.11906243656070448,-0.5418205763585066,0.6828789330715146,-0.864601570585255,-0.2522995222056117,-0.9742522459365267,0.3440951700142461,-0.5963946922198577,0.35842076690711533,0.13794200606258286,0.2721447832970626,0.36000687266164483,,,,,,,,,,,,,,
en,vowel,phone,IPVS_EHC_997af7b3,0,F,i,1,774,0.49450066052537106,-0.5604570285764887,0.8916061470692761,-0.08759763174942123,0.8345956050914756,-0.02141335139714597,-0.5532610778069291,0.556012262522279,-0.751307300487813,-0.2369305476658206,-1.0296939802975613,0.237353515703343,-0.4742840633691636,0.24858732359474123,0.35105060531390875,0.42081264420499925,0.41062804995842256,,,,,,,,,,,,,,
en,vowel,clean,IPVS_EHC_997af7b3,0,F,i,2,265,0.030211609302076902,-0.2017154815436909,0.6366264559562851,0.12780174706716957,0.7704619429771256,0.12989536283900902,-0.7879213840706544,0.9077515978858156,-0.6187901494075667,-0.38209705940395033,-1.1610267151076838,0.7190379019030048,-1.101134961306955,0.32183455281989304,0.3791772114771613,0.540683891564835,0.36063523943266873,,,,,,,,,,,,,,
en,vowel,phone,IPVS_EHC_997af7b3,0,F,i,2,265,0.47870209888092374,-0.4457572636739263,0.9895211911801273,0.02690043164499151,1.0689276348120011,-0.053376047866149516,-0.6290912888709854,0.5848497236674687,-0.6577153791609051,-0.35062406825944314,-1.089741588388599,0.24879295916630412,-0.5994170274257472,0.3823909098550079,0.4009552629985769,0.5222817107313675,0.430128890169566,,,,,,,,,,,,,,
en,vowel,clean,IPVS_EHC_997af7b3,0,F,o,1,504,0.38455564185584845,-0.75094765414925,0.8734919917034475,-0.35682065304564803,0.8662527551580417,-0.3980068484027135,-0.2504076235192387,0.23825941454178015,-0.7359845116244335,-0.06885410618576172,-0.7815442550927401,0.11275979881419947,-0.1816139049999612,0.30615604854127804,0.3961353866906384,0.4373548533459691,0.38222298804055277,,,,,,,,,,,,,,
en,vowel,phone,IPVS_EHC_997af7b3,0,F,o,1,504,0.7486513974635225,-0.6418244390699425,1.08806058127237,-0.15967644863810979,1.0690284177268807,-0.3776794526431906,-0.2180958396608108,0.1322107997379805,-0.8977285113283678,-0.1268235061954903,-0.8529672553076556,0.03470066144731582,-0.1615241676428061,0.374234216833538,0.2528452161339392,0.4036919500658125,0.31687307315177865,,,,,,,,,,,,,,
en,vowel,clean,IPVS_EHC_997af7b3,0,F,o,2,291,0.32456914944308146,-0.6955778409753527,0.7634538110664912,-0.4388377674988338,0.7841381703104292,-0.6525373767954963,-0.32353457723345075,0.20305115682738167,-0.7834513685532979,-0.25895214808838707,-0.8414175151075636,0.19465432048908302,-0.4536064685774701,0.38865028325682743,0.2101623240869842,0.36128521656587365,0.5376425042077293,,,,,,,,,,,,,,
en,vowel,phone,IPVS_EHC_997af7b3,0,F,o,2,291,0.7172486819539752,-0.7917864491258348,1.0477994542462485,-0.3119121719258172,0.9848272158418383,-0.537173781991005,-0.18370943878378188,0.10330233961343765,-0.6936394218036107,0.052035832490239825,-0.7144960015160697,-0.14959975031869752,0.20163558280893734,0.38803114669967176,0.24223620063546145,0.30894938263244254,0.5256308722824946,,,,,,,,,,,,,,
en,vowel,clean,IPVS_EHC_997af7b3,0,F,u,1,472,0.13474297990471545,-0.4750221355385344,0.6457089603366987,-0.15744409988253888,0.6888330707877455,-0.315652585312934,-0.2547274120676685,0.13755388824190473,-0.9648371844644278,-0.24590735150579834,-0.8592269395438719,0.020379149971503606,-0.266286501477302,0.639524583976752,0.5259139953057195,0.44402600158577765,0.6596573474264213,,,,,,,,,,,,,,
en,vowel,phone,IPVS_EHC_997af7b3,0,F,u,1,472,0.6095525740947522,-0.6991377848554665,0.9602944789008355,-0.16129577600620162,0.9269887378937761,-0.32273930841138665,-0.2852179384987119,0.08073340044160124,-1.0326387888528932,-0.059611060866482664,-0.8730493783950806,-0.1789812988299929,0.11937023796351023,0.4855536144045679,0.4137171979121792,0.4317711391377989,0.4382771863631733,,,,,,,,,,,,,,
en,vowel,clean,IPVS_EHC_997af7b3,0,F,u,2,290,-0.029919145264844786,-0.4347823327300192,0.4800136613434759,-0.1995848239153281,0.5987310681877465,-0.3515375518593295,-0.3128344676104085,0.19392982874622292,-0.7340274874506325,-0.1926855376397056,-0.8236223839480301,0.11227682846245067,-0.30496236610215627,0.402794625321728,0.37807063097972166,0.33816130393907934,0.4904639554367724,,,,,,,,,,,,,,
en,vowel,phone,IPVS_EHC_997af7b3,0,F,u,2,290,0.473250490666806,-0.6461057471132826,0.9009677915052435,-0.18308184450042658,0.9672506526968945,-0.2839356738774256,-0.34699153026630136,0.1127002823712497,-0.7992827748430187,-0.06390954596900392,-0.8646216697391422,-0.12925857875025135,0.06534903278124743,0.42718750660145616,0.6596065152645045,0.5642009345915249,0.5662151748960624,,,,,,,,,,,,,,
en,vowel,clean,IPVS_EHC_639d115c,0,F,a,1,587,0.6230508298019511,-0.4979889866903889,0.8381043698733657,-0.35312344074755825,0.7939905995350046,-0.4356111643081346,-0.1995146030364901,0.5356956449028621,-0.4191092781870291,-0.3668588481569088,-0.6957797839519998,0.5940331620277662,-0.9608920101846751,0.1595771320447618,0.2256403420621817,0.23644559631539314,0.14862601716144203,,,,,,,,,,,,,,
en,vowel,phone,IPVS_EHC_639d115c,0,F,a,1,587,0.8364199334518092,-0.6628556078875031,1.1142487013052949,-0.4018170549494687,1.0579342235924503,-0.42580286998080125,-0.31475824801509844,0.5139699060543739,-0.4443979112183406,-0.24282998682419235,-0.7428360430697881,0.46567509316235106,-0.7085050799865434,0.1558362269133178,0.20587787171428698,0.1983351491413108,0.15589619929724402,,,,,,,,,,,,,,
en,vowel,clean,IPVS_EHC_639d115c,0,F,a,2,284,0.6096602092648662,-0.6938332998475363,0.8283989000632319,-0.7015046337836011,0.8466004376667876,-0.7436482651635657,-0.3636241887891015,0.36769958147995696,-0.27355034103573755,-0.15328695651057156,-0.8149869259186956,0.680855001225461,-0.8341419577360326,0.06543530848601883,0.2469470853055501,0.2918829641014396,0.04973365961281102,,,,,,,,,,,,,,
en,vowel,phone,IPVS_EHC_639d115c,0,F,a,2,284,0.7750397754269976,-0.8056666100787562,1.0583694392685281,-0.7852817382230315,1.1268752072612906,-0.7039372634229272,-0.4204201097925042,0.365680226969511,-0.2498776999323867,-0.10345041582923989,-0.8101268065010392,0.5278542567109472,-0.6313046725401872,0.05783135139559538,0.27841755074717167,0.22388592311604186,0.045863021788175265,,,,,,,,,,,,,,
en,vowel,clean,IPVS_EHC_639d115c,0,F,e,1,347,0.08452123645960428,0.17515615227690154,0.3878850144062316,0.6031025303750517,0.39868924863030464,0.3242044413203828,-0.5042145695697748,0.835608199381372,-0.4087657387319364,-0.24145029230337395,-0.87365965281377,0.5352566233394962,-0.7767069156428701,0.3761058856211307,0.259578746810025,0.3670289585932359,0.32549134435474764,,,,,,,,,,,,,,
en,vowel,phone,IPVS_EHC_639d115c,0,F,e,1,347,0.39615731511675,0.05333644686418287,0.7815595583624817,0.5115921326944132,0.829279761565359,0.35461913576821963,-0.569133418955301,0.7928125582029375,-0.34259875803187706,-0.23004450139246488,-0.9062010778836086,0.3781687059132249,-0.6082132073056897,0.37905479898338656,0.2741464733698239,0.37055395160433724,0.32956620606193404,,,,,,,,,,,,,,
en,vowel,clean,IPVS_EHC_639d115c,0,F,e,2,289,-0.06818200034754617,0.2838634615285056,0.19900746038981845,0.8405833527020046,0.23396253858293806,0.35447371755327495,-0.1481372146521296,0.4161045778649194,-0.19971169165202549,-0.11945671877690724,-0.3485598929652146,-0.0741029138650213,-0.04535380491188594,0.16797351969753588,0.38776435555558564,0.612577658712907,0.3524054030844154,,,,,,,,,,,,,,
en,vowel,phone,IPVS_EHC_639d115c,0,F,e,2,289,0.1664500437464033,0.18379708647727966,0.488946231177875,0.6878701433113643,0.5162812621252877,0.3110983697005681,-0.3749595184411321,0.48463914854185924,-0.1645318648644856,-0.004782251673085349,-0.5380601856325354,-0.10132547469011374,0.0965432230170284,0.2867149007233129,0.43976726470131683,0.5526497827817709,0.31403335409746536,,,,,,,,,,,,,,
en,vowel,clean,IPVS_EHC_639d115c,0,F,i,1,514,-0.5389741520727834,0.5547289543094174,0.00495724456925546,0.9529934033270805,0.1614108490847772,0.8408038372955015,-1.1076256954862225,1.706817332054338,-0.9007464045478452,-0.4071688223870531,-1.3593084349627456,0.9342786849506439,-1.341447507337697,0.24428031495128105,0.21182193945372665,0.3728072063346973,0.24954391392325617,,,,,,,,,,,,,,
en,vowel,phone,IPVS_EHC_639d115c,0,F,i,1,514,-0.02835806074642366,0.28044500971032726,0.5552329923837416,0.7673188997853186,0.6694432302348076,0.8059517938763865,-1.1258860106910429,1.518681041656002,-0.7527327152509843,-0.34012680345725627,-1.3769247546311347,0.8482021754787814,-1.1883289789360376,0.2774171347854019,0.2946164924186098,0.4115244618622993,0.18767697696339275,,,,,,,,,,,,,,
en,vowel,clean,IPVS_EHC_639d115c,0,F,i,2,289,-0.48105491161346436,0.2411342055456979,0.03935756146907807,0.6452853088719505,0.18942192256450652,0.5853017841066633,-0.9823622916425977,1.3971976951190404,-0.3835714119672775,-0.308714676456792,-1.0793631712027958,0.7521579704646554,-1.0608726469214473,0.4974002413980743,0.6365901600180899,0.4823725918089023,0.31647252582531793,,,,,,,,,,,,,,
en,vowel,phone,IPVS_EHC_639d115c,0,F,i,2,289,0.024121761322021484,0.06625737513814654,0.5761181803260531,0.5546425877298627,0.712911913905825,0.6546230850900923,-1.0039632330621993,1.262030634709767,-0.4665226436512811,-0.23928407907485963,-1.1913271579572133,0.7051198916030782,-0.9444039706779378,0.4911967190337586,0.7120837500714524,0.5984877998394751,0.37472280183196927,,,,,,,,,,,,,,
en,vowel,clean,IPVS_EHC_639d115c,0,F,o,1,469,0.588096860493451,-0.4505804147926742,1.0825757482237193,-0.3531246213209503,1.125287909021226,-0.23779449035337874,-0.6837312205309581,0.9570098546705482,-0.5830242328424757,-0.25105435130031706,-1.1267567597355943,0.872167046843327,-1.123221398143644,0.2528547007682668,0.2965571288142703,0.37244378402040773,0.20746985377703517,,,,,,,,,,,,,,
en,vowel,phone,IPVS_EHC_639d115c,0,F,o,1,469,0.8491958495584899,-0.47839648747823266,1.3712847023781112,-0.34248813481297175,1.439812798487424,-0.19946415490691316,-0.6906165780743103,0.8912314421928392,-0.33177156056616414,-0.17976800064052795,-1.0656663592470408,0.8120530989060554,-0.9918210995465833,0.24244981472281527,0.24279330910731306,0.39387135488711084,0.1378782971285317,,,,,,,,,,,,,,
en,vowel,clean,IPVS_EHC_639d115c,0,F,o,2,325,0.6510226987875425,-0.589239466113922,1.079518753901506,-0.5314225205244162,1.0923790314258672,-0.48490511178970336,-0.7286533320561434,0.8906918332744868,-0.8569373651192739,-0.6839531975296828,-1.3053280996970642,0.8992849169728848,-1.5832381145025676,0.2584058885627912,0.4038291894274273,0.28688692470580535,0.20964982526041756,,,,,,,,,,,,,,
en,vowel,phone,IPVS_EHC_639d115c,0,F,o,2,325,0.9630414348382216,-0.6411808784955587,1.3859842862838354,-0.6130033287482384,1.5046088093366379,-0.6361012374743437,-0.7528943087810125,0.7940453023482592,-0.7512736370166143,-0.4929477204879125,-1.3009119961506281,0.7831277014639897,-1.2760754219519022,0.33237967347709974,0.2730101318145371,0.3140833085499724,0.2627568829491621,,,,,,,,,,,,,,
en,vowel,clean,IPVS_EHC_639d115c,0,F,u,1,660,-0.32948389028509456,-0.03225240250579035,0.36077061103600444,0.21105614259387506,0.5617109490840724,0.3500755358148705,-0.9085940366817845,1.3539948808123368,-0.6758226209291907,-0.1663091460224053,-1.1819022949220557,0.8939927329845501,-1.0603018790069554,0.28697087469884225,0.37999536605186357,0.5958967967023439,0.21168140435025531,,,,,,,,,,,,,,
en,vowel,phone,IPVS_EHC_639d115c,0,F,u,1,660,0.2556257217821449,-0.1751759708529771,0.8494275622446128,0.0008820457139400521,1.0301067743337515,0.050036764016958196,-0.7072090665536999,1.0098355423771974,-0.5994818572594662,-0.22880995066629517,-1.0518742325536983,0.7236549541203663,-0.9524649047866615,0.25094010785039117,0.20602487407293055,0.3423626028638985,0.17778870247047274,,,,,,,,,,,,,,
en,vowel,clean,IPVS_EHC_639d115c,0,F,u,2,308,0.0318829398001394,-0.13023382024739377,0.732285727576543,0.08532847800562458,0.8199333138363336,0.4103660496973222,-1.2084521160971733,1.544002793168509,-0.6153086219583789,-0.2792937940246956,-1.475418628543936,1.109924856693514,-1.3892186507182096,0.5153453163326482,0.5386008979779179,0.6402766973382369,0.551795872938948,,,,,,,,,,,,,,
en,vowel,phone,IPVS_EHC_639d115c,0,F,u,2,308,0.3428749585504173,-0.23627823743448462,1.0600656814152194,-0.05710840465561036,1.1815783275711922,0.2719381750431112,-1.0839656194051106,1.1796909631580434,-0.20859860829127733,-0.06162363543145118,-1.2096419358445751,0.7453260761835883,-0.8069497116150395,0.36720141282094365,0.26918578119159636,0.49802714057243697,0.3635167885821308,,,,,,,,,,,,,,
en,vowel,clean,IPVS_EHC_4afb35f7,0,M,a,1,688,0.6856333897021658,-0.995681663642183,1.0690107532025535,-0.7224324280081164,1.088626423139791,-0.5912797102605664,-0.7190069635421181,0.6893752303316397,-0.3701597423549148,0.06656739822980287,-1.0230645575529136,0.5616758078075765,-0.4951084095777737,0.1686524244575989,0.12835023591022096,0.17917541904639203,0.21897995525176764,,,,,,,,,,,,,,
en,vowel,phone,IPVS_EHC_4afb35f7,0,M,a,1,688,0.9181102897234009,-1.0490849146592445,1.3879097128187976,-0.7557828749579508,1.4742886650821436,-0.4824967703597557,-0.8758115022294763,0.8192014199758065,-0.5497466284727704,0.10470564871270588,-1.2400316553649262,0.6708382628723115,-0.5661326141596057,0.13025131957774708,0.09168476357365284,0.17678483377436577,0.18410537306617097,,,,,,,,,,,,,,
en,vowel,clean,IPVS_EHC_4afb35f7,0,M,a,2,286,0.8537774749620016,-0.9634999390258345,1.3267604365598324,-0.6354229599237442,1.4441478592018748,-0.526591413589411,-0.6313496317801087,0.4781355127518953,-0.2414490473131801,0.2784926371952129,-0.8244651382745698,0.27921441755105936,-0.000721780355846466,0.5639496743875754,0.35597368923892714,0.6388781973960185,0.37190717243332555,,,,,,,,,,,,,,
en,vowel,phone,IPVS_EHC_4afb35f7,0,M,a,2,286,0.9106993936868601,-1.1032629298955896,1.4918516676786333,-0.7193032835805139,1.6410990922256958,-0.4082541313282279,-0.8458002231322056,0.6176980208432259,-0.3306966838968355,0.3892253770731216,-0.9747994087289932,0.3735668263181524,0.015658550754969202,0.5036883874123222,0.45656983891154684,0.5841274560302937,0.2897947028246715,,,,,,,,,,,,,,
en,vowel,clean,IPVS_EHC_4afb35f7,0,M,e,1,554,-0.14604049216130535,0.26026552206206466,0.17105201431020292,0.7494168555486702,0.2201492357218337,0.342345450497316,-0.38853265157716715,0.6047404538282377,0.05408942572281746,-0.08255254067926707,-0.4224627143117839,0.035359151605628206,-0.11791169228489527,0.3369262077330064,0.3102839411355826,0.3468313921384476,0.34731447025141216,,,,,,,,,,,,,,
en,vowel,phone,IPVS_EHC_4afb35f7,0,M,e,1,554,0.12004750105970634,0.15979271913003065,0.4811674485841911,0.5482439636559544,0.5802594147131829,0.200748281876841,-0.47405575764571833,0.5765519120066822,-0.09077773274418836,-0.08252170442151809,-0.5044280663132668,-0.071361498611639,-0.011160205809879089,0.27780222913504293,0.35206143868666423,0.3471001973319261,0.3060174853321902,,,,,,,,,,,,,,
en,vowel,clean,IPVS_EHC_4afb35f7,0,M,e,2,267,0.05478680365204071,0.11102239028637453,0.3428103001961797,0.5474397395708546,0.3929696324634256,0.14442079953895592,-0.48704986172433223,0.4745648639357608,-0.12327306120662215,-0.03170027787455861,-0.5366493970711038,0.015456411270251186,-0.04715668914480979,0.20926610950144559,0.3563627436637121,0.40173110668122397,0.4310846059494892,,,,,,,,,,,,,,
en,vowel,phone,IPVS_EHC_4afb35f7,0,M,e,2,267,0.2338136523406698,-0.11461179050969782,0.6242634700322003,0.3286327041269089,0.6709416152342506,0.03719387374679494,-0.5031841172379736,0.3403787369961324,-0.23160057889748803,0.010044460526164273,-0.49309308021705345,-0.2878292245987039,0.29787368512486817,0.16657847242531307,0.3890157050993737,0.33197209722623494,0.21391022617184935,,,,,,,,,,,,,,
en,vowel,clean,IPVS_EHC_4afb35f7,0,M,i,1,775,-0.39195219021971506,0.22713632211890272,0.04935995170506098,0.8529502295678661,0.10787869278461702,0.7205784566940799,-0.6766273014647987,1.0400317086888258,-0.3384379421511004,-0.046148757748706366,-0.7638712508704073,0.2787912214114781,-0.3249399791601845,0.17267026012195325,0.26531982042872493,0.37375024539517393,0.22480613094213897,,,,,,,,,,,,,,
en,vowel,phone,IPVS_EHC_4afb35f7,0,M,i,1,775,-0.2269421761074374,-0.07183800230744064,0.37602225304931725,0.48584260924529005,0.5485278264489225,0.47605479494217906,-0.997358198319712,0.9879948533150137,-0.349960214188022,0.026479227376240557,-0.998007244833054,0.14819243458970902,-0.12171320721346846,0.11734612178401792,0.3096601162164598,0.39020098703558265,0.24094459500974444,,,,,,,,,,,,,,
en,vowel,clean,IPVS_EHC_4afb35f7,0,M,i,2,244,-0.48274385022955973,0.41255218515524994,-0.04230096503286748,1.000229247921222,0.0473546275013202,0.7717724192786861,-0.5106967818495389,0.9775452485459076,-0.2601959285502498,-0.06998109233540457,-0.5460783158605164,0.20519827571823387,-0.27517936805363846,0.04173164457225812,0.8125388339324122,0.7765469750647234,0.2631754360677038,,,,,,,,,,,,,,
en,vowel,phone,IPVS_EHC_4afb35f7,0,M,i,2,244,-0.2412948741300686,0.22212100572682716,0.2951207973465726,0.6931075978319388,0.4844877298015195,0.49954888677677595,-0.7195348863464754,0.8087764796171639,-0.41282869694200724,-0.051327070221304893,-0.7783899006962374,0.07831740940644129,-0.1296444796277462,0.08840261215481725,0.6956522625369825,0.7565098627388253,0.16584510863964716,,,,,,,,,,,,,,
en,vowel,clean,IPVS_EHC_4afb35f7,0,M,o,1,660,0.3514872237362645,-0.16478728499225895,0.7292263118004558,0.014685905077541717,0.7982097177418194,-0.12740328162908554,-0.7886827796170808,1.0360333614634594,-0.5690785411632422,-0.27319869935286767,-1.140480965338271,0.6525652824590603,-0.925763981811928,0.4632013766312424,0.24727474252400244,0.5179363153151878,0.5071408310686729,,,,,,,,,,,,,,
en,vowel,phone,IPVS_EHC_4afb35f7,0,M,o,1,660,0.49744281902758763,-0.3022027314085551,1.0362534193378505,-0.04235215406074668,1.184912467318954,-0.031708133755007174,-0.9954052792504581,1.1183903090128995,-0.4546453889195967,-0.1437058322357409,-1.2938668720725208,0.7578590065805297,-0.9015648388162707,0.4477608909779562,0.2246334985375017,0.4150859842304791,0.35644197437924263,,,,,,,,,,,,,,
en,vowel,clean,IPVS_EHC_4afb35f7,0,M,o,2,324,0.7681588192223286,-0.6609070593757289,1.2177156416737303,-0.6754034426139326,1.3875377581891966,-0.7650648554673001,-0.7163862001378926,0.7383668298015789,-0.7151640309210943,-0.41122131889724,-1.2058187016114896,0.773048771611814,-1.184270090509054,0.40125945894424564,0.721922467468507,0.6762332988791869,0.3242855356084578,,,,,,,,,,,,,,
en,vowel,phone,IPVS_EHC_4afb35f7,0,M,o,2,324,1.0703149951842366,-0.842557470941422,1.5957044429925022,-0.8201460642930196,1.777940680786055,-0.8276901344711683,-0.8585614051137652,0.7307968599037552,-0.6956633854733438,-0.3209662716835737,-1.3051486045730358,0.7352085258830718,-1.0561747975666456,0.3762526493886848,0.660211285942986,0.6829053036419043,0.42948059693067064,,,,,,,,,,,,,,
en,vowel,clean,IPVS_EHC_4afb35f7,0,M,u,1,741,-0.2203534618522344,0.16280109222685354,0.4208143061801289,0.5521270226226764,0.5204222113563773,0.8539480645335122,-1.1114946614825323,1.7297001245651353,-0.5028470914350467,-0.13904507484998596,-1.341281335323714,0.9917184899320428,-1.1307635647820289,0.16048376199931333,0.3636455939409774,0.5294513104182674,0.1549923923863498,,,,,,,,,,,,,,
en,vowel,phone,IPVS_EHC_4afb35f7,0,M,u,1,741,-0.14474619784381954,0.04868771380253052,0.6394956606827426,0.4578174221046855,0.8057244447509894,0.8436442280418417,-1.3661957874391857,1.6638323135088,-0.3867188466733761,0.07434221737170488,-1.4873293132259604,0.9393392945273539,-0.864997077155649,0.19816939798740746,0.3069480652950905,0.46443096515058296,0.12627655128628437,,,,,,,,,,,,,,
en,vowel,clean,IPVS_EHC_4afb35f7,0,M,u,2,289,-0.30026982613972253,0.14089767779622758,0.25668615136827744,0.5287007281609944,0.3137488893951689,0.5980656124864305,-1.1177605976377214,1.5802091499737332,-0.9104309308528901,-0.33691664623362677,-1.4894796531541006,1.0582692805358342,-1.3951859267694608,0.18858235120448413,0.36014671710194707,0.566089248585166,0.2400628233865455,,,,,,,,,,,,,,
en,vowel,phone,IPVS_EHC_4afb35f7,0,M,u,2,289,-0.08910832302910941,0.10760594367980957,0.5903475729908262,0.5890976970536368,0.8045799139567784,0.6264069131442479,-1.3507833709035602,1.5430650115013123,-0.9068165276731763,-0.27803559341600964,-1.739863987309592,1.1092479322637832,-1.3872835256797926,0.2965598221563266,0.4205043520388273,0.630968228896325,0.22889884963449111,,,,,,,,,,,,,,
en,vowel,clean,IPVS_EHC_b4f61509,0,F,a,1,267,0.7240506811356693,-0.933457926378487,1.0080621963517267,-0.6465258645530073,1.0555021284344774,-0.8164563353942789,-0.4216225038496604,0.20300633349218725,-0.11464903512911767,-0.10662458119740398,-0.6842664717147069,0.2552098090187733,-0.3618343902161773,0.2412674292668498,0.2581790295642864,0.3385854224822268,0.21885747897036884,,,,,,,,,,,,,,
en,vowel,phone,IPVS_EHC_b4f61509,0,F,a,1,267,1.1771977151402775,-0.9851099245296502,1.4953418218571206,-0.5335227184414123,1.54220599084167,-0.6078180753111099,-0.5085794760018402,0.22005151651845956,-0.13024372195605166,0.13271298874979434,-0.7517616100007702,0.11890392498292537,0.013809063766868959,0.21247130311170523,0.1715226955002872,0.29830114541316094,0.2072619301188675,,,,,,,,,,,,,,
en,vowel,clean,IPVS_EHC_b4f61509,0,F,a,2,291,0.7250999901975904,-0.449209509066173,0.9691438394784927,-0.37509480919156757,0.9282896218129567,-0.48621043162686484,-0.5246939995884895,0.6227388057538441,-0.5341177002872739,-0.1468760335445404,-1.0000028290918894,0.6754695680524622,-0.8223456015970025,0.16566518313246717,0.258478566692311,0.2987914612773368,0.26870009394883715,,,,,,,,,,,,,,
en,vowel,phone,IPVS_EHC_b4f61509,0,F,a,2,291,1.0881422088827406,-0.43659564801624845,1.3893520532335555,-0.23272131136485508,1.3562241891452245,-0.22417973356587545,-0.6584705600568227,0.6524457676921572,-0.5294565554176058,-0.19696795012269702,-1.1143230612788881,0.5606643529981374,-0.7576323031208345,0.22816654190571475,0.18849226191972673,0.36749038798071454,0.24979630559414506,,,,,,,,,,,,,,
en,vowel,clean,IPVS_EHC_b4f61509,0,F,e,1,386,0.8326987080147554,-0.2877742566553683,1.040573361040703,0.025033620410952074,1.0502413471454177,-0.29342237763620654,-0.2584222349627265,0.11057603132814683,-0.19125037518297805,-0.04600870400538732,-0.4236476719058279,-0.03365499085489789,-0.012353713150489432,0.40797926999305023,0.5087305258282149,0.4468301734648385,0.3491376116113111,,,,,,,,,,,,,,
en,vowel,phone,IPVS_EHC_b4f61509,0,F,e,1,386,0.8769458185496002,-0.38747647912080946,1.2184246892816033,-0.13147450180660034,1.2897677164653252,-0.35649042512322293,-0.4466518032011287,0.18042477869011206,-0.207209555689117,0.013430887351519075,-0.5350971545959855,-0.09709830323619575,0.11052919058771483,0.3190696213554768,0.453225239276887,0.48533045563487476,0.17209408718391428,,,,,,,,,,,,,,
en,vowel,clean,IPVS_EHC_b4f61509,0,F,e,2,268,0.7837017474719036,-0.41739644294167744,0.9684555985861354,-0.29946881035963696,0.9405260796164289,-0.5251636511565726,-0.3312780189293402,0.22443294469956998,-0.23923246580877422,-0.10141521568099658,-0.5834789972430394,0.10443788401230618,-0.20585309969330276,0.19228918343563436,0.11294038777561757,0.22257126360177631,0.2356676458019729,,,,,,,,,,,,,,
en,vowel,phone,IPVS_EHC_b4f61509,0,F,e,2,268,0.8634647632270683,-0.36479629051906093,1.1184319044336861,-0.2253369571250162,1.1384072854747007,-0.4499401761057936,-0.5523204706885196,0.26955899587016047,-0.1505417464140021,-0.14172142426724788,-0.6861174973992654,0.04249124059936515,-0.18421266486661303,0.2281902363080532,0.23235001872239688,0.4179414297167122,0.2544420211263344,,,,,,,,,,,,,,
en,vowel,clean,IPVS_EHC_b4f61509,0,F,i,1,491,-0.2711147485143047,0.2556890023461843,0.13493434953487526,0.6714112791974666,0.04857630300319801,0.5867696828256219,-0.9214603769072032,1.4784038052720538,-1.0392951976444762,-0.3388847539106668,-1.2277598413370423,0.8242260248479196,-1.1631107787585864,0.33490292000649763,0.5132314145831983,0.4129891053992936,0.2537427124732298,,,,,,,,,,,,,,
en,vowel,phone,IPVS_EHC_b4f61509,0,F,i,1,491,-0.27527647695298924,0.26044873645750144,0.22102998459743242,0.5987873715869451,0.12699065112461477,0.6387493627051176,-1.2882657841605656,1.3605945411375013,-0.8941119755223647,-0.4772964503300392,-1.4385313733149383,0.5593630931829497,-1.0366595435129888,0.33870681224333865,0.4044237818220796,0.3468311090705008,0.3034619464116345,,,,,,,,,,,,,,
en,vowel,clean,IPVS_EHC_b4f61509,0,F,i,2,283,-0.12112082506132404,0.05602222262767323,0.23252578001273305,0.4004140744606654,0.0560433283361078,0.47281490057183984,-0.8332828715530752,1.3071391146782545,-0.7108423258477484,-0.5205883312730761,-1.1560617491864322,0.9157226714931908,-1.4363110027662669,0.3155722095308111,0.32464265586780927,0.35321961847500116,0.2815702376162885,,,,,,,,,,,,,,
en,vowel,phone,IPVS_EHC_b4f61509,0,F,i,2,283,-0.014514102311859354,0.008154581774745071,0.3580295670973627,0.4170739709110985,0.21801344928337119,0.45551302035649616,-1.1062421890204412,1.0566386851476648,-0.5566821767572772,-0.43658137116690127,-1.2647423622203848,0.5765732026914929,-1.0131545738583942,0.25077673756634294,0.41751553975531586,0.5535029362197605,0.26175152609238084,,,,,,,,,,,,,,
en,vowel,clean,IPVS_EHC_b4f61509,0,F,o,1,516,0.5129136583497448,-1.0222786192932436,1.0042700469493866,-0.9620806162395785,0.9051473581021832,-0.7127411724578949,-0.6024517079995525,0.6478804556352477,-0.48437300925293275,-0.15379256264817331,-0.9450363348087957,0.5753532913543524,-0.7291458540025257,0.2842598246137899,0.3672928202896447,0.4107854724892554,0.2231428102680456,,,,,,,,,,,,,,
en,vowel,phone,IPVS_EHC_b4f61509,0,F,o,1,516,0.8030007857949503,-0.6620489909764259,1.376093093810543,-0.5697212789327868,1.3293742318787882,-0.27354952856417625,-0.9563855899918464,0.7830451556992146,-0.6605862241118184,-0.08780753587282474,-1.250472203089345,0.514562357505483,-0.6023698933783077,0.16664481644317342,0.24842764231502565,0.4187376202871949,0.1798980661149225,,,,,,,,,,,,,,
en,vowel,clean,IPVS_EHC_b4f61509,0,F,o,2,282,1.1056252577725578,-0.8979564643958036,1.4644983530044555,-0.8585120341357063,1.3698455214500427,-0.7046553710804266,-0.5186353022561354,0.4721605532747858,-0.5313053441398284,-0.24042836090221126,-1.0673427770242971,0.6868013015236049,-0.9272296624258161,0.20965844605519388,0.26288116503404907,0.3811238681823268,0.206445053950725,,,,,,,,,,,,,,
en,vowel,phone,IPVS_EHC_b4f61509,0,F,o,2,282,1.1945313236292672,-0.9081155996112262,1.6143645272535436,-0.786905347424395,1.5551242358544293,-0.6013725980239756,-0.7620477784205886,0.5511781580746173,-0.569651836244499,-0.13402825409875196,-1.2095183723113117,0.5947699361645123,-0.7287981902632643,0.27806483731211334,0.30611750343748756,0.40710992823686004,0.22482757562047542,,,,,,,,,,,,,,
en,vowel,clean,IPVS_EHC_b4f61509,0,F,u,1,455,0.48398463602686104,-0.02627143083692907,0.8663052238605835,0.0662465608600295,0.8503010057922684,0.21983126608225015,-0.7570169868814203,1.0520026086669265,-1.0358717495050185,-0.4504161600173611,-1.2943291226094895,0.8238090588932946,-1.2742252189106558,0.41281149191036315,0.28200541009291746,0.3376681336644564,0.4780298230752907,,,,,,,,,,,,,,
en,vowel,phone,IPVS_EHC_b4f61509,0,F,u,1,455,0.5251829740437832,-0.04377884213086013,0.9246908555100689,0.08727375475259927,0.9137124965588251,0.142746613521279,-1.025299527706244,0.970549613892377,-0.7040798294566053,-0.4308726927436097,-1.359635190813096,0.6824564423425731,-1.1133291350861827,0.3528823899885884,0.419270781518506,0.46772525509841173,0.352118518111656,,,,,,,,,,,,,,
en,vowel,clean,IPVS_EHC_b4f61509,0,F,u,2,282,0.1970072108156541,-0.0006313288036514731,0.5598594563848832,0.14830818307750365,0.5866533708046464,0.12721212891971365,-0.9425952915759648,1.165079786497004,-0.9465612313326668,-0.6326369396465666,-1.4123289427336525,0.9737846484955619,-1.6064215881421287,0.3053278478136714,0.2816927292445975,0.29509546292846545,0.21385888959411664,,,,,,,,,,,,,,
en,vowel,phone,IPVS_EHC_b4f61509,0,F,u,2,282,0.4649008850840961,-0.0777113040580469,0.9327987604281481,0.18020330527249503,1.010313283082317,0.2694360177306568,-1.1199113165631014,1.1913198074873756,-0.8898766339701765,-0.5775341209243325,-1.581939126112882,0.9232372792328105,-1.500771400157143,0.2207992836306442,0.17630076337287098,0.3085131219617367,0.22157558746995015,,,,,,,,,,,,,,
en,vowel,clean,IPVS_EHC_25e7d520,0,F,a,1,326,0.9601151452076678,-0.6613313793679889,1.3012242341528133,-0.5578567015425283,1.2502845160815181,-0.5521805602677015,-0.6305642162202573,0.8124784357389625,-0.7516702907730122,-0.43677209884080354,-1.2419854977301188,0.8260556121869963,-1.2628277110278,0.29904727619676785,0.209969465714952,0.46440680363625786,0.3710422137357705,,,,,,,,,,,,,,
en,vowel,phone,IPVS_EHC_25e7d520,0,F,a,1,326,1.0089696986334664,-0.7578912575786211,1.4397764208973671,-0.6163050002437465,1.444256350702169,-0.4729562246677827,-0.8231671143095104,0.7959978565269586,-0.6657343210310352,-0.3256739686262243,-1.3034230745872672,0.6638964368885725,-0.9895704055147968,0.2806642628737139,0.1854218640032883,0.5167999287491722,0.30550233221341744,,,,,,,,,,,,,,
en,vowel,clean,IPVS_EHC_25e7d520,0,F,a,2,289,0.7062337401935033,-0.4419772490433284,1.2661004410471235,-0.509252291747502,1.2921370202302933,-0.3014918408223561,-1.0391603027071272,1.2469460049697332,-0.8990412254844393,-0.3765018720286233,-1.599323160648346,1.2182788705825807,-1.594780742611204,0.19723334269343382,0.39657032840781115,0.49550626762055433,0.158376222868261,,,,,,,,,,,,,,
en,vowel,phone,IPVS_EHC_25e7d520,0,F,a,2,289,0.7161022067070008,-0.41684267912592204,1.2953847059181758,-0.4725770681244986,1.3383347596440995,-0.24320186853408812,-1.0818285543578012,1.173978684289115,-0.7734191659518651,-0.3023800358601979,-1.5700419752938406,1.0358396399021148,-1.3382196757623128,0.1249018393620082,0.3246145424136856,0.48877544440222265,0.07652397861355864,,,,,,,,,,,,,,
en,vowel,clean,IPVS_EHC_25e7d520,0,F,e,1,486,0.12730716541409492,0.04046028122714121,0.549076519651364,0.4521391539745135,0.5407279684935531,0.39221107607630834,-0.8282876836824907,1.1868870053185177,-0.5936367176217984,-0.3177452879664424,-1.0768329742530438,0.675253169151814,-0.9929984571182564,0.25232095627916434,0.31867048143980525,0.38402265352707005,0.31311337946762524,,,,,,,,,,,,,,
en,vowel,phone,IPVS_EHC_25e7d520,0,F,e,1,486,0.4040910874123443,-0.12979784424174323,0.9895340794161575,0.3362559377126498,1.032346205352104,0.4733505206667397,-1.1014243144899198,1.2117296074555344,-0.3925266977246494,-0.06305497845201051,-1.227306775072564,0.6510309476998621,-0.7140859261518727,0.17658167830089205,0.3837859888495125,0.4878679493795879,0.2898092315407599,,,,,,,,,,,,,,
en,vowel,clean,IPVS_EHC_25e7d520,0,F,e,2,265,-0.3991878495651221,0.23885827844247878,0.08077904000972053,0.7222052179042648,0.03170178474495246,0.6277833444142492,-0.7511388742886249,1.0880956277719833,-0.3609287360647939,-0.30556873630427717,-0.9542857685928825,0.5504209329754864,-0.8559896692797635,0.17209206980318859,0.46746437042514233,0.5611074181266911,0.13785073521461594,,,,,,,,,,,,,,
en,vowel,phone,IPVS_EHC_25e7d520,0,F,e,2,265,-0.01722811959074728,0.12757463987518405,0.5773361698261597,0.6177295407971496,0.6138763123150891,0.6462661817951022,-1.0201762645686947,1.0846254444159802,-0.2424874428495671,-0.08031053798940946,-1.1080962140230264,0.46625189783063326,-0.5465624358200427,0.13351553235716213,0.4809067013490778,0.5638225172017372,0.06927928054263373,,,,,,,,,,,,,,
en,vowel,clean,IPVS_EHC_25e7d520,0,F,i,1,595,-0.3097091247053707,0.27472598846553087,0.2911514828518993,0.5725102574050593,0.35013677338425186,0.5490416444900657,-0.9661193991325149,1.6207246226923806,-0.9421087586495722,-0.391276519192534,-1.2875834051050057,0.8271871473567158,-1.2184636665492499,0.3798360273460181,0.3444812068742697,0.4024592941044734,0.20029601801318167,,,,,,,,,,,,,,
en,vowel,phone,IPVS_EHC_25e7d520,0,F,i,1,595,0.21069284217531273,0.052734253870672876,0.8775896922129542,0.39181662933165284,0.9899015410774562,0.5284595984537729,-1.0778058025391162,1.4693241085992808,-0.9910909682094884,-0.3539983712408055,-1.4584764003002344,0.8420618209800049,-1.1960601922208105,0.34761065927909823,0.4254767339631558,0.4544408602719911,0.20944170031036133,,,,,,,,,,,,,,
en,vowel,clean,IPVS_EHC_25e7d520,0,F,i,2,325,-0.37793818215529124,-0.027956946843709703,0.2630720599339558,0.3305849876923439,0.3439955988755593,0.4037389112588687,-1.1944162701949095,1.401129931364304,-0.7486549201684121,-0.40900807598462474,-1.432782660692166,0.9106023436937577,-1.3196104196783824,0.15304383072083588,0.31894319200980775,0.26577358368828374,0.16606658426058157,,,,,,,,,,,,,,
en,vowel,phone,IPVS_EHC_25e7d520,0,F,i,2,325,0.06464977684693458,-0.1605461407166261,0.728982323102462,0.20380854453795996,0.8280169718540632,0.4101070888531514,-1.3114053438871334,1.376739840171276,-0.640529713798792,-0.28361226335549966,-1.4946938869280693,0.8675624032337697,-1.1511746665892693,0.182671806014883,0.3470470155349864,0.31239881403199404,0.2725471295936627,,,,,,,,,,,,,,
en,vowel,clean,IPVS_EHC_25e7d520,0,F,o,1,789,0.23772813307611565,-0.23198599633417633,0.8448677629859824,0.012324098756438808,0.9389067052226318,0.34382465883305197,-0.9728294205979297,1.4276227548875307,-0.7292230115125053,-0.12276266377223165,-1.3845023618716943,1.1130177814317377,-1.2357804452039693,0.32569028492116325,0.37142679336122447,0.4994452675563606,0.32535211919422424,,,,,,,,,,,,,,
en,vowel,phone,IPVS_EHC_25e7d520,0,F,o,1,789,0.4770132956379338,-0.31065145407852374,1.1511925967429815,-0.0924960196018219,1.2406975367194728,0.32646698333715135,-1.1876160091161727,1.382337165161183,-0.5673153925883142,-0.07798297360539436,-1.5192958157705634,1.0335481022729684,-1.111531075878363,0.4025382377048922,0.2852379970368787,0.34736246963263734,0.31532939976842006,,,,,,,,,,,,,,
en,vowel,clean,IPVS_EHC_25e7d520,0,F,o,2,289,0.04284566955907004,-0.20439470444406782,0.5274377265998296,-0.08263886221817561,0.6015928196055549,-0.09413006603717804,-0.8789051409278598,1.224142448050635,-0.81637079341071,-0.5049787693364279,-1.3428855959006718,1.0279667918596949,-1.532945561196123,0.055809454471962575,0.2713477835357033,0.473852198005584,0.09434582552732662,,,,,,,,,,,,,,
en,vowel,phone,IPVS_EHC_25e7d520,0,F,o,2,289,0.37384629998888286,-0.3928940503937858,0.94664547256061,-0.19721542273248946,1.0424296515328544,-0.13054279480661665,-1.0127467895405633,1.2069699243136816,-0.6607846514667783,-0.3716545488153185,-1.4445996253831046,0.9812762569529669,-1.3529308057682854,0.0983963417695304,0.19417327386767896,0.5117521492959697,0.1149835361811021,,,,,,,,,,,,,,
en,vowel,clean,IPVS_EHC_25e7d520,0,F,u,1,825,0.04281345617891562,-0.22114944048602173,0.7432513325804412,-0.02600349263109342,0.9276015084500264,0.3188400113823438,-1.165160781747163,1.5457694546140806,-0.8077735757586932,-0.43863575813746214,-1.545965721029224,1.1513683766427667,-1.5900041347802287,0.38246651065335413,0.42013260753026876,0.45964022196838955,0.34322528439642797,,,,,,,,,,,,,,
en,vowel,phone,IPVS_EHC_25e7d520,0,F,u,1,825,0.5021071713681173,-0.41525426723740316,1.3053199442950163,-0.22123318007498077,1.4891786309203716,0.2495551114732569,-1.2412842144267728,1.4031116955208056,-0.6515705242602512,-0.2948180117239856,-1.5618792524241438,0.9741657192734154,-1.268983730997401,0.24410685802102686,0.46915387521523394,0.6184686678550563,0.19908093914277056,,,,,,,,,,,,,,
en,vowel,clean,IPVS_EHC_25e7d520,0,F,u,2,341,-0.21476519427648405,0.1660059153306775,0.2810426675691837,0.3470720293318353,0.44113271338183707,0.3297399984627235,-1.0268300736822733,1.5103188505986842,-0.7464595058342306,-0.7079097012921077,-1.376806152157667,1.152250875278217,-1.8601605765703249,0.2053376464123716,0.3605984527137817,0.5019146330630863,0.19267152882951386,,,,,,,,,,,,,,
en,vowel,phone,IPVS_EHC_25e7d520,0,F,u,2,341,0.31243229479324525,-0.22569100449724896,0.928205817937851,-0.07532556718442499,1.1534080974939394,0.0692348614698503,-1.0855281344274195,1.3116108344822395,-0.7906485396914366,-0.6448549024579001,-1.4818810003559764,0.9679462622124247,-1.6128011646703249,0.17290699845992788,0.26349007745635916,0.4038584503813727,0.17508704199235292,,,,,,,,,,,,,,
en,vowel,clean,IPVS_EHC_e7aed759,0,M,a,1,905,0.18366522335106059,-0.7311354940053947,0.6457853701178321,-0.4662815099702136,0.6063984687925483,-0.33378937546829274,-0.801129940053376,0.727387967853915,-0.5863571894212761,-0.08031090114327426,-1.1406011274067298,0.48387337401234864,-0.5641842751556229,0.23726098630858328,0.25312959931915463,0.3264036490284993,0.2756022361124556,,,,,,,,,,,,,,
en,vowel,phone,IPVS_EHC_e7aed759,0,M,a,1,905,0.42728917479076,-0.6231091084785444,1.0011091135702959,-0.3336086164247485,1.0278929817742406,-0.03976135658405543,-1.0761268764020768,1.0219702260160535,-0.897112666654982,-0.14628128527661932,-1.5200190790560144,0.732713366952994,-0.8789946522296134,0.24745462081237954,0.20298136686671758,0.24435540362253333,0.29212130966359423,,,,,,,,,,,,,,
en,vowel,clean,IPVS_EHC_e7aed759,0,M,a,2,278,0.3769592795343626,-0.9502075771313339,0.845633499856506,-0.6213408104543175,0.9056433895159335,-0.4576314233598255,-0.819233094918586,0.5259287250006482,-0.2979916747038563,-0.0031034396961331367,-0.9874048633944421,0.40916350614722996,-0.4122669458433631,0.2740564572263693,0.28549474323956087,0.47494053422611404,0.414820261349078,,,,,,,,,,,,,,
en,vowel,phone,IPVS_EHC_e7aed759,0,M,a,2,278,0.4597967170356285,-0.9170493153589112,1.0225059652612323,-0.6474938205487671,1.1651742266757148,-0.3781485133582637,-1.0180448907471837,0.7514971895586877,-0.5108096602239779,0.010529991638447558,-1.2144892547456991,0.5192794679065368,-0.5087494762680892,0.23501325462529926,0.2677316561537773,0.365419124382382,0.36005206527973327,,,,,,,,,,,,,,
en,vowel,clean,IPVS_EHC_e7aed759,0,M,e,1,1081,0.42285469507307777,-0.3782768697924166,0.7887085123541543,0.03480640441776241,0.7635655331271822,-0.04419550983858035,-0.8122454656428659,0.6343231885729843,-0.6584972236506377,-0.20743125201258894,-0.9781500098334255,0.13532101781393052,-0.34275226982651946,0.3196608879882593,0.29592105864184215,0.3525817396627201,0.2657603526088596,,,,,,,,,,,,,,
en,vowel,phone,IPVS_EHC_e7aed759,0,M,e,1,1081,0.37681498528904467,-0.26842304315699267,0.8394579508317453,0.2135097834702082,0.8279385313001363,0.1652964856389491,-0.9494815165254479,0.7866237100173585,-0.7680845100128412,-0.2830399038163925,-1.1628993029587074,0.16120576397307756,-0.44424566778947006,0.3018813744527736,0.2575190040420086,0.30474661435406375,0.21631838048398627,,,,,,,,,,,,,,
en,vowel,clean,IPVS_EHC_e7aed759,0,M,e,2,283,0.07758547923369714,-0.21627234454043429,0.3289050495589686,0.18595257828458708,0.27880732183567963,-0.18179596524838118,-0.435903385630128,0.35492472821160365,-0.1882634433912255,0.0774649800787195,-0.49695279148587007,-0.07655361067089769,0.1540185907496172,0.10339131510233782,0.36789838018358517,0.4791125418757479,0.1087677422548469,,,,,,,,,,,,,,
en,vowel,phone,IPVS_EHC_e7aed759,0,M,e,2,283,0.2584155611476006,-0.10668435100226374,0.5485279095626017,0.28946350488746375,0.5027304489535895,-0.015980380146127,-0.5119071058188266,0.4056001476812781,-0.42456274745408557,0.03900007685722663,-0.6343948623241736,-0.16537824916865743,0.20437832602588404,0.09179391978161931,0.26482464045557663,0.4913420707598094,0.06307416416390925,,,,,,,,,,,,,,
en,vowel,clean,IPVS_EHC_e7aed759,0,M,i,1,644,-0.1378638681754009,0.63296444103429,0.19899293991554642,1.2797365133295353,0.21402626941652642,0.8051196474620362,-0.7511878240584713,1.142012350722072,-0.5952065194160053,-0.5561902024639175,-0.9388157561344584,0.41122020226567213,-0.9674104047295896,0.3958095933823125,0.405252582638522,0.47300538291686056,0.35711260792152777,,,,,,,,,,,,,,
en,vowel,phone,IPVS_EHC_e7aed759,0,M,i,1,644,0.09825106775484134,0.4140185399998709,0.5306386354273742,1.1647245739538645,0.5313742858616962,0.9367249390283197,-1.040191944957394,1.2251460683176811,-0.6219483988033128,-0.49590787786952,-1.204618404917035,0.4954500454766004,-0.9913579233461204,0.36483700870607394,0.37633144524430323,0.6085449702770788,0.2833819975901698,,,,,,,,,,,,,,
en,vowel,clean,IPVS_EHC_e7aed759,0,M,i,2,292,-0.43456028621982445,0.8498881786045703,-0.13046735533597795,1.3743154025551947,-0.08879760060120713,0.8395147240636024,-0.7932814374058084,1.2736556987193497,-0.5805957296185873,-0.6520928187211129,-1.0281713269650936,0.6629107085543431,-1.3150035272754559,0.36819759898852683,0.41015568935189467,0.4481960642723586,0.3831270495246691,,,,,,,,,,,,,,
en,vowel,phone,IPVS_EHC_e7aed759,0,M,i,2,292,-0.08334994349967349,0.7772918663580309,0.28451553698290477,1.2779973286458037,0.4458853822540153,0.8221479911695827,-0.9431694860316135,1.1811050508509984,-0.6245411073111675,-0.7171416950666092,-1.153354311361909,0.5266459691338241,-1.2437876642004333,0.3728235084341815,0.4881455361455276,0.5136178579469328,0.32834093511560214,,,,,,,,,,,,,,
en,vowel,clean,IPVS_EHC_e7aed759,0,M,o,1,667,0.3723985881282207,-0.49862737273634816,0.8722863138985455,-0.22454198704396103,0.764114984624701,0.10709095068108708,-0.7639701661474985,0.9921353784508241,-0.38737074246727615,0.08307530368652724,-0.9907022555198456,0.5810529202074184,-0.4979776165208912,0.18979229965957636,0.20978494016451013,0.21805768343754983,0.2514367032558747,,,,,,,,,,,,,,
en,vowel,phone,IPVS_EHC_e7aed759,0,M,o,1,667,0.4870825981038467,-0.3178456675753629,1.0409020114494976,-0.02902284450364529,0.9945974869844028,0.26243060801243245,-1.0700798654125219,1.1070358111822693,-0.5269048567350368,0.051334895397956826,-1.2851740495113662,0.6027547680491818,-0.551419872651225,0.20771573628811071,0.2528859857241392,0.3132981670332192,0.23735363869253556,,,,,,,,,,,,,,
en,vowel,clean,IPVS_EHC_e7aed759,0,M,o,2,283,0.4408174422052171,-0.8417349078676157,0.9498128641767112,-0.5854715268340027,0.8585670438774845,-0.47599583864212036,-0.7677216006998431,0.732240529088249,-0.428972744105155,-0.21457936405612713,-1.072511643345593,0.5846630993206599,-0.799242463376787,0.37501896487310354,0.1508718600134812,0.3925759541647381,0.44201662590550855,,,,,,,,,,,,,,
en,vowel,phone,IPVS_EHC_e7aed759,0,M,o,2,283,0.7329464875466642,-0.7378060373297909,1.2947188312547249,-0.525636462265985,1.300911555513304,-0.4105962683060016,-0.9259810503463299,0.7560721860643018,-0.5193710538901781,-0.06280535760155895,-1.2544395686590184,0.5759894287115649,-0.6387947863131239,0.43262348180569626,0.3302009087916431,0.41560576886468625,0.36707084521047884,,,,,,,,,,,,,,
en,vowel,clean,IPVS_EHC_e7aed759,0,M,u,1,855,-0.17788056457019458,0.31434600511257177,0.33692871324616336,0.8362655059287423,0.43279036162076173,0.9020182224858342,-1.2622232424353066,1.6429706714306658,-1.057783248015547,-0.3111202296443269,-1.571527596105609,0.8804432394030208,-1.1915634690473478,0.3372477915485124,0.46261997817727707,0.4706511998901479,0.4278629672150811,,,,,,,,,,,,,,
en,vowel,phone,IPVS_EHC_e7aed759,0,M,u,1,855,0.01689024028489929,0.27625654184678844,0.6300309435201202,0.6625082039112701,0.8016896770130588,0.8012482030407959,-1.3761614602908754,1.409114894230231,-0.821694607245527,-0.3110353675821604,-1.5534338016956173,0.7275704356313449,-1.0386058032135053,0.41577284294491895,0.3533462003471991,0.30653740972660537,0.44384213458416427,,,,,,,,,,,,,,
en,vowel,clean,IPVS_EHC_e7aed759,0,M,u,2,294,0.10092181017559566,0.33423144412174655,0.5792395555403795,0.6256163068366855,0.743322940438651,0.6830568460098813,-1.391674667596817,1.6955693323960466,-0.9775560127382867,-0.5797985405399558,-1.7909058225288819,1.2015415540571963,-1.781340094597152,0.29787988313274844,0.28601289799003565,0.3836807513064311,0.4032413591720536,,,,,,,,,,,,,,
en,vowel,phone,IPVS_EHC_e7aed759,0,M,u,2,294,0.30739278572328976,0.21468792571110673,0.844958688519644,0.5114100102460786,1.059351965868741,0.6332352385762032,-1.4825923399309093,1.6239121703619368,-1.0141173900848024,-0.5263782365435965,-1.8548285505744848,1.094279978047596,-1.6206582145911923,0.2057070987628457,0.2918815252357194,0.3806308322203058,0.33257422663665936,,,,,,,,,,,,,,
en,vowel,clean,IPVS_EHC_ac9bbb18,0,M,a,1,574,0.9038172046400909,-0.6997621595601126,1.2811486444549065,-0.5257705360048079,1.2875478797393038,-0.5191100097632821,-0.7974251354963793,0.6866566754360764,-1.0409365077153108,-0.3745137483764418,-1.3566939152045057,0.5725125387160247,-0.9470262870924666,0.23347511140519475,0.31266303675644075,0.3911098030634094,0.2138381055297063,,,,,,,,,,,,,,
en,vowel,phone,IPVS_EHC_ac9bbb18,0,M,a,1,574,0.9492181830237366,-0.5548776958805288,1.4072013916824595,-0.3811772142273153,1.5112786015678692,-0.3509872849449257,-0.9383431863405801,0.7764934474290106,-0.9364647800048996,-0.11183734371655249,-1.4104830298809647,0.5762652496704993,-0.6881025933870518,0.23308281445471368,0.32841123706945896,0.3918440045544161,0.24567782835519522,,,,,,,,,,,,,,
en,vowel,clean,IPVS_EHC_ac9bbb18,0,M,a,2,287,1.05789779789875,-0.8077306663025321,1.4718332511152146,-0.6221767824164705,1.5397045577881654,-0.5514453179229891,-0.6044010091034663,0.6145672544923132,-0.5285499958116884,-0.2602891607608409,-1.1166883376292411,0.599688819485765,-0.8599779802466059,0.35561129065388614,0.19457927968064992,0.38429098023246017,0.41509581130710566,,,,,,,,,,,,,,
en,vowel,phone,IPVS_EHC_ac9bbb18,0,M,a,2,287,1.2347218900746693,-0.7265775400951419,1.6969078403676865,-0.5280742150855202,1.7793653510898524,-0.4835621434656871,-0.6757209383683398,0.5639149337317902,-0.4360562381200019,-0.16505233977915923,-1.1126517109099152,0.44363477720604466,-0.608687116985204,0.2635631896548655,0.2859455012688207,0.36268885450346944,0.5328319883893134,,,,,,,,,,,,,,
en,vowel,clean,IPVS_EHC_ac9bbb18,0,M,e,1,561,-0.2686122947701361,0.1683828021546146,0.21501917584359823,0.7305227700256098,0.2521398140874744,0.2842524139216109,-0.611582107333472,0.6957920303551662,-0.3803421124948592,-0.19435737924291047,-0.6443748448033008,-0.06412966212241161,-0.13022771712049885,0.24574580455466744,0.3998728033056704,0.5176760502234614,0.31259753927368744,,,,,,,,,,,,,,
en,vowel,phone,IPVS_EHC_ac9bbb18,0,M,e,1,561,-0.08030992171530907,0.008490429964546634,0.4808221279425154,0.5242765087313751,0.4869232435077871,0.3036524675985472,-0.9567774424567067,0.7942965623621417,-0.5797370979313681,-0.1570937308629295,-1.0106788848910913,0.03052724800031157,-0.18762097886324106,0.2996106067620076,0.4042079764148258,0.6334674065627308,0.21485648516255068,,,,,,,,,,,,,,
en,vowel,clean,IPVS_EHC_ac9bbb18,0,M,e,2,271,0.07570047502868746,0.41704268890655843,0.4041952238492439,0.8884222734193861,0.43484171722198556,0.5186673606648767,-0.6471442250203501,0.8387506133391082,-0.45332450661922524,-0.3930360821584251,-0.861056857039592,0.2702673225452198,-0.6633034047036449,0.17478401491848364,0.1751043460122151,0.25613019513034124,0.155879467428005,,,,,,,,,,,,,,
en,vowel,phone,IPVS_EHC_ac9bbb18,0,M,e,2,271,0.3049166835158881,0.3013970453314986,0.6614825740182326,0.6600224756024367,0.7369357804579237,0.35692586041301305,-0.7734449609108498,0.7733095765022412,-0.4314640285961467,-0.2801015373387951,-0.941362944665862,0.19457100727166865,-0.47467254461046376,0.406404700521776,0.17175465426958333,0.3666221104227723,0.209571337297028,,,,,,,,,,,,,,
en,vowel,clean,IPVS_EHC_ac9bbb18,0,M,i,1,565,-0.33151766912775404,0.2269184500154844,0.0957787993383267,0.9040630330554152,0.04953135659912695,0.8783476381702761,-0.9499549335170988,1.2757870475802802,-0.6561468500303308,-0.1361008673071158,-1.048421752224278,0.638551632623713,-0.7746524999308287,0.21660999003212278,0.3723928014891053,0.35780456724928594,0.2590158535833026,,,,,,,,,,,,,,
en,vowel,phone,IPVS_EHC_ac9bbb18,0,M,i,1,565,0.2348345076352094,-0.028316837188768526,0.6644499806088332,0.6752334121054253,0.6299557650687069,0.7490278823537461,-1.2707669382425888,1.27183841313936,-0.8536975081339698,-0.3809611200626972,-1.4667969607586002,0.7612025845400264,-1.1421637046027235,0.2747000191764671,0.3221917456003813,0.34684347234796126,0.2939663086360745,,,,,,,,,,,,,,
en,vowel,clean,IPVS_EHC_ac9bbb18,0,M,i,2,299,-0.45568270347394996,0.3672149011772641,-0.07440734625850594,0.8482335901392098,-0.08425657270033715,0.6543970554243794,-0.8720765381392853,1.0170472669337995,-0.251352829910115,-0.14150815263637523,-0.7420523087622711,0.3441228746791571,-0.4856310273155323,0.24821047943339022,0.507335793053893,0.4308786351485299,0.20705642250242687,,,,,,,,,,,,,,
en,vowel,phone,IPVS_EHC_ac9bbb18,0,M,i,2,299,-0.1421035979334162,0.3641334553943813,0.2233568113811767,0.9302853833245968,0.2140188456734241,0.5586268015987965,-0.8142793093761687,0.7656436842037828,-0.1629908523671535,-0.25365643462588117,-0.6553604322902405,0.004801389859032236,-0.2584578244849134,0.15391924022696843,0.5884352736611115,0.6207805359303948,0.11228932096114226,,,,,,,,,,,,,,
en,vowel,clean,IPVS_EHC_ac9bbb18,0,M,o,1,580,0.2732169047940051,0.24843687816769228,0.7354231328200335,0.40000371634960175,0.7917605464657148,0.4093342857628033,-0.8093563654170982,1.1712238355272118,-0.4387489403544486,-0.07292030233590083,-1.0582236368423221,0.7040510653015012,-0.776971367637402,0.24204810996371973,0.21121071452246698,0.2891373210302886,0.23942024839295842,,,,,,,,,,,,,,
en,vowel,phone,IPVS_EHC_ac9bbb18,0,M,o,1,580,0.3930603702092308,0.3437277191243638,0.8483401255189688,0.5330747330839607,0.9120046505811571,0.4237618959326854,-1.0401667442772238,1.0995242951073865,-0.541253678072458,-0.35391712070967274,-1.3170951108994156,0.6707391388361054,-1.024656259545778,0.3009873806850465,0.1980245201287598,0.2881180199685876,0.20661776825272538,,,,,,,,,,,,,,
en,vowel,clean,IPVS_EHC_ac9bbb18,0,M,o,2,322,0.33843279284300265,-0.3234822940580624,0.8848395931352045,-0.2656314544302901,0.9751293000947568,-0.15143358016136996,-1.035298212901833,1.172637744739498,-0.5686398095537707,0.01635347779110535,-1.2880823722819692,0.7484563246907032,-0.7321028468995979,0.28329565893902525,0.28241559084797524,0.3079059065932282,0.33080321881308083,,,,,,,,,,,,,,
en,vowel,phone,IPVS_EHC_ac9bbb18,0,M,o,2,322,0.524534507280158,-0.24783625000530912,1.0776885712576896,-0.0784756995967983,1.2307881652233528,-0.040784114798934186,-1.0098070248039728,1.0672578255540317,-0.5357676367323423,-0.097345500838818,-1.2595290403390669,0.6444971959980339,-0.7418426968368519,0.19786688143090422,0.31909147883375827,0.21403124606075097,0.20956864798617683,,,,,,,,,,,,,,
en,vowel,clean,IPVS_EHC_ac9bbb18,0,M,u,1,577,0.36439746626859437,-0.20802013988281876,0.9322676479129351,-0.026045728184991335,1.0416158733175536,0.08453151433371674,-0.7137364300467095,0.8318270814822455,-0.604173349415191,0.00044483243774955485,-1.074250932170953,0.5478330325088343,-0.5473882000710847,0.5206956314795689,0.3783233239873951,0.3645280779291074,0.4074951327755459,,,,,,,,,,,,,,
en,vowel,phone,IPVS_EHC_ac9bbb18,0,M,u,1,577,0.6900571665434054,-0.2486369133596805,1.234450674709738,-0.11822268478465012,1.2604816858294374,-0.14509355201673096,-0.7075268925524583,0.4552291485048852,-0.6001887202949964,-0.23998719365778848,-0.956165366583324,0.05976362306334787,-0.29975081672113635,0.4697712596790894,0.31254937912971376,0.3624229444874754,0.4290672680344896,,,,,,,,,,,,,,
en,vowel,clean,IPVS_EHC_ac9bbb18,0,M,u,2,293,0.069333676227742,0.17519275759909786,0.5332389771096451,0.411460011355621,0.6618546234854197,0.46420645806412236,-0.9917220947264278,1.297507729739119,-0.4987851499164172,-0.3531600435574849,-1.2226668229210849,0.8769663962940711,-1.2301264398515561,0.16326910362306368,0.16012787539992432,0.2983883830292292,0.2062016659526674,,,,,,,,,,,,,,
en,vowel,phone,IPVS_EHC_ac9bbb18,0,M,u,2,293,0.3892507590984894,0.1622800943204912,0.8705753412960613,0.5706871036587462,0.9624841748657873,0.6104198855868841,-1.248978742771903,1.4054177147520464,-0.6735548355148337,-0.44212381743778617,-1.4907217005551872,0.8949126307405321,-1.3370364481783183,0.18283007451928993,0.20409360522770148,0.3439439189597517,0.2580623164327302,,,,,,,,,,,,,,
en,vowel,clean,IPVS_EHC_99f6ef3d,0,F,a,1,365,0.646799715890732,-0.6444278074317871,1.1714948317775988,-0.49246821542308755,1.2444062910667837,-0.36379659073810056,-0.7046338608956229,0.746672894814175,-0.47065526076919956,-0.05501310649799974,-1.1002875328336132,0.5253417649854945,-0.5803548714834942,0.12001510064441498,0.456870929038286,0.4815260988360191,0.17116315088255982,,,,,,,,,,,,,,
en,vowel,phone,IPVS_EHC_99f6ef3d,0,F,a,1,365,0.6977511336814323,-0.5345269796102559,1.351333083491347,-0.3535237437513865,1.4654186866054797,-0.13686686631751388,-0.9317981953898521,0.9172428741234623,-0.3599413186311722,0.1456921518053094,-1.1976701580498317,0.5058545218908215,-0.3601623700855121,0.2500794312328943,0.47891390530382116,0.5785864230752593,0.22017366237746405,,,,,,,,,,,,,,
en,vowel,clean,IPVS_EHC_99f6ef3d,0,F,a,2,281,0.5691620397144521,-0.6870542584791691,1.206574758129007,-0.43717398410718117,1.252994654446664,-0.3306747605285701,-0.6161227829357576,0.6820434502066945,-0.2179113413102528,0.19676310569047928,-0.8774426957735648,0.4352683706771164,-0.23850526498663707,0.07259020774143797,0.11854759840423458,0.17128682777795654,0.09477102649396969,,,,,,,,,,,,,,
en,vowel,phone,IPVS_EHC_99f6ef3d,0,F,a,2,281,0.5688571690984027,-0.5386779864687892,1.2394949744438983,-0.24219341593733906,1.2821415551668087,-0.09515653012772284,-0.8893991739615886,0.8184723739440625,-0.16918335176078525,0.32900046028152724,-0.9977955516626144,0.33684323742412603,-0.007842777142598784,0.05540080553257228,0.06842839728510268,0.11023750824246083,0.04317503581434572,,,,,,,,,,,,,,
en,vowel,clean,IPVS_EHC_99f6ef3d,0,F,e,1,591,0.43322052993405036,-0.09482527857934925,0.9673107547239519,-0.04437233461460597,1.0537639245181016,0.12068974270787038,-0.9931348458142347,1.055650945007801,-0.653571427833866,-0.15686559069534423,-1.3234850227832795,0.5784286048000967,-0.735294195495441,0.25162510460510457,0.13910199085290936,0.20004855815531883,0.1695515107031555,,,,,,,,,,,,,,
en,vowel,phone,IPVS_EHC_99f6ef3d,0,F,e,1,591,0.47390912615917097,-0.010916847326386142,1.0903334168481156,0.052984900541708506,1.2163336386143322,0.19153368158239714,-1.1631323994045526,1.037390689195042,-0.4662166271411197,-0.04999832176196743,-1.352867617321686,0.46806538327479025,-0.5180637050367577,0.22014198084747494,0.16407016506509423,0.20612426268011236,0.16837621525700538,,,,,,,,,,,,,,
en,vowel,clean,IPVS_EHC_99f6ef3d,0,F,e,2,280,0.9296142911272389,-0.187786068501217,1.3521920456772758,-0.21730817810055755,1.5531849212767113,-0.33990984143955366,-1.0043057315051556,0.8850519953384286,-0.9347780371705691,-0.5771508121064731,-1.5481523772080739,0.6990344891036373,-1.2761853012101103,0.31896910907941345,0.19480135892542272,0.4557613596936038,0.364011028449583,,,,,,,,,,,,,,
en,vowel,phone,IPVS_EHC_99f6ef3d,0,F,e,2,280,0.8855339803156399,-0.12102563599390644,1.370916294466172,-0.08675315195605868,1.6390865826535792,-0.2621385135820934,-0.9888934217216003,0.9036036043294838,-0.7706620949542239,-0.40749677048907396,-1.4439435601234436,0.6270376530121125,-1.0345344235011864,0.15998380618236901,0.10670921043371145,0.34613574796478425,0.17426656681293073,,,,,,,,,,,,,,
en,vowel,clean,IPVS_EHC_99f6ef3d,0,F,i,1,695,-0.3529408450463979,0.05901169090819874,0.2507603499028894,0.46365538268066425,0.17461078798027632,0.5899908188864481,-0.9909134790194121,1.5573620893400637,-1.003069069173982,-0.29603160776608856,-1.2587267523475116,0.6121531768525533,-0.9081847846186418,0.36872040168151055,0.4321324481929999,0.40914822266103335,0.2984519521127935,,,,,,,,,,,,,,
en,vowel,phone,IPVS_EHC_99f6ef3d,0,F,i,1,695,-0.31152224369186293,0.04910622061871225,0.4219377903843955,0.47082579843431926,0.41358745026645616,0.8102479192564528,-1.3625294420358947,1.6049123882389755,-0.9855620016296991,-0.23981444276779962,-1.5656400274315612,0.6466973832757067,-0.8865118260435063,0.46811101989752746,0.36101704498358006,0.38468935448087105,0.31896863008532567,,,,,,,,,,,,,,
en,vowel,clean,IPVS_EHC_99f6ef3d,0,F,i,2,270,-0.45647799214463175,0.5173741689434758,-0.007314898901515537,0.8238600516392861,0.0715593542949653,0.6627408501542644,-1.2496209494125696,1.8346880041522744,-0.9335966645567505,-0.5579246443086936,-1.4921016402450609,1.0122929958649625,-1.570217640173656,0.4214760482910746,0.4399950510317035,0.5083391974815983,0.45901320601007484,,,,,,,,,,,,,,
en,vowel,phone,IPVS_EHC_99f6ef3d,0,F,i,2,270,-0.29308536611957314,0.418086282816934,0.3398701700347441,0.7489314748917097,0.507297079872202,0.788805416520731,-1.4576821345605968,1.7151633008026783,-0.8652978799777267,-0.4294135569606298,-1.6588445092424935,0.9265410098028771,-1.355954566763507,0.5152533527414724,0.581655476529168,0.6041751765657339,0.4255215245667723,,,,,,,,,,,,,,
en,vowel,clean,IPVS_EHC_99f6ef3d,0,F,o,1,641,0.30571418795492744,-0.265180084070602,0.9180843614525609,-0.17166591797556197,1.061414839772435,-0.029135821701644304,-1.031450957911355,1.170519310468203,-0.9209938022223386,-0.37168298452705534,-1.5424070929552054,0.8942814391154748,-1.26596442364253,0.10524511770121438,0.10412393846830474,0.17148869485677667,0.12749656297563378,,,,,,,,,,,,,,
en,vowel,phone,IPVS_EHC_99f6ef3d,0,F,o,1,641,0.4976769159366558,-0.2958996816501989,1.2346147333646749,-0.22486852194581713,1.4784555453758734,-0.006866280715186875,-1.1247097616071824,1.1872711946437886,-0.8029246947595051,-0.13114354774936454,-1.51881790037279,0.7612818720278802,-0.8924254197772448,0.09569525827731717,0.2161823091210719,0.18997025935077808,0.08118620407355774,,,,,,,,,,,,,,
en,vowel,clean,IPVS_EHC_99f6ef3d,0,F,o,2,283,0.4907284934966885,-0.401739190109292,1.0793078863307048,-0.33058996367872806,1.1893414165715726,-0.16329641178337453,-0.790363722028788,0.9272293173081694,-0.3785090582412586,-0.1504846927192476,-1.1664072794523852,0.7016800396275102,-0.8521647323467578,0.2043906370886378,0.27506747750176197,0.3776916920856302,0.22031985191555017,,,,,,,,,,,,,,
en,vowel,phone,IPVS_EHC_99f6ef3d,0,F,o,2,283,0.6878089616347475,-0.4157193468676673,1.3369929820996278,-0.30371837256944667,1.4903161738351074,-0.03464284025089086,-0.9442735743104366,0.9923620183914028,-0.3512665464689857,-0.03454243644461994,-1.2634403663769103,0.6483190572924085,-0.6828614937370283,0.16073891634881013,0.5004508821000523,0.4933493090936081,0.14335775185654467,,,,,,,,,,,,,,
en,vowel,clean,IPVS_EHC_99f6ef3d,0,F,u,1,895,-0.14235930874582997,-0.09724466461043119,0.6568512585798011,0.24444898993498343,0.8122994747685764,0.6254375578360407,-1.1955326679032607,1.5095650517074755,-0.9927483788193715,-0.323718776902118,-1.6370252617244614,1.042347960520945,-1.366066737423063,0.38915838149490256,0.31519965656088356,0.41239423928618396,0.26495113720672386,,,,,,,,,,,,,,
en,vowel,phone,IPVS_EHC_99f6ef3d,0,F,u,1,895,0.0465296405875705,-0.1200250100545599,0.9586624639937775,0.17812563401249756,1.2034438629279145,0.7296977256818412,-1.4810706249384462,1.41301726862039,-0.7321825779461106,-0.14051666185676054,-1.7632914060098943,0.9247887157861081,-1.0653053776428687,0.228876605716652,0.3679619502027141,0.39349361282672873,0.17850126601180186,,,,,,,,,,,,,,
en,vowel,clean,IPVS_EHC_99f6ef3d,0,F,u,2,279,-0.1521285999808791,-0.2756663897686456,0.5913394261923062,0.010531821988038058,0.7504172719265583,0.3838565513579803,-1.1415893668253747,1.5022868510534073,-0.7042184974667589,-0.41208255277759226,-1.5602792014737101,1.026427806129117,-1.4385103589067092,0.11536157997270664,0.1388714545090025,0.20320135008249837,0.15495954226090766,,,,,,,,,,,,,,
en,vowel,phone,IPVS_EHC_99f6ef3d,0,F,u,2,279,-0.09805369729826437,-0.3640495667443473,0.7604243280972249,-0.010543634552927412,1.0126583784289613,0.5235674137899862,-1.3065433417551615,1.3709909235231974,-0.5690899921592171,-0.09117908696451131,-1.5920281642992822,0.8327795983066221,-0.9239586852711333,0.08437944102235995,0.07630016252315375,0.14453387307391208,0.09958902318786161,,,,,,,,,,,,,,
en,vowel,clean,IPVS_EHC_de4ff365,0,M,a,1,1046,0.6847876427327372,-0.9757411686145956,1.2422471387418592,-0.5994791198925228,1.2182442868353835,-0.3197421759224621,-1.148055937236092,0.9113928874699506,-0.45747103473278367,0.21149225435723926,-1.2707053902410683,0.5360476045875223,-0.32455535023028304,0.3029073805233364,0.5467405656204439,0.5414371650532512,0.32680185246184834,,,,,,,,,,,,,,
en,vowel,phone,IPVS_EHC_de4ff365,0,M,a,1,1046,0.7259555300994284,-0.7697344702567644,1.2978147053794495,-0.45842594760143834,1.3061426140510353,-0.23088349480253118,-1.2183813555462726,1.051508515966451,-0.49447084329785057,0.10161673076522008,-1.3949408342314373,0.5665809341712268,-0.4649642034060067,0.2940561315681897,0.4896893533840717,0.601313670380091,0.2775964788332943,,,,,,,,,,,,,,
en,vowel,clean,IPVS_EHC_de4ff365,0,M,a,2,292,0.685159895315089,-1.2938104830682278,1.1261167781935497,-0.9904370690611276,1.1819052977318114,-1.009657909585671,-0.5270915910262953,-0.20576127686283804,0.16346108498559755,0.13077644677832723,-0.42678383945233445,-0.45467037454628473,0.5854468213246119,0.16240925525541475,0.19224707270600566,0.1656340846295598,0.11859857567478767,,,,,,,,,,,,,,
en,vowel,phone,IPVS_EHC_de4ff365,0,M,a,2,292,0.7602340468967502,-1.2638122403824872,1.226317107338797,-0.9776101797311143,1.2696516588330269,-0.9860530184073881,-0.6457945669747212,-0.08645500361242077,0.06658469064330513,0.17080775635655632,-0.5534265725450083,-0.4531136435371908,0.6239213998937472,0.1951173360613703,0.21138203908720168,0.14780943250798428,0.08816938595335486,,,,,,,,,,,,,,
en,vowel,clean,IPVS_EHC_de4ff365,0,M,e,1,935,0.26163167576845103,-0.4869184122153569,0.6417486184474194,0.11028446711320929,0.6286711261446676,-0.13184800018919982,-0.15574205851384876,-0.11455280754761688,-0.1983215848976703,-0.11909339701799998,-0.27952726946316936,-0.46412171285645953,0.34502831583845955,0.6079933149282787,0.5359594636993845,0.5570655901401727,0.6511572711877881,,,,,,,,,,,,,,
en,vowel,phone,IPVS_EHC_de4ff365,0,M,e,1,935,0.4305832667571763,-0.5626681281283578,0.9169882664493486,0.024165128907205374,0.9421869479186182,-0.1122076048676768,-0.3800783816080892,0.03402888721748257,-0.2492808388170924,-0.05204137029547955,-0.4730252592746374,-0.44460673074764256,0.392565360452163,0.5384097661409091,0.4349516033839954,0.49711718431153856,0.6087651516174379,,,,,,,,,,,,,,
en,vowel,clean,IPVS_EHC_de4ff365,0,M,e,2,299,-0.43611533717555895,-0.14475107793979222,-0.054079492859418876,0.4460621529685858,0.005264726462285163,-0.015979819781872448,-0.08133332398385633,-0.040417932467895316,0.4628331989708526,0.13173612981046762,0.11428580449595636,-0.5788152111869161,0.7105513409973837,0.2945088496846987,0.2635129906572212,0.4960044385750604,0.2823864485748411,,,,,,,,,,,,,,
en,vowel,phone,IPVS_EHC_de4ff365,0,M,e,2,299,-0.1458985261330947,-0.26363078887620683,0.29133797054132704,0.3117359320103134,0.3546400711516649,0.022265348398224426,-0.3025004758360636,0.20565869893816954,0.17813782945522288,0.17855378903078112,-0.16428633019822078,-0.4168139644358204,0.5953677534666015,0.17781613122794693,0.410899380764932,0.3846761661691583,0.20601520478076857,,,,,,,,,,,,,,
en,vowel,clean,IPVS_EHC_de4ff365,0,M,i,1,776,-0.35861902450543104,0.40829827428631515,0.13322280545603052,0.9837705939368628,0.15866403722967712,0.7866476965756375,-1.209082530035993,1.4418759619729202,-0.9025286579016963,-0.6371616890470102,-1.4237821613770185,0.61587904559952,-1.2530407346465302,0.327977038839439,0.31984590097657345,0.3816771544479831,0.33007419458068904,,,,,,,,,,,,,,
en,vowel,phone,IPVS_EHC_de4ff365,0,M,i,1,776,-0.27136629020451475,0.3184132875930598,0.33630018847566817,0.9301176330818127,0.4222003854651308,0.9179808012021969,-1.4730016550792644,1.4968229403055788,-0.7265797782161717,-0.6633567065320302,-1.5752522145985535,0.5860170021717129,-1.249373708703743,0.367900711575392,0.2587431884635771,0.3448620291048161,0.3155427479746528,,,,,,,,,,,,,,
en,vowel,clean,IPVS_EHC_de4ff365,0,M,i,2,259,-0.7838499796618322,0.8132923194177591,-0.45316314488459547,1.4775691222233378,-0.28091201670230576,0.6688695980864725,-0.5382358132843759,0.8468466462792864,-0.06033048128626149,-0.4906904249908818,-0.5114941306554588,0.0006496751692834174,-0.4913401001601652,0.2608108602709238,0.3683974537397614,0.364825911604601,0.37167244107169944,,,,,,,,,,,,,,
en,vowel,phone,IPVS_EHC_de4ff365,0,M,i,2,259,-0.4911681857837993,0.5916452616642994,0.008871721424114931,1.2816329366841894,0.24311199252772484,0.6679953036794237,-0.7620527999606103,0.8320285140708753,-0.2000911993205927,-0.43286742545237206,-0.7313267171003257,-0.029588722167121377,-0.4032787032852507,0.1356799367709666,0.47549540470229734,0.48054196511964015,0.21360133384741192,,,,,,,,,,,,,,
en,vowel,clean,IPVS_EHC_de4ff365,0,M,o,1,641,0.404684125796541,-0.45065971992232584,0.9366208276191315,-0.22376882430020864,0.9446816079802327,-0.0552266200641533,-0.9164578308532765,1.0143805497459002,-0.5969972596153036,-0.4969255731477366,-1.3403804741896592,0.6548384046786792,-1.1517639778264157,0.21456225987299007,0.4139991872073732,0.4229937010685479,0.2817930312210295,,,,,,,,,,,,,,
en,vowel,phone,IPVS_EHC_de4ff365,0,M,o,1,641,0.39253347461873833,-0.3691937094384974,0.9946673188116644,-0.14138492438700292,1.0302170710904257,0.038147918086547355,-1.023928462994563,1.103214429435018,-0.5203994480433403,-0.3552290764721957,-1.3642694169824774,0.5646584746706022,-0.9198875511427979,0.23120495968699395,0.4592346668002812,0.38045631521907236,0.3133783531301784,,,,,,,,,,,,,,
en,vowel,clean,IPVS_EHC_de4ff365,0,M,o,2,303,0.6526344675021093,-0.43217154270638536,1.0892033171458322,-0.26703177034203474,1.234397255983509,-0.3746720717741492,-0.8412754262079958,0.7941556545228906,-0.718207393350497,-0.6367000169197067,-1.3173450352064247,0.7266983945187324,-1.363398411438439,0.18110162315432052,0.4676430139100666,0.48985000831222,0.1854093375517524,,,,,,,,,,,,,,
en,vowel,phone,IPVS_EHC_de4ff365,0,M,o,2,303,0.6592594486930983,-0.4010994795893059,1.1355129441276925,-0.2781529499044835,1.2608889943914987,-0.35405674536045784,-1.068819719259856,0.9834671694724286,-0.7782340450365035,-0.4937688021467683,-1.502831818301821,0.7891079149936717,-1.28287671714044,0.201966927307291,0.32566309020390194,0.4107707075863224,0.3723450181520395,,,,,,,,,,,,,,
en,vowel,clean,IPVS_EHC_de4ff365,0,M,u,1,580,0.21490062965915122,0.04378027241976782,0.7379069479032495,0.313248910909069,0.9120714151910667,0.2748714967620099,-1.1021908638121067,1.4903591234108498,-0.8745671334280365,-0.48316840669033173,-1.481132818364549,0.9991767879190117,-1.4823451946093433,0.37842878074772424,0.4049494451654901,0.4893820020436084,0.28204706173089106,,,,,,,,,,,,,,
en,vowel,phone,IPVS_EHC_de4ff365,0,M,u,1,580,0.4844676681804931,-0.0714742919408727,1.1451760263278568,0.1848745353348639,1.4148237242780883,0.3031991378928738,-1.2528664262472897,1.467139496200386,-0.7318766716567949,-0.20227038386095872,-1.5511512804305416,0.9883181034833536,-1.1905884873443122,0.28944681582690923,0.448207337770453,0.5666800827600721,0.39826614494627216,,,,,,,,,,,,,,
en,vowel,clean,IPVS_EHC_de4ff365,0,M,u,2,278,0.23517200191106116,-0.25916280987716855,0.7653126232326031,0.04234788016903968,0.8960134057062012,0.041421145910308474,-0.9506983824429058,1.3171939690198218,-0.7343899197876453,-0.6013316255772397,-1.3812195736737478,0.9604034627832118,-1.5617350883604515,0.39123108021711894,0.560302342202976,0.629181023586976,0.3804753711124989,,,,,,,,,,,,,,
en,vowel,phone,IPVS_EHC_de4ff365,0,M,u,2,278,0.4190487182211308,-0.3934345326962925,1.1384586475434757,-0.016995216852852275,1.3811651028337932,0.22567224750916162,-1.1382100656628609,1.408692594795,-0.6043420693881455,-0.2513677596691109,-1.4756002880278087,1.0433602890088445,-1.2947280486779553,0.2803111848615808,0.6731161340952901,0.62596512430386,0.42889662287714525,,,,,,,,,,,,,,
en,vowel,clean,IPVS_EHC_c3e98ecb,0,M,a,1,995,0.5056937070597756,-0.39475752198616265,0.8903489647997883,-0.17111636363781077,0.9504462684219207,-0.07950845480564252,-0.8030666615845171,1.052251482828578,-1.0307573782189607,-0.3136941568872937,-1.3643856659731275,0.7754293445503991,-1.0891235014376928,0.3796816180465014,0.25300589666003503,0.3806916947872968,0.2577233616440581,,,,,,,,,,,,,,
en,vowel,phone,IPVS_EHC_c3e98ecb,0,M,a,1,995,0.7131462965029568,-0.31911473233296445,1.1830138641236416,-0.045369463824546916,1.2512231318645142,0.05450018299384732,-0.9257864815555825,0.9513975889289399,-0.9527617694444992,-0.13110381947639999,-1.4533159308996633,0.7151881161159906,-0.8462919355923906,0.4025731125852795,0.1993057303382848,0.31135144443198653,0.21157676942351902,,,,,,,,,,,,,,
en,vowel,clean,IPVS_EHC_c3e98ecb,0,M,a,2,311,0.932831735534464,-0.6422300619237563,1.2596949282336363,-0.5030612986993025,1.310812090329308,-0.4793214675258188,-0.6430350039253898,0.5261495564391906,-0.47684810673170547,-0.1822442464171884,-1.0639792911827883,0.5907301641403035,-0.7729744105574919,0.2596975699588815,0.3406795644006949,0.5253782398770364,0.3845131879705296,,,,,,,,,,,,,,
en,vowel,phone,IPVS_EHC_c3e98ecb,0,M,a,2,311,1.1260890101685244,-0.5159909595302082,1.5346720607522975,-0.32127132820573084,1.611537904662882,-0.33462052875980336,-0.7676133150085408,0.668894602653177,-0.6909265835336186,-0.14317412829813472,-1.2242572215948513,0.6239028382090165,-0.7670769665071512,0.17186670575518315,0.22702428641107417,0.41860569675962417,0.24295381879602013,,,,,,,,,,,,,,
en,vowel,clean,IPVS_EHC_c3e98ecb,0,M,e,1,807,0.2009427430088987,-0.4096272146271676,0.6801777668834962,0.24616245744154625,0.6831507688637861,0.31079538725700573,-0.5356015854582344,0.7946899199762295,-0.5405139936307042,-0.22670461905678524,-0.8236375479968553,0.29379174453926454,-0.5204963635960498,0.3026163651281196,0.23309924361944268,0.33926206027306877,0.22758120101294255,,,,,,,,,,,,,,
en,vowel,phone,IPVS_EHC_c3e98ecb,0,M,e,1,807,0.5054805095048295,-0.35217468735483504,0.977763632615817,0.28479843932328763,0.9646319997679327,0.32915232049435683,-0.8235511435061386,0.985231617600033,-0.7546013889546247,-0.28696895980650616,-1.2014200720590416,0.4318233977503998,-0.718792357556906,0.2794898518694504,0.2976188549519544,0.40944315963048483,0.2098971631701715,,,,,,,,,,,,,,
en,vowel,clean,IPVS_EHC_c3e98ecb,0,M,e,2,307,0.38555118280488093,-0.2085436752519092,0.6815087166186925,0.19912570070576024,0.6849300209734891,-0.004397940635681152,-0.3232082540119017,0.4451076869223569,-0.39986069154095005,-0.2964990758009859,-0.6076426386833191,0.16360741571800128,-0.4601064915189872,0.4799172443490365,0.3553582135326191,0.3113641108938985,0.5614262682840772,,,,,,,,,,,,,,
en,vowel,phone,IPVS_EHC_c3e98ecb,0,M,e,2,307,0.5915897648076753,-0.11206549599363998,0.8716511793233253,0.24962172282708658,0.8391532393726142,0.08118933278161126,-0.7645996413520865,0.6381285892145053,-0.6159801429187929,-0.2714046957927781,-0.9946845872982129,0.21229626961253784,-0.483700965405316,0.2802554676931635,0.40713150734395676,0.3268058611952581,0.3144950869273329,,,,,,,,,,,,,,
en,vowel,clean,IPVS_EHC_c3e98ecb,0,M,i,1,875,-0.2450274171715691,0.20795517251605078,0.2827743144830068,0.8681438767910004,0.27071527398767925,0.9242919610227858,-0.7958436457599912,1.1527279192776907,-0.7433266293434869,-0.1784023169463589,-0.9899962871699106,0.3507272395420642,-0.5291295564884231,0.287363508877667,0.5712607010884174,0.529386133027522,0.22989791834360723,,,,,,,,,,,,,,
en,vowel,phone,IPVS_EHC_c3e98ecb,0,M,i,1,875,-0.06829201658566793,0.2611120417288372,0.44471885598841165,0.8973014800321488,0.4439214034591402,0.8426797044277191,-1.17604377136344,1.1156013862859635,-0.7536444748867126,-0.486192474819365,-1.3540194253694444,0.4532590884431487,-0.9394515632625137,0.33771215012090566,0.5363278099257064,0.5218961019386072,0.21333272022917676,,,,,,,,,,,,,,
en,vowel,clean,IPVS_EHC_c3e98ecb,0,M,i,2,287,-0.21126290087755015,-0.010298861761313642,0.2891987699993773,0.5555096811297312,0.17578065343674898,0.6914285924393317,-1.0874431368415756,1.1771824032585056,-0.6035282982222606,-0.3089369696516522,-1.20375988809015,0.7454052774095639,-1.054342247061216,0.3584863869787286,0.4862705317140391,0.4397098468056657,0.3278935808348454,,,,,,,,,,,,,,
en,vowel,phone,IPVS_EHC_c3e98ecb,0,M,i,2,287,-0.17776579224649883,0.1152499567911115,0.2604515544768703,0.691145334801922,0.11274402584299187,0.6402848381872122,-1.2696578092657762,1.0713724254528223,-0.5596490994181936,-0.444720649779532,-1.3665491199562316,0.60964765539662,-1.0543683051761519,0.3781483081933152,0.341321473177645,0.4541349656259585,0.34543884538285535,,,,,,,,,,,,,,
en,vowel,clean,IPVS_EHC_c3e98ecb,0,M,o,1,761,0.4554368713687233,-0.32936014821936316,0.9121261922483632,-0.010507584889816768,0.9887769140091193,0.20890123274837594,-0.9390898586558565,1.2882395393217159,-0.6048184060359157,-0.41233190469427494,-1.3325546677968174,0.9660863328390883,-1.3784182375333633,0.23380950551776716,0.3382399003747391,0.3329039974841417,0.2917726335926986,,,,,,,,,,,,,,
en,vowel,phone,IPVS_EHC_c3e98ecb,0,M,o,1,761,0.753951052020363,-0.035813158952694234,1.2390241262949269,0.3014177140052261,1.3727099763747117,0.3992097522223804,-1.1797080024000852,1.3871767143973637,-0.7904717542345205,-0.32924831992818177,-1.5998103455589427,1.0395572656924537,-1.3688055856206354,0.23884274207165818,0.4058715633500285,0.4198660479821864,0.21424939837231521,,,,,,,,,,,,,,
en,vowel,clean,IPVS_EHC_c3e98ecb,0,M,o,2,282,0.22521912157535554,-0.22204269109403385,0.739025645133327,0.09930700782467337,0.8083856540567734,0.1641679874237846,-0.8814435440827818,1.281278149871265,-0.612852336028043,-0.2788844244445072,-1.251217922743629,0.9903646862243904,-1.2692491106688977,0.41235383996836844,0.2921134242432058,0.44344127664057786,0.4160603424122509,,,,,,,,,,,,,,
en,vowel,phone,IPVS_EHC_c3e98ecb,0,M,o,2,282,0.37851145740817577,-0.07574625418466681,0.8515359409591731,0.1628705497173702,0.917220206821666,0.21098657995462416,-1.234665554498925,1.423165762424469,-0.7656341329216957,-0.21370840677443673,-1.6395802946651683,1.1384804660783094,-1.3521888728527462,0.15667250368455418,0.25386818285325147,0.30893419692508184,0.2333448296761564,,,,,,,,,,,,,,
en,vowel,clean,IPVS_EHC_c3e98ecb,0,M,u,1,1042,0.09582099685082421,-0.1527553326643694,0.7331153333139496,0.05872444196726186,0.7268773208077723,0.5843705791063583,-1.0954092445845802,1.1313787480048574,-0.6970603609094604,-0.36790229990102424,-1.3345972118905176,0.7102329985568889,-1.0781352984579131,0.17247848190884119,0.2900667612974387,0.37538994507985257,0.19163724160992454,,,,,,,,,,,,,,
en,vowel,phone,IPVS_EHC_c3e98ecb,0,M,u,1,1042,0.1388940138700671,-0.04320612775917632,0.7506358468780121,0.04131186336945421,0.7083244701258291,0.49375937774348944,-1.3416931663934415,1.0628197386789435,-0.7156277480788125,-0.5029249434737256,-1.4933256510490427,0.5778197655126976,-1.0807447089864233,0.17775110811928932,0.3068344749490255,0.38446822600953673,0.1833959551282561,,,,,,,,,,,,,,
en,vowel,clean,IPVS_EHC_c3e98ecb,0,M,u,2,292,-0.07484879861162468,0.167210643095049,0.4911104759032076,0.3550862693651156,0.6110879544338043,0.581133752383969,-1.0780418115583332,1.3456971247426488,-0.8601112204857848,-0.6726677447388117,-1.5085434124551036,1.0677279348866167,-1.7403956796254285,0.42887362978166627,0.5199327000462757,0.596784236407543,0.5093771627605017,,,,,,,,,,,,,,
en,vowel,phone,IPVS_EHC_c3e98ecb,0,M,u,2,292,0.206146690486507,-0.04856960610909895,0.8327760037712075,0.24207177859815684,0.8728790620172565,0.5854769991710782,-1.329976961016655,1.266449343074452,-0.7556755018674515,-0.6036089774729176,-1.610570427030325,0.8954906439916654,-1.499099621464583,0.24300042352541634,0.4163762113550518,0.6510740789719185,0.2957908460447163,,,,,,,,,,,,,,
en,vowel,clean,IPVS_EHC_1390377d,0,M,a,1,515,0.19890205687496654,-0.5094354118440529,0.5504692898984865,-0.17229907113371543,0.5446964809520345,-0.13019986903976083,-0.6060878312799923,0.7899474206962246,-0.5103840897384199,-0.08443030268918349,-0.9739481479797548,0.5514099210090815,-0.635840223698265,0.45649105016151487,0.3473568438590318,0.37160060420012697,0.3780588151284932,,,,,,,,,,,,,,
en,vowel,phone,IPVS_EHC_1390377d,0,M,a,1,515,0.5543596153795526,-0.6138281491389167,0.9618075177507494,-0.2790923982279972,0.977129948370665,-0.17016130748497243,-0.7242845545694666,0.7089920645175821,-0.6102344617006462,0.005193954098571852,-1.0758920610915497,0.401666548133234,-0.3964725940346621,0.36710163006139135,0.20957028858332477,0.2866903360904992,0.24554406666700196,,,,,,,,,,,,,,
en,vowel,clean,IPVS_EHC_1390377d,0,M,a,2,250,0.5196842218438784,-0.5163446153203647,0.8108822081486384,-0.49671948502461116,0.8872480671604475,-0.7085075044631958,-0.47719444940487543,0.47953585656980674,-0.4634563918908437,-0.1468700500826041,-0.8510229610403379,0.40200518699983756,-0.5488752370824417,0.4342227445226759,0.15769807850315973,0.20150308686537655,0.6267427028731841,,,,,,,,,,,,,,
en,vowel,phone,IPVS_EHC_1390377d,0,M,a,2,250,0.7772367811203003,-0.6548175181945165,1.097380104660988,-0.6173371401429176,1.1757161732514698,-0.7208384972810745,-0.5309111579259237,0.3925408373276393,-0.43132484098275503,0.0017768424997727076,-0.9001776840289434,0.2792304597174128,-0.27745361721764006,0.32292931818360116,0.25238098617946386,0.28481249078766985,0.4739256906444661,,,,,,,,,,,,,,
en,vowel,clean,IPVS_EHC_1390377d,0,M,e,1,933,0.07715529113104849,-0.16057430457410116,0.660668635113354,0.3911680815054134,0.6475660796152717,0.35894354944135626,-0.8490655642142271,0.8310824654956552,-0.6699869454491372,-0.19674548697981606,-0.9643734388066698,0.05076373821048069,-0.24750922519029675,0.24142505455249377,0.39235333130780514,0.41371277912656373,0.2815202872007063,,,,,,,,,,,,,,
en,vowel,phone,IPVS_EHC_1390377d,0,M,e,1,933,0.22272648241324433,-0.045707597186433656,0.8670805056252369,0.47389098919542927,0.932731538957878,0.5433551909239321,-1.014460802821977,0.8703699933228858,-0.7036441880113938,-0.1262485871951423,-1.1051956165495616,0.031333173709836876,-0.15758176090497916,0.24254048587666596,0.46335362696911747,0.4313532425914556,0.2677843214158437,,,,,,,,,,,,,,
en,vowel,clean,IPVS_EHC_1390377d,0,M,e,2,273,0.021600804365042484,-0.11675311290856563,0.4840195266586361,0.38325837832508663,0.5249838896773078,0.15397862548177893,-0.6266863591743238,0.6223497108979659,-0.41489148302511736,-0.1368825466343851,-0.7786178613250906,0.023385443877090108,-0.1602679905114752,0.21428542865175662,0.39717533897443563,0.5287629767135019,0.18979613130062323,,,,,,,,,,,,,,
en,vowel,phone,IPVS_EHC_1390377d,0,M,e,2,273,0.28692772876132616,-0.11508456595016248,0.8064755838928801,0.3535188808585658,0.9232075172843355,0.2231943088950533,-0.8141247510910035,0.7327383777408889,-0.39494627930901266,-0.1269891401583498,-0.9278906199968222,0.054120239197756305,-0.18110937935610613,0.20739596427831405,0.4262230880420327,0.5127501903322674,0.18180754443460834,,,,,,,,,,,,,,
en,vowel,clean,IPVS_EHC_1390377d,0,M,i,1,988,-0.22118198961922617,0.20815243183161675,0.3052447129931514,0.7416247830848501,0.40464631789160094,0.658021484862273,-0.9107469829294818,1.0103374484311851,-0.6766181227434364,-0.21506846812788885,-0.9955284693827131,0.2981878281116285,-0.5132562962395174,0.3254371630959206,0.43033242097737073,0.3648746914484784,0.306171476246865,,,,,,,,,,,,,,
en,vowel,phone,IPVS_EHC_1390377d,0,M,i,1,988,-0.0160494133930415,0.30292463468180764,0.6140032222475669,0.7354003518117397,0.7859953505924655,0.8408138548284267,-1.237507128354275,1.11366378864656,-0.7399103854992976,-0.20530212951529306,-1.3337343108373056,0.33224825247469975,-0.5375503819899928,0.23343115064010028,0.3493566295583837,0.35949676378511136,0.1838990127434698,,,,,,,,,,,,,,
en,vowel,clean,IPVS_EHC_1390377d,0,M,i,2,296,-0.22549821118290506,0.48044238741813083,0.08696706417236436,0.8537128288089559,0.12115934976700986,0.5947683098610868,-1.097468276037259,1.530993645780542,-0.8552529218324115,-0.7928563279382298,-1.4287070246894709,0.883705400767621,-1.676561728705851,0.22627998354072368,0.21977864536765815,0.3723205471649745,0.14663145223880666,,,,,,,,,,,,,,
en,vowel,phone,IPVS_EHC_1390377d,0,M,i,2,296,0.22052880853749393,0.48688271708702774,0.6644760149248531,0.91788192277544,0.8714637578873152,0.7222588733675774,-1.2860729429828988,1.491716800445921,-0.9273403837774576,-0.728354331231519,-1.6670540922813202,0.9457141883838712,-1.6740685196153904,0.15561739701094274,0.39532251080734615,0.460827222641224,0.09747996111764114,,,,,,,,,,,,,,
en,vowel,clean,IPVS_EHC_1390377d,0,M,o,1,645,0.19206469165262327,-0.1594037802875504,0.7860320224318393,0.04780063502856311,0.8430523078031934,0.17174363051582062,-1.0270391912885415,1.1523205587876244,-0.4953751767328543,0.009469344461149023,-1.129435763648622,0.453129474930369,-0.4436601304692199,0.3857415629631433,0.38746468529661304,0.4281795736450533,0.3800340406269707,,,,,,,,,,,,,,
en,vowel,phone,IPVS_EHC_1390377d,0,M,o,1,645,0.2522962593524031,-0.013312649780773685,0.8680986432065028,0.21458419499009154,0.936715718464642,0.29948105326148583,-1.1477019443376428,1.1695046689775255,-0.39652002966681194,0.08098140149076472,-1.2077712605319897,0.39007050503594004,-0.3090891035451753,0.3393803970835059,0.4148250232847243,0.45743907943729334,0.2876275331238775,,,,,,,,,,,,,,
en,vowel,clean,IPVS_EHC_1390377d,0,M,o,2,306,0.2581705716641053,-0.4247724345034879,0.7900153065667205,-0.21592547533952672,0.8503339042806107,-0.08222314998831438,-0.8727045532154001,1.0067042240306088,-0.6044529513658389,-0.38823112881863897,-1.2603422393617423,0.6565786059135976,-1.0448097347322365,0.1939333921525547,0.2514283001018197,0.30410339984575346,0.11342452049009434,,,,,,,,,,,,,,
en,vowel,phone,IPVS_EHC_1390377d,0,M,o,2,306,0.4972952798656795,-0.3066750136406525,1.076204144274411,-0.04189050108518289,1.1857784929806772,0.10768004352955715,-0.9427222191639568,1.0803606272067712,-0.5840613698667806,-0.2127564903753607,-1.3502421673873197,0.6621163710951805,-0.8748728614705412,0.12852374052979035,0.376286787547176,0.39321377733547025,0.16643476014994052,,,,,,,,,,,,,,
en,vowel,clean,IPVS_EHC_1390377d,0,M,u,1,814,-0.06267752154749268,0.046702520549297334,0.5304468886280547,0.4142527883454245,0.5886642286972124,0.6541084544391048,-1.0310177055244543,1.5228680333312676,-0.8809509561378128,-0.33214294353918156,-1.3549768536142548,0.8651369779465758,-1.1972799214857572,0.4202181224744229,0.3876261747899045,0.34748593115777526,0.24136473279938653,,,,,,,,,,,,,,
en,vowel,phone,IPVS_EHC_1390377d,0,M,u,1,814,-0.04800368662999601,0.11637501299989467,0.6857672088912555,0.46946485322348924,0.8227614514073547,0.7797716660767186,-1.18251760182332,1.385188340045968,-0.6590822846305614,-0.17701266339542915,-1.4089891379280965,0.8045828298646577,-0.9815954932600868,0.33814188336674883,0.34782264122123174,0.3134908691406425,0.1232204417837167,,,,,,,,,,,,,,
en,vowel,clean,IPVS_EHC_1390377d,0,M,u,2,280,-0.44806780985423494,0.10422320380097344,0.21509903403265135,0.48927476860228036,0.2778128419248831,0.6265190282747859,-1.248032914385909,1.8421730952603477,-0.8029701488890818,-0.5751418575112309,-1.5872456431388855,1.2021374454100926,-1.7772793029213236,0.29718240296099246,0.5270259307088309,0.3904977685305574,0.3083237237295406,,,,,,,,,,,,,,
en,vowel,phone,IPVS_EHC_1390377d,0,M,u,2,280,-0.1308894787161123,0.10132296543036189,0.6203284141208444,0.5504493096045086,0.8638612273193541,0.7446566249820448,-1.2708568033717929,1.6127818209074793,-0.770901540382987,-0.2678318435237521,-1.6492710709571838,1.0135962459303083,-1.2814280894540606,0.14410354179022986,0.2700369709182679,0.333733993359436,0.25501985349690454,,,,,,,,,,,,,,
en,vowel,clean,IPVS_EHC_9a2a24e8,0,F,a,1,1018,0.4473297024036155,-0.5305032046158719,1.0258464715108762,-0.10864227289467855,1.2086086051867289,0.11292579614259059,-0.9106464050710201,0.8932643705138973,-1.117678388466243,-0.39461706761343807,-1.5853454061582977,0.798169475255741,-1.192786542869179,0.22861530576618733,0.22564406691877517,0.42802730757253576,0.16762380699342355,,,,,,,,,,,,,,
en,vowel,phone,IPVS_EHC_9a2a24e8,0,F,a,1,1018,0.6629736849100761,-0.5130716744639905,1.2980889570381906,-0.04174421019121712,1.4916286632126452,0.20825939803244242,-1.0018260171454327,0.9488438767642756,-1.1077332283595418,-0.2872199945005716,-1.6615375461044655,0.7996984129540281,-1.0869184074545997,0.2568435973389173,0.2840822829435953,0.42535202477769607,0.22115339068323425,,,,,,,,,,,,,,
en,vowel,clean,IPVS_EHC_9a2a24e8,0,F,a,2,280,0.8601083277414242,-1.0943903655168556,1.5223083698323794,-0.7843764776452666,1.5878763652983165,-0.5178017273013081,-0.7822695405976403,0.5417339925964674,-0.2865370562566178,0.02287541072638262,-1.17828145898169,0.6177963730103025,-0.59492096228392,0.16067787267170505,0.14406570033679642,0.2331724794230139,0.16750706428430862,,,,,,,,,,,,,,
en,vowel,phone,IPVS_EHC_9a2a24e8,0,F,a,2,280,0.9663794595925581,-1.094753261655569,1.6622094973212196,-0.7127063786167473,1.7358825146442367,-0.35257050066831563,-0.8657135252973863,0.5681942777619475,-0.23687909747518243,0.15988086146258174,-1.1610114309227182,0.48720577729511116,-0.3273249158325295,0.1334391946402689,0.1390133024895123,0.1512210884606698,0.09974807788639331,,,,,,,,,,,,,,
en,vowel,clean,IPVS_EHC_9a2a24e8,0,F,e,1,994,-0.006143233349490724,-0.09507924325789098,0.5684687408765025,0.23550548362094023,0.6913278700665487,0.3001651255083722,-0.9615951650666952,0.9777420027598889,-0.5930723550925685,-0.24735513188717356,-1.197951191319869,0.46322328763325576,-0.7105784195204293,0.39498517436901315,0.33225796796958,0.4285801512611068,0.2001219203402359,,,,,,,,,,,,,,
en,vowel,phone,IPVS_EHC_9a2a24e8,0,F,e,1,994,0.14424416824029043,-0.04231643310458365,0.8118024784386357,0.3120779623604538,0.9953106841116047,0.4405890856199839,-1.1108760658315193,1.021338151649488,-0.6397946580347409,-0.18519689570053366,-1.3279983967193791,0.4250605783509371,-0.6102574740514708,0.3069123310717254,0.3823690947133986,0.4226410319633141,0.16491766056310467,,,,,,,,,,,,,,
en,vowel,clean,IPVS_EHC_9a2a24e8,0,F,e,2,314,0.47520672600520286,-0.5135510313667749,0.8782192551775982,-0.2912699153548793,0.8582203881520974,-0.15912981739169674,-0.7003627630440812,0.7781042248794907,-0.3569646732195427,-0.007873288973381645,-0.9675171716432822,0.42233469065670903,-0.43020797963009066,0.15990635568275183,0.15111008182863875,0.28252926936299405,0.11966674035682823,,,,,,,,,,,,,,
en,vowel,phone,IPVS_EHC_9a2a24e8,0,F,e,2,314,0.7070750620020063,-0.6538744352365795,1.2198109380508724,-0.3165090462094859,1.2472425641197906,-0.10538607812241504,-0.8951286411599109,0.7325463697314263,-0.35037616867768134,0.026305624921070903,-1.1037170905815927,0.3519905185817104,-0.32568489366063946,0.1736381793973309,0.12324114946125156,0.3341415936731388,0.09312613661205177,,,,,,,,,,,,,,
en,vowel,clean,IPVS_EHC_9a2a24e8,0,F,i,1,868,-0.5253812602196617,0.4028697737788789,-0.033065162028161045,0.7596121531450886,0.11600920954769142,0.7204066784731273,-1.2629929838052654,1.8109600102079326,-1.182177311958481,-0.5165109844500078,-1.6300728360469314,0.9794842220336142,-1.495995206483622,0.25055134807629204,0.34612754375119886,0.3525603226007117,0.37067217274976366,,,,,,,,,,,,,,
en,vowel,phone,IPVS_EHC_9a2a24e8,0,F,i,1,868,-0.3557951112359876,0.344879276536662,0.3116694580606574,0.7871013431599314,0.4965644162219603,0.9898119836303466,-1.615798762474937,1.8848537441871176,-1.11744672020048,-0.49739653320262256,-1.898108624407158,1.0419663850225194,-1.539362918225142,0.2091527098594122,0.38394881336828546,0.3492048984017376,0.23074643411213352,,,,,,,,,,,,,,
en,vowel,clean,IPVS_EHC_9a2a24e8,0,F,i,2,267,-0.5242360439729987,0.42867703337847074,-0.003976924078805106,0.7763533490414946,0.13523975264581833,0.7910090298015878,-1.2756711348243381,1.6836478236299124,-0.7178769801159083,-0.5762079257680022,-1.4959863901878736,0.9773437290203683,-1.5535516547883705,0.3995523655720963,0.4969849323836205,0.444675224014323,0.2593210207375113,,,,,,,,,,,,,,
en,vowel,phone,IPVS_EHC_9a2a24e8,0,F,i,2,267,-0.24981490462463093,0.3416364944499472,0.4458340356438797,0.8091232554512735,0.6324410185865734,0.981311064144099,-1.3454522645991782,1.465694034321708,-0.6028796892543757,-0.39354666715823344,-1.482976189681462,0.7667776362172195,-1.160324303375453,0.4434188799084164,0.5727462209255556,0.4743051731848639,0.2365543407597579,,,,,,,,,,,,,,
en,vowel,clean,IPVS_EHC_9a2a24e8,0,F,o,1,1215,-0.014987315026984457,-0.20612362505477153,0.5564059689129985,0.11419105118930095,0.6501730837040314,0.36213201842435594,-0.9527166557328364,1.2190172261825478,-0.6420251817860231,-0.4273938775440711,-1.3385130405753074,0.8218202459177485,-1.2492141234618197,0.3472273736050435,0.2693455623358331,0.4070060492233993,0.4252812377204923,,,,,,,,,,,,,,
en,vowel,phone,IPVS_EHC_9a2a24e8,0,F,o,1,1215,0.18419962422347363,-0.30229443965788894,0.9087424734696766,0.009784894511205833,1.08501728829533,0.35308966559801247,-1.1962908212049508,1.2475553323375508,-0.5824722126024087,-0.32084912940634946,-1.5657223503939572,0.8732922256646987,-1.1941413550710482,0.2184778988380895,0.18739332402728195,0.36725123886110594,0.3961854740164094,,,,,,,,,,,,,,
en,vowel,clean,IPVS_EHC_9a2a24e8,0,F,o,2,300,0.6811813082959917,-0.5792062948147456,1.2582254492574267,-0.4804957507385148,1.360443733466996,-0.21967846742934652,-1.0143790214425987,1.1030400723218918,-0.6459594576723046,-0.47258894306917987,-1.576367852422926,1.2313482128911548,-1.7039371559603347,0.10313471190908446,0.5021860367279082,0.49143834295183025,0.06763803190847187,,,,,,,,,,,,,,
en,vowel,phone,IPVS_EHC_9a2a24e8,0,F,o,2,300,0.7499974235892296,-0.6598075557914045,1.392530948585934,-0.5222034064431985,1.5366477800740137,-0.1573391593164868,-1.0792393810219234,1.075259418785572,-0.4754556675752004,-0.326092407024569,-1.5183090001344681,1.0663025971915987,-1.3923950042161677,0.07526952791342086,0.3452955085056029,0.4742282419246752,0.07453575749859236,,,,,,,,,,,,,,
en,vowel,clean,IPVS_EHC_9a2a24e8,0,F,u,1,999,0.166387143478219,-0.06493755927101745,0.7536193371662085,0.1180900930614519,0.9441284739881902,0.40742603068343813,-0.9517512563213135,1.2443327519937284,-0.8664803234937782,-0.4341764927108752,-1.487939545943614,1.0711585477168073,-1.5053350404276824,0.40925934164724354,0.3771072472909811,0.41808354949927484,0.3345326403226607,,,,,,,,,,,,,,
en,vowel,phone,IPVS_EHC_9a2a24e8,0,F,u,1,999,0.33450999189038044,-0.09480582442934224,1.0145218735328332,0.12710849524238543,1.144184346529291,0.4911462955437167,-1.2779004639278038,1.3149923158564703,-0.7554165134066948,-0.331951725887082,-1.6890359202062033,0.9695987212479412,-1.3015504471350232,0.4144142500494496,0.2630876839410311,0.26766537663913587,0.40809916051040146,,,,,,,,,,,,,,
en,vowel,clean,IPVS_EHC_9a2a24e8,0,F,u,2,300,0.18399793224202263,-0.3187320479088359,0.7646986525919702,-0.21890404787328507,0.8913123692903254,0.014989562249845928,-0.9104689561658436,1.2426843371656207,-0.20028633582923147,-0.2163273590720362,-1.1685040983888837,0.959960231019391,-1.1762875900914271,0.30326682944604594,0.3132050093726823,0.45712058123963983,0.3305329191475433,,,,,,,,,,,,,,
en,vowel,phone,IPVS_EHC_9a2a24e8,0,F,u,2,300,0.7045802624689208,-0.4346354607078764,1.3095581404036947,-0.17246080231335428,1.42696570456028,0.020103714532322355,-0.8925399429268307,0.9738564420077536,-0.2467799806760417,-0.20533735574119621,-1.1881041559908125,0.7066865824990802,-0.9120239382402764,0.2176845670627135,0.3365383464833909,0.5604962721120048,0.2239092423856317,,,,,,,,,,,,,,
en,vowel,clean,IPVS_EHC_7ffb735c,0,F,a,1,313,0.9872095705497832,-0.8306280592131237,1.5279310085470714,-0.6176635108927571,1.5278309993642978,-0.479099394704299,-0.8277412289507174,0.7930510040944215,-0.7041734092765384,-0.36073542323219715,-1.3896800926122717,0.8645290188373081,-1.2252644420695054,0.39641741529052615,0.2363298342290917,0.18668899220827326,0.35087877622833075,,,,,,,,,,,,,,
en,vowel,phone,IPVS_EHC_7ffb735c,0,F,a,1,313,1.0144423796701683,-0.8069682103931588,1.6607923671682046,-0.5282629416890876,1.698369823435627,-0.27117924762781337,-1.1584308122200941,1.0399146392231895,-0.5553223765874035,-0.2981392828323854,-1.58488782152297,0.8833677737958847,-1.1815070566282702,0.12167615804732473,0.2350426173477142,0.20412041575108938,0.3083010609384999,,,,,,,,,,,,,,
en,vowel,clean,IPVS_EHC_7ffb735c,0,F,a,2,288,0.7975940392620262,-0.9083782303436049,1.312423597635894,-0.6845111193499346,1.2779007954844113,-0.2924492699147641,-0.6435599416151814,0.5097857116796505,-0.41508691620895233,0.03133479034763643,-1.0429985924870118,0.5551425454731302,-0.5238077551254938,0.5412692955446058,0.43390427971575307,0.2720094353984241,0.4380164736639142,,,,,,,,,,,,,,
en,vowel,phone,IPVS_EHC_7ffb735c,0,F,a,2,288,0.7270028143264782,-0.6603988481835387,1.2425840616911308,-0.40945258017244013,1.2405576431888274,-0.0792357502826329,-0.8993307665504259,0.7280077867466828,-0.4434508363577141,0.17324328897842045,-1.2191197912412128,0.6178918230914693,-0.44464853411304883,0.5323028817825232,0.3459026616755177,0.314993827564519,0.47939696835875734,,,,,,,,,,,,,,
en,vowel,clean,IPVS_EHC_7ffb735c,0,F,e,1,332,-0.4913878741115332,0.5963228875398636,-0.08969875529408455,1.0859052784740926,-0.04768141932785511,0.7308256034553051,-0.689413436576724,1.2586723846197128,-0.7464583453536033,-0.459878916926682,-0.9981236699223518,0.5373851940128952,-0.9972641109395772,0.2683418497538585,0.5116300272303831,0.4924199334518814,0.30803747426945205,,,,,,,,,,,,,,
en,vowel,phone,IPVS_EHC_7ffb735c,0,F,e,1,332,-0.2564622028172016,0.5055381184071303,0.19698519572615625,0.9144417536258698,0.27606206968426705,0.6781378281861543,-0.9161574947834015,1.3285544054582714,-0.7193669067323207,-0.5261383586749434,-1.196235795468092,0.58416683412157,-1.1103051927965135,0.3771483029078494,0.41984605682041115,0.44062357470727864,0.2746837404261502,,,,,,,,,,,,,,
en,vowel,clean,IPVS_EHC_7ffb735c,0,F,e,2,269,-0.040143376479119613,0.6339363931146867,0.09618922126439451,0.8152603869057872,0.1511563762016823,0.3656871909378496,-0.427419797317382,0.9956307523638193,-0.48939484403542943,-0.2797498111984481,-0.788954196623498,0.607349438821337,-0.8870992500197851,0.4018557847107742,0.48023400581075104,0.6400853713584554,0.44144519073835187,,,,,,,,,,,,,,
en,vowel,phone,IPVS_EHC_7ffb735c,0,F,e,2,269,0.4008129937517131,0.5072240288272226,0.6144115287650582,0.769726417181682,0.7408357493899351,0.46377435984787035,-0.6679421747389015,0.914967935509477,-0.6436671915412681,-0.3739303919983788,-1.0823594090397373,0.5362005243135011,-0.9101309163118798,0.46837854686782027,0.29581735793896125,0.3276101352700251,0.2748845235897157,,,,,,,,,,,,,,
en,vowel,clean,IPVS_EHC_7ffb735c,0,F,i,1,274,-0.33923678468149826,0.6708521061992071,0.04446648671684495,1.0446001628795303,0.15648335478751055,0.8986026276665998,-0.9963806531874531,1.6985969784029995,-0.7551347666296614,-0.43205304309187165,-1.3280708315860794,1.1238993498754788,-1.5559523929673504,0.5662201911137672,0.6270200323531371,0.7722720966483262,0.6617421079981396,,,,,,,,,,,,,,
en,vowel,phone,IPVS_EHC_7ffb735c,0,F,i,1,274,-0.2760071550686675,0.4572248643780329,0.26893586153725546,0.9225745597876698,0.35468786075172654,1.0436122884233314,-1.3085740876485066,1.5771561218313424,-0.688450724425086,-0.36659803784575806,-1.516442579677306,0.9477440425116255,-1.3143420803573835,0.697973136290847,0.6190495894347235,0.6954853271092738,0.5972201662739838,,,,,,,,,,,,,,
en,vowel,clean,IPVS_EHC_7ffb735c,0,F,i,2,274,0.08103786893637784,0.5978879431285054,0.45636350428124506,0.7531319912298616,0.6278199297656496,0.7292266389332622,-1.0536286287817611,1.7225475630846367,-0.7693469824202089,-0.5392984535141163,-1.3796122031039502,1.1793194769107433,-1.7186179304248597,0.683180455708536,0.5328695669737189,0.6437517595177954,0.6896825010460838,,,,,,,,,,,,,,
en,vowel,phone,IPVS_EHC_7ffb735c,0,F,i,2,274,0.07780187002506601,0.46394688627087927,0.5571490657257746,0.6638313972626824,0.7132550942071949,0.7769885917744005,-1.4088976737785053,1.5840747733432126,-0.9257060270532068,-0.5582520314099559,-1.6994422778307674,1.0336706744260098,-1.5919227058359657,0.6993232338047155,0.5241706893586155,0.7083423143112229,0.49706403801181387,,,,,,,,,,,,,,
en,vowel,clean,IPVS_EHC_7ffb735c,0,F,o,1,320,0.41174678745058674,-0.12253808230161667,0.8307122483383864,-0.14848442127307257,0.8494713630061597,-0.02939830037454764,-0.9152319297039261,1.4183260751888156,-0.9491984320338815,-0.45175114925950766,-1.4795036980261405,1.1488251630216837,-1.6005763122811913,0.6011008459336233,0.7628013746642595,0.5929695732385102,0.6487955223446435,,,,,,,,,,,,,,
en,vowel,phone,IPVS_EHC_7ffb735c,0,F,o,1,320,0.7121880050593367,-0.15358359498592714,1.1710882110831637,-0.10237915883772075,1.1739225739923616,-0.031694851350039244,-0.9904588085288802,1.2545538942019145,-0.6379360849969089,-0.4739738506808256,-1.4390028112878401,0.9604942346923053,-1.4344680853731309,0.7096955936289723,0.5632311392245511,0.6897207522265953,0.7190616623020871,,,,,,,,,,,,,,
en,vowel,clean,IPVS_EHC_7ffb735c,0,F,o,2,299,0.5649537445761222,-0.4194590898837832,0.8762093761843213,-0.4093224784122646,0.8709350224193289,-0.32303843766615536,-0.5861123572232315,0.7105219400390077,-0.46647651575876203,-0.10918593530167532,-0.9860380017790347,0.6369861958661626,-0.746172131167838,0.6176536725702957,0.6552068294324686,0.4096753292868525,0.49109168754206206,,,,,,,,,,,,,,
en,vowel,phone,IPVS_EHC_7ffb735c,0,F,o,2,299,0.7647185704326103,-0.4907987895756137,1.173033237127968,-0.3737347450374898,1.1566799205640403,-0.1874799578558674,-0.7445373253598397,0.6532399981226051,-0.33159248703751115,-0.019468093733431883,-1.0823913023122766,0.5491510440610884,-0.5686191377945203,0.6675882499007436,0.7247985982148358,0.4661699625365389,0.5127693779934576,,,,,,,,,,,,,,
en,vowel,clean,IPVS_EHC_7ffb735c,0,F,u,1,261,0.1311982135484173,0.2717519396809256,0.5547600330630685,0.5297555701368174,0.6793548227495448,0.7094296223608552,-1.0509896331531987,1.2862806318292193,-0.6464218668117645,-0.3766897713682454,-1.3860709031296383,0.944010417362687,-1.3207001887309324,0.7207767640664675,0.7104646242950372,0.5188305869823747,0.6938318911129959,,,,,,,,,,,,,,
en,vowel,phone,IPVS_EHC_7ffb735c,0,F,u,1,261,0.18228260650756253,0.0966766964478098,0.7323207169961018,0.49141613920782784,0.8592871505363732,0.859660219424849,-1.2593338260794902,1.3116167563541679,-0.616893910013946,-0.33468419503254493,-1.5084191649962382,0.8387869948841584,-1.1734711899167034,0.7139153277004423,0.7095392871157185,0.5193310518587332,0.7134713024507332,,,,,,,,,,,,,,
en,vowel,clean,IPVS_EHC_7ffb735c,0,F,u,2,289,0.08821237095764706,0.21900429930005755,0.48764490902423857,0.433930527142116,0.572886028119496,0.6889133832284382,-0.8797499165364674,1.3864365444013051,-0.6158075181075505,-0.39933603537934165,-1.240549106172153,0.9999647751556976,-1.3993008105350393,0.5786258313913798,0.628531626933958,0.5502386023387308,0.7260277635004766,,,,,,,,,,,,,,
en,vowel,phone,IPVS_EHC_7ffb735c,0,F,u,2,289,0.1919830060856683,-0.005055451648575919,0.7488401656491416,0.2810268917254039,0.8105404232229505,0.638361199242728,-1.150324570792062,1.3448637474221843,-0.6557653714077814,-0.4335332098177501,-1.4379404480968203,0.9053969901906592,-1.3389302000084093,0.5393919312325692,0.6983919760588236,0.6331997391865859,0.543218368318942,,,,,,,,,,,,,,
en,vowel,clean,IPVS_EHC_832281bf,0,M,a,1,375,0.48504412717289397,-0.9739104289478726,0.911452105641365,-0.7861563387844298,0.8873573360178205,-0.5408231090174781,-0.45663949641916485,0.3250412254035473,-0.3524848186307483,0.014622135129239823,-0.7510921651787228,0.19957267796827688,-0.18495054283903706,0.052917512437377155,0.04262321572469357,0.14944116380017805,0.1644306803315843,,,,,,,,,,,,,,
en,vowel,phone,IPVS_EHC_832281bf,0,M,a,1,375,0.7495396612750159,-1.0421808862023882,1.3086464598443772,-0.7509437011347877,1.2866107085016039,-0.4319691449403763,-0.8299724525213241,0.4774179788927237,-0.5957057409154044,0.19270172365837626,-1.0614746514956157,0.22798090196318097,-0.0352791783048047,0.03822415468712159,0.05402843565236985,0.14967835543465102,0.10969505955481632,,,,,,,,,,,,,,
en,vowel,clean,IPVS_EHC_832281bf,0,M,a,2,418,0.5847418370346228,-1.1459447083373864,0.8175177645115626,-1.046600122063879,0.7479582420062452,-1.0000948266140999,-0.32641337498549433,-0.05876731644901964,-0.17961869220293702,-0.27262502836270464,-0.6347859845393233,0.07601364472851393,-0.3486386730912186,0.060750172966016334,0.18649438898071452,0.24309899960951364,0.1015668006486158,,,,,,,,,,,,,,
en,vowel,phone,IPVS_EHC_832281bf,0,M,a,2,418,0.8755844684820326,-1.3203528328310876,1.1431546211242676,-1.163363783487252,1.0482263636612703,-1.1121393070807533,-0.39863978178491666,-0.2323647969964123,-0.20227558204224186,-0.13966987725524677,-0.6427007752751547,-0.12175713549737656,-0.017912741757870193,0.06989267937500887,0.18718572777334663,0.18932718560921316,0.12811079505903078,,,,,,,,,,,,,,
en,vowel,clean,IPVS_EHC_832281bf,0,M,e,1,477,0.15949707257623041,-0.41626401230017895,0.5355209351001301,0.07070190934561686,0.5172768158883583,0.05821136870658356,-0.24995411044629193,0.18689632395003317,-0.21699810708233705,0.126703838048704,-0.44160107289560996,-0.1331276758168321,0.2598315138655361,0.3360576430705751,0.21187934264065184,0.3296430387279008,0.27246647259399664,,,,,,,,,,,,,,
en,vowel,phone,IPVS_EHC_832281bf,0,M,e,1,477,0.21542422665536196,-0.5778317973796498,0.6783251977340685,-0.055974730994643236,0.6795742743314351,-0.06042124730784718,-0.3617001254799474,0.20279326588434624,-0.2678827014378554,0.20537220981322515,-0.533175561745823,-0.2361256003652404,0.44149781017846557,0.3608446964871768,0.22579155987004412,0.30020500481083695,0.17303900914081224,,,,,,,,,,,,,,
en,vowel,clean,IPVS_EHC_832281bf,0,M,e,2,211,0.17939049885498257,-0.24577433997251857,0.49563735465365133,0.15595560303823217,0.6027461713927937,-0.04944930923736002,-0.3647474882405574,0.15478728186544471,0.07820852382445899,0.161892619071983,-0.38857074199229713,-0.1695475134646564,0.3314401325366394,0.17487593158981055,0.36800636963076794,0.5690626287939653,0.1334840254185541,,,,,,,,,,,,,,
en,vowel,phone,IPVS_EHC_832281bf,0,M,e,2,211,0.40537916546262154,-0.37144385548088493,0.8362401676928903,0.10784632495538456,0.9605651967168793,-0.06112868403355906,-0.4848013021579878,0.10753365691135248,-0.0444328959767274,0.24174144060358288,-0.46227864856560397,-0.3209252548587369,0.5626666954623198,0.15420270841186004,0.3788953657879183,0.3604838085537398,0.140745735333455,,,,,,,,,,,,,,
en,vowel,clean,IPVS_EHC_832281bf,0,M,i,1,391,-0.2659556474457396,0.49011121011794884,-0.003085450923189204,0.7228729742638609,0.049687325066708504,0.5363086869742008,-0.8125142157077789,1.3468655832270358,-0.5648745524756452,-0.50773886832151,-1.033341653296288,0.7442977864295244,-1.2520366547510344,0.25442804007677283,0.37510276815645094,0.3821104055230445,0.22216270081172712,,,,,,,,,,,,,,
en,vowel,phone,IPVS_EHC_832281bf,0,M,i,1,391,0.21166842611546213,0.3567732736151269,0.5446073880220982,0.6745549909611965,0.6205611482579657,0.5449233035457896,-0.7859006458774526,1.047312033651991,-0.6760531899142772,-0.4537099593180291,-1.0064987503467722,0.5162441959882036,-0.9699541553062327,0.2501551424877013,0.23840619800351825,0.2181300190659543,0.21288182640486208,,,,,,,,,,,,,,
en,vowel,clean,IPVS_EHC_832281bf,0,M,i,2,334,-1.1662591093837624,1.067152153589938,-0.9097017483546002,1.4516738110249585,-0.7613042520709558,0.9404858716643683,-0.7519971217849467,1.4854212261662625,-0.1936411411307826,-0.5284995726945967,-0.8046023554288515,0.5817679255776623,-1.1102674982722591,0.40702034311625557,0.4936762368957178,0.4021049277519341,0.21437207900929017,,,,,,,,,,,,,,
en,vowel,phone,IPVS_EHC_832281bf,0,M,i,2,334,-0.8615714503396855,1.195734702714599,-0.5401556837086631,1.8095881136337129,-0.3505942327993931,1.0647331938000009,-0.6217912570527284,1.1139295720080338,-0.17172477217298923,-0.5041012649452037,-0.6413057016780471,0.22902047154631947,-0.7331217364915231,0.43401510484978795,0.5271063212453602,0.4544573660185466,0.3026069746627012,,,,,,,,,,,,,,
en,vowel,clean,IPVS_EHC_832281bf,0,M,o,1,638,0.8210917934387302,-1.4827515777821343,1.5191439110785723,-1.2393618747980024,1.4448840991050627,-0.6519682138459757,-0.5687702971044928,0.4784504514245782,-0.3680167538113892,-0.05131558968181101,-0.9650960014356921,0.4586076106740317,-0.5099232003558427,0.2448539453017665,0.2782960531166728,0.24479211610197063,0.31552485675895336,,,,,,,,,,,,,,
en,vowel,phone,IPVS_EHC_832281bf,0,M,o,1,638,1.04181565833278,-1.4111927373645206,1.799111974115173,-1.1750302222402145,1.7908573347764711,-0.47610911012937623,-0.7893560299417004,0.7725533685491731,-0.30206446815282106,0.0863591773280253,-1.1113807117411245,0.5699087913817493,-0.48354961405372404,0.2017114364825145,0.347464111123514,0.36394175923535754,0.21058605069928998,,,,,,,,,,,,,,
en,vowel,clean,IPVS_EHC_832281bf,0,M,o,2,303,0.5495426733799971,-0.9280262874449537,1.084413107301368,-0.7280101290817469,1.1270098734260257,-0.4046835049253995,-0.7581062118212382,0.6968748815398399,-0.49397135664367936,-0.3298993338652647,-1.1787542523256416,0.6043743543184358,-0.9342736881837005,0.243975371910794,0.23309163981008868,0.31750199460494294,0.4489614512602128,,,,,,,,,,,,,,
en,vowel,phone,IPVS_EHC_832281bf,0,M,o,2,303,0.9954481109406779,-1.063302763498546,1.6351016202911002,-0.8618267010795614,1.7312415362707252,-0.46191828889273556,-0.9077388627933023,0.7269218231810898,-0.7225997080731261,-0.331532147331316,-1.448564549938577,0.684174556916203,-1.015706704247519,0.3331054874948935,0.30818357860100276,0.41266291244862885,0.32065931790390806,,,,,,,,,,,,,,
en,vowel,clean,IPVS_EHC_832281bf,0,M,u,1,359,0.31542225339995,-0.131827094862538,0.6653996618112661,0.0494100971980029,0.7935779698982767,-0.08675435322770325,-0.5917819288606467,0.8709668801144658,-0.7834636172803316,-0.6212336587191727,-1.1219721436843895,0.6265939950239137,-1.2478276537430864,0.24505500548347933,0.135467767688007,0.14867461015573344,0.24092083307173626,,,,,,,,,,,,,,
en,vowel,phone,IPVS_EHC_832281bf,0,M,u,1,359,0.8168551920471103,-0.43341162780188197,1.3398382400724744,-0.13276717622983292,1.4770773385526947,0.16889638065742457,-0.731660782054822,1.0891103625452052,-0.8836874893184081,-0.5011116263847197,-1.321271695299632,0.8659701954127045,-1.367081821797424,0.16830687069688752,0.14585575666670714,0.1581018080192905,0.1998965753317344,,,,,,,,,,,,,,
en,vowel,clean,IPVS_EHC_832281bf,0,M,u,2,275,0.3536828939661835,-0.9377595328923428,1.1361062163656408,-0.6132947691462257,1.2215327905886102,0.011632482481725288,-0.732897237033555,0.9705969712950967,-0.7557440599708846,-0.163166586422559,-1.3080806851387023,0.836936116308877,-1.000102702731436,0.5651243633383713,0.308960980368147,0.4542841302078231,0.47850561806394926,,,,,,,,,,,,,,
en,vowel,phone,IPVS_EHC_832281bf,0,M,u,2,275,0.6413895686467489,-0.9542280251329596,1.4524173434936638,-0.609236256462155,1.519811902624188,0.017394592003388838,-0.6977255385933501,0.7903695057738911,-0.7385676808429487,-0.10132661832101417,-1.2125313018307542,0.506208110408801,-0.6075347287298152,0.5497499949028211,0.18492677848898284,0.2876631094767401,0.395719750171567,,,,,,,,,,,,,,
en,vowel,clean,IPVS_EHC_71d347fe,0,M,a,1,526,0.7385357100563713,-0.7068341789366324,1.061764499431924,-0.4174287749713735,1.084151789640324,-0.2914022460485561,-0.4099673502430131,0.3169268353288121,-0.26708889408390735,-0.2001629521056444,-0.7523435247425414,0.18825070033604396,-0.38841365244168835,0.26819977758899655,0.24471426862475368,0.31173920504310576,0.1345565751544569,,,,,,,,,,,,,,
en,vowel,phone,IPVS_EHC_71d347fe,0,M,a,1,526,1.059308186739306,-0.7813688029971304,1.5156364806845217,-0.4197878315573252,1.5766342742533623,-0.15777109322857252,-0.6730180614733998,0.5269592812968583,-0.3818217924076922,-0.024595847530172594,-1.0117611743486192,0.24443188134014984,-0.26902772887032245,0.28838532679903955,0.2265228060949268,0.28029412277491966,0.1765137796735819,,,,,,,,,,,,,,
en,vowel,clean,IPVS_EHC_71d347fe,0,M,a,2,294,0.6422027612335226,-0.9589768787113468,1.0457613575324585,-0.9398046825708968,1.0329149679354068,-0.884938033193015,-0.6870163222042363,0.3936991129028663,-0.5738286386045177,-0.3707739667276318,-1.1282452746723475,0.46714241923031846,-0.8379163859579503,0.17259232862486334,0.3730455067065293,0.45434482894528916,0.16656765206938706,,,,,,,,,,,,,,
en,vowel,phone,IPVS_EHC_71d347fe,0,M,a,2,294,1.0074039280749438,-1.0629694721337115,1.5223019658849481,-1.003894931647215,1.5690551708253582,-0.7741642775160543,-0.8426865654045277,0.4770444804028179,-0.7376608105188005,-0.23711090513996863,-1.3020152844739763,0.3990214591155226,-0.6361323642554912,0.16274023699200096,0.3821605636668306,0.48417799089992736,0.11630959721949564,,,,,,,,,,,,,,
en,vowel,clean,IPVS_EHC_71d347fe,0,M,e,1,321,1.1926333521314236e-06,0.3645978229496763,0.320811074555229,0.8211150350811568,0.41176154808059257,0.4036035687503419,-0.5099413832697843,0.6205218896231194,-0.24423290418528523,-0.27527671029376244,-0.685454604674343,0.15451017318418916,-0.4297868834779516,0.2765843825557779,0.2586608994868159,0.41391763798563697,0.2646667647073553,,,,,,,,,,,,,,
en,vowel,phone,IPVS_EHC_71d347fe,0,M,e,1,321,0.3997483457308359,0.2677246424818286,0.7561155945989134,0.7476856045309126,0.884014570882901,0.445608396527063,-0.71778091502622,0.7163100390275217,-0.3976757165835929,-0.23102197265300725,-0.8931439140222851,0.2064244511387663,-0.43744642379177356,0.26788622555514263,0.2136949764323322,0.38699239471848873,0.3041692321937209,,,,,,,,,,,,,,
en,vowel,clean,IPVS_EHC_71d347fe,0,M,e,2,295,0.19316475893144552,0.19011415406472265,0.5323066150738021,0.593967135932486,0.6109448662080333,0.30990206984813606,-0.5565588383351342,0.6570237517188497,-0.36290362018481487,-0.24713795787870546,-0.7664820843160489,0.2852585164482816,-0.532396474326987,0.26576230539723666,0.32799853908460197,0.34540806778426614,0.2537606022405794,,,,,,,,,,,,,,
en,vowel,phone,IPVS_EHC_71d347fe,0,M,e,2,295,0.36043119085373854,0.16563086859923973,0.7500935403135537,0.6632343136658103,0.8402787048769536,0.3946821050623716,-0.7433171121582474,0.6752567276947916,-0.3829933279483332,-0.1568908029693668,-0.9006650845209757,0.17447168698881643,-0.33136248995818324,0.24384660541578917,0.29020653269409774,0.4154778454309029,0.12848638334021478,,,,,,,,,,,,,,
en,vowel,clean,IPVS_EHC_71d347fe,0,M,i,1,484,-0.518372689310002,0.5802409712684481,0.030924786137391445,1.082590389996767,0.1002216319719406,1.0082675471697768,-1.0285074051520595,1.351130942673716,-0.9288078536317773,-0.4721818455329088,-1.2647986107646194,0.6969571419774669,-1.1691389875103757,0.25648643618410766,0.2813383286362256,0.3002419192035136,0.35624926003610613,,,,,,,,,,,,,,
en,vowel,phone,IPVS_EHC_71d347fe,0,M,i,1,484,-0.14075009882041853,0.22292885184288025,0.4088541280018957,0.6688121446497637,0.42988342434576116,0.6673843261007577,-1.4103645093943158,1.1470013661182499,-0.6697231325486751,-0.6202198710955985,-1.4195483910710844,0.4731604511951645,-1.093380322290763,0.2540397081015955,0.4023094054415875,0.30094664189984954,0.30027639274827767,,,,,,,,,,,,,,
en,vowel,clean,IPVS_EHC_71d347fe,0,M,i,2,274,-0.6812081058700401,0.6888989553932684,-0.27384473491145905,1.1530492070568614,-0.2217985623213182,0.8437461673495281,-0.9880880269120975,1.3432522351483265,-0.61255567924804,-0.5297795463218746,-1.1084645140960991,0.6885692554761667,-1.2183488017980413,0.34732503940967796,0.3521391059392978,0.5286252054505495,0.2662332059085993,,,,,,,,,,,,,,
en,vowel,phone,IPVS_EHC_71d347fe,0,M,i,2,274,-0.2980050412287195,0.2841817528368479,0.07918281368462436,0.8995459006134287,0.0416711091277111,0.6226689731141171,-1.100518444485693,1.0352046199771294,-0.2308439099824572,-0.5251303903578993,-1.0592115182115371,0.41946196060133983,-0.9445923509592392,0.47932513860268616,0.494399284607116,0.5880727863756994,0.33412997211111123,,,,,,,,,,,,,,
en,vowel,clean,IPVS_EHC_71d347fe,0,M,o,1,312,-0.07794343925853993,0.25864237388397787,0.3130039879457748,0.6191953975469509,0.35390939508029756,0.5972544085630711,-0.8197300737684078,1.4142272795768493,-0.71805536017773,-0.39350015705728786,-1.284649706267296,0.9510353298144455,-1.3445354868717334,0.15075119686558172,0.09417765173908536,0.24907545154918664,0.1941416404422358,,,,,,,,,,,,,,
en,vowel,phone,IPVS_EHC_71d347fe,0,M,o,1,312,0.14424639702477354,0.17571287522924708,0.6292936097275703,0.5369319789745706,0.6970585440384581,0.5961141545087734,-0.935827318816743,1.3438833401875292,-0.8270901561258955,-0.39460309919841746,-1.414050984255811,0.804830065660892,-1.1994331648593095,0.09262996377355598,0.1355893292188688,0.38944979554212755,0.17821104020945017,,,,,,,,,,,,,,
en,vowel,clean,IPVS_EHC_71d347fe,0,M,o,2,281,-0.22822744377266022,0.21347161757170097,0.28253850684716153,0.6027555095373526,0.31096263952861875,0.6523601573247176,-1.0888941933417462,1.5843217697369276,-0.9236250229664809,-0.4463152140378952,-1.4813930558029718,0.960204039452344,-1.406519253490239,0.3048518139061328,0.33247577218319235,0.4415145803634566,0.317182125228068,,,,,,,,,,,,,,
en,vowel,phone,IPVS_EHC_71d347fe,0,M,o,2,281,0.0720741052246658,0.13081348771174278,0.7068823150981812,0.6114179781202734,0.8481989132582083,0.7749069069440548,-1.2412285550811586,1.3505479118527746,-0.7673137105957291,-0.35125755695019956,-1.5871326658852707,0.7849957407204181,-1.1362532976706177,0.302805231535071,0.13454082178673155,0.2544365075158882,0.3726093137690545,,,,,,,,,,,,,,
en,vowel,clean,IPVS_EHC_71d347fe,0,M,u,1,384,-0.08850390836596489,0.40667009321523123,0.41531710994654686,0.7665511693420082,0.5427206806710054,0.937356175790573,-1.3169076769644845,1.4840431639860416,-0.6519421665319081,-0.496724012211479,-1.5208354931453179,0.9096009624030056,-1.4063249746144846,0.25280644972478694,0.27031295718569076,0.3800064542647315,0.18303333976671726,,,,,,,,,,,,,,
en,vowel,phone,IPVS_EHC_71d347fe,0,M,u,1,384,0.2144288152199367,0.43865780975541163,0.6462591452973669,0.8368143571604942,0.7881478823336034,0.8779968272509246,-1.2994560434900482,1.2557506268394405,-0.6248675078025152,-0.5513053000101755,-1.4631911279826328,0.7520772703875113,-1.303382570397687,0.2218286645226758,0.2508221413633315,0.40687800268570545,0.16159167772334096,,,,,,,,,,,,,,
en,vowel,clean,IPVS_EHC_71d347fe,0,M,u,2,279,-0.24677783391884797,0.4266225833159227,0.37939464305279524,1.008117043231366,0.5402742842069039,1.1553983561386019,-1.33241252680502,1.6767063493559347,-0.7094832872145275,-0.5237743647317209,-1.5810391423264905,1.0682509298816587,-1.5920252946133797,0.30460949151970557,0.2885668783520379,0.4031360086454993,0.2836077615697309,,,,,,,,,,,,,,
en,vowel,phone,IPVS_EHC_71d347fe,0,M,u,2,279,-0.023450165634324564,0.5106231060606488,0.5288946540398005,0.9995336537883126,0.6625684651397389,1.0337350826997023,-1.3446964265326777,1.6100842056895148,-0.7998705680906419,-0.6857442618209935,-1.6619623945309565,1.0708480051459646,-1.756592266966958,0.3385347746570743,0.21496962310080625,0.33290365033382635,0.4676859970817397,,,,,,,,,,,,,,
en,vowel,clean,IPVS_EHC_71d347fe,0,M,a,1,1098,0.647409089564374,-0.7913433653612931,1.1445123686934962,-0.6032697948994059,1.1556925561166171,-0.488380385212826,-0.7243811016958771,0.7740524462395997,-0.8053024565405917,-0.065201101181182,-1.192843020769457,0.5812572690601827,-0.6464583702413648,0.3089961477679292,0.31846173501572217,0.3677139366470745,0.24414222114648193,,,,,,,,,,,,,,
en,vowel,phone,IPVS_EHC_71d347fe,0,M,a,1,1098,0.7114118718062387,-0.4785507522297628,1.2403895527575954,-0.30855693051760846,1.28457901502649,-0.19618951937917506,-1.0390115340776516,1.008417113926826,-0.8796290423608187,-0.03615688691197923,-1.471105776851376,0.7409241458669192,-0.7770810327788984,0.3629555017599852,0.34316991181589607,0.3758018943447861,0.2800509599902378,,,,,,,,,,,,,,
en,vowel,clean,IPVS_EHC_71d347fe,0,M,a,2,309,0.8901485035763704,-1.0020287051239116,1.4383847789968398,-0.7898022895828288,1.5146416938878635,-0.3425377760341461,-0.7499447602798595,0.41053849155890115,-0.3121385403814163,0.2679262964881678,-1.0259916101866227,0.4035374165716815,-0.13561112008351375,0.2160085391828271,0.4761299700624705,0.45380331776397653,0.30754632556543327,,,,,,,,,,,,,,
en,vowel,phone,IPVS_EHC_71d347fe,0,M,a,2,309,0.9780246276747097,-0.7818865404728262,1.446763163581889,-0.5073822813238053,1.4878403643235802,-0.18084152003023077,-0.7248465159838212,0.5606927207925103,-0.23558634400048994,0.25918717295887633,-0.9617188901187265,0.39294217041828094,-0.1337549974594046,0.13445331927907653,0.3904606407138407,0.4780020765837177,0.25481224701678495,,,,,,,,,,,,,,
en,vowel,clean,IPVS_EHC_71d347fe,0,M,e,1,1453,0.1120214886954833,-0.2648425203111164,0.5181862343900665,0.3143582266220932,0.4761014546588797,0.24706868421102854,-0.6988364720091923,0.7793605423192115,-0.7260464252509339,-0.18697447157363575,-1.0148707847073588,0.24072933865056073,-0.42770381022419646,0.3912139230065801,0.4729172109501613,0.5727738635379243,0.3754668780746965,,,,,,,,,,,,,,
en,vowel,phone,IPVS_EHC_71d347fe,0,M,e,1,1453,0.20444929493934702,-0.16155505659995348,0.6576636246014024,0.41812531842945094,0.5961747471273013,0.32920478009549475,-0.9198314108867689,0.814803335589505,-0.7515248676414206,-0.26530888171403544,-1.215313481685427,0.24456745437117036,-0.5098763360852058,0.29893918522722124,0.4354156498651576,0.5334208093335285,0.2401256627258573,,,,,,,,,,,,,,
en,vowel,clean,IPVS_EHC_71d347fe,0,M,e,2,304,0.15940546090512173,-0.12329077785429747,0.5121195394869732,0.3264505225031272,0.45027766700672067,0.21769465910999672,-0.6122722611155199,0.668701422603234,-0.18602549470961094,0.06347687109171049,-0.787538204504096,0.2708465414546916,-0.20736967036298112,0.39416364686185434,0.29049220284504,0.38603915674111944,0.23576383531178338,,,,,,,,,,,,,,
en,vowel,phone,IPVS_EHC_71d347fe,0,M,e,2,304,0.025875298468315083,0.060537707060575485,0.3860143064318792,0.5618469301287247,0.30408691047974257,0.32915299774512,-0.7710194157679444,0.6866823631622221,-0.06385944370666276,0.04707686627364677,-0.8419802243132954,0.19897053160947625,-0.1518936653358295,0.39309414525156533,0.5248861581829651,0.616607663252603,0.21483724544061394,,,,,,,,,,,,,,
en,vowel,clean,IPVS_EHC_71d347fe,0,M,i,1,1200,-0.25973128436340226,0.07966847895748086,0.25670964287387,0.5901896080002189,0.22741633904063038,0.7809122591382928,-0.9900976543625196,1.3973937386025985,-0.7144454666102926,-0.11206346561925279,-1.1329421833054059,0.6597463390169044,-0.7718098046361572,0.385081489473709,0.4448028405523963,0.49529475501313536,0.3680724378022471,,,,,,,,,,,,,,
en,vowel,phone,IPVS_EHC_71d347fe,0,M,i,1,1200,-0.09519954056789477,0.13304749774850078,0.5478766267291374,0.655989149502582,0.5611380516034034,0.9115486735271083,-1.3814616716363364,1.4394476523415909,-0.780830917466018,-0.21300166849460866,-1.4446126352374753,0.5871400657730798,-0.8001417342676884,0.3932836948736606,0.39940722509686266,0.44720344760344893,0.37407439269654097,,,,,,,,,,,,,,
en,vowel,clean,IPVS_EHC_71d347fe,0,M,i,2,298,-0.2806326652566592,0.11766007973088158,0.19161757421162393,0.5084503077798419,0.19334468990564346,0.5709203757345677,-1.0778704345226289,1.3625804795159233,-0.6855155580573612,-0.12051355871889326,-1.1888695923818482,0.6571538935001525,-0.7776674522190459,0.511590478860912,0.6501697508952031,0.8001951028396492,0.5245997596217037,,,,,,,,,,,,,,
en,vowel,phone,IPVS_EHC_71d347fe,0,M,i,2,298,-0.15623308536079195,0.2259728411005603,0.48182902220222684,0.7789480235841539,0.5313789559735193,1.0072138374050459,-1.3896470387776694,1.4590666701396307,-0.6601850580837991,-0.1500224338637458,-1.4270639552010431,0.6410773672887848,-0.7910998011525306,0.24055444510095705,0.15215334363556343,0.5172475016899012,0.5291686763391635,,,,,,,,,,,,,,
en,vowel,clean,IPVS_EHC_71d347fe,0,M,o,1,1326,0.39401102258856574,-0.7903670647261131,1.0207047408362429,-0.5159795604945727,1.0477155138686973,0.06292042418865103,-0.7632313800329839,0.9527421971436721,-0.622690692019822,0.08289967993527052,-1.1422657533431773,0.6319776989505556,-0.5490780190152851,0.36192689654890425,0.3491323700264718,0.3895779778042958,0.5139889382381088,,,,,,,,,,,,,,
en,vowel,phone,IPVS_EHC_71d347fe,0,M,o,1,1326,0.6613759428974072,-0.5692965453443815,1.3286620226487442,-0.29823657450963503,1.3504943356816492,0.2577116765156763,-1.0630562260522316,1.1474769114699197,-0.8632794980839569,0.09306200418209461,-1.546156030204428,0.7435085754045964,-0.6504465712225018,0.30753176613393746,0.3614243602119087,0.38939974062385463,0.44999231103204196,,,,,,,,,,,,,,
en,vowel,clean,IPVS_EHC_71d347fe,0,M,o,2,295,0.7400640205474897,-0.14734243420557788,1.135596069323141,-0.016812046200542125,1.2651388059228152,0.17714476063426604,-0.7885289236819003,1.175986895116709,-0.6216785141640464,-0.14447178135989075,-1.2522418653897647,0.937585742702171,-1.0820575240620618,0.3549999037455783,0.4133340566550705,0.44721427105060835,0.5194476453612871,,,,,,,,,,,,,,
en,vowel,phone,IPVS_EHC_71d347fe,0,M,o,2,295,1.0298251757177257,-0.17209549281893477,1.508662512746908,0.12427169606510528,1.6569327843391288,0.35611302384548943,-1.0591413901518967,1.1503230225568437,-0.50637565881519,-0.0667048907380993,-1.4279423935265192,0.8747364384895664,-0.9414413292276658,0.4036505891088914,0.31439803548902745,0.33993992347813246,0.469338868091505,,,,,,,,,,,,,,
en,vowel,clean,IPVS_EHC_71d347fe,0,M,u,1,1237,0.17397382654861357,-0.05216273966259141,0.7465767111343459,0.13593103964267797,0.7999307999981524,0.4628689225517404,-0.7951494181180225,0.9795222922126746,-0.9245130472476839,-0.3668780291946868,-1.287422908627971,0.7427708602674596,-1.1096488894621463,0.3821813002664758,0.3294256146676917,0.48053510609416855,0.4417063252150046,,,,,,,,,,,,,,
en,vowel,phone,IPVS_EHC_71d347fe,0,M,u,1,1237,0.4254495784499924,-0.19834936651856228,1.069372616297143,0.03394696300957116,1.0928172863428236,0.4258160570468428,-1.1031808359786608,0.9378420361098339,-1.1669187106563137,-0.5533243404202474,-1.6514390569837065,0.6717057892799497,-1.225030129700197,0.39040834770035143,0.2672652915370644,0.4856791867949107,0.44243564107840266,,,,,,,,,,,,,,
en,vowel,clean,IPVS_EHC_71d347fe,0,M,u,2,301,-0.004862345796263679,0.31492359730420194,0.4526722046716437,0.3765069033888822,0.5003403269618915,0.5718727162035789,-0.9389295258574722,1.2189343877918812,-0.4093757354916789,-0.12105752140777545,-1.1303524844224941,0.7572330324730491,-0.8782905538808246,0.36197384526298576,0.3136964017036967,0.4207871020416668,0.5146138491990256,,,,,,,,,,,,,,
en,vowel,phone,IPVS_EHC_71d347fe,0,M,u,2,301,0.19725460843157372,-0.04860967801091421,0.7429259649133155,0.18491960337478153,0.7565295342253058,0.5173876086321983,-1.2454499993370383,1.109759088708551,-0.2561598538693802,-0.26012870521176584,-1.3509507202311775,0.6571601405431059,-0.9172888457548717,0.16245979073290703,0.23359344823258354,0.4275209309229397,0.2017960831273695,,,,,,,,,,,,,,
en,vowel,clean,IPVS_PD_25bcde8e,1,M,a,1,856,0.0349489137936195,-1.0202176960235905,0.4018250217059707,-0.8552384122858252,0.3883375401684746,-0.8272981400735647,-0.3866397779913264,0.16100478194769952,0.13867180703157117,-0.25136624928926216,-0.42279672848807237,-0.12246462958955463,-0.1289016196997075,0.5038291779734199,0.5562246166254572,0.49411715887699775,0.27614572126312403,,,,,,,,,,,,,,
en,vowel,phone,IPVS_PD_25bcde8e,1,M,a,1,856,0.4616505241289677,-1.0268654543833975,0.8711877097647478,-0.8018713908610641,0.8648166674468304,-0.8667401266990933,-0.5359409897069987,0.2497347925467134,-0.29466690050604744,-0.2353144381557689,-0.7516737074703558,0.024629411436182514,-0.25994384959195144,0.42151308988105524,0.48616335207488065,0.48529530643857954,0.21554174979134583,,,,,,,,,,,,,,
en,vowel,clean,IPVS_PD_25bcde8e,1,M,a,2,860,0.07716364012092583,-0.8946728265389453,0.4118075730033623,-0.6852415313207826,0.3884116777096146,-0.6867206292443497,-0.489729440402846,0.3497924675313077,-0.015990864832040874,-0.19819308460018661,-0.6053779110196948,0.13555581444267964,-0.33374889904286625,0.30889329191238635,0.3954204642467334,0.47532381441657845,0.20817491123936108,,,,,,,,,,,,,,
en,vowel,phone,IPVS_PD_25bcde8e,1,M,a,2,860,0.4612546749990578,-0.8821386335663093,0.8407817890708761,-0.6210922907546971,0.8093085909305617,-0.7216718392952006,-0.6545833562349164,0.4798398006332013,-0.48970844252973567,-0.22744370272108752,-0.9715628316698148,0.2788752188776122,-0.5063189215986996,0.29329748221768054,0.25210541966297495,0.43272111277879544,0.25465524592808814,,,,,,,,,,,,,,
en,vowel,clean,IPVS_PD_25bcde8e,1,M,e,1,771,-0.4675515487178613,-0.4336777148571179,-0.08170411164508268,0.141142794174458,-0.11578567596413919,-0.08011575233086654,-0.17874276992054275,0.1839181518837906,0.10684152560602254,-0.10054236878972847,-0.10133278984616693,-0.40717176874580574,0.3066293999560773,0.39386254077890037,0.3161042225933285,0.3058711468180692,0.2682308735195544,,,,,,,,,,,,,,
en,vowel,phone,IPVS_PD_25bcde8e,1,M,e,1,771,-0.0925797029975681,-0.5659083721447197,0.330286513362281,0.060779821892021545,0.3316174556961842,-0.20023190289671428,-0.40978799103789404,0.1583486230919222,-0.08297380219267975,-0.12067999513759468,-0.40306373423299313,-0.36954780548135097,0.24886781034375627,0.44374556385463626,0.3348616134956117,0.33188762695686574,0.31626758529837345,,,,,,,,,,,,,,
en,vowel,clean,IPVS_PD_25bcde8e,1,M,e,2,811,-0.35931996649295644,-0.5754424302056584,-0.028701621618358996,0.06343789735246733,-0.09733552627984503,-0.14645633193256918,-0.043940101622066456,0.011519534325942367,0.19970423898045778,-0.16034242962879078,0.021321581022572957,-0.41526788466627224,0.2549254550374815,0.231921519576147,0.21221029040828943,0.20696808073595438,0.2095794426822664,,,,,,,,,,,,,,
en,vowel,phone,IPVS_PD_25bcde8e,1,M,e,2,811,-0.007486324963873172,-0.6164681883318468,0.3700421385818928,0.012043774005568737,0.35842298831048686,-0.21843022383458804,-0.38723730257649197,0.08956549963789553,-0.1017391567541099,-0.13706929961819914,-0.39993324930907764,-0.32517420098537414,0.188104901367175,0.2519037737799239,0.18569535463613104,0.22058826685612104,0.19895538976985466,,,,,,,,,,,,,,
en,vowel,clean,IPVS_PD_25bcde8e,1,M,i,1,881,-1.0301736649583553,0.7783771740916997,-0.622356753380853,1.520732279310605,-0.5845400317517481,1.0457900884246105,-0.6147678996135246,1.1675928499838355,-0.10467947002620012,-0.4058196640561118,-0.4756883570399762,0.11458487914688534,-0.5204045432029971,0.510202678655282,0.47269668117098046,0.4794078595832038,0.40911351205221796,,,,,,,,,,,,,,
en,vowel,phone,IPVS_PD_25bcde8e,1,M,i,1,881,-0.7100072278868274,0.5861664685668927,-0.31768050068718273,1.4601069614432034,-0.27825383298338474,0.8970129869610691,-0.7095027040894406,0.9726688992548981,-0.24342642721697152,-0.5490185815298715,-0.6404923438349833,0.04080723609866853,-0.58982581762854,0.39921646080193623,0.3997174793377714,0.371251094186467,0.34718966620588737,,,,,,,,,,,,,,
en,vowel,clean,IPVS_PD_25bcde8e,1,M,i,2,964,-1.003093374905915,0.7521651684724051,-0.6668514203408669,1.5344899804427705,-0.6238194760577432,0.9148388915534678,-0.4722042708818255,0.9271221207647488,-0.07261901097051028,-0.4492043761600708,-0.3401703491036234,-0.003717598964556538,-0.44548677719551427,0.2430113152993371,0.26214043199947235,0.2855861503352482,0.2249223790579588,,,,,,,,,,,,,,
en,vowel,phone,IPVS_PD_25bcde8e,1,M,i,2,964,-0.6820257035308871,0.5177543136580237,-0.33105656543168527,1.4281106911856554,-0.29140182181165136,0.7650192714970687,-0.6559792371402526,0.7911791153509041,-0.23155969155245815,-0.601644093029458,-0.5681087684528581,-0.06096708738919476,-0.5406770056402632,0.23691508895640093,0.28574408103530213,0.3132492935718338,0.2566698094945468,,,,,,,,,,,,,,
en,vowel,clean,IPVS_PD_25bcde8e,1,M,o,1,924,0.05896023264248594,-0.854334439519498,0.4669790956185018,-0.5368490331678939,0.44421797323462775,-0.5531049037365605,-0.39597416631609417,0.29958161272162154,-0.14146759352988478,-0.5677192290079036,-0.613536822013289,0.11894945269316543,-0.6866686817010691,0.443327447998638,0.41034676647061885,0.5105120215187346,0.2746489010535597,,,,,,,,,,,,,,
en,vowel,phone,IPVS_PD_25bcde8e,1,M,o,1,924,0.33673984273303326,-0.8011261669101475,0.8004092392411163,-0.5203135196360753,0.7888759286712399,-0.5561231078861428,-0.7186401221070359,0.47999742391298145,-0.3324866241795554,-0.39457845002439595,-0.921439505523915,0.18095354996487606,-0.5755319999892721,0.5888749509587624,0.5989950046239829,0.510360095963588,0.33520184527582453,,,,,,,,,,,,,,
en,vowel,clean,IPVS_PD_25bcde8e,1,M,o,2,817,0.1892821965720163,-0.886811370944297,0.5789782953298748,-0.6059223611947232,0.5745691130214698,-0.7418601307448933,-0.3317793593144465,0.2633322706396735,-0.12293434567946766,-0.5749800962048854,-0.5517747519033261,0.11645428538929421,-0.6914343815941796,0.6426778647935629,0.4442212244995997,0.5499519500126311,0.4786704163197791,,,,,,,,,,,,,,
en,vowel,phone,IPVS_PD_25bcde8e,1,M,o,2,817,0.5339085848778182,-0.850231576991664,1.0179666895609039,-0.6139351650617273,1.0527814741411423,-0.6751560596123247,-0.7006930742875621,0.42938385763473036,-0.47065905832103216,-0.4971604831971972,-0.9919717634768205,0.24842424802633872,-0.7455847312235359,0.6334746595733521,0.6081844679705668,0.5318824715751527,0.3592022984923938,,,,,,,,,,,,,,
en,vowel,clean,IPVS_PD_25bcde8e,1,M,u,1,954,-0.10538487608839826,0.14220276879931992,0.4487303364048436,0.6589084985156508,0.6070672592686859,0.5430075529352714,-0.6139556056323368,1.1401160536950474,-0.7918272284265179,-0.7489435763620749,-1.0899204032346346,0.6552393227711787,-1.4041828991332537,0.5544386070406343,0.27179687443540246,0.3550738592284563,0.5223708013361626,,,,,,,,,,,,,,
en,vowel,phone,IPVS_PD_25bcde8e,1,M,u,1,954,-0.0088365905064739,0.1455851764213748,0.5370177768612158,0.6618154555143795,0.7108290103565941,0.41362370410447336,-0.7740004784606059,1.1685504400356306,-0.906297389950071,-0.6826846294286775,-1.2088301593002957,0.5630015159473601,-1.2456861453760377,0.5450234440298086,0.47228278400070256,0.436783400497516,0.42136650727676966,,,,,,,,,,,,,,
en,vowel,clean,IPVS_PD_25bcde8e,1,M,u,2,993,0.025629713981594873,-0.08508580438855105,0.6747643658064518,0.4082008727531337,0.8780434868942752,0.500949558450948,-0.7538504538873532,1.2635905125632358,-0.993146147310634,-0.4927066053003322,-1.322248939293713,0.8949907559720516,-1.3876973612723837,0.32073927594949614,0.1978403540696026,0.2607638759498023,0.2506510293084915,,,,,,,,,,,,,,
en,vowel,phone,IPVS_PD_25bcde8e,1,M,u,2,993,0.44562827759551843,-0.39090538871048686,1.1580454979210444,0.11774787266849474,1.3672874034749003,0.3184036220637598,-0.8409258773678312,1.0921176973499445,-1.0010589090124447,-0.33867744374489867,-1.338619245756012,0.6192450505218015,-0.9579224942667001,0.25901937655394924,0.18462973452482487,0.24054318383021348,0.1762968814179999,,,,,,,,,,,,,,
en,vowel,clean,IPVS_PD_215587d2,1,F,a,1,891,1.132378632108742,-0.6409809935037221,1.4069115120116795,-0.2702482078119973,1.340164286483114,-0.0621002496124428,-0.31762421333065655,0.41267745689114677,-0.003553065295531371,0.08968030251214437,-0.5449083717696578,0.1703732259449697,-0.08069292343282533,0.24321464374137974,0.296607416912943,0.2234334032081985,0.17859224706198976,,,,,,,,,,,,,,
en,vowel,phone,IPVS_PD_215587d2,1,F,a,1,891,1.1278796125795238,-0.542464301964947,1.4194138924930697,-0.1912653087734062,1.4120308205346082,-0.010505314881556501,-0.3705476371205856,0.3888563012617214,-0.07616557544358422,0.06830056125872604,-0.6066010439368051,0.12564610619202396,-0.05734554493329792,0.2346340021543982,0.2994823773587586,0.22535688643054963,0.1806101929361628,,,,,,,,,,,,,,
en,vowel,clean,IPVS_PD_215587d2,1,F,a,2,749,0.9500831525500227,-0.6370308977074739,1.3498356832302858,-0.4567522943152028,1.3695631293195842,-0.18903418949200151,-0.2369050347553917,0.2631364791115081,-0.07240199971688031,0.23490226566956734,-0.44568226806109074,0.006217742342906622,0.22868452332666073,0.2766033194885692,0.436722928984558,0.5065156674496114,0.35023879397386826,,,,,,,,,,,,,,
en,vowel,phone,IPVS_PD_215587d2,1,F,a,2,749,0.9064257109244488,-0.5639641794423571,1.3079585565167362,-0.43617278139237026,1.3478378263651136,-0.18855086927139045,-0.2723847053730303,0.2490251253125673,-0.05575386152299175,0.24449213348874232,-0.45508819603734957,-0.0711593084169465,0.31565144190568883,0.27374927166641755,0.38808598754335916,0.480221948653111,0.34161052760157434,,,,,,,,,,,,,,
en,vowel,clean,IPVS_PD_215587d2,1,F,e,1,742,1.065553773812649,-0.7078313483384693,1.271138511397646,-0.29939206044770145,1.12544752336671,-0.2579313496570416,-0.3295514016942593,0.2909383201478843,0.3097799181470422,0.08840253617564392,-0.3821327537799363,0.12171930406710359,-0.03331676789145967,0.20932979091248397,0.41109872177444134,0.4089540272214462,0.24237678635949567,,,,,,,,,,,,,,
en,vowel,phone,IPVS_PD_215587d2,1,F,e,1,742,1.0451735078018878,-0.6341685898301312,1.2735173530509118,-0.27879533946781415,1.168821980566989,-0.22888630548400193,-0.39217174298760604,0.29810407657944704,0.2843264382449501,0.09820951351002193,-0.42328575295249976,0.05083427319278097,0.04737524031724096,0.2111211766897882,0.4623557943299422,0.4976547822997519,0.24699608804731688,,,,,,,,,,,,,,
en,vowel,clean,IPVS_PD_215587d2,1,F,e,2,582,0.9314198787297522,-0.5699476305501802,1.234705937079021,-0.35339405992201395,1.2152403647984777,-0.3132842473898615,-0.11603877772177969,0.29030728746737755,-0.08453187627451761,-0.1758737908623048,-0.36996676886720314,0.14278297257210526,-0.3186567634344101,0.22086723141193765,0.3098913257413086,0.4017867584269385,0.2170370776488896,,,,,,,,,,,,,,
en,vowel,phone,IPVS_PD_215587d2,1,F,e,2,582,1.0553356930613518,-0.5488472826991763,1.3256661559428486,-0.3493770323906626,1.3085389529807228,-0.3714727008342743,-0.10139136520879609,0.22238228212509836,-0.1531175463114466,-0.21440345628985336,-0.3873095062055758,0.08958030496856996,-0.3039837612584233,0.2935844552310403,0.2913502936909809,0.3595905442795505,0.23967862511372443,,,,,,,,,,,,,,
en,vowel,clean,IPVS_PD_215587d2,1,F,i,1,686,0.6747390490784807,-0.23007917809254916,1.098311242656511,0.1788537274792935,1.2018401614815286,0.2544425612008109,-0.371147845482942,0.6170669576171243,0.13855792249290688,0.37076429831026825,-0.3517518168387627,0.15385727884103229,0.216907019469236,0.33557696845123647,0.2331415133413336,0.36565710884384434,0.44862191586811906,,,,,,,,,,,,,,
en,vowel,phone,IPVS_PD_215587d2,1,F,i,1,686,0.6672957397418694,-0.22991560479101625,1.123423579718592,0.16029615465153768,1.210808748035755,0.19744121518383906,-0.49180417880415916,0.569778419669392,0.044668430986913664,0.3029838950888624,-0.455393559941389,0.0318944175022392,0.2710894775866232,0.3592106048859608,0.2376339334397823,0.3904274502163394,0.4121582405833067,,,,,,,,,,,,,,
en,vowel,clean,IPVS_PD_215587d2,1,F,i,2,671,0.966222513957,-0.5175352098406396,1.3617699659861642,-0.008254207504298491,1.406046880644841,0.3141440470372477,-0.4086930023751247,0.7848556811549232,-0.16631958250963955,-0.027539349833581937,-0.6894817184425761,0.5741944245522652,-0.6017337743858472,0.29055741405566726,0.15462279008209695,0.2970040789018461,0.27694089779882003,,,,,,,,,,,,,,
en,vowel,phone,IPVS_PD_215587d2,1,F,i,2,671,1.0305683239000312,-0.5270754556280212,1.4088117204809898,-0.019320274996698347,1.409500224307808,0.18838977096394333,-0.4260446266375168,0.692740874018326,-0.20766178978879754,-0.0585851883030411,-0.7206077691417179,0.4360988665067085,-0.4946840548097496,0.20764330494597255,0.2011273853747388,0.3061114342655045,0.2346676546793547,,,,,,,,,,,,,,
en,vowel,clean,IPVS_PD_215587d2,1,F,o,1,671,1.1856157534545468,-1.1229682388731623,1.782411037063776,-0.981855028579312,1.7725844701229787,-0.375956725393868,-0.4583531580957822,0.5427071963004749,-0.3993963715678113,0.06889559279563409,-0.9038255337450108,0.4246004927237853,-0.35570489992815124,0.1373645002530722,0.26371602319613596,0.23455319929765553,0.1450705300104626,,,,,,,,,,,,,,
en,vowel,phone,IPVS_PD_215587d2,1,F,o,1,671,1.2516435717900396,-1.1369396948415056,1.872460736308441,-1.0543393170271558,1.8784961199790018,-0.42416257109890504,-0.4905493228925073,0.4693462496378434,-0.6220093666028148,0.05518379799152722,-0.9839094335458267,0.30129775883763954,-0.2461139608461123,0.1672653072731347,0.29726561694270043,0.2728240125191857,0.20148771266014567,,,,,,,,,,,,,,
en,vowel,clean,IPVS_PD_215587d2,1,F,o,2,623,1.166691418091456,-1.295564929564794,1.6458686219056446,-1.0447110546032587,1.5976662211020787,-0.6924877608617147,-0.04146387640635173,0.11597651494542757,-0.2981735214392344,0.11994420026739439,-0.5290948487023512,0.15554744670788448,-0.03560324644049009,0.17473533372724653,0.24714336087215483,0.2819166843927543,0.19546532255357593,,,,,,,,,,,,,,
en,vowel,phone,IPVS_PD_215587d2,1,F,o,2,623,1.1656027849117916,-1.255780725200971,1.6506184641917547,-1.0540380296309788,1.6237268144687016,-0.7168004162708919,-0.09742298716306687,0.10890561127165953,-0.36783343424399695,0.19406200289726258,-0.5413410269518694,0.1051043685177962,0.08895763437946637,0.16843010701589567,0.25777689526702674,0.3388033621040262,0.19374290788416546,,,,,,,,,,,,,,
en,vowel,clean,IPVS_PD_215587d2,1,F,u,1,530,0.5218783562194627,-0.6652810055317369,1.135934442937749,-0.14513287379306816,1.2281054263032458,0.1285947118915102,-0.8878884468251055,1.1982237482033435,-0.5414332098228002,-0.23809907653328008,-1.19761549873547,0.8404093552205079,-1.078508431753788,0.062498664462159056,0.06396705794269848,0.1550468952203427,0.14225555857810118,,,,,,,,,,,,,,
en,vowel,phone,IPVS_PD_215587d2,1,F,u,1,530,1.117214655257621,-0.9933108242240342,1.6739700895810277,-0.5176901018844461,1.8338878790162645,-0.31576462052528215,-0.6718065100458434,0.6595223723623738,-0.31329080424968553,-0.12678451718961667,-1.0255395036261037,0.6560014827270646,-0.7827859999166813,0.09268495248126939,0.12136512898608902,0.17748757570084622,0.1232416132827173,,,,,,,,,,,,,,
en,vowel,clean,IPVS_PD_215587d2,1,F,u,2,585,0.3163117009435284,-0.628446153850637,0.8588226710119818,-0.15919769328204314,0.950331857189154,0.039842536731323284,-0.582255251047618,1.0070625047313522,-0.17300611730144913,-0.2272109970705122,-0.7904399601142971,0.6060455463179241,-0.8332565433884364,0.2007569475363937,0.3320056396428198,0.5217083884117831,0.21833821743670537,,,,,,,,,,,,,,
en,vowel,phone,IPVS_PD_215587d2,1,F,u,2,585,0.5895195273507354,-0.6162811689227395,1.0869756823676264,-0.046319516508327926,1.2314796949129159,0.10077796460386694,-0.5152787588260792,0.7972635770922373,-0.10843263740553136,-0.18983627800588254,-0.7619635934843297,0.5969932887681954,-0.7868295667740779,0.15844187851818103,0.2781868607183216,0.5023483153626801,0.17313666602892752,,,,,,,,,,,,,,
en,vowel,clean,IPVS_PD_e50b4a59,1,F,a,1,1058,0.23584869684382054,-1.2262043782375143,0.773403775930967,-0.8306623552955171,0.759363490525844,-0.6693112603242293,-0.6373166541258494,0.33662984159382636,-0.11057256296886213,-0.2703342486946088,-0.8264673027508663,0.20212492587355277,-0.47245917456816156,0.5997930360574812,0.31902832026295136,0.3708183948612041,0.3639015596812443,,,,,,,,,,,,,,
en,vowel,phone,IPVS_PD_e50b4a59,1,F,a,1,1058,0.548218133900338,-1.1214617224609327,1.0937633941758353,-0.7769333742230943,1.100145769850263,-0.6240085989189973,-0.7626102346481767,0.488776666141531,-0.36401614498745344,-0.24803593658707426,-1.059153436021235,0.2641686237411304,-0.5122045603282047,0.5012169048301243,0.3857609655911178,0.40846803665626624,0.26652421470658444,,,,,,,,,,,,,,
en,vowel,clean,IPVS_PD_e50b4a59,1,F,a,2,1090,0.10542634790279085,-1.107272571015431,0.6456499532867644,-0.7583683924436204,0.6864888642085801,-0.6116228556368694,-0.5205296234025503,0.3310584530735599,-0.013719425197770472,-0.14606737688935678,-0.6601699340165755,0.06846382462388241,-0.21453120151323918,0.20008607591920635,0.5304231663672248,0.4737349060699655,0.18186177394502306,,,,,,,,,,,,,,
en,vowel,phone,IPVS_PD_e50b4a59,1,F,a,2,1090,0.4342482695384492,-1.0762101749487973,0.9886690261075985,-0.7073022310795769,1.0252525838325512,-0.5671149161202828,-0.6190367578913313,0.44120503246601933,-0.28370249909363027,-0.2064097326488123,-0.8983461866867287,0.15978268527679304,-0.36619241792560536,0.1835273843321431,0.35689533866472617,0.44834156433754363,0.14646531368673069,,,,,,,,,,,,,,
en,vowel,clean,IPVS_PD_e50b4a59,1,F,e,1,1005,-0.5716968155520077,-0.3084026572864447,-0.15991450253114178,0.29581085361453824,-0.18129993164618416,0.1395833600022109,-0.2331244620072901,0.21751231859572492,0.059629936506400257,-0.19690451974274706,-0.23311695903786775,-0.2453119230439661,0.048407403301219044,0.2610882954837912,0.30719301814758015,0.41688510869306117,0.26505760121160254,,,,,,,,,,,,,,
en,vowel,phone,IPVS_PD_e50b4a59,1,F,e,1,1005,0.07341101753276774,-0.4016640938040036,0.4810258148123771,0.11642884157882204,0.5125384341375547,-0.15944257012844876,-0.5180433350020578,0.2973068553713424,-0.3147182862705259,-0.4541941626340299,-0.6745150634033565,-0.15056312691179377,-0.30363103572223615,0.2612225310320934,0.4662000312521679,0.5284631206302133,0.24736226463052566,,,,,,,,,,,,,,
en,vowel,clean,IPVS_PD_e50b4a59,1,F,e,2,986,-0.6038030734336054,-0.3127462759966383,-0.1377555611417503,0.30211218886983554,-0.24510504836468278,0.24154113353909673,-0.23063307562591256,0.39840085668539676,-0.19323112123419303,-0.32743130994306224,-0.41460004116635063,-0.14703179406461533,-0.1803995158784469,0.35968862640780286,0.42873674955657765,0.43422477642578566,0.2680657377963442,,,,,,,,,,,,,,
en,vowel,phone,IPVS_PD_e50b4a59,1,F,e,2,986,0.13610753892744715,-0.29913779589775447,0.5760089532044288,0.23205354686423735,0.5725133659167064,-0.016847706978788245,-0.46129399535523075,0.3949750599426192,-0.578456260754752,-0.5807009310889486,-0.769608402675068,-0.10710450303677872,-0.47359642805216984,0.35471421493406563,0.42070315124465774,0.5152907241650476,0.26424603153448656,,,,,,,,,,,,,,
en,vowel,clean,IPVS_PD_e50b4a59,1,F,i,1,1374,-0.8031318543465317,0.23470362739470624,-0.25347973712997346,0.6892049603759521,-0.20982404859605772,0.5468220802759143,-1.0198223313754176,1.5139364449365953,-0.6519661877692179,-0.36534960024942786,-1.0893798059903392,0.5880458197775172,-0.9533954200269451,0.2994921805881881,0.27975614598124954,0.3672807402643195,0.2831172725598334,,,,,,,,,,,,,,
en,vowel,phone,IPVS_PD_e50b4a59,1,F,i,1,1374,-0.35012752750378834,0.12693853061150118,0.12159563795850582,0.786384719083442,0.11256979371603695,0.5143729164366572,-0.5768839253279545,0.9740089955254848,-0.6092259644307467,-0.3406300271340346,-0.7685794807230878,0.2595264102257878,-0.6001564373598224,0.33550960003878394,0.3116803284368098,0.41587841822035215,0.3076436906316831,,,,,,,,,,,,,,
en,vowel,clean,IPVS_PD_e50b4a59,1,F,i,2,1738,-0.7081747186081163,0.23182203024054854,-0.26454277002605897,0.6984818326844566,-0.19815021178103498,0.3736223238894994,-0.7901328201494912,1.2779150395101058,-0.5859529181058836,-0.4558371264787241,-0.9404823559967951,0.6352816757895908,-1.091118802268315,0.3447631665103242,0.30981918812728065,0.44160012241329377,0.33848105952416,,,,,,,,,,,,,,
en,vowel,phone,IPVS_PD_e50b4a59,1,F,i,2,1738,-0.1875395138259135,-0.033237256937556796,0.1507237264993547,0.4867278522315838,0.13524445717247965,0.1572908313509605,-0.6592336331005297,1.0124227427859644,-0.6558132637506244,-0.5086723508998409,-0.9077920827593554,0.5095201871158034,-1.0181925380156442,0.23152331878764132,0.23409939461185011,0.37834051977361727,0.34200015911196024,,,,,,,,,,,,,,
en,vowel,clean,IPVS_PD_e50b4a59,1,F,o,1,1210,-0.49204832101984786,-0.6387528945838125,0.026550039915834905,-0.37213578676553466,-0.0551563088394722,-0.362467653331021,-0.36474595619134664,0.49196063696352904,-0.24847474177021625,-0.7720450900967127,-0.6496728228266574,0.30220036803598493,-1.0742454581326977,0.5269967940286447,0.3894575815461026,0.33957071240877323,0.4466982410301952,,,,,,,,,,,,,,
en,vowel,phone,IPVS_PD_e50b4a59,1,F,o,1,1210,-0.09359750334306853,-0.7025625424115782,0.5177676079399658,-0.41690099651902174,0.4818451979887715,-0.4013824692360297,-0.6054643084482385,0.6287664909213371,-0.5389660474107942,-0.7006770484457331,-0.937577000128993,0.3390485697372024,-1.0397256181829355,0.37095759360361663,0.4421398646136827,0.438568914021881,0.21234542367092876,,,,,,,,,,,,,,
en,vowel,clean,IPVS_PD_e50b4a59,1,F,o,2,1174,-0.2345427145321376,-0.680574272323938,0.24804412107123194,-0.5275766472978565,0.1878435055147487,-0.4045153063096676,-0.3290738500971294,0.40008868030127315,-0.18062617159092392,-0.7432986061925084,-0.6167452759491993,0.2955232368961568,-1.038821843088665,0.3141020665299707,0.44307436063386063,0.4781192335366648,0.22040461228555386,,,,,,,,,,,,,,
en,vowel,phone,IPVS_PD_e50b4a59,1,F,o,2,1174,0.18376970664722048,-0.8000898769405003,0.6916886765625929,-0.6363297022942443,0.6419846509021335,-0.557393047800314,-0.5805487518776578,0.5420738047268505,-0.4830934166401709,-0.7826264737854598,-0.9548225188390391,0.35931485901895394,-1.1419413328044137,0.3924504482647999,0.39626451267300294,0.46461196788337633,0.30413282883555426,,,,,,,,,,,,,,
en,vowel,clean,IPVS_PD_e50b4a59,1,F,u,1,1344,-0.412773790151471,-0.156196562739292,0.20838425786114564,0.16477576886663342,0.3217360359238516,0.21429239814676862,-0.6581188990817507,1.0948169187707182,-0.7509366994779004,-0.5135284371323662,-1.1211806310359205,0.5912074516319882,-1.1047358887643544,0.199897832644165,0.31891191282837417,0.3346366279111232,0.18299219501569672,,,,,,,,,,,,,,
en,vowel,phone,IPVS_PD_e50b4a59,1,F,u,1,1344,0.10088801937233104,-0.5819194340654233,0.8681927250679766,-0.1909558716608156,1.0527040534791086,0.1155920506335131,-0.9160928162054556,1.1433664580973069,-0.7475682135929566,-0.2373245935656573,-1.4050165661933398,0.6303059535728085,-0.8676305471384658,0.18642738501847228,0.392238325483593,0.4233628320317881,0.10377288252786498,,,,,,,,,,,,,,
en,vowel,clean,IPVS_PD_e50b4a59,1,F,u,2,1123,0.035495710284621625,-0.49426454451349044,0.6517485877319619,-0.02192844499040533,0.7848248846884127,0.2598382326850185,-0.7569209598611902,0.8259007088343302,-0.33529366869617394,-0.02653727458582984,-1.0127170345739083,0.293076039182919,-0.3196133137687489,0.22597846965443197,0.3079255236744281,0.3560331682186148,0.2411085886565825,,,,,,,,,,,,,,
en,vowel,phone,IPVS_PD_e50b4a59,1,F,u,2,1123,0.2844217643693641,-0.7622361115614573,1.0118872607416576,-0.16667030579513975,1.1479785878128475,0.32179100078565104,-0.8350636739421774,0.8748591541360926,-0.40077081713411544,0.09809736003478368,-1.2070218974572642,0.35550154796904987,-0.25740418793426617,0.16132449572829555,0.3522327483264984,0.36655196051486877,0.225765036087446,,,,,,,,,,,,,,
en,vowel,clean,IPVS_PD_55bc13c6,1,F,a,1,469,0.5094577081422502,-0.670283975375836,0.9306426090928775,-0.3107025152065729,1.0118480989768732,-0.23782045217790368,-0.6792833951463126,0.5592456856485811,-0.1866184571501223,0.08902743012502842,-0.8817742397949468,0.40996674639781666,-0.32093931627278827,0.18511525821922098,0.4451854002495835,0.5520333801258548,0.12977340874144178,,,,,,,,,,,,,,
en,vowel,phone,IPVS_PD_55bc13c6,1,F,a,1,469,0.6115490555131393,-0.9876783900884352,1.1666575651286768,-0.5607490412653967,1.239328657043275,-0.38504122508288274,-0.7227860417467125,0.4315819207170827,-0.10773402268178893,0.20257564902621528,-0.8916212359818468,0.17063765741832054,0.03193799160789475,0.11828086132118988,0.39784972496331994,0.5142595793062535,0.09700348646718557,,,,,,,,,,,,,,
en,vowel,clean,IPVS_PD_55bc13c6,1,F,a,2,559,0.8357009518924736,-1.0310409321098724,1.253207736623747,-0.7027411151356796,1.2391079889737533,-0.6004304144343566,-0.30802240770984474,0.20546746346823186,0.023377957612895118,0.23416068073284732,-0.49999230790562726,0.00025131332878719807,0.23390936740406013,0.09689008226824815,0.24524515034556893,0.35691162657744724,0.10563325393259276,,,,,,,,,,,,,,
en,vowel,phone,IPVS_PD_55bc13c6,1,F,a,2,559,0.9951604497715698,-1.0547348898490034,1.4928618945424563,-0.7071860219940588,1.5514232574655324,-0.5470859990275578,-0.5198128994565335,0.3443884819480715,-0.09890070099947361,0.22507878043619745,-0.7280587106722045,0.03650235856720177,0.18857642186899568,0.09995150653955197,0.16159031943299582,0.38782176681861563,0.09970895128310865,,,,,,,,,,,,,,
en,vowel,clean,IPVS_PD_55bc13c6,1,F,e,1,502,0.037277942363000076,-0.42285671267683145,0.43352471351228805,0.02430358292251233,0.4722143474793592,-0.1434046696649482,-0.2088186325912444,0.16635128263606141,-0.12395398331102946,-0.17630541878474865,-0.35040522485181985,-0.18819207659250262,0.01188665780775397,0.37988566407761526,0.36379959592108235,0.44828850475197674,0.2715205327125121,,,,,,,,,,,,,,
en,vowel,phone,IPVS_PD_55bc13c6,1,F,e,1,502,0.4795626840054594,-0.5883207252088761,0.8784933480008549,-0.21365100752241564,0.9294903685418975,-0.4278866776468738,-0.4867992376945666,0.15842619918237458,-0.24328610054309793,-0.26855238977301593,-0.6197755830670824,-0.31797969259247677,0.049427302819460825,0.2790889945839065,0.45458742638170996,0.5228413011526631,0.2262148110156906,,,,,,,,,,,,,,
en,vowel,clean,IPVS_PD_55bc13c6,1,F,e,2,665,0.06477776995129454,-0.4479859073209882,0.47907535937196927,-0.007424385550625641,0.5051312643782537,-0.007466547321854976,-0.4164310006942964,0.4210272108421738,-0.1847066425141834,-0.16105731654174646,-0.5842090230014988,0.03713138759565682,-0.19818870413740328,0.3224672799398216,0.4284889265394781,0.5851229626236789,0.23891478934243962,,,,,,,,,,,,,,
en,vowel,phone,IPVS_PD_55bc13c6,1,F,e,2,665,0.6127452079514811,-0.5638344894375718,0.9665481271899135,-0.1943798805015129,1.0149194608281429,-0.3596094781742956,-0.6114168581284377,0.2923742095965491,-0.4095619902724311,-0.35490629203935015,-0.8280826635976184,-0.09125538103114393,-0.2636509110082062,0.3139888834681403,0.25756091523383995,0.47834549757824774,0.21489597183770104,,,,,,,,,,,,,,
en,vowel,clean,IPVS_PD_55bc13c6,1,F,i,1,735,-0.7430608181320891,0.05065811068968438,-0.15147922017406715,0.4158503225330863,-0.09020363919588985,0.49323528403597894,-0.8924847238796368,1.448029571041769,-0.8128168569738362,-0.6953475243008597,-1.1781859998665158,0.7781689936071297,-1.4735165179079892,0.20591604005731526,0.15669164839733501,0.2608337731009392,0.1883145922336923,,,,,,,,,,,,,,
en,vowel,phone,IPVS_PD_55bc13c6,1,F,i,1,735,0.05455670673020032,-0.3313084820838742,0.6793532181286217,0.05952149359277046,0.7010917710541598,0.27184361655290434,-0.8164339442980263,1.156041051018265,-0.9625953920776882,-0.7506193600915998,-1.360632314382632,0.8714874635393522,-1.622106823630952,0.17395048209472358,0.17030924659683508,0.34702008356535013,0.12983094246296176,,,,,,,,,,,,,,
en,vowel,clean,IPVS_PD_55bc13c6,1,F,i,2,564,-0.7514467155232148,-0.07358003569876446,-0.18350834329338633,0.29328252265558524,-0.17171452510006288,0.33121230895904935,-0.7994052872938269,1.4028597107704948,-0.6811597502845175,-0.6306342124062426,-1.0540977176497965,0.7090672701816348,-1.3397014825878775,0.3304317273447505,0.4182313969013627,0.39162215251344673,0.2967389294653431,,,,,,,,,,,,,,
en,vowel,phone,IPVS_PD_55bc13c6,1,F,i,2,564,-0.15575529494706322,-0.3534793313811807,0.5132183227907209,-0.0010781820644350612,0.5665562451762312,0.13475823099998868,-0.8725468144259032,1.1998661266530262,-0.7810835985576405,-0.4833476475275615,-1.2088265780140373,0.6329334327238886,-1.11628108025145,0.1919697537854298,0.3350477292625316,0.3930815906524847,0.2198301274123085,,,,,,,,,,,,,,
en,vowel,clean,IPVS_PD_55bc13c6,1,F,o,1,966,0.433460734193695,-1.005419864993671,0.859239773143982,-0.8924861473769977,0.8050673636383023,-0.8522113101749584,-0.2853249458146506,0.2270130772528977,-0.5278415128588676,-0.45976944788005847,-0.7634824521582703,0.3618580805715816,-0.82162752845164,0.4487158447425874,0.3652785194481945,0.53349842660372,0.3793215307953897,,,,,,,,,,,,,,
en,vowel,phone,IPVS_PD_55bc13c6,1,F,o,1,966,0.7070347841957519,-1.1584056784880572,1.208172745848524,-1.0557170850963429,1.1579031572259706,-0.9257258762316457,-0.49982495092112444,0.30551430896438403,-0.6290579744454088,-0.41181880334584875,-0.9877351663749794,0.3584323297447429,-0.7702511330905917,0.3853331826786263,0.37421758093771024,0.5965755380196311,0.2672628629300178,,,,,,,,,,,,,,
en,vowel,clean,IPVS_PD_55bc13c6,1,F,o,2,780,0.42071182197994655,-1.1148799721501832,0.8790789581516869,-1.0264476414164927,0.841156610661847,-0.8858184184019382,-0.33352442681152594,0.31399277416177285,-0.7231024842486422,-0.596937988144465,-0.9224128261463255,0.4792928473196096,-1.0762308354640746,0.42980282782192664,0.47410333048720865,0.4274500754561086,0.3350962281474802,,,,,,,,,,,,,,
en,vowel,phone,IPVS_PD_55bc13c6,1,F,o,2,780,0.6777760432316706,-1.1722291459003065,1.1824189025876868,-1.0584037815913176,1.1794128061359763,-0.8696489399697027,-0.5035632320830965,0.34098379685280794,-0.8428844270797876,-0.5309855323444065,-1.1225527070271664,0.4279163673910129,-0.9589018997354194,0.38413719925376405,0.4512957870830277,0.542686928658756,0.36412690876696635,,,,,,,,,,,,,,
en,vowel,clean,IPVS_PD_55bc13c6,1,F,u,1,506,-0.15772081210621094,-0.5118341964522475,0.6399027494909731,-0.2111241202801466,0.8195354015027222,0.12839885139347693,-0.8264485915240488,1.166727020356216,-0.6336689389947998,-0.35731309490572466,-1.298867286624093,0.8254737157962824,-1.182786810702007,0.39305955738622833,0.4377299551503263,0.5566298233055671,0.24899923323606954,,,,,,,,,,,,,,
en,vowel,phone,IPVS_PD_55bc13c6,1,F,u,1,506,0.048841781620132294,-0.542683217135307,0.8784800168420923,-0.25223574625622286,1.0685151516410865,0.15374763270742015,-0.9631428714645537,1.134089003268041,-0.6857340300553724,-0.2840176659979318,-1.4491966600088697,0.7605105497090048,-1.0445282157069367,0.4337285764546054,0.521010410317025,0.5737064470115758,0.23542916364326374,,,,,,,,,,,,,,
en,vowel,clean,IPVS_PD_55bc13c6,1,F,u,2,615,-0.15327056244944492,-0.3204311493854859,0.5595192487243068,-0.06751664507841353,0.7142515233780956,0.26177650742576053,-0.896076304318136,1.4842242228629465,-0.8061397105939989,-0.5201467420088082,-1.4423669345656707,1.1722926388426524,-1.6924393808514606,0.27324218617063584,0.5210776909857721,0.6550948018928732,0.2847040313229631,,,,,,,,,,,,,,
en,vowel,phone,IPVS_PD_55bc13c6,1,F,u,2,615,0.26620771766193513,-0.5892584492682118,1.0635847560758513,-0.342225202780752,1.2698957057503182,0.11702029883538481,-0.9057742276892753,1.1951959825305112,-0.6657583816910824,-0.260450786469267,-1.418131555160533,0.8787837145612815,-1.1392345010305485,0.1913002552597042,0.40481522058110425,0.5490223453100795,0.3267982349123646,,,,,,,,,,,,,,
en,vowel,clean,IPVS_PD_b85147c7,1,M,a,1,750,0.5057943228549427,-0.6175447834862603,0.8638138576679759,-0.4548268838061227,0.8358917317456669,-0.2567883932259348,-0.46145759956704246,0.7733926231165728,-0.3783569168051084,-0.3269778716729747,-0.9775151996645662,0.8961580863512225,-1.2231359580241972,0.20987752278473396,0.22277140612006777,0.28246142156763937,0.25688774014034316,,,,,,,,,,,,,,
en,vowel,phone,IPVS_PD_b85147c7,1,M,a,1,750,1.1134081397453943,-0.9205093644062678,1.5534608475367229,-0.7346327392591371,1.5680541066328684,-0.4707825561695629,-0.6799393936660555,0.5276688657162918,-0.7068582206633356,-0.35160598594281406,-1.2736406483915117,0.5887866670369274,-0.9403926529797415,0.29568326020520214,0.1748992539825698,0.29880091492495664,0.31392077548809133,,,,,,,,,,,,,,
en,vowel,clean,IPVS_PD_b85147c7,1,M,a,2,354,0.10915732954707101,-0.5344578417662148,0.49026001098557054,-0.17292520926098956,0.6148032784879764,-0.12087619248951707,-0.48924095267168827,0.6542461804140394,-0.28584870062420303,-0.05308657999489909,-0.7479494044156832,0.3611736185848713,-0.41426019857977037,0.42628772301076445,0.25323929163731157,0.4499655265622005,0.3809507641470326,,,,,,,,,,,,,,
en,vowel,phone,IPVS_PD_b85147c7,1,M,a,2,354,0.6124729635280983,-0.6915068963420725,1.020513806526906,-0.2641504608164324,1.0830146436379335,-0.24362739614237136,-0.5434541636120493,0.4357414325681802,-0.42663609340926195,-0.07691993677518635,-0.8438380686305115,0.13975962575211703,-0.2166795625273034,0.28444077913515264,0.36139957352446617,0.44339731873149374,0.218076596343462,,,,,,,,,,,,,,
en,vowel,clean,IPVS_PD_b85147c7,1,M,e,1,629,0.10182884256883787,-0.32078707520911437,0.48280570378875987,0.059272556317513096,0.5611508328241535,0.007997416687200441,-0.36142552205629275,0.5579052267689504,-0.4659838423054262,-0.2863874555636679,-0.7137481645929152,0.18796637335836416,-0.47435382892203204,0.2885191417195523,0.30957790626586495,0.3677682654565323,0.2904652537409988,,,,,,,,,,,,,,
en,vowel,phone,IPVS_PD_b85147c7,1,M,e,1,629,0.43637051270159066,-0.5150693163157768,0.777093917131424,-0.007035761010049201,0.761657241466492,-0.15616983816145594,-0.4312487014994458,0.3294893853897155,-0.569606815467252,-0.2979883948404902,-0.8528762179620977,0.07605795547031947,-0.3740463503108097,0.264704948217178,0.28123848214628494,0.3642249735383153,0.21629994026472563,,,,,,,,,,,,,,
en,vowel,clean,IPVS_PD_b85147c7,1,M,e,2,662,0.10571107590318325,-0.2297263580126379,0.5013686546204078,0.3557825624268858,0.5125221668101435,0.24872574764280464,-0.7048444032070026,0.813653704771145,-0.7395085307147036,-0.2823659889212805,-1.0226175897385008,0.3187824722248406,-0.6011484611461211,0.4109930306839487,0.4090015426485543,0.36376191115461187,0.3144971032730305,,,,,,,,,,,,,,
en,vowel,phone,IPVS_PD_b85147c7,1,M,e,2,662,0.5171833148778383,-0.5211055085212741,0.8328111049667675,0.23965426774030954,0.7489536917539098,0.03206730476725641,-0.37930353266659694,0.46870922862116865,-0.6493898503594662,-0.17716174261953363,-0.7610670633277102,0.11435198184832855,-0.29151372446786217,0.32697002114379414,0.43630551319747574,0.3864782169549836,0.31951427352737644,,,,,,,,,,,,,,
en,vowel,clean,IPVS_PD_b85147c7,1,M,i,1,601,-0.5958721274484228,0.6291527242459088,-0.20321733799667568,1.310879019901693,-0.019785724559649207,0.9566720057062165,-0.6299060832430451,1.1425784291735646,-0.4787134839392105,-0.4309542646574842,-0.7734893307275554,0.3763429316075472,-0.8072971962650314,0.5411317646343213,0.5434966683490625,0.44396246229960634,0.36785753356706447,,,,,,,,,,,,,,
en,vowel,phone,IPVS_PD_b85147c7,1,M,i,1,601,0.0069580907389067545,0.3649467598450811,0.4202491170894406,1.1281638139667933,0.5506771694342516,0.7994772549976602,-0.8536383784543774,1.0359430170703132,-0.6981888466264402,-0.6197337585596827,-1.1630818963546172,0.48544079166968607,-1.1051745502293688,0.4784523133229845,0.5849608141078833,0.5316418226828439,0.4312419931579459,,,,,,,,,,,,,,
en,vowel,clean,IPVS_PD_b85147c7,1,M,i,2,520,-0.22252980629220986,0.4466350239056807,0.14642102424150857,1.0196840597841985,0.320999729900788,0.6813080956538519,-0.7038672844855449,1.0002763262257361,-0.539041452205334,-0.5259796188881573,-0.8747114380105183,0.3445588022542114,-0.8705384211423688,0.44741347331981923,0.42319703174831375,0.5004240528917102,0.38437674522698,,,,,,,,,,,,,,
en,vowel,phone,IPVS_PD_b85147c7,1,M,i,2,520,0.2547774979701409,0.1355981532102212,0.5949159844372517,0.9046917321781317,0.668037955625317,0.44048173773365146,-0.5040342770994474,0.5330156240707788,-0.36904882219357366,-0.5426989182089574,-0.6993367768442019,0.061888453867047645,-0.6045873720760051,0.2541878924576719,0.5018363318594782,0.5489985823083279,0.23496123133478614,,,,,,,,,,,,,,
en,vowel,clean,IPVS_PD_b85147c7,1,M,o,1,587,0.66790654335076,-0.787325255256199,1.1195899535171032,-0.580278994256984,1.2179579639401044,-0.3924776793539355,-0.6431029869544269,0.8581144763288687,-0.8202973239482632,-0.3778005875330471,-1.2490949995456944,0.780436558469539,-1.1582371460025862,0.2651900814811177,0.31544944662794305,0.5060080276113665,0.20734093178883253,,,,,,,,,,,,,,
en,vowel,phone,IPVS_PD_b85147c7,1,M,o,1,587,1.26164767542912,-1.0094130333861278,1.674282773020585,-0.7879187655516454,1.6459769397214181,-0.6766432559186271,-0.7109232658029616,0.6118869607576906,-1.048746513577426,-0.4103217653339206,-1.3777415159741475,0.6412726890549022,-1.0515944543888227,0.48058082603888025,0.40481974563467304,0.5479193905508999,0.3733249136061822,,,,,,,,,,,,,,
en,vowel,clean,IPVS_PD_b85147c7,1,M,o,2,739,0.3867879561828763,-0.7572879630193282,0.8294167184427883,-0.5204619231183877,0.8745264909910352,-0.3142025704129358,-0.5152492301852516,0.770083900750353,-0.4710026920846339,-0.26701072835352985,-0.9259586500987578,0.5807095251517015,-0.8477202535052313,0.2981482567369791,0.4081264030322904,0.4870421022551232,0.22497015661227995,,,,,,,,,,,,,,
en,vowel,phone,IPVS_PD_b85147c7,1,M,o,2,739,1.0574148272530417,-0.8335861593819736,1.5041642785742042,-0.6243954901280028,1.4523743721876252,-0.4680211481083645,-0.801078709658612,0.757828231206101,-0.8701253888647208,-0.28162155826942303,-1.3442704038673572,0.6005810492201132,-0.8822026074895363,0.3343181245929466,0.3874436557910205,0.4706417233175479,0.2655701422659349,,,,,,,,,,,,,,
en,vowel,clean,IPVS_PD_b85147c7,1,M,u,1,482,0.0026845513232823075,-0.021257220054494923,0.46543711146404004,0.16119354644726064,0.7121687544830915,0.18706000000238418,-0.9563015569900645,1.3986575498663145,-0.8150453685172673,-0.5270137675106525,-1.3454194270331283,1.0563692838981233,-1.5833830514087759,0.47482537124411717,0.3781877965366314,0.41563381781505354,0.3728942702700071,,,,,,,,,,,,,,
en,vowel,phone,IPVS_PD_b85147c7,1,M,u,1,482,0.5401764704235669,-0.40294660859066866,0.9177774570625404,-0.21115719588666126,1.076681730253943,-0.3032206882690561,-0.8147895105440041,0.9249587970560995,-1.0343860140648382,-0.6130953852472634,-1.4031586205137188,0.9074966490268708,-1.5205920342741341,0.4917137666151301,0.39178266674030016,0.4015827831276729,0.4516404986604727,,,,,,,,,,,,,,
en,vowel,clean,IPVS_PD_b85147c7,1,M,u,2,644,-0.010288200081930947,-0.09596043322043321,0.4463009558157208,0.14418076305198915,0.6276829348320199,0.19596288549070506,-0.8920249536479872,1.3543347485133053,-0.7270453296524962,-0.45534924761459383,-1.3224392468013715,1.0270721348933876,-1.4824213825079815,0.38631026086450776,0.3532597903772837,0.5592437690442181,0.42208558122808837,,,,,,,,,,,,,,
en,vowel,phone,IPVS_PD_b85147c7,1,M,u,2,644,0.5201066603749683,-0.3667718988948876,0.9887857862277744,-0.09266639865704418,1.1674867502039241,-0.045456337675298615,-0.9738800186548651,1.071499702424656,-0.9621530422153547,-0.5201483803618815,-1.5471930306827284,0.9398128013702628,-1.4599611817321443,0.41564797809226783,0.5758881467976599,0.6725583221398701,0.42150935654818933,,,,,,,,,,,,,,
en,vowel,clean,IPVS_PD_a0fceda0,1,F,a,1,593,-0.15232392369198197,-0.5129292171959784,0.31826198739664896,-0.24122565229232906,0.4453897214904219,-0.30526586887048407,-0.4619070665509093,0.44647960757174077,-0.296368328964009,-0.4235535996133874,-0.7213439516910986,0.29937291217847867,-0.7229265117918661,0.651372794345417,0.5288316115727011,0.5957989081183797,0.5161108615464665,,,,,,,,,,,,,,
en,vowel,phone,IPVS_PD_a0fceda0,1,F,a,1,593,0.1880952723386909,-0.7665124535560608,0.6563970264183039,-0.437574399828243,0.7260077720930597,-0.5186099897162253,-0.5028582737893283,0.3658301294559524,-0.3578412871526069,-0.40513770232180585,-0.847853582947194,0.24256708238179944,-0.6477047847036053,0.6258678851219582,0.6421829801306457,0.7255689270395311,0.45576260797357676,,,,,,,,,,,,,,
en,vowel,clean,IPVS_PD_a0fceda0,1,F,a,2,295,0.021141411978646187,-0.7433201663911679,0.4999089140844884,-0.651689725575474,0.5753586347830497,-0.663677565627179,-0.6513778928477886,0.547866790729054,-0.33691661649167876,-0.31970960449027475,-0.9347355263044606,0.47783883762056545,-0.7975484421108402,0.6029507636777784,0.35689717617630673,0.5430840585407529,0.3132997876205307,,,,,,,,,,,,,,
en,vowel,phone,IPVS_PD_a0fceda0,1,F,a,2,295,0.2730730636476797,-0.8700201331222125,0.7015612840147342,-0.7189175094251579,0.7056495921928331,-0.7455839769820035,-0.6340029977135739,0.3933321089394348,-0.31795298834305025,-0.19806320321256832,-0.9735101412581859,0.3454397726319941,-0.5435029758445624,0.4108450654413627,0.2641283298844859,0.5902839361739596,0.26214075201363524,,,,,,,,,,,,,,
en,vowel,clean,IPVS_PD_a0fceda0,1,F,e,1,597,-0.5827017383323074,0.07096292730161406,-0.20831001078850048,0.6250629901553927,-0.17643371651929732,0.24131267017640776,-0.3690906107674734,0.5100251791952048,-0.29375388193097285,-0.4208593702561178,-0.4430202115379004,0.0011639958221600249,-0.42202336607827784,0.4180669597646685,0.5237079162251104,0.5451734360323958,0.14586582456940356,,,,,,,,,,,,,,
en,vowel,phone,IPVS_PD_a0fceda0,1,F,e,1,597,-0.18685469371694707,-0.04411046339774862,0.16490094911587272,0.5071766998276405,0.18597758949467066,0.07126070119046235,-0.46728141510386983,0.4750815668145926,-0.37792035287718256,-0.5755442426355768,-0.6746007817535348,0.024814868273218695,-0.6003591109087956,0.36929314506229516,0.5883148968394765,0.6203100530704689,0.19456062421040327,,,,,,,,,,,,,,
en,vowel,clean,IPVS_PD_a0fceda0,1,F,e,2,324,-0.7843454024773471,0.022582140276018455,-0.27849723953677685,0.48934360973689023,-0.22851401590267006,0.3021934804107462,-0.5085701948525955,0.5951017037186087,-0.028142660780220617,-0.1498952311064516,-0.40963961754222306,-0.12922664798263991,-0.020668583123811653,0.6136816503075567,0.6718725670390285,0.6123581443953257,0.5042607214792113,,,,,,,,,,,,,,
en,vowel,phone,IPVS_PD_a0fceda0,1,F,e,2,324,-0.3636963752155401,-0.06301141271785814,-0.03226663309092424,0.4508401179800228,-0.07205834163694966,-0.026604786591262232,-0.3690628647348102,0.38354104616660245,-0.05251791921197152,-0.30098300366377345,-0.3633356140166217,-0.22790644133501514,-0.07307656232875828,0.43526192107985073,0.5608292486842203,0.511286491201835,0.44326557692181,,,,,,,,,,,,,,
en,vowel,clean,IPVS_PD_a0fceda0,1,F,i,1,785,-0.8183151036817303,0.4245957481316953,-0.3222942435817354,0.8862186452006079,-0.2665489433677333,0.7484856324464146,-1.0652178648677348,1.5370615324650094,-0.7256778596945882,-0.496120187175122,-1.174986664656621,0.7361941176235296,-1.2323143047986516,0.4576849543902533,0.3484168903544569,0.36471545164612174,0.26288091446021505,,,,,,,,,,,,,,
en,vowel,phone,IPVS_PD_a0fceda0,1,F,i,1,785,-0.18508445140915564,0.036147439777218356,0.24984832038418756,0.5847006177573194,0.25823410140101316,0.4238489603350876,-1.0361755625710618,1.1970824141158167,-0.7537371770907866,-0.6513810769008224,-1.239104605657533,0.5802048936628612,-1.2315859705636836,0.4204289251130934,0.3359592050975857,0.351680607530273,0.2813788682201759,,,,,,,,,,,,,,
en,vowel,clean,IPVS_PD_a0fceda0,1,F,i,2,324,-0.7538747107800172,0.3296854413133495,-0.24941914026834527,0.7244743028161477,-0.18279168496326526,0.42418325814057367,-0.8910382015972721,1.275174932516351,-0.526156021548169,-0.3803230727813682,-0.9305454030328867,0.5053967658563384,-0.8857198386377065,0.5653143660443237,0.5854192166532186,0.5739677263498724,0.3889317049158743,,,,,,,,,,,,,,
en,vowel,phone,IPVS_PD_a0fceda0,1,F,i,2,324,-0.18690137747599153,0.05733477126578895,0.1866709930556161,0.4540452122384188,0.22301406717422056,0.049909920412666946,-0.7294884180384023,0.9313325732946396,-0.5350276164862574,-0.4542626366969578,-0.8597003110513395,0.342019228739854,-0.7962818654368118,0.5233276157985857,0.28561484310211355,0.259516656640768,0.718039881630809,,,,,,,,,,,,,,
en,vowel,clean,IPVS_PD_a0fceda0,1,F,o,1,635,-0.30971511944228897,-0.3546757908083322,0.2035478727398269,-0.37800730373759284,0.22035896664685778,-0.31452973171325493,-0.7602694158948312,1.056850123906073,-0.8471168253052579,-0.8194701316475556,-1.1983006726412635,0.8334927718470416,-1.6529629034945972,0.7151820555349697,0.6018666734624989,0.5668963296548932,0.5457686548264659,,,,,,,,,,,,,,
en,vowel,phone,IPVS_PD_a0fceda0,1,F,o,1,635,0.11032434277177795,-0.5741850059489253,0.6310024257172436,-0.4639596054012694,0.6447826682191509,-0.38291599705150436,-0.8774326168333139,0.9333344493794629,-0.9032724443383104,-0.7256977296876782,-1.3824045539215168,0.7622642009824593,-1.4879619306701375,0.6472177575972528,0.4150231420715225,0.5450669871857537,0.44167269448760615,,,,,,,,,,,,,,
en,vowel,clean,IPVS_PD_a0fceda0,1,F,o,2,332,-0.3217996644973755,-0.3619916873425245,0.26267822600901125,-0.3555483815073967,0.3422025533765554,-0.3348788321763277,-0.8284165245294571,1.13154207020998,-0.7104058224707842,-0.6328004477918148,-1.18904519200325,0.8277962400391697,-1.4605966878309846,0.4055485857083958,0.17692061116012867,0.25096933208619526,0.4114281377351054,,,,,,,,,,,,,,
en,vowel,phone,IPVS_PD_a0fceda0,1,F,o,2,332,0.0394166673719883,-0.5511177866905927,0.6185747783631086,-0.500029277279973,0.7080265759676695,-0.5073172955960036,-0.9845490661263466,0.9961661219596862,-0.7662884379923344,-0.6302204217016697,-1.4119199112057685,0.7672732065990567,-1.3974936283007264,0.4437000239082135,0.29046530771773776,0.3299572581715523,0.43962338780819565,,,,,,,,,,,,,,
en,vowel,clean,IPVS_PD_a0fceda0,1,F,u,1,738,-0.524980083242193,0.01336498464549984,0.12379271681378554,0.3767347149550915,0.24220149521086667,0.4313329384402112,-1.0672247867594968,1.6722753064052478,-0.9516454307479901,-0.6535294744614009,-1.4505037282769744,1.1696669474109873,-1.8231964218723882,0.5246987807034718,0.6258377525564527,0.6543174276158614,0.4702546014546148,,,,,,,,,,,,,,
en,vowel,phone,IPVS_PD_a0fceda0,1,F,u,1,738,-0.03271670166302372,-0.13058045429286655,0.6798335911185892,0.18658407801040658,0.9265951479004847,0.2704339846297427,-1.132617690004744,1.5361856039579924,-1.0542120788548444,-0.6073092901995322,-1.659013126347516,1.2054870582378663,-1.8127963484373983,0.5869963809894263,0.7363279996797676,0.748381654826682,0.3923885201186301,,,,,,,,,,,,,,
en,vowel,clean,IPVS_PD_a0fceda0,1,F,u,2,337,-0.5038028017347083,-0.08383621040529805,0.1613640683918751,0.22639457125381884,0.21208201356122058,0.369389768304496,-1.0992225713917774,1.607825941640168,-0.8033072471325033,-0.5614262923157861,-1.3758639167682292,0.9815471953359144,-1.5429734876517005,0.4031599988319643,0.4713813029250892,0.6216075253626261,0.2742828792121108,,,,,,,,,,,,,,
en,vowel,phone,IPVS_PD_a0fceda0,1,F,u,2,337,0.004119160727327093,-0.1866596303696703,0.713245541150934,0.052694166602172285,0.9324727432774793,0.11351317504943885,-1.1599260178105584,1.5066310243653547,-0.9701140053166545,-0.6464354507441591,-1.6828914863135427,1.1949913930423155,-1.8414268437864745,0.44839859279496336,0.6045208082111518,0.5762547439233596,0.40651774647561917,,,,,,,,,,,,,,
en,vowel,clean,IPVS_PD_69229acc,1,M,a,1,268,-0.006401299602455563,-0.8585751514743876,0.4829428861906499,-0.7457024345611348,0.5963134967986449,-0.7623809248576929,-0.6780843973895649,0.41645443016364253,-0.3211911251699483,-0.24744180235781787,-0.8607686934647737,0.3186583282242035,-0.5661001305820214,0.08839403149248748,0.40055991624003046,0.6795366808728047,0.12892649258379132,,,,,,,,,,,,,,
en,vowel,phone,IPVS_PD_69229acc,1,M,a,1,268,0.43118884488020415,-0.9063826356037163,0.9319716920087366,-0.6981383046986144,1.022135622707414,-0.7628317340104668,-0.885281119817569,0.3943955353748651,-0.5851555930243598,-0.20857206893004018,-1.1939900870676394,0.34743114179115236,-0.5560032107211925,0.2546843266501134,0.340713129937814,0.49788153915754435,0.15282704648733555,,,,,,,,,,,,,,
en,vowel,clean,IPVS_PD_69229acc,1,M,a,2,878,-0.19859013723378832,-0.6067237444786411,0.2220010653307492,-0.326663150564965,0.25259782362616423,-0.2995183560715029,-0.56354271352404,0.5802561464317312,-0.2699801618741317,-0.3178594751057751,-0.7985362082606915,0.37066883769478987,-0.688528312800565,0.46606816588866584,0.4240671049125262,0.40633963386726557,0.4974160451333637,,,,,,,,,,,,,,
en,vowel,phone,IPVS_PD_69229acc,1,M,a,2,878,0.0850272797556086,-0.5555915220386602,0.5353697632354769,-0.2609523555941202,0.5677885677044591,-0.37800129923517956,-0.7691356708493197,0.638780454618179,-0.54734828548901,-0.3399270426510184,-1.1016842246507152,0.4120923503845309,-0.7520193930355493,0.5212927367497878,0.4331059619601543,0.42938474171701524,0.46242073005978385,,,,,,,,,,,,,,
en,vowel,clean,IPVS_PD_69229acc,1,M,e,1,1072,-0.4475864601894195,-0.07018161879748291,-0.044070187840402494,0.5977163852556892,0.02425745994963261,0.2665492797166294,-0.22555712575775497,0.31988208456346706,-0.18523357007999597,-0.42765067946975643,-0.32597011791669434,-0.22941730317503492,-0.19823337629472154,0.5372320166497452,0.38406374428551426,0.3679226908741412,0.47941906887212127,,,,,,,,,,,,,,
en,vowel,phone,IPVS_PD_69229acc,1,M,e,1,1072,-0.07118948033044797,-0.059079795798159536,0.34559235694060414,0.6039690541462128,0.40874355818544117,0.21316729951071442,-0.5503717047503646,0.5007029970795471,-0.4173447619776548,-0.4668145054685218,-0.7340916852403131,-0.028887202763663872,-0.4379273027048579,0.48091431818512254,0.47626044502741904,0.43431858998351275,0.36936968579856333,,,,,,,,,,,,,,
en,vowel,clean,IPVS_PD_69229acc,1,M,e,2,293,-0.35531347215512377,-0.12084202005364801,-0.018004593623560026,0.4946511569669691,0.0873857894859745,0.06511902202994137,-0.2506943378744826,0.19885227926033364,-0.06838074696939545,-0.44513794704008913,-0.3137161331830052,-0.25731231497421775,-0.18782563206587133,0.3769542566746042,0.23101205850260165,0.24392255685809042,0.36515146340566845,,,,,,,,,,,,,,
en,vowel,phone,IPVS_PD_69229acc,1,M,e,2,293,0.11866858365845545,-0.23666875872571588,0.5054870685615108,0.41757693314282907,0.6229651342172408,0.039153628935248166,-0.47444781458983987,0.28990402628304596,-0.2629548286819189,-0.4137143572676653,-0.5932950693166862,-0.18126983321824316,-0.23244452404942217,0.45531166839817666,0.5041194977371573,0.5354263680770724,0.45034190207370417,,,,,,,,,,,,,,
en,vowel,clean,IPVS_PD_69229acc,1,M,i,1,1042,-0.6078855273917841,0.4296568862070291,-0.2761928552684312,1.1421310549346022,-0.28392012141192685,0.7421112953664396,-0.6182512673564231,0.857476107990399,-0.3321918814469831,-0.401406732515786,-0.6471587816199746,0.061670016446790564,-0.4630767489625766,0.34553654222340346,0.38524174291211893,0.40612924322855837,0.46432381024868696,,,,,,,,,,,,,,
en,vowel,phone,IPVS_PD_69229acc,1,M,i,1,1042,-0.1113130535942297,0.3202883493357573,0.29773957506060217,1.2120711584917654,0.33028030393127433,0.8142223272460718,-0.8620719089628027,1.0534175736740374,-0.45485182277882064,-0.4109913675358501,-0.9359111271251124,0.22422905325496825,-0.6352204207908183,0.30026557146160043,0.47525820313047734,0.513937285078672,0.3171364179988998,,,,,,,,,,,,,,
en,vowel,clean,IPVS_PD_69229acc,1,M,i,2,299,-0.8403556546124306,0.556561205103911,-0.5395378126294573,1.0832710167321051,-0.47748211849460287,0.43352444231180853,-0.5070924814893396,0.8291537023216321,-0.12525624489586656,-0.4238253599701665,-0.4782919059636185,0.10511784798861867,-0.5289432079587852,0.18576334849110626,0.3003725376277147,0.39773056904057386,0.11357647620404489,,,,,,,,,,,,,,
en,vowel,phone,IPVS_PD_69229acc,1,M,i,2,299,-0.3807237263542512,0.4546324311040383,0.023229081821705095,1.15844920919745,0.1427112416009218,0.5953581802423488,-0.7666592600431231,0.930634244206202,-0.2436212296314661,-0.4654648945311815,-0.7762900304399143,0.32051151138807527,-0.7859764059192568,0.2344349157239212,0.21660702834202644,0.3211144534842149,0.16921228479676625,,,,,,,,,,,,,,
en,vowel,clean,IPVS_PD_69229acc,1,M,o,1,1060,0.3405340333123627,-0.5279302054887298,0.7739462257603055,-0.2942987730105718,0.795005137698268,-0.05622422969285047,-0.537100650838711,1.00591164817975,-0.6709355869851772,-0.4624944991379414,-1.123225545826948,0.8585700305389627,-1.3210645296769041,0.4023503967338864,0.21279763719874717,0.3141880473113986,0.24428771096548424,,,,,,,,,,,,,,
en,vowel,phone,IPVS_PD_69229acc,1,M,o,1,1060,0.7099950493740961,-0.5454471235239656,1.2647397646551612,-0.3095432568646077,1.3738671232881785,-0.004970337445818403,-0.8679671817746177,1.0462203626081628,-0.8037243526686663,-0.3770363828776486,-1.4180576535140943,0.8202922230574695,-1.197328605935118,0.5425563589559466,0.2883030888027766,0.33192267473349424,0.4182006936139896,,,,,,,,,,,,,,
en,vowel,clean,IPVS_PD_69229acc,1,M,o,2,295,0.3711045566251722,-0.09420313858716502,0.71823270509472,0.05237166507769439,0.8638260549744644,-0.13413114071229085,-0.7308609010809559,1.0361530624203763,-0.7360733126179647,-0.7364851145421044,-1.1976061534073392,0.8854989325259365,-1.621984047068041,0.2978672810326254,0.18835642842825515,0.22163272589499594,0.4051218464464933,,,,,,,,,,,,,,
en,vowel,phone,IPVS_PD_69229acc,1,M,o,2,295,0.5249766328577268,-0.39542815341787824,1.0166651347262712,-0.15545984454410897,1.1380147772320246,-0.16395361637328304,-0.8809098779818433,0.8737209119365714,-0.6900308819140418,-0.5740326473773536,-1.3068124143417272,0.5830954966572045,-1.157128144034558,0.18616277244788335,0.21221504633590943,0.22876533585376638,0.3405792055488486,,,,,,,,,,,,,,
en,vowel,clean,IPVS_PD_69229acc,1,M,u,1,1102,0.3978428678345104,-0.22434502702735343,0.8297130745523286,0.2092931804745219,0.9348416153532861,0.4128839401950289,-0.5178551289880384,1.1906210871081337,-0.6712833197050224,-0.5487697562512314,-1.0694915482554912,0.8456320648483955,-1.394401821099627,0.2600959208012116,0.4776810259489564,0.4853358714586081,0.21333891366338037,,,,,,,,,,,,,,
en,vowel,phone,IPVS_PD_69229acc,1,M,u,1,1102,0.6600744138806608,-0.2294273413380107,1.1737513807785114,0.22827884221725234,1.3089312456795816,0.4569487611782875,-0.7753504359154902,1.2238248300786465,-0.89631250111268,-0.4663088272109043,-1.3692135111712977,0.856709808426321,-1.3230186356372253,0.2806449487735498,0.42383377084671603,0.4631267706808651,0.24991325864267058,,,,,,,,,,,,,,
en,vowel,clean,IPVS_PD_69229acc,1,M,u,2,301,0.06464215553267885,-0.18730633528851673,0.57508259591806,0.11729655682382004,0.6026124491546694,0.16735749506489347,-0.9274923883748977,1.4882709861460313,-0.7373679246527055,-0.31089016395873126,-1.3021416147110871,1.149192096778701,-1.4600822607374322,0.6534414493654357,0.5263212884837942,0.578988096593985,0.5301538943431688,,,,,,,,,,,,,,
en,vowel,phone,IPVS_PD_69229acc,1,M,u,2,301,0.48084448450836687,-0.1949305234693032,0.996185958714775,0.05995779702676594,1.1162141070840108,0.025812746740836466,-1.0932314521041364,1.3833648476811404,-1.0395087010294035,-0.4849868707811635,-1.6159806607177902,1.2050980125342943,-1.6900848833154578,0.3661805287904712,0.5479602400247517,0.5664946790241098,0.2877060278881296,,,,,,,,,,,,,,
en,vowel,clean,IPVS_PD_5fcdd5c0,1,M,a,1,477,-0.05042431391905409,-1.0673322964213037,0.3325732580356897,-0.8654674149867965,0.371425664642962,-0.8831107645499997,-0.3921685560447414,0.04711425514690552,0.11990096858777236,-0.3187485635021007,-0.4269048327560624,0.10484414002517374,-0.42359270352727446,0.3282719476662927,0.5720642737318506,0.6517936020379973,0.26224482781813224,,,,,,,,,,,,,,
en,vowel,phone,IPVS_PD_5fcdd5c0,1,M,a,1,477,0.3481558619475946,-1.118420526956432,0.7722413347780912,-0.946071487374422,0.8189542758755568,-1.0390154248953696,-0.6010650915032064,0.12361345569950363,-0.3394054245554196,-0.3921456928867912,-0.83527488720957,0.2102002066978698,-0.602345899584661,0.3865779997032349,0.48810800621106865,0.5231919634106554,0.4073027767693881,,,,,,,,,,,,,,
en,vowel,clean,IPVS_PD_5fcdd5c0,1,M,a,2,288,-0.10821117049661176,-0.898654590906768,0.3587714485909747,-0.6962391946507597,0.33670089196884767,-0.6841344424020285,-0.5641806711410654,0.4935554923682377,-0.1480133318524251,-0.2986132441324064,-0.7291547590973734,0.3883038103130871,-0.6869170544454934,0.15104521790757647,0.443212817580626,0.37265227350855923,0.17180811875331442,,,,,,,,,,,,,,
en,vowel,phone,IPVS_PD_5fcdd5c0,1,M,a,2,288,0.3409831523038875,-0.8765136841042288,0.7275217076142629,-0.6507579584060044,0.6379261189836195,-0.803580449572925,-0.7560703287693276,0.44905316332976025,-0.44262152541985456,-0.34805451423443595,-1.0773886599759945,0.4113521697213766,-0.7594066839558126,0.29880766213380267,0.3546765601307131,0.34136507726052606,0.2855692475745683,,,,,,,,,,,,,,
en,vowel,clean,IPVS_PD_5fcdd5c0,1,M,e,1,554,-0.5542360637002363,-0.1562739477721517,-0.24483162178072387,0.3053705524095518,-0.2618659378704197,-0.0346714115874496,-0.1667804150078111,0.22878720615795273,0.11079947081600834,-0.12067078840277509,-0.09098396750312009,-0.25760272861330097,0.13693194021052585,0.3074203350615568,0.46354409140373853,0.5171820896489207,0.38898049108050575,,,,,,,,,,,,,,
en,vowel,phone,IPVS_PD_5fcdd5c0,1,M,e,1,554,-0.23495291909593308,-0.17118062886470806,0.05309053662115942,0.27595041000735976,0.05742508476365826,-0.19721553028522137,-0.3348110384659139,0.1919776931137382,-0.13211595530281522,-0.2005274586022614,-0.3662372783361795,-0.2245125638677956,0.02398510526553421,0.28000069680683237,0.4062312411950846,0.5089860305923555,0.29470981823261944,,,,,,,,,,,,,,
en,vowel,clean,IPVS_PD_5fcdd5c0,1,M,e,2,288,-0.31500623109696924,-0.6261316131928871,0.04537153398168498,-0.15187914583874845,-0.0019709462749546974,-0.321719888212352,-0.2944931612275113,0.04286640355813092,0.2279987353189238,-0.1515294964714297,-0.10906380691148083,-0.39418020151855276,0.24265070504712305,0.23140216138064645,0.3805896943121893,0.374538140259801,0.36724522167303597,,,,,,,,,,,,,,
en,vowel,phone,IPVS_PD_5fcdd5c0,1,M,e,2,288,0.014022979842520308,-0.5765185536838126,0.39792158745828715,-0.08146758660160262,0.40669412345721806,-0.3187985533270343,-0.45909803283625633,0.05875580355353739,-0.03983586272974124,-0.16928284336951957,-0.3875359854093571,-0.4034189563030484,0.23413611293352884,0.222064853123682,0.289146006870441,0.3112963988041432,0.2860405258915576,,,,,,,,,,,,,,
en,vowel,clean,IPVS_PD_5fcdd5c0,1,M,i,1,474,-0.5653920872853353,0.6013822883784354,-0.3104359347607706,1.1738776564598083,-0.3376426883823388,0.6389080455878398,-0.49150345734991396,1.0078523616482329,-0.34871478795588434,-0.615706124036879,-0.6014423151012067,0.33156694742766296,-0.9472730714645419,0.5398399322834515,0.5088977175036395,0.4987607510879851,0.4721280557837,,,,,,,,,,,,,,
en,vowel,phone,IPVS_PD_5fcdd5c0,1,M,i,1,474,0.02331388257183395,0.15248960767175768,0.3495951819044727,0.7875219371977386,0.3307564518564231,0.45385927253669794,-0.7559813692957371,0.9353514666949119,-0.5642171829313665,-0.5316382791664633,-0.9966510522824067,0.4740754221859095,-1.005713701352373,0.5142306192736127,0.40007022050715274,0.4186407081884904,0.3648611772898389,,,,,,,,,,,,,,
en,vowel,clean,IPVS_PD_5fcdd5c0,1,M,i,2,274,-0.6750486688800605,0.3963505747806595,-0.39662950333342495,1.0219915365598289,-0.3490092987755695,0.3934508215591132,-0.41560622313654566,0.6094322955033865,0.025525601423648465,-0.3911031436130225,-0.3478924299040473,-0.02969626285674342,-0.3614068807562791,0.401395593300636,0.3765611645694532,0.5136084927606256,0.5471972905602873,,,,,,,,,,,,,,
en,vowel,phone,IPVS_PD_5fcdd5c0,1,M,i,2,274,-0.15913485744631434,0.005961604506136423,0.1827876891895949,0.6472631272781326,0.17668317258358002,0.20980926244014717,-0.7580154059701655,0.672290155955826,-0.24575851916010122,-0.3106850792306015,-0.7745814447302416,0.10434432987527675,-0.41502940910587827,0.2551121993940312,0.398354142562235,0.4975614214131053,0.37258632236263983,,,,,,,,,,,,,,
en,vowel,clean,IPVS_PD_5fcdd5c0,1,M,o,1,398,-0.18789100678016743,-0.8593461704750855,0.20556803749253352,-0.6676866430789232,0.21694839683671793,-0.7918992448598147,-0.38363559792439145,0.287019917058448,-0.05806159339845181,-0.4260405579581857,-0.52064779077967,0.1814923528426637,-0.6075329108008494,0.44655287748628714,0.5669615322508282,0.41182415445155357,0.41840837987070306,,,,,,,,,,,,,,
en,vowel,phone,IPVS_PD_5fcdd5c0,1,M,o,1,398,0.2112077924112479,-0.8808329996963342,0.6724410014847915,-0.6965689508865277,0.672249581788977,-0.7981216963380575,-0.5352697538832824,0.33867265687634546,-0.27913263539473215,-0.44432562378545604,-0.7568817642827829,0.19598750189567607,-0.6403131256811321,0.5764063540738756,0.6501526746065939,0.5427444926508167,0.45108410179354197,,,,,,,,,,,,,,
en,vowel,clean,IPVS_PD_5fcdd5c0,1,M,o,2,281,0.17501604715747945,-1.1225245683150884,0.5902788550896052,-0.8684902067720537,0.6060791188443201,-0.8419184788797028,-0.45559858014950383,0.218848463522612,-0.04524235118775678,-0.46717577101387214,-0.6364434021111776,0.2232242795203388,-0.6904000505342109,0.45838216024351985,0.46008603188132713,0.5579952012090947,0.31133675429329927,,,,,,,,,,,,,,
en,vowel,phone,IPVS_PD_5fcdd5c0,1,M,o,2,281,0.4868506177289951,-1.0716414444545317,0.9572050977035387,-0.8061990046642236,0.9620107888470034,-0.7947187035746829,-0.6552602885037484,0.3407480635586575,-0.1920827156340582,-0.29565627797997207,-0.8694573937083138,0.2516492526515348,-0.5473055306315069,0.4834556346466791,0.620382645406888,0.6154847477446995,0.4888365039124094,,,,,,,,,,,,,,
en,vowel,clean,IPVS_PD_5fcdd5c0,1,M,u,1,427,0.038694009126856166,-0.07738060739021821,0.44527687491841816,0.29644019890156237,0.5179294428356891,0.11929633048026014,-0.6528065510181138,1.1642896101632472,-0.757942744498123,-0.7657267927311737,-1.061045469477019,0.7945027171492809,-1.5602295098804546,0.4009896429261364,0.2886615307222891,0.5380705559445222,0.3845984091301766,,,,,,,,,,,,,,
en,vowel,phone,IPVS_PD_5fcdd5c0,1,M,u,1,427,0.22622126166922574,0.042808401793357466,0.6454422195018034,0.4094871892539444,0.7549893835175362,0.2222851732245679,-0.943709813435254,1.3533207456425471,-1.178051747468659,-0.7974759769636833,-1.490025092423658,1.0234303882468767,-1.8209063652105602,0.3078520303393947,0.19231841327358357,0.4207882611726608,0.16263802588462684,,,,,,,,,,,,,,
en,vowel,clean,IPVS_PD_5fcdd5c0,1,M,u,2,256,-0.21538765825234452,-0.07342518604808039,0.24770646010126388,0.2525617749273003,0.2648376374469175,-0.003911454569209705,-0.7623865530862437,1.242536367534043,-0.7041901284224027,-0.5811339705795436,-1.0699072956264792,0.7692226912681158,-1.3503566618476595,0.5723495792978934,0.3238984494852129,0.4018889402374973,0.41968954936533914,,,,,,,,,,,,,,
en,vowel,phone,IPVS_PD_5fcdd5c0,1,M,u,2,256,0.08755938254006497,-0.27663789476667133,0.6310700431659624,0.13436354570961617,0.6308584662226887,0.03665213461046095,-1.0411507038327006,1.3127526582835556,-0.918519746560555,-0.4878167064933034,-1.4041951476753531,0.863847244869579,-1.3516639513628823,0.46655524923468067,0.6459177965731114,0.5022873998108361,0.3719059638372276,,,,,,,,,,,,,,
en,vowel,clean,IPVS_PD_5e7a0360,1,M,a,1,595,-0.04952106201181225,-0.8421969463010462,0.3200714806882607,-0.5946957926873734,0.3759701502840726,-0.7430844144994805,-0.5751225659493304,0.20714392600690618,0.1791831254541707,-0.14064742104053832,-0.4438210388108128,-0.17113027952256657,0.030482858482028256,0.34201895213224964,0.3665199147191819,0.5493795758303595,0.2578337091326869,,,,,,,,,,,,,,
en,vowel,phone,IPVS_PD_5e7a0360,1,M,a,1,595,0.4990099276147303,-1.108508734976878,0.8917147620719355,-0.8110986383271819,0.8953436477010658,-0.8743363170981073,-0.6503889413774848,0.15867891121937447,0.02266089263416472,-0.12533903501781762,-0.5787745745075183,-0.15040559850695753,0.025066563489139916,0.29484178043726433,0.3227004210169713,0.5100753792702869,0.27718308104568595,,,,,,,,,,,,,,
en,vowel,clean,IPVS_PD_5e7a0360,1,M,a,2,351,0.040201598716573125,-0.9565606913860375,0.49707659966007794,-0.692946041435427,0.5544922479662285,-0.6957656104135287,-0.5349989751645174,0.16465190370783422,-0.01605750020081398,0.04694670544698905,-0.4551121526137347,-0.21852258213252818,0.2654692875795172,0.35114508934402294,0.5594742018634956,0.5245230082517736,0.16026317212836846,,,,,,,,,,,,,,
en,vowel,phone,IPVS_PD_5e7a0360,1,M,a,2,351,0.5804184763493696,-1.1832496956061413,1.0791005483735794,-0.8422914209524037,1.0866486074235202,-0.8153377043974908,-0.7166465616904164,0.2011831712454416,-0.2576664985638659,-0.06486593709455282,-0.7697092851191335,-0.11919490131439191,0.054328964219839085,0.288111293939679,0.1881206424640241,0.330046930490914,0.08636607702357876,,,,,,,,,,,,,,
en,vowel,clean,IPVS_PD_5e7a0360,1,M,e,1,671,-0.4462749603072704,-0.4978266359484817,-0.008822814665420476,0.2589839255765413,-0.032505410406784736,0.12244893680731062,-0.1410413596677425,0.004973809269462567,-0.026670236778318437,-0.2645100253465454,-0.12457753445204375,-0.48565710149243213,0.22114707614588677,0.33126973207496074,0.5004289588292603,0.4610989793393202,0.269404041300196,,,,,,,,,,,,,,
en,vowel,phone,IPVS_PD_5e7a0360,1,M,e,1,671,-0.031107058522127404,-0.5809258210747769,0.35111042450438656,0.17018808757253084,0.33397489238909395,-0.014861993103405973,-0.25778728032082543,-0.052143546204930794,-0.035863955322625325,-0.2084974950600055,-0.22099668906063358,-0.47527002002905233,0.2667725249690468,0.33039672443752854,0.5019485969189608,0.42824863853041256,0.23067964765868684,,,,,,,,,,,,,,
en,vowel,clean,IPVS_PD_5e7a0360,1,M,e,2,287,-0.2627842918985841,-0.619626158234701,0.17983216848332068,-0.05340025474914926,0.18007251353277637,-0.08894999023806842,-0.22822748998858336,-0.07500138861595551,0.028515969225436966,-0.10418033793654745,-0.1775038003749241,-0.5515570492413692,0.4473767113048217,0.5045309107747658,0.21000457880147178,0.319661744007606,0.7004038707002228,,,,,,,,,,,,,,
en,vowel,phone,IPVS_PD_5e7a0360,1,M,e,2,287,0.10965783420325703,-0.6180633328898104,0.4954241273892408,-0.024064165233187593,0.5231654461408626,-0.20452557418043213,-0.3173417834877279,-0.09372802595527185,-0.08325591959016171,-0.13834973398832917,-0.309283572168364,-0.5246228800085239,0.3862731460201947,0.31733064407801953,0.19143806947396025,0.4337420703972608,0.4111523115498581,,,,,,,,,,,,,,
en,vowel,clean,IPVS_PD_5e7a0360,1,M,i,1,685,-0.7783198823603981,0.3282272880239788,-0.3367743464572006,1.0515820604461243,-0.3284091028201319,0.705889032632475,-0.5274748749614052,0.8766012877733458,-0.10227130719635029,-0.1991623483072522,-0.4310010741045585,-0.019822863231972767,-0.17933948507527944,0.4092906688677316,0.2305090924331607,0.2763309021835109,0.48563338473103734,,,,,,,,,,,,,,
en,vowel,phone,IPVS_PD_5e7a0360,1,M,i,1,685,-0.29050349094281813,-0.005358937121655819,0.08650310087378008,0.8480720190816262,0.04064372490067262,0.4907835912675463,-0.453453359703948,0.6498052607813891,-0.1805659266428936,-0.32870369401835176,-0.45921347602077933,-0.12221140694552965,-0.20649228707282213,0.3691078073442143,0.23540457397984715,0.277180553365081,0.47589112540041717,,,,,,,,,,,,,,
en,vowel,clean,IPVS_PD_5e7a0360,1,M,i,2,287,-0.4962189681612687,0.01199955910961063,-0.06559820998610788,0.5917292223500379,-0.08373689660102646,0.41477455224604964,-0.7107480099435487,0.8932682072496139,-0.13664696033979426,-0.10550917430936946,-0.6373847345740808,0.1401456504564926,-0.24565482476586206,0.24341572802570752,0.28003256626622514,0.2785245774923014,0.19970577531821285,,,,,,,,,,,,,,
en,vowel,phone,IPVS_PD_5e7a0360,1,M,i,2,287,-0.1495195131081377,-0.06368348252222028,0.2522603178644456,0.5951423980941662,0.1886311398248452,0.3210760200816083,-0.6857063939116593,0.7315091619946364,-0.3141960932340236,-0.2103528341633736,-0.725503420209609,0.03099434926158431,-0.24134718342495792,0.2174789129211588,0.35998422388221685,0.38879887598679796,0.1809059019119756,,,,,,,,,,,,,,
en,vowel,clean,IPVS_PD_5e7a0360,1,M,o,1,704,-0.015893612197547587,-1.2023191229914718,0.4496105982096128,-1.0057397054613761,0.4042068534653704,-0.9121254497682149,-0.47806260668022454,0.06863440079438798,-0.10704202500154388,-0.4332999220855956,-0.5470979179624679,-0.10681438228589887,-0.3264855397996967,0.2645585961505476,0.3565502577879073,0.38485309596112727,0.2286016620949743,,,,,,,,,,,,,,
en,vowel,phone,IPVS_PD_5e7a0360,1,M,o,1,704,0.26923071385695124,-1.1764639031212285,0.724994810965826,-0.9664250854051338,0.6844077841993773,-0.9772220622256117,-0.5881527840458559,0.026692095115991694,-0.2810518444990212,-0.49249720875665826,-0.7240233842353776,-0.13746800734925102,-0.35502920140740724,0.3205881170503734,0.31764665047698987,0.3387253633559029,0.24835238207923166,,,,,,,,,,,,,,
en,vowel,clean,IPVS_PD_5e7a0360,1,M,o,2,293,0.05528353440896266,-1.2056948357382737,0.5390997284886527,-1.078560652705909,0.49721125458593424,-0.9244988207089699,-0.5312135816462296,0.127156860074081,-0.1766626053610764,-0.34456076763444027,-0.6398705742453451,-0.05779511449953257,-0.2867656531349077,0.3051578654924105,0.5959228202376736,0.5290097482289497,0.32484069861853865,,,,,,,,,,,,,,
en,vowel,phone,IPVS_PD_5e7a0360,1,M,o,2,293,0.3766631977369556,-1.248595963090153,0.8478105048001823,-1.131430719531862,0.7835667796727628,-1.1097212982716533,-0.7113605774728592,0.13412647816420947,-0.421145011897141,-0.4404331098842082,-0.8896226926711993,-0.05126710525466561,-0.3891660046295426,0.5116789868215995,0.4419845381016035,0.41526435628169484,0.618558345526593,,,,,,,,,,,,,,
en,vowel,clean,IPVS_PD_5e7a0360,1,M,u,1,707,-0.25097963126266704,0.029818060678594254,0.2862656443960526,0.4050443678743699,0.25287563867428725,0.5188031268119812,-0.9480384167502908,1.6167391067392687,-1.0157616058517904,-0.8908997809185701,-1.5081414016555337,1.1461813976484188,-2.037081178566989,0.38106259009138493,0.24099036802909027,0.33902046976901146,0.27065260572702265,,,,,,,,,,,,,,
en,vowel,phone,IPVS_PD_5e7a0360,1,M,u,1,707,0.19973465312929714,-0.004618082572432125,0.7552346563339234,0.35914657245664033,0.8215826095553005,0.4214086014733595,-1.0959334212190965,1.4975131608458125,-1.2536573257165797,-0.8726597994215348,-1.7063533519296086,1.0638262330784518,-1.9364860324999866,0.30515682110666215,0.30943542057390583,0.3171331831293648,0.23988550996344085,,,,,,,,,,,,,,
en,vowel,clean,IPVS_PD_5e7a0360,1,M,u,2,299,-0.43035198822205895,0.06717731560791396,0.016415291234274595,0.29759129264407397,0.045168608674028304,0.12101709389884169,-0.7791692300890032,1.2158511975852166,-0.7290456116364147,-0.9027392498696047,-1.201715357725133,0.8282764395544542,-1.731015689424059,0.13967639451628677,0.13790250692902162,0.22814485402113638,0.2835291160067305,,,,,,,,,,,,,,
en,vowel,phone,IPVS_PD_5e7a0360,1,M,u,2,299,0.04955458262348702,-0.006680673327893842,0.5355445346614932,0.38488987335184005,0.5717714372919409,0.37203539183455936,-1.002198494929635,1.3308685270462246,-0.8651756838540345,-0.7784716522331396,-1.4724798591097414,0.8661860239110599,-1.6446576761441996,0.19570301423868766,0.10533491717718622,0.10741310587520748,0.16878744469618215,,,,,,,,,,,,,,
en,vowel,clean,IPVS_PD_b85147c7,1,M,a,1,838,0.45779051374466645,-0.9850826192174166,0.8514332491608839,-0.7516846909882531,0.8712077949728284,-0.4996874864907965,-0.4953687796221366,0.478666142434887,-0.31053201351610443,-0.26366259515403756,-0.9109691566684179,0.5235263964065188,-0.7871889915605563,0.2785029773101648,0.334060096056085,0.49179847868079374,0.2129278194767182,,,,,,,,,,,,,,
en,vowel,phone,IPVS_PD_b85147c7,1,M,a,1,838,0.9231178174830146,-1.145874216088227,1.3235040053370453,-0.9667020751429456,1.3034398286115556,-0.6625932371096005,-0.5738072021317387,0.33026416956757504,-0.4946678014146903,-0.2848777254112065,-1.0516759566371403,0.42524535668688634,-0.7101230820980928,0.2328527852817592,0.2600663308746642,0.44118404508029946,0.1866507743840041,,,,,,,,,,,,,,
en,vowel,clean,IPVS_PD_b85147c7,1,M,a,2,293,0.0151056083245466,-1.0028247887131858,0.5708997561096472,-0.8628950176265954,0.6670885513731315,-0.6584761469377636,-0.7078619690264686,0.4921750044923718,-0.14990785726382908,-0.21469081403677073,-0.8831296458756183,0.29317063159482964,-0.5078614456316004,0.35055219812424365,0.5130666158990993,0.4658218985785719,0.10535968579511996,,,,,,,,,,,,,,
en,vowel,phone,IPVS_PD_b85147c7,1,M,a,2,293,0.29663569627508607,-1.0161038128669653,0.9038252680651886,-0.7720127029944275,0.9258398979397143,-0.47804431482560217,-0.9359090146371873,0.7374978840856229,-0.556718292882887,-0.20532719639398284,-1.2868928838584384,0.5146196211588248,-0.7199468175528076,0.38147860919510096,0.32436042440118845,0.48218294996494293,0.3554215887462923,,,,,,,,,,,,,,
en,vowel,clean,IPVS_PD_b85147c7,1,M,e,1,841,-0.26192338673195037,-0.47925986379089924,0.07465237039740723,0.10785550914778567,-0.00893619202151157,0.05625861180890905,-0.3065518160562704,0.4337894808685425,-0.040423874837337156,-0.17773465084114878,-0.4036160161147023,-0.0047369958740649835,-0.1729976549670838,0.3044482053422431,0.2220975106486902,0.28262299697973403,0.22850386260426656,,,,,,,,,,,,,,
en,vowel,phone,IPVS_PD_b85147c7,1,M,e,1,841,-0.13244309446009078,-0.4621705709707619,0.2209743106129146,0.13780764314797844,0.15152076391300354,0.05094983270852873,-0.47693946034011275,0.4630729288452923,-0.3180794352352029,-0.21915889062946387,-0.7287330129359028,-0.016756997670572583,-0.20240189295889127,0.21415789465044996,0.22928136009540567,0.31570656153368076,0.23442879512351586,,,,,,,,,,,,,,
en,vowel,clean,IPVS_PD_b85147c7,1,M,e,2,274,-0.08618956840181925,-0.27418030753552197,0.1902117107108415,0.2846951141773936,0.2507329551749919,-0.11530925701540637,0.0018535174698714751,-0.06538118314312165,0.17352865869740405,-0.10478560253977776,0.07957725606140602,-0.5902389530765723,0.48545335053679456,0.28969905578826155,0.26776893365903665,0.20546243032119474,0.278425994076732,,,,,,,,,,,,,,
en,vowel,phone,IPVS_PD_b85147c7,1,M,e,2,274,0.3398283238870552,-0.40577546695628797,0.6205587168953505,0.2088015088474894,0.6627755722547152,-0.16365564776113234,-0.18712335865361146,-0.04291825449789863,-0.12368807995534804,-0.20000329241156578,-0.29046521948493387,-0.5036521302648338,0.30364883785326796,0.32173676497840537,0.21838877263795634,0.24437124789756398,0.2601588435513168,,,,,,,,,,,,,,
en,vowel,clean,IPVS_PD_b85147c7,1,M,i,1,774,-0.5964607336746265,0.47778879010114544,-0.267522875715223,1.292588070994283,-0.21334977706998204,0.8327819971695478,-0.3470959816239934,0.7724557857912497,0.0696682351213668,-0.40177715390664825,-0.2722688001128865,-0.005838912240201568,-0.3959382416664467,0.2825119844964952,0.4205284661184126,0.4178706702540474,0.24839487177783207,,,,,,,,,,,,,,
en,vowel,phone,IPVS_PD_b85147c7,1,M,i,1,774,-0.3065548402620999,0.35053676213317675,-0.01683501934416816,1.2060214979454171,0.04760107727393572,0.6406758992329176,-0.6248305606547855,0.772469562330471,-0.282164517310428,-0.6167965555971272,-0.6614891360214084,0.0885594164185194,-0.7053559720156467,0.19180602010433642,0.3464978326452528,0.36612394238302165,0.1753824052461474,,,,,,,,,,,,,,
en,vowel,clean,IPVS_PD_b85147c7,1,M,i,2,274,-0.5681393776672432,0.49055649573544424,-0.2647047335483942,1.0403466246214257,-0.15849611683782325,0.5207057954317116,-0.6326761815741838,0.973926644188812,-0.4192334306706865,-0.5189530606639673,-0.7199049872088145,0.30598204382078115,-0.8249351044847484,0.29586623726292516,0.339764755397011,0.43067821939025375,0.2816454590293038,,,,,,,,,,,,,,
en,vowel,phone,IPVS_PD_b85147c7,1,M,i,2,274,-0.21138752835342683,0.3776418277657176,0.05387977205486183,0.995469925633396,0.09649805625878184,0.38300176880445824,-0.6318331166024668,0.7262779739965876,-0.47722334019749996,-0.5889821984771505,-0.8154145145272634,0.20406200792864862,-0.7930442064057991,0.4100539772287171,0.4669040115668363,0.46074232908638746,0.445145189041274,,,,,,,,,,,,,,
en,vowel,clean,IPVS_PD_b85147c7,1,M,o,1,818,0.446709513512811,-0.945320167434894,0.8853230741692752,-0.6765820245008644,0.9055593018609334,-0.3515489684130118,-0.5576528944377976,0.6389086227750451,-0.48854242607466575,-0.4046831502374716,-0.9864877238869667,0.5586246075714386,-0.9633077578089102,0.3716588112283659,0.22542785398597248,0.465374011061886,0.40132576916304286,,,,,,,,,,,,,,
en,vowel,phone,IPVS_PD_b85147c7,1,M,o,1,818,0.8990952667242628,-0.9942536990392984,1.3781820364235862,-0.6879021218576566,1.31036636221215,-0.24674827251129033,-0.5499342160102555,0.561598311939345,-0.6837314388192282,-0.26576613731742876,-1.100549609650199,0.4832878139483311,-0.7490539512657598,0.39068880048921634,0.17571641932855686,0.3541320117774439,0.2760334943870891,,,,,,,,,,,,,,
en,vowel,clean,IPVS_PD_b85147c7,1,M,o,2,282,0.4061357229071505,-0.7680307113072451,0.834725058779997,-0.4983101989416515,0.768795599218677,-0.2710756211596377,-0.5732694590792936,0.8147828387863496,-0.20540271550416947,-0.12448186146862367,-0.8521472834488925,0.6279030349215164,-0.7523848963901401,0.6510727013668248,0.28673184326090895,0.4246840178720972,0.34850155538479405,,,,,,,,,,,,,,
en,vowel,phone,IPVS_PD_b85147c7,1,M,o,2,282,0.8414581519715926,-0.6725121723378406,1.2843549935256733,-0.4546758032896939,1.2273861958700067,-0.1994362720671822,-0.729698047041893,0.7651459423058173,-0.39686954205527025,-0.06087384727947852,-1.1280171632766725,0.6184829723966472,-0.6793568196761257,0.625930000447347,0.29427807798228556,0.37307854361878723,0.34764781469694583,,,,,,,,,,,,,,
en,vowel,clean,IPVS_PD_b85147c7,1,M,u,1,640,-0.031299735962723695,-0.5335816650961837,0.5025875334783146,-0.155508539872244,0.5139294564335918,0.2099851880533,-0.7074920145096257,1.0565698724240065,-0.25444333301857114,-0.21940362457341203,-0.9065590147705128,0.5996306957677007,-0.8190343203411127,0.4335254634899128,0.49074042181529487,0.3539347357775618,0.3946715038129506,,,,,,,,,,,,,,
en,vowel,phone,IPVS_PD_b85147c7,1,M,u,1,640,0.13476797895661244,-0.3174547823534037,0.6044819471038257,0.010801162415494522,0.6791669881980246,0.013249828674209615,-0.7659408363203207,0.9209515590531131,-0.6329570362965266,-0.2746049950850041,-1.1315332494365673,0.5717736407386838,-0.8463786358236879,0.49405594558006044,0.45781980020526,0.4030546200577141,0.4794082782282821,,,,,,,,,,,,,,
en,vowel,clean,IPVS_PD_b85147c7,1,M,u,2,293,0.03341268078755524,-0.3272927846275481,0.6362866505896304,0.1151917791467602,0.6584629457717561,0.5501445568887527,-1.0187693524495356,1.485494651026645,-0.5551812479556617,-0.16639265603264847,-1.3411743913666676,1.038763940881538,-1.2051565969141864,0.4440575104108572,0.6660858022956935,0.6459139839319185,0.6284899933098863,,,,,,,,,,,,,,
en,vowel,phone,IPVS_PD_b85147c7,1,M,u,2,293,0.3049215632306654,-0.33206927448006,0.8483796586087868,0.0011167242533743045,0.8936597326886182,0.21998690413889913,-0.9668828343267495,1.1795772530433148,-0.666266411206143,-0.2403674475048895,-1.3781125200333568,0.870183767719289,-1.1105512152241785,0.33777651121148766,0.5070909207580732,0.6924950165333423,0.42598447991195976,,,,,,,,,,,,,,
en,vowel,clean,IPVS_PD_283812f2,1,M,a,1,965,0.26699910890664874,-0.6219239379303443,0.8055217834591659,-0.3684280037056391,0.9186313532177031,-0.3546508302291234,-0.632838050781754,0.6911453589256563,-0.7973287685135692,-0.5213673524880245,-1.1762141828298156,0.5942365187855634,-1.1156038712735878,0.29107620055583777,0.2673070720750599,0.373681471686374,0.31912140524302257,,,,,,,,,,,,,,
en,vowel,phone,IPVS_PD_283812f2,1,M,a,1,965,0.41790835551647326,-0.8854270362792237,0.997123349258525,-0.4691763051845043,1.0424530715625315,-0.3547921220873304,-0.7258306762818022,0.6938257964266809,-0.9372385127762645,-0.5090417497773656,-1.3654362197984686,0.6389191837077365,-1.1479609334851022,0.2573090296427187,0.3339421122853369,0.4416749662649313,0.22796032722805395,,,,,,,,,,,,,,
en,vowel,clean,IPVS_PD_283812f2,1,M,a,2,268,-0.06080970444061138,-0.18724887643331362,0.4617592246260172,-0.12800465248249196,0.6177654557022048,-0.21716208985926191,-0.7311674229524754,0.9263262985113226,-0.7140461699462232,-0.5630170545184318,-1.159298833505607,0.8080728469807424,-1.3710899014991742,0.27248691533044817,0.2789894736739441,0.2522059560478368,0.2806788007985019,,,,,,,,,,,,,,
en,vowel,phone,IPVS_PD_283812f2,1,M,a,2,268,0.4279925869202908,-0.6611001530179271,0.9466324360282333,-0.3315778625784097,0.9776945184042425,-0.2792058723208345,-0.8215908998692477,0.7534876996536314,-0.6750905107200882,-0.39877553895851714,-1.2973905941586437,0.7442010489786849,-1.142976587937202,0.34124356138582335,0.5214941141844354,0.32524088318830435,0.31167333455438234,,,,,,,,,,,,,,
en,vowel,clean,IPVS_PD_283812f2,1,M,e,1,751,-0.09999195920786678,-0.07311593435556027,0.2263891660585636,0.34205524326031594,0.25780406174665016,-0.00957251279026336,-0.3443481357491466,0.2751799916183605,-0.3766147341339657,-0.3550665151996914,-0.5527922648878689,-0.12492008838480434,-0.23014642681488706,0.3708900557957496,0.365572953393564,0.394502261529212,0.1945523005356561,,,,,,,,,,,,,,
en,vowel,phone,IPVS_PD_283812f2,1,M,e,1,751,0.4378643767730624,-0.3655747986355272,0.8988979157151246,0.2527475285358281,0.9481925843428085,0.16948386970618348,-0.5329357116687589,0.4569683095353538,-0.6704491209693071,-0.2692532567286703,-0.8941946001248455,0.05558409965173765,-0.32483735638040795,0.2948668202266772,0.32276204743030296,0.43703833815396204,0.18875744398039615,,,,,,,,,,,,,,
en,vowel,clean,IPVS_PD_283812f2,1,M,e,2,295,-0.09800710061849174,-0.032569601458344755,0.2279190265357831,0.21157722663407946,0.29734334989456135,-0.21368516830064482,-0.5020986416582334,0.3733776886079271,-0.4605335972066653,-0.47726135755662863,-0.644054289254765,0.013048950088142003,-0.4903103076447706,0.46142852090893266,0.3292570511375716,0.3141488803914371,0.4740775051808232,,,,,,,,,,,,,,
en,vowel,phone,IPVS_PD_283812f2,1,M,e,2,295,0.3147562084730062,-0.2588132267112786,0.6194636019441367,0.18537288121247697,0.6489997499406674,-0.22203288130504265,-0.41614213897346775,0.32995182654615174,-0.48881221684695636,-0.364692242047881,-0.6551878040624877,-0.0657550037054524,-0.29893723834242864,0.4601673650762394,0.371155432384477,0.33660157435378607,0.46993124573610295,,,,,,,,,,,,,,
en,vowel,clean,IPVS_PD_283812f2,1,M,i,1,494,-0.9119254701689585,0.6222236584997017,-0.4915267213078953,1.1801361433611621,-0.4568350658620764,0.7721998979081244,-0.8256498743223664,1.2373386475463841,-0.5651340728638156,-0.6261449399960521,-0.9475647291081064,0.5578181809126931,-1.1839631209087451,0.3550556513009725,0.23762028993899786,0.3589305912568911,0.2170304819350038,,,,,,,,,,,,,,
en,vowel,phone,IPVS_PD_283812f2,1,M,i,1,494,-0.2098440387905044,0.139686021078753,0.23486533966040452,0.8659178211584987,0.2684553933123614,0.6543659117797878,-0.775579914650661,0.94718418417861,-0.46126904488609943,-0.5588357087549747,-0.9700024996027851,0.5051537123039965,-1.0639894210589713,0.16818985539110476,0.33538435844422065,0.44930265858440865,0.10538552594606142,,,,,,,,,,,,,,
en,vowel,clean,IPVS_PD_283812f2,1,M,i,2,274,-0.7780569118548588,0.6152440711676356,-0.33315602788724097,1.1978629935218628,-0.21101929624396634,0.7251974453768099,-0.8243344228669821,1.2683780423129898,-0.5655534369758812,-0.6251188766166388,-0.9225589694028877,0.5809925071087229,-1.2061113837253616,0.49191990858748696,0.34212867524027146,0.4660645461946523,0.5010359872619591,,,,,,,,,,,,,,
en,vowel,phone,IPVS_PD_283812f2,1,M,i,2,274,-0.4177185200065015,0.4259321615997567,0.03543565799313855,1.0659093885536652,0.16227471352700729,0.5802528933588281,-0.9186406555664108,1.0650987100888447,-0.6979046755705971,-0.7394023181713489,-1.0718368744275657,0.408289155013949,-1.1476914731852979,0.3090664031354777,0.39510743888400723,0.4335043949189189,0.3357436737895145,,,,,,,,,,,,,,
en,vowel,clean,IPVS_PD_283812f2,1,M,o,1,588,0.24348182972036514,-0.524662719060809,0.7402546654144923,-0.3574490731971412,0.7811548102036708,-0.28510184064086547,-0.7110068254214895,0.8748938662689284,-0.7550094192900226,-0.49441279870810484,-1.2146461423339143,0.7326017794499206,-1.2270145781580253,0.12555149718618921,0.414362657143876,0.5028889633214992,0.12574589530496968,,,,,,,,,,,,,,
en,vowel,phone,IPVS_PD_283812f2,1,M,o,1,588,0.552361388159337,-0.718725077849997,1.0407611466733748,-0.5011978653696297,1.061380022284338,-0.5142946637703874,-0.6803026399706716,0.6634991000390659,-0.9004306933595299,-0.499092127917345,-1.3053006997889718,0.6558676426756685,-1.1549597705930135,0.22260828346596825,0.31255412793065807,0.4816302646916188,0.14626377476401994,,,,,,,,,,,,,,
en,vowel,clean,IPVS_PD_283812f2,1,M,o,2,281,0.2843702580096454,-0.29929755839723104,0.8279925441953557,-0.17022782581797719,0.9133744386173565,-0.18805831018284228,-0.9107955253335851,1.1580778092322266,-0.8893349544536433,-0.454702316083499,-1.4266473918976867,0.9861852355609985,-1.4408875516444974,0.21798751574467778,0.11783180950649566,0.4555248093309103,0.18842002210490275,,,,,,,,,,,,,,
en,vowel,phone,IPVS_PD_283812f2,1,M,o,2,281,0.614448550361148,-0.5784365525965155,1.0523445613285494,-0.5103562975070886,1.0663229429862908,-0.6368398877114234,-0.7476568592370615,0.796736715284325,-0.8755681332222809,-0.49050307772039664,-1.3678256424926443,0.8580651531910756,-1.3485682309114722,0.19969195736399506,0.1215138433649272,0.4523992127621022,0.14990161132286722,,,,,,,,,,,,,,
en,vowel,clean,IPVS_PD_283812f2,1,M,u,1,555,-0.772396923990937,0.28255200350248777,-0.1043911974082838,0.7811657803821134,-0.11388847903088406,0.9359958831433419,-1.2597784002621968,1.9002556528773036,-0.9113418418276418,-0.5905674513619583,-1.5666189079170112,1.0542518304990935,-1.6448192818610519,0.2091215699824317,0.36539426806905617,0.3166769455860791,0.3106246650993161,,,,,,,,,,,,,,
en,vowel,phone,IPVS_PD_283812f2,1,M,u,1,555,-0.18078216498678512,0.032323940290703075,0.4431076933134783,0.42619044993732785,0.5732450169306975,0.6207123379986565,-1.0316458696180635,1.4809710244695704,-0.8715565317833388,-0.4337466567665249,-1.463005937703021,0.9361716306099931,-1.369918287376518,0.09323854228204906,0.2266833735813174,0.3069904673804953,0.202613051817821,,,,,,,,,,,,,,
en,vowel,clean,IPVS_PD_283812f2,1,M,u,2,306,-0.1177596738157065,0.084541040432194,0.4495820773198553,0.5327697546909684,0.4703451515701802,0.6281017533948888,-1.1701365210439847,1.7059038339749626,-0.9516392836914115,-0.4874766618013382,-1.5554464038299478,1.276106137458397,-1.7635827992597353,0.427875757684319,0.3108422438557109,0.2703278061902633,0.31348658317518535,,,,,,,,,,,,,,
en,vowel,phone,IPVS_PD_283812f2,1,M,u,2,306,0.2731294471608556,-0.0422829144998737,0.8688990134421898,0.42911768704652786,0.978653278849695,0.6400462429484596,-1.0420945714349332,1.5164115234561588,-0.8510064165229383,-0.21361163392177093,-1.5108487197886342,1.1720065432398215,-1.3856181771615925,0.4568302679960554,0.4216380456158809,0.28501632690712286,0.3717565057389674,,,,,,,,,,,,,,
en,vowel,clean,IPVS_PD_37ac75bd,1,F,a,1,450,0.34521752816659435,-0.5082204907028763,0.40963975494658506,-0.23826127306178765,0.29411239844781384,-0.278478596828602,0.2803614990854705,-0.29534842780342807,0.6843606646138208,0.20132448355908747,0.44808299283462544,-0.25938822438733444,0.46071270794642194,0.15888789813981244,0.19060641456474736,0.2657080105368856,0.19788438337094139,,,,,,,,,,,,,,
en,vowel,phone,IPVS_PD_37ac75bd,1,F,a,1,450,0.5200466601936905,-0.5217509588709583,0.5951308812256213,-0.24538541789408083,0.493522038227982,-0.35378297876428677,-0.15104895294816406,-0.18206776297754712,0.4265539846486516,0.07120263984909764,-0.03746307493635902,-0.2387181028516756,0.30992074270077324,0.21753569307319842,0.15999731918510204,0.2056976708554525,0.24311125514326432,,,,,,,,,,,,,,
en,vowel,clean,IPVS_PD_37ac75bd,1,F,a,2,278,-0.1419770240428902,-0.5284100676931086,0.15975474060646125,-0.23568259702906721,0.19544452765867823,-0.20099195997629846,0.009942562186292239,-0.15680044712055297,0.4200298187455961,0.03712504374839011,0.0808496070759637,-0.2555531028746849,0.292678146623075,0.13153247572606777,0.19478346215471853,0.23412919434390933,0.12252651164762825,,,,,,,,,,,,,,
en,vowel,phone,IPVS_PD_37ac75bd,1,F,a,2,278,0.045937175019865946,-0.5307290123864299,0.3707289421664817,-0.1688724420077744,0.36528560022513074,-0.124349627732521,-0.1816603975991408,0.1123477155786185,0.2246879662076632,0.00020437798507156826,-0.22048756178645862,-0.04351405280509165,0.04371843079016322,0.1280697893785373,0.3655587793856644,0.38155094609020845,0.24939709757947956,,,,,,,,,,,,,,
en,vowel,clean,IPVS_PD_37ac75bd,1,F,e,1,586,-0.12463533531197092,-0.11384218651801348,0.18676394135267896,0.24471672586250034,0.17788780252025885,0.07158542542972347,-0.20217341440729797,0.42495247776704753,-0.05200220917520875,0.01012207873546603,-0.3243885244433345,0.08389185080093077,-0.07376977206546474,0.3733568620983949,0.3700004808226099,0.3618876041160943,0.3642241089050869,,,,,,,,,,,,,,
en,vowel,phone,IPVS_PD_37ac75bd,1,F,e,1,586,0.23669207413596186,-0.11706035465679386,0.5634472219866108,0.24924920516257937,0.591587482274256,0.030938543929633768,-0.4042300858365541,0.4827305274507539,-0.32034706125374546,-0.04621346292763271,-0.6153868316164748,0.07309190740025687,-0.11930537032788958,0.31694972653875014,0.36387000156141286,0.3753707944848221,0.2688820196359842,,,,,,,,,,,,,,
en,vowel,clean,IPVS_PD_37ac75bd,1,F,e,2,150,0.3362892296579149,-0.31488996032211514,0.7145129520032141,-0.08298886352115208,0.7527304098010064,-0.07348792420493232,-0.1777112608982457,0.3229023728105757,0.2573371335864067,0.3634015599058734,-0.20911713879969385,0.059610074199736116,0.3037914857061373,0.2316557287778999,0.28311973498810883,0.17943886637006962,0.4088156391375271,,,,,,,,,,,,,,
en,vowel,phone,IPVS_PD_37ac75bd,1,F,e,2,150,0.6013038193186124,-0.1731724187731743,0.9344735211796231,0.15092916836341222,0.9596770568026437,0.08220010466045803,-0.4577606351011329,0.5159079399373796,0.024534856445259517,0.25154070713453824,-0.5481045832236607,0.18945086745338308,0.062089839681155154,0.43058045773121223,0.1931806599512315,0.19813104836654777,0.4223083488008682,,,,,,,,,,,,,,
en,vowel,clean,IPVS_PD_37ac75bd,1,F,i,1,786,-0.43187829924715776,-0.0020219162422216545,-0.031517367873151424,0.4016691458616721,0.0196923705417726,0.14955319214801668,-0.46864812994786237,0.8330402121389822,-0.23744941209206136,-0.18756949415398858,-0.5756219519949439,0.331819977046985,-0.5193894712009736,0.441246910663352,0.4238730662079774,0.5257807470613954,0.2180929078294976,,,,,,,,,,,,,,
en,vowel,phone,IPVS_PD_37ac75bd,1,F,i,1,786,-0.029297708328497613,0.033223024711517966,0.46824792545225663,0.4971334593907251,0.5685358698464046,0.34767575299967146,-0.7807074873629263,1.0699275226600595,-0.5834129954356764,-0.21066119465029845,-0.9851713467831329,0.4601699469050677,-0.6708311415553662,0.4022018463817982,0.4934600842839911,0.5422227276448434,0.3177304264584047,,,,,,,,,,,,,,
en,vowel,clean,IPVS_PD_37ac75bd,1,F,i,2,337,-0.26825772446070983,-0.0706069926763403,0.10029767438989555,0.17902289470428318,0.12746612125723233,0.035818027525112546,-0.8135027588147835,1.1424430391838398,-0.7424812410852591,-0.4790230373223427,-1.1037193178543316,0.7862487680787964,-1.2652718054011391,0.6417526176545116,0.40313351104859485,0.4194005176013998,0.571607111400158,,,,,,,,,,,,,,
en,vowel,phone,IPVS_PD_37ac75bd,1,F,i,2,337,0.39121177330099305,-0.18826433267499426,0.8606865850135024,0.2400749064431402,0.9233142480327579,0.3264634098325457,-0.8782692089897072,1.1158137944678368,-0.9136041255273255,-0.2796948850338389,-1.298842021103563,0.8263945359589872,-1.106089420992826,0.44492250764565,0.4311567704259984,0.48396287582225195,0.3782133511309368,,,,,,,,,,,,,,
en,vowel,clean,IPVS_PD_37ac75bd,1,F,o,1,299,0.28779011791911574,-0.29754753443746934,0.5405992039824059,-0.21367719250818643,0.6087679264459821,-0.36386869370278735,-0.37280183462477523,0.4645422943224564,-0.34130075433965545,-0.08643171051259857,-0.7088207805024985,0.5679262536706516,-0.6543579641832502,0.443518392089013,0.3172018233415686,0.3803790327837057,0.4407451521287241,,,,,,,,,,,,,,
en,vowel,phone,IPVS_PD_37ac75bd,1,F,o,1,299,0.7746386748651115,-0.472852340636991,0.9908786436635486,-0.30671010491597717,1.0252144662714795,-0.49935626588473664,-0.4455599122119872,0.36911162133045616,-0.5186257581355164,-0.0032240157298620235,-0.8388708496250171,0.40863408667977014,-0.41185810240963217,0.4042679381614421,0.41073544198436185,0.4999548409097987,0.3194310571751036,,,,,,,,,,,,,,
en,vowel,clean,IPVS_PD_37ac75bd,1,F,o,2,297,-0.3029274448502663,-0.5218389491295682,0.09663991288765848,-0.5400612245225374,0.1308052458243663,-0.6115166929514049,-0.4206092977823492,0.5827329606650262,-0.6359847995489003,-0.6666467632661318,-0.9793496292563124,0.6694168297979752,-1.336063593064107,0.294928563867847,0.3571827126323031,0.44245978811635756,0.2901943713782218,,,,,,,,,,,,,,
en,vowel,phone,IPVS_PD_37ac75bd,1,F,o,2,297,0.3225057345695336,-0.7955206590990781,0.7751285533665279,-0.691164280449212,0.8521034722554617,-0.6256578257463498,-0.5715569958673509,0.5475335845401167,-0.7402491335595787,-0.5777113934219217,-1.1520194864139877,0.5535094337902089,-1.1312208272121305,0.11322137141148134,0.3061054022754169,0.376019467216104,0.17798604985747726,,,,,,,,,,,,,,
en,vowel,clean,IPVS_PD_37ac75bd,1,F,u,1,704,-0.36103336752023335,-0.29226618112539343,0.324491772097799,-0.22059561234881292,0.5260662800579701,-0.05093056944040757,-0.8564223498106003,1.2488310439687855,-0.7819260410823912,-0.6501425776700929,-1.361295461092355,1.0467827961129963,-1.6969253737830892,0.3388755107726875,0.28213694752864227,0.26956677224951925,0.24062395718912832,,,,,,,,,,,,,,
en,vowel,phone,IPVS_PD_37ac75bd,1,F,u,1,704,-0.014285067096352577,-0.4810705085829744,0.7923088428335932,-0.3245276912765683,1.0453166544156254,0.0358338834331283,-1.1493331528497193,1.368849236307279,-0.936033391094995,-0.5520372531851226,-1.6986197699915688,1.1196761193140499,-1.6717133724991724,0.26899190608610213,0.2507798272501146,0.31894858904912554,0.17667646249461422,,,,,,,,,,,,,,
en,vowel,clean,IPVS_PD_37ac75bd,1,F,u,2,281,-0.2980367560711133,-0.36637027676288897,0.4552405291407771,-0.3476949198358863,0.6734301677116981,-0.15251494194628926,-0.9212203805263226,1.1788038932360136,-0.6203677224866032,-0.4744646076179115,-1.310426024995612,0.9514215570935131,-1.4258861647114245,0.31489162372657264,0.29176236854235144,0.52994269620958,0.5505144932986406,,,,,,,,,,,,,,
en,vowel,phone,IPVS_PD_37ac75bd,1,F,u,2,281,0.1571327728279949,-0.5185328235287638,0.9885268525259029,-0.33138555967243466,1.2279326016380943,-0.0019536737859601806,-1.1545522745544388,1.2888760940563044,-0.6459727436304092,-0.44906030441000616,-1.594857675789376,1.0761508126936015,-1.5252111171036078,0.4282487101238126,0.2120833822850263,0.5111284436984866,0.5713668938937652,,,,,,,,,,,,,,
en,vowel,clean,IPVS_PD_7f660571,1,F,a,1,574,0.3549636514545176,-0.5122410496104659,0.6425745056974406,-0.401897574995639,0.7436767636093101,-0.5270712982454052,-0.38840679880339285,0.3066891843636084,-0.028487417416248707,-0.18320441818823016,-0.4967893395745169,0.17892313482121408,-0.3621275530094442,0.07859643619273024,0.1749483479963038,0.25913701453863647,0.05630381520534997,,,,,,,,,,,,,,
en,vowel,phone,IPVS_PD_7f660571,1,F,a,1,574,0.711859955780768,-0.7147081176066674,0.9612260268775025,-0.566998672450898,1.0278556621660386,-0.7541869205632651,-0.4008539601342182,0.21440414076595637,-0.17002351995492945,-0.21099072149981654,-0.6114517439996576,0.1755309942248412,-0.3865217157246577,0.07345070969689635,0.2145165803382027,0.30737385861137995,0.04108271090167053,,,,,,,,,,,,,,
en,vowel,clean,IPVS_PD_7f660571,1,F,a,2,281,0.06378270906104139,-0.48759225460551897,0.42434104236625353,-0.36910385281376584,0.571872132417013,-0.522816238054157,-0.39674650097387076,0.31587174719960026,0.06736978218400266,-0.1436352203848094,-0.4973152032088951,0.18722747890113373,-0.33086269928594314,0.0780879679852765,0.11101828619369877,0.11350138040760821,0.04246586835865655,,,,,,,,,,,,,,
en,vowel,phone,IPVS_PD_7f660571,1,F,a,2,281,0.24234529783034467,-0.5929286375906341,0.6087775056707788,-0.48147775329781706,0.6834251404513975,-0.6610469103035842,-0.505001415338742,0.4077401776638257,-0.05656289772169124,-0.12058352767186757,-0.6974401160545604,0.19652792567817065,-0.3171114533500382,0.059713829247104,0.06362816488365974,0.09217062416797696,0.055613582396458354,,,,,,,,,,,,,,
en,vowel,clean,IPVS_PD_7f660571,1,F,e,1,411,-0.1126358497601289,-0.14898304381833868,0.3018984337929289,0.3289110940477626,0.3628446235347856,0.14292070510899008,-0.422332212449568,0.44130965427831115,0.030933698601568277,0.06103148006717203,-0.41565900721289367,-0.058142355760099435,0.11917383582727147,0.4399718661017641,0.47493563787855925,0.5958773412578016,0.6137635673554467,,,,,,,,,,,,,,
en,vowel,phone,IPVS_PD_7f660571,1,F,e,1,411,0.2073079356056476,-0.28740638651345907,0.6027236246628317,0.0625273674605829,0.6604055029298612,-0.19528079805103873,-0.5180123318665424,0.40065896293894965,-0.230983938222472,-0.06944676536900794,-0.6295164924280846,-0.14778097788331962,0.07833421251431168,0.48033402823045807,0.4790358660597853,0.4858248278006606,0.5283675175860008,,,,,,,,,,,,,,
en,vowel,clean,IPVS_PD_7f660571,1,F,e,2,281,-0.1448909650892901,-0.016498751012531256,0.2345265730245579,0.2845406361232848,0.3183748084588869,0.08301694047521557,-0.363997194453104,0.36859884531892967,0.22144360029133114,0.2032783242196021,-0.2921901996848146,-0.03087974794914384,0.23415807216874593,0.47295606212237656,0.5189920679584326,0.7289841026244355,0.4122414963084962,,,,,,,,,,,,,,
en,vowel,phone,IPVS_PD_7f660571,1,F,e,2,281,0.11955840779832129,-0.26991066389535306,0.5024858727257633,0.040085436677086285,0.5883571729504851,-0.21013741750688947,-0.4727708317295334,0.2603720040363673,-0.020011328204849063,0.1054722420738999,-0.5459728456989548,-0.11569243712494007,0.22116467919883995,0.5059406888819535,0.2932466412232425,0.5301695032399427,0.42146025989481384,,,,,,,,,,,,,,
en,vowel,clean,IPVS_PD_7f660571,1,F,i,1,368,-0.8025890180656502,0.5348570861660682,-0.329747507902416,0.833757745790052,-0.24408914927426759,0.5969794561734071,-0.8142499661257675,1.4779207687657159,-0.5244368477850347,-0.3607469560528124,-0.9425734680246662,0.7280550525599235,-1.088802008612736,0.29975842056130675,0.3772968636650644,0.3601844014102962,0.25598625721838114,,,,,,,,,,,,,,
en,vowel,phone,IPVS_PD_7f660571,1,F,i,1,368,-0.4055321040722701,0.22940351652937965,0.03749463176942087,0.547964295288464,0.12074633009798892,0.3151916125201964,-0.8363924332567163,1.2547708706812815,-0.7739695509946024,-0.38840770004904485,-1.1043175809286736,0.5859177394661012,-0.974325439515146,0.19351635268736142,0.21140688671735622,0.2138295966413339,0.1877418695796414,,,,,,,,,,,,,,
en,vowel,clean,IPVS_PD_7f660571,1,F,i,2,274,-0.5309182712471628,0.3557590581925519,-0.05176295223365347,0.7964564145329487,0.013350658298256886,0.7098118141293526,-1.0113152388528168,1.5260546537766975,-0.4733324552246605,-0.540426073842738,-1.0767368112342903,0.7691010925694403,-1.3095271664121784,0.3608430212347145,0.4924691188431216,0.44536375412567514,0.36394899567212313,,,,,,,,,,,,,,
en,vowel,phone,IPVS_PD_7f660571,1,F,i,2,274,-0.0513589597610106,0.2617854023554239,0.3224120172391455,0.6141674981777927,0.3850740017481597,0.3919458529317235,-0.8972883222691984,1.237803885556129,-0.6949145108999977,-0.6567987279899149,-1.1892062425613403,0.6136013916861939,-1.2704001196761088,0.24421667913656053,0.395680297378353,0.4312906278271857,0.19219174551277848,,,,,,,,,,,,,,
en,vowel,clean,IPVS_PD_7f660571,1,F,o,1,427,-0.12966808444794978,-0.21846151224370133,0.3407518108183308,-0.08411213970137942,0.35786559215315583,0.006964998312497417,-0.585561917565676,1.0740510022361918,-0.6496561003798177,-0.4538452476263046,-1.0440272112532811,0.8374950659573658,-1.2913403135836705,0.4171630679231497,0.47700692867659844,0.5136398936366057,0.24913372342156753,,,,,,,,,,,,,,
en,vowel,phone,IPVS_PD_7f660571,1,F,o,1,427,0.3808423371746382,-0.38832743106417156,0.7775092544142838,-0.3051061651702057,0.7663140401881956,-0.2774826008754018,-0.563721373445329,0.8293298198207343,-0.7586674166676599,-0.4785994105041027,-1.1319916375880112,0.6558434347828654,-1.1344428452869681,0.3541167347291839,0.47538569133883907,0.5629828525682118,0.2221404732817644,,,,,,,,,,,,,,
en,vowel,clean,IPVS_PD_7f660571,1,F,o,2,287,0.12107559487309759,-0.2734363115247274,0.5507335211500267,-0.1467959772300169,0.604461113410878,-0.005561521546000001,-0.5592920938668223,1.0584854683435032,-0.4164909611892149,-0.3201034696546593,-0.974259982391589,0.9341265150814215,-1.2542299847360807,0.21372569636391137,0.3199453199976653,0.5262759417330042,0.18530395242470973,,,,,,,,,,,,,,
en,vowel,phone,IPVS_PD_7f660571,1,F,o,2,287,0.45463900939922114,-0.45446060744324174,0.8443602581933743,-0.3705193233283269,0.8299403459350497,-0.20677814257971813,-0.6016302949431315,0.8926334319948461,-0.5097889110359842,-0.27431057169602785,-1.0838863362122133,0.7878326802390676,-1.0621432519350955,0.25611905989475087,0.35918236559595906,0.5302985224861183,0.32332749962802404,,,,,,,,,,,,,,
en,vowel,clean,IPVS_PD_7f660571,1,F,u,1,664,-0.02398068841546774,-0.34450270228087904,0.7360148629173636,0.06325130004435778,0.8147428452596068,0.42592832434922456,-0.7836433275416493,1.2453886416554452,-0.738762509226799,-0.3766674941498786,-1.1993368948996066,0.8512004870921374,-1.227867981242016,0.32435607837224195,0.23469364473582607,0.24788279155503862,0.29195859293545434,,,,,,,,,,,,,,
en,vowel,phone,IPVS_PD_7f660571,1,F,u,1,664,0.269687412828207,-0.6183373359218239,1.1066303035616876,-0.2980777615308762,1.2342977644503117,0.17251931484788657,-0.8128519447520375,1.1692580622434616,-0.8856247432902455,-0.2587681510858238,-1.3585334238409996,0.8821845487505198,-1.1409526998363435,0.1910737969419067,0.2201281172822705,0.21484929685947068,0.18671923676100918,,,,,,,,,,,,,,
en,vowel,clean,IPVS_PD_7f660571,1,F,u,2,274,-0.29850560633173906,-0.5039701713136879,0.5174123745366751,-0.1711282976959125,0.5725825472948063,0.2856660282396408,-1.06067079844245,1.3788540729557175,-0.6543919671192227,-0.3177358484770878,-1.3149609400565365,0.8750158740454409,-1.1927517225225288,0.5072258402249117,0.43430250249033325,0.44093542933269414,0.31122665754303547,,,,,,,,,,,,,,
en,vowel,phone,IPVS_PD_7f660571,1,F,u,2,274,0.08513273101255119,-0.605520297425339,0.9312405726277685,-0.2639921742031373,1.0441454446100327,0.20997314900159836,-0.9894729340112353,1.273731702063457,-0.7329311876232365,-0.21250950163566923,-1.3774818727769047,0.9072365568703916,-1.1197460585060608,0.46195406837328734,0.5409500537333642,0.5599613891718839,0.3369734349170645,,,,,,,,,,,,,,
en,vowel,clean,IPVS_PD_d0de0fb0,1,M,a,1,395,0.1065873609942223,-0.6719134809598641,0.4481232316559377,-0.5101683141058507,0.5049520228608249,-0.5368511215292452,-0.4733051477228036,0.5922745526591434,-0.21692619142653066,0.06310353880818886,-0.7357996138842297,0.5346907380150969,-0.47158719920690806,0.1510526802932231,0.2815941517927828,0.40867798659197463,0.1719768914898566,,,,,,,,,,,,,,
en,vowel,phone,IPVS_PD_d0de0fb0,1,M,a,1,395,0.44934942708488257,-0.7410717737951359,0.8286250570026631,-0.5506888391599374,0.827294156143937,-0.5569838468409791,-0.5999509939916023,0.5399672598401203,-0.6530243524267704,-0.09764511650624658,-1.0665286759283976,0.5654943528258977,-0.6631394693321442,0.13512319079818563,0.22362386514445354,0.3708105242102172,0.1453096554632737,,,,,,,,,,,,,,
en,vowel,clean,IPVS_PD_d0de0fb0,1,M,a,2,268,0.09291063828600778,-1.03660976022114,0.5990157971779505,-0.8157703436819124,0.5849972274384381,-0.6339656551495011,-0.38411032574044335,0.38658757930920445,-0.12022117185003964,0.03714696879004255,-0.6074985963878808,0.27461709336228207,-0.23747012457223954,0.12284987003711341,0.12331075191560419,0.18326273509585142,0.15769927259359667,,,,,,,,,,,,,,
en,vowel,phone,IPVS_PD_d0de0fb0,1,M,a,2,268,0.5748579272149522,-1.0580192936791315,0.9963490970340776,-0.8463130288837869,0.9268960146992294,-0.7429806787842586,-0.4078968425775752,0.21086310586075724,-0.5643085066551043,0.0009171130296624736,-0.8162378602557712,0.16925366445915935,-0.16833655142949688,0.22655989599654983,0.11274175184222003,0.16917197517544716,0.19432069310150352,,,,,,,,,,,,,,
en,vowel,clean,IPVS_PD_d0de0fb0,1,M,e,1,437,-0.17318803593233056,-0.2690935767195524,0.17416606747152233,0.2585742799388139,0.17322897582453015,-0.07494380837837553,-0.10354217156031285,0.08819442075241654,0.13457130671907286,0.050619956658366966,-0.037764888044319225,-0.31545605384408293,0.3660760105024499,0.26775458486314013,0.29351493939643675,0.3483162234215669,0.2960829321100714,,,,,,,,,,,,,,
en,vowel,phone,IPVS_PD_d0de0fb0,1,M,e,1,437,0.23685208019648216,-0.4068469883371215,0.5596675906231194,0.09854134027722217,0.583650986731279,-0.18414207709379524,-0.043033263812500264,-0.009779093553358157,0.12648912374737598,0.099977581446615,0.06989689079244327,-0.4839028496606835,0.5838804311072985,0.3239895907176136,0.30707671607326453,0.4484961294202383,0.4066717374497119,,,,,,,,,,,,,,
en,vowel,clean,IPVS_PD_d0de0fb0,1,M,e,2,293,0.06244317252757186,-0.3060494670591785,0.4085936164956982,0.27337666453614745,0.3269201737675963,0.0952821860542405,-0.28579023631952577,0.5486480735957959,0.019735651501154496,0.1108062339704589,-0.29228490780470734,-0.1002680411572847,0.2110742751277436,0.0911488335030578,0.20312249104166955,0.274820874345083,0.21217815471226217,,,,,,,,,,,,,,
en,vowel,phone,IPVS_PD_d0de0fb0,1,M,e,2,293,0.4585251305568016,-0.3684631277949123,0.7158371403729175,0.224206190914084,0.6087267408094837,-0.15702013881866542,-0.3378630219879797,0.3973065475370251,-0.13248738326595327,-0.10765571214553327,-0.4081201372341921,-0.08575852674111134,-0.02189718540442192,0.16006109446223965,0.13961433809780108,0.20090613039369717,0.11534021578485919,,,,,,,,,,,,,,
en,vowel,clean,IPVS_PD_d0de0fb0,1,M,i,1,457,-0.37642229600386184,0.39934469932859595,-0.0577917299487374,0.8042973920432004,0.03422706983306191,0.46364575429396193,-0.4576085518977859,0.9482048745588822,0.09031971768899398,0.01150968757542697,-0.37380391362038523,0.29205592556433246,-0.2805462379889055,0.4362412733153838,0.4084808352413172,0.43945361321369436,0.331857193072977,,,,,,,,,,,,,,
en,vowel,phone,IPVS_PD_d0de0fb0,1,M,i,1,457,0.07872618382627314,0.1605517828464508,0.40198871168223294,0.6071710845015266,0.43694778301499104,0.31934985599734567,-0.5680484025044875,0.8603793878988786,-0.32526564939455554,-0.2589058980074796,-0.746396087706089,0.3646287250451066,-0.6235346230525862,0.3192556354129554,0.5213523687390003,0.4960675069036758,0.30178672269608825,,,,,,,,,,,,,,
en,vowel,clean,IPVS_PD_d0de0fb0,1,M,i,2,287,-0.7082128411083553,0.2986440658569336,-0.30037561722228984,0.6174447195378342,-0.2871912300931236,0.42498259616725015,-0.908217902817478,1.4192811664129268,-0.560375487098115,-0.46326047027042144,-1.00092244871779,0.6606221535819115,-1.123882623852333,0.3573302074577555,0.392158509764787,0.5956466210283453,0.17810567450591513,,,,,,,,,,,,,,
en,vowel,phone,IPVS_PD_d0de0fb0,1,M,i,2,287,0.09797548007413831,0.1591449347190085,0.40977105532767455,0.4327142422943446,0.37264349979127764,0.12239690814059594,-0.9760960678144687,1.1214381039487145,-1.0771517223016376,-0.7411566511916288,-1.381407163735759,0.6744769390327909,-1.4156335902244197,0.3920291454241109,0.46383498490982683,0.48923444894356005,0.16544211257550392,,,,,,,,,,,,,,
en,vowel,clean,IPVS_PD_d0de0fb0,1,M,o,1,473,0.03169951700327689,-0.5797003602249581,0.48233304991011033,-0.3509801338639176,0.5814575177535676,-0.36578696971399743,-0.5034153013375767,0.5344368834506001,-0.12834451784167372,-0.24992773191709267,-0.7136258109619743,0.385125274864728,-0.6350530067818206,0.4569853303961784,0.42112169729886795,0.3690526045356361,0.2860051755687963,,,,,,,,,,,,,,
en,vowel,phone,IPVS_PD_d0de0fb0,1,M,o,1,473,0.40446724661609584,-0.5112719751763762,0.8654266503296401,-0.23280627905276785,0.8670610468638571,-0.266220349543973,-0.6123391029081846,0.7509495828235359,-0.5580715624909652,-0.29804281696938634,-0.9899084801213783,0.5533100391493032,-0.8513528561186895,0.26738407990806523,0.21296261915371267,0.317775390801738,0.2401592297412815,,,,,,,,,,,,,,
en,vowel,clean,IPVS_PD_d0de0fb0,1,M,o,2,312,0.1175856889086835,-0.46310546304634276,0.5384072832604672,-0.36288241828058626,0.5579675772881254,-0.3370611713604724,-0.6457649272807101,0.8734091338008008,-0.4249921483086779,-0.12323983952878638,-0.9410001173258778,0.5838081189233096,-0.707047958452096,0.16889818390304345,0.24463057172171893,0.2922162444079206,0.3178410103019571,,,,,,,,,,,,,,
en,vowel,phone,IPVS_PD_d0de0fb0,1,M,o,2,312,0.8540141404943263,-0.6208875654859746,1.2805593926855858,-0.48416145565979024,1.3527699455301812,-0.538148007335815,-0.6247236849145686,0.6958638669804056,-0.6997154845677792,-0.24975240282080274,-1.1220515788869654,0.5531992454854573,-0.8029516483062601,0.2528085507829167,0.2838963661778325,0.26589441456728835,0.37191528252198236,,,,,,,,,,,,,,
en,vowel,clean,IPVS_PD_d0de0fb0,1,M,u,1,395,-0.10906306927717185,-0.10635152012738497,0.45538376139689096,0.08689535777025585,0.5859346553243162,0.16557026827385657,-0.8469264560107943,1.3366094133521937,-0.9298354888389885,-0.5699544284917131,-1.319616593137572,1.0233933521976954,-1.5933477806894085,0.6757827106168867,0.6330650732983739,0.5837108691085198,0.5316191934552648,,,,,,,,,,,,,,
en,vowel,phone,IPVS_PD_d0de0fb0,1,M,u,1,395,0.4647688585871886,-0.207198302265461,0.9334549388302027,-0.11429204046726227,1.0806767480282844,-0.0949545198352025,-0.8769799016950502,1.136771484014857,-1.1493739006640036,-0.6767860296091953,-1.4972715581519693,0.9580553216773247,-1.6348413512865199,0.8052572244462114,0.5641694802707756,0.48484417940084623,0.5723505426265445,,,,,,,,,,,,,,
en,vowel,clean,IPVS_PD_d0de0fb0,1,M,u,2,287,-0.369839672408352,0.14241723483697527,0.15474888975220608,0.39678165798931453,0.22883199853015085,0.36603225380009996,-0.6777576759371454,1.3092354046816082,-0.6237932968174102,-0.16922871337805181,-0.992272019041756,0.8736583773972671,-1.042887090775319,0.6177146356982227,0.43119801080523995,0.7121058570744776,0.4939995876632269,,,,,,,,,,,,,,
en,vowel,phone,IPVS_PD_d0de0fb0,1,M,u,2,287,0.2833231866704246,-0.11045045487453482,0.6683942749665651,0.011248613368569083,0.8154136336952276,-0.21828585733912584,-0.7667244157694668,0.9997755928191147,-0.907552369584927,-0.49320812247736606,-1.2793486242349437,0.8789116836589024,-1.3721198061362685,0.5377431153250006,0.5221676575187452,0.6436216549644574,0.36320407728360016,,,,,,,,,,,,,,
en,vowel,clean,IPVS_PD_a326f905,1,M,a,1,917,-0.15238919956930752,-0.399983189499746,0.15333651252320804,0.02730547689482867,0.2066628049159872,-0.16170252732486345,-0.5880665960037124,0.5783104365404201,0.029232398662614737,0.025573680079297015,-0.48244223490817145,-0.13952922071930285,0.16510290079859985,0.4850161878795703,0.37238103397815553,0.41593744199514165,0.4781428484408661,,,,,,,,,,,,,,
en,vowel,phone,IPVS_PD_a326f905,1,M,a,1,917,0.31997168472479565,-0.668887023592601,0.7331461583799979,-0.1385523719601536,0.7794016109079718,-0.137930751712266,-0.9007802821979765,0.717038688663995,-0.2597304001017837,-0.06437168136482446,-0.9423542406727744,0.08351053583846443,-0.1478822172032889,0.37892070163930647,0.3546944727523693,0.4182366696069713,0.3698154375571451,,,,,,,,,,,,,,
en,vowel,clean,IPVS_PD_a326f905,1,M,a,2,268,0.004168068093282205,-0.7205634978082445,0.3560228316504278,-0.3969946037288065,0.4294952114607081,-0.6579931649712869,-0.31449267939652925,0.09086471253339155,0.03588419085667457,-0.10268475299264178,-0.33368810790556447,-0.2483211100032484,0.14563635701060662,0.10928931879117283,0.4106085670758843,0.4876835177525639,0.0943104457096694,,,,,,,,,,,,,,
en,vowel,phone,IPVS_PD_a326f905,1,M,a,2,268,0.2342600232841056,-0.7867111189313877,0.6199284907844331,-0.3790653281741672,0.637231484423449,-0.5510190469615254,-0.604387844050372,0.2756219001279937,-0.11485278606414795,-0.04301230991144239,-0.6687255658117341,-0.07688612423055334,0.03387381431911095,0.13756494712633516,0.16242640466216135,0.27873878900584137,0.06749795726437077,,,,,,,,,,,,,,
en,vowel,clean,IPVS_PD_a326f905,1,M,e,1,811,-0.5339847967732368,-0.11515352634801022,-0.13504969275095624,0.5308550748002603,-0.14012353575082775,0.21198242872157871,-0.2960099217766854,0.38175744240533643,0.21981245316029574,-0.0676494171150656,-0.03970015151483567,-0.4430483531482227,0.3753989360331571,0.3500576202615599,0.31596786560094925,0.3543234436033764,0.17990955738737732,,,,,,,,,,,,,,
en,vowel,phone,IPVS_PD_a326f905,1,M,e,1,811,-0.159940470170681,-0.09438440889058906,0.21757369162610424,0.5561209624552874,0.22691109553132457,0.21449267809151135,-0.5517002255703635,0.4642231237655792,-0.12445941125281783,-0.1955943130935854,-0.4796665190916042,-0.19405428505669017,-0.0015400280368952292,0.37965724522629085,0.24835647839895,0.2518496633935246,0.24550640513568722,,,,,,,,,,,,,,
en,vowel,clean,IPVS_PD_a326f905,1,M,e,2,287,-0.3375373281150884,0.0007296167529387281,-0.03286865887614344,0.5358227977173866,0.0001531875546957027,-0.06833727399393313,-0.29793313783028225,0.26168889147525576,-0.09043755812968822,-0.4094265348391037,-0.2582413322491453,-0.3502822432645484,-0.05914429157455533,0.5475352716534614,0.36047654402609114,0.34281754071303255,0.5605877996673825,,,,,,,,,,,,,,
en,vowel,phone,IPVS_PD_a326f905,1,M,e,2,287,-0.026129989524108138,-0.17108873221915583,0.3539284687338537,0.36565567372162217,0.39498194311395546,-0.0705135115826061,-0.6116438959375282,0.3568612765197809,-0.35902931381856773,-0.48303558604221125,-0.6778168502570576,-0.19386807547053161,-0.2891675105716796,0.3229768918566752,0.32758180211998933,0.3819368298163933,0.35707730377398206,,,,,,,,,,,,,,
en,vowel,clean,IPVS_PD_a326f905,1,M,i,1,777,-0.5422360607337134,0.49155682580629306,-0.2751770781500692,1.1015318614257223,-0.3374340716087333,0.7423139269397907,-0.8973241593904108,1.3271818093365213,-0.10401072842916534,-0.23166857205123922,-0.6893076587795446,0.3162622338787072,-0.5479308059299465,0.46974870071601155,0.3455355964183713,0.449921919754412,0.42800939880586936,,,,,,,,,,,,,,
en,vowel,phone,IPVS_PD_a326f905,1,M,i,1,777,-0.22801533264827933,0.22174589128514685,0.14485112754767662,0.9123304770896471,0.17049774693472738,0.6665420006378304,-1.0337043121233742,1.1805282213447947,-0.604871615416488,-0.4091722930141384,-1.0461744188751858,0.4119310739033355,-0.8211033669174739,0.4160844520281262,0.35735981982849147,0.4121604109586822,0.4776541457665538,,,,,,,,,,,,,,
en,vowel,clean,IPVS_PD_a326f905,1,M,i,2,276,-0.3855385265077453,0.2834630789886038,0.04050214059022536,0.7911086549241859,0.049029436815215884,0.47452556889459313,-1.0019975153796643,1.3673133361770446,-0.6884583772485515,-0.3121237434805876,-1.0591210511075444,0.5567782551768314,-0.868901998657419,0.585947057322832,0.36272791827168854,0.3872312661668844,0.40526988764163924,,,,,,,,,,,,,,
en,vowel,phone,IPVS_PD_a326f905,1,M,i,2,276,-0.23042813823165664,0.07367956629359579,0.23433160790836954,0.7038981120988547,0.2599593969174178,0.3324417337236634,-1.0279840977795154,1.0801042120858848,-0.6502034465771124,-0.29879024840262997,-1.1002784497048481,0.4057607493441866,-0.7045509977468166,0.5046243629583077,0.6176603319139528,0.6008456676640777,0.38883714505278716,,,,,,,,,,,,,,
en,vowel,clean,IPVS_PD_a326f905,1,M,o,1,759,-0.0546871859996011,-0.5832175841999263,0.42819035529307775,-0.2108953233229514,0.3946860346217646,-0.18117699199875806,-0.5888571556926556,0.7181691918807426,-0.3887813737212438,-0.18671395547313033,-0.726037155290662,0.21819403847064048,-0.4049079939437708,0.4216751991462628,0.2821444503368623,0.34749566479423405,0.32996901107691745,,,,,,,,,,,,,,
en,vowel,phone,IPVS_PD_a326f905,1,M,o,1,759,0.42787888708078103,-0.62733555228105,0.8504132021634271,-0.3027349074638125,0.7973336271566688,-0.32503716996514304,-0.7283838451952068,0.6152489489877772,-0.6240889127131886,-0.27178281085072514,-0.9912947170452685,0.2868246030168408,-0.558607413867566,0.46063414825478904,0.281419980555645,0.2739469079520092,0.39419911638205424,,,,,,,,,,,,,,
en,vowel,clean,IPVS_PD_a326f905,1,M,o,2,306,-0.15494048708806868,-0.5046972598394622,0.3428983863281167,-0.21746767701014227,0.3081474618419357,-0.1470926144848699,-0.7226662714358257,1.1096319609686085,-0.34337957146699016,-0.36942760897395405,-0.976564435855202,0.7027259253613327,-1.0721535343352868,0.44770152040408184,0.22488124274099736,0.447178682945269,0.5600004965963854,,,,,,,,,,,,,,
en,vowel,phone,IPVS_PD_a326f905,1,M,o,2,306,0.32655287234355573,-0.5310799301318501,0.8209667521650377,-0.3099565682527812,0.8175366834291945,-0.24197188092638616,-0.9966971239318019,1.031879252227752,-0.7175437111569487,-0.46885670717481687,-1.3758974781502848,0.7470682078729505,-1.2159249150477673,0.43939801119293154,0.43568434671046324,0.4590088905030659,0.3494731602396331,,,,,,,,,,,,,,
en,vowel,clean,IPVS_PD_a326f905,1,M,u,1,572,-0.1596083754110475,0.26887278492714084,0.37102598263773806,0.7972713099402744,0.5721867564892353,0.7473707521377608,-0.83960963872283,1.5318878677695296,-0.7825197631623163,-0.6372768490163739,-1.2029212086006653,0.904687890219827,-1.541964739236201,0.34338359844739524,0.26257595754505364,0.2835602941205805,0.3178087369348791,,,,,,,,,,,,,,
en,vowel,phone,IPVS_PD_a326f905,1,M,u,1,572,0.020697622451671335,0.08348491982838442,0.5875257487560428,0.655060931173868,0.7818867351513269,0.6566490659187006,-0.9112945669005776,1.2806153853618822,-0.8326850716284541,-0.6008767420642598,-1.3091861927925155,0.7493206590067508,-1.3501974010710107,0.4210686889607418,0.258165151571096,0.3102889342918983,0.33823781270313713,,,,,,,,,,,,,,
en,vowel,clean,IPVS_PD_a326f905,1,M,u,2,295,-0.16662449621211337,-0.2988457821183286,0.4411216253614695,0.21178287183497585,0.44590072872611763,0.3179915705643131,-0.8584844924635806,1.394404122384928,-0.8988679704693078,-0.5494692468289601,-1.2875136564680412,0.8806761328109913,-1.4301453796399515,0.38989054822894637,0.21895339525164328,0.2793583218345469,0.5151447791464857,,,,,,,,,,,,,,
en,vowel,phone,IPVS_PD_a326f905,1,M,u,2,295,0.34213026280457015,-0.3107281800380534,0.9170582048637045,0.11641477620871053,0.942959579707539,0.20971604356657988,-1.041861815304406,1.3244404994835288,-1.194693937139996,-0.6744081915098395,-1.588302606916697,0.9542363669912693,-1.628644558501109,0.38100462129150003,0.41875006608169685,0.5137102156617173,0.412980114180611,,,,,,,,,,,,,,
en,vowel,clean,IPVS_PD_c41cf2aa,1,F,a,1,979,0.053415139077677184,-0.7504072408421133,0.5476349272681416,-0.34488172017050517,0.6055230341712566,-0.34649141866505045,-0.36143421823181,0.2944748804403282,-0.15917068342907523,-0.20683123421157965,-0.5682068673074752,0.08127570963434634,-0.288106943845926,0.33827278115378445,0.34340142751198843,0.3844950332375348,0.29158686881320556,,,,,,,,,,,,,,
en,vowel,phone,IPVS_PD_c41cf2aa,1,F,a,1,979,0.37116265246337865,-0.8980095095565647,0.8089184236850318,-0.4984796183825754,0.8142732114156357,-0.5876337843101175,-0.4159638606935284,0.1715647334862241,-0.3201970144069053,-0.32612540749342817,-0.7416503705678852,0.03272037548036749,-0.35884578297379566,0.3164868897840287,0.3285365028547962,0.4073567087643822,0.24982896765769705,,,,,,,,,,,,,,
en,vowel,clean,IPVS_PD_c41cf2aa,1,F,a,2,287,-0.2139135898882254,-0.7200191635961477,0.3270015466764483,-0.43879133342318455,0.4597347226273807,-0.5613434001200461,-0.38056194256840414,0.23218137637383676,0.06908712454269388,-0.11194928326358684,-0.4907314282965798,-0.011031559124761234,-0.10091772413882562,0.2642460103134759,0.2526331040369634,0.3324838299690652,0.15461781019746706,,,,,,,,,,,,,,
en,vowel,phone,IPVS_PD_c41cf2aa,1,F,a,2,287,0.18834925223292642,-0.8934221710428337,0.6719716753746043,-0.6069768319240195,0.7873282796041124,-0.8035259755877401,-0.5566396000068312,0.10024891651606974,-0.21989767201718569,-0.21220446903409296,-0.7911867158261338,-0.07521715361861825,-0.1369873154154747,0.25955836122478887,0.20370538481843514,0.26176622266381927,0.15965341759060417,,,,,,,,,,,,,,
en,vowel,clean,IPVS_PD_c41cf2aa,1,F,e,1,999,-0.07861315728027293,-0.3176455218561874,0.3557724395329861,-0.028309939729790522,0.40918132665252527,-0.14394731403091388,-0.6559720830542474,0.61614843974891,-0.49417272073754454,-0.4912824448439821,-0.8547307622313698,0.3686604364689892,-0.8599428813129713,0.38166145620127684,0.4119256947045773,0.43816229872172585,0.27079045009386127,,,,,,,,,,,,,,
en,vowel,phone,IPVS_PD_c41cf2aa,1,F,e,1,999,0.27222517345987024,-0.4251932104841842,0.6112775742363017,-0.16069878464233062,0.6247009427694235,-0.48478353345850345,-0.8794381450396805,0.5616983952815838,-0.6597200651434615,-0.5862172890435935,-1.1572673936651867,0.3170603559152556,-0.9032776449588492,0.41835299467010617,0.4473847331106463,0.4596897776098999,0.2612455335676423,,,,,,,,,,,,,,
en,vowel,clean,IPVS_PD_c41cf2aa,1,F,e,2,281,-0.04762137235974419,-0.24835174729132795,0.3318596345609462,-0.09715147254735056,0.4209005901446709,-0.33817233991693463,-0.6046716991437258,0.5145257616184167,-0.24465172054499565,-0.3333280259335535,-0.7503380256997058,0.2126726123928671,-0.5460006383264205,0.2508939611226083,0.11978460179477082,0.22107369837358654,0.1425368424136325,,,,,,,,,,,,,,
en,vowel,phone,IPVS_PD_c41cf2aa,1,F,e,2,281,0.46704591704896214,-0.4165783938042511,0.7687809371207592,-0.29582978511703084,0.823128478061518,-0.6031844451935333,-0.8082733859677287,0.4460139216403284,-0.5855337414868484,-0.4892939574267032,-1.0607673271873292,0.10173878417565273,-0.5910327416023559,0.23792830272029689,0.08534528387593399,0.158603081565693,0.14872229888185012,,,,,,,,,,,,,,
en,vowel,clean,IPVS_PD_c41cf2aa,1,F,i,1,1052,-0.7224588662480251,0.10350052517237543,-0.15255233329496806,0.5106412881537329,-0.18312540268407593,0.6776361153755761,-0.9777806447465208,1.5705231558295745,-0.8962971504919136,-0.5400759236580586,-1.2252047010992146,0.8173771036105065,-1.3574530272685652,0.4184000605095037,0.4934251402081848,0.4371024677823391,0.360436802098324,,,,,,,,,,,,,,
en,vowel,phone,IPVS_PD_c41cf2aa,1,F,i,1,1052,-0.16317743534528756,-0.04707089804490156,0.40441474035570896,0.35236476239147063,0.40603541375338276,0.46327327236627475,-1.071748966186107,1.503306100828738,-1.123906845439084,-0.6558674681177245,-1.534492617072184,0.945724491560478,-1.6015919596782024,0.39303491878386576,0.338769357833985,0.47565400618075443,0.28032383988877074,,,,,,,,,,,,,,
en,vowel,clean,IPVS_PD_c41cf2aa,1,F,i,2,281,-0.63091039181461,0.34187779959136916,-0.09074028127292204,0.59752388730557,-0.010598529108177275,0.5246342622493145,-0.9334529208008354,1.5160644534071521,-0.9080079365411454,-0.655795431965907,-1.2847149700102722,0.946452145040388,-1.602247577006295,0.26355046475235083,0.34140080117135635,0.30548859018588737,0.1705238615972784,,,,,,,,,,,,,,
en,vowel,phone,IPVS_PD_c41cf2aa,1,F,i,2,281,-0.03160461765774608,0.11541573941354921,0.5850275744347883,0.45294564821311,0.7519477843885591,0.4682660288888322,-1.1702571045717545,1.5494460939655643,-1.089033571573404,-0.5974711919500983,-1.6157577566846588,1.0720384671137884,-1.6695096590638867,0.360234260092984,0.35068578723275107,0.4013453452217741,0.2868067921924835,,,,,,,,,,,,,,
en,vowel,clean,IPVS_PD_c41cf2aa,1,F,o,1,1054,0.16034254718466137,-0.952660663623351,0.6435009003719697,-0.8431617702219388,0.6444876920960679,-0.700824859766554,-0.270390822931137,0.3091211272109805,-0.4901552182219758,-0.5733636220041604,-0.7237004118469141,0.3388938193359304,-0.9122574413400907,0.2960777528232798,0.27619590657806203,0.311620491823234,0.2843727370139737,,,,,,,,,,,,,,
en,vowel,phone,IPVS_PD_c41cf2aa,1,F,o,1,1054,0.4073918394109804,-0.8278604559247802,0.8188359313159711,-0.7015428104282178,0.8151108075861675,-0.7217309571074011,-0.30986878991550076,0.3033889879910305,-0.5860868052517766,-0.567210829326125,-0.8328993475117518,0.289463806533099,-0.856674635859224,0.35512678516726337,0.33077647478239125,0.47066007659730763,0.3533341364834435,,,,,,,,,,,,,,
en,vowel,clean,IPVS_PD_c41cf2aa,1,F,o,2,281,0.1692374578770801,-0.8823699055338753,0.7528143452822104,-0.7892831380550678,0.8110492400516419,-0.6282751215456506,-0.4032250458495857,0.3497646655556718,-0.3020873881832382,-0.28627238810591443,-0.7539610407761568,0.3448150998874176,-0.631087487993332,0.19377933087952204,0.2423260028659269,0.3411624137907825,0.22724323072083874,,,,,,,,,,,,,,
en,vowel,phone,IPVS_PD_c41cf2aa,1,F,o,2,281,0.5440900526808564,-0.8832739441705173,1.067387092395647,-0.770957225525873,1.0774000361120912,-0.7021192966480932,-0.5483600360578333,0.4232688189081892,-0.49211275524641634,-0.232669737961518,-0.9565840137780771,0.32499932895618433,-0.5576690669177022,0.11947821068872912,0.19352794962563208,0.17337500011409662,0.14261206259799097,,,,,,,,,,,,,,
en,vowel,clean,IPVS_PD_c41cf2aa,1,F,u,1,1018,-0.6724643096132995,-0.039923360778225794,0.02605079430965037,0.4264896750644921,0.09176761698391703,0.6034371669288554,-0.7788370442059305,1.4480488402586358,-0.6366102159071981,-0.19042589575709665,-1.029185915913652,0.7811307038204879,-0.9715565995775844,0.3783793409342915,0.3938985452313135,0.48350799855145676,0.2904439052932376,,,,,,,,,,,,,,
en,vowel,phone,IPVS_PD_c41cf2aa,1,F,u,1,1018,-0.23557688198448007,-0.07129228718919692,0.44629068692135654,0.27681397084219783,0.6763025541710698,0.46540581045392293,-0.9845929374200066,1.4738505547927097,-0.7893017953858267,-0.4744816940046506,-1.4724195489988607,1.060544491057692,-1.5350261850623426,0.44749801914675263,0.3994974308031987,0.45934552604864093,0.38681233720331665,,,,,,,,,,,,,,
en,vowel,clean,IPVS_PD_c41cf2aa,1,F,u,2,318,-0.25909718265756965,0.004170919690902035,0.23920179158449173,0.15635043134291968,0.4237078818647812,0.24453641683794558,-0.7943818888937434,1.3448945255950093,-0.7987775903505584,-0.5387197993695736,-1.2857778289665778,1.1355872922576964,-1.67430709162727,0.2605909385777683,0.29118592091475426,0.3852554346604934,0.24374674096077115,,,,,,,,,,,,,,
en,vowel,phone,IPVS_PD_c41cf2aa,1,F,u,2,318,0.03759587315532068,-0.15592489081124464,0.459544411006694,-0.020409628360842664,0.6142137524050971,-0.030746099228660267,-0.8120118584483862,1.1742275779445965,-0.9140928800528249,-0.7661582274595276,-1.3779531285787623,1.0421461531271536,-1.8083043805866812,0.33240746292754014,0.539504875463377,0.5550487133899108,0.3876108906697372,,,,,,,,,,,,,,
en,vowel,clean,IPVS_PD_8f283065,1,F,a,1,672,0.37055242880441175,-0.9096309333892152,0.8167376429358921,-0.744313857195401,0.9323979512889786,-0.8290012041383451,-0.45981388210807694,0.15344692953853029,-0.2363866996204499,-0.2776940800618417,-0.67745396845264,0.04505635616784491,-0.32275043622968663,0.22208730203975052,0.25384637502642116,0.342728416606626,0.21502504634911165,,,,,,,,,,,,,,
en,vowel,phone,IPVS_PD_8f283065,1,F,a,1,672,0.6017471121826975,-1.0885899539778727,1.0381079690881294,-0.8234484553853474,1.0995175934369021,-0.9292803075127672,-0.5070187690308189,0.007196065264357494,-0.23388772542671402,-0.25670092777893094,-0.7194642347495744,-0.10052990407157357,-0.1561710237073574,0.1346449548812337,0.2349594964583668,0.27679144899809327,0.09495174802906589,,,,,,,,,,,,,,
en,vowel,clean,IPVS_PD_8f283065,1,F,a,2,288,0.2287234234912642,-0.7335111399491628,0.7480896874063316,-0.4808665030989154,0.8770353689618494,-0.4923699399691889,-0.6818185095814453,0.46980152647385653,-0.2117500591209565,-0.08589509442106061,-0.8135714697084208,0.15720562493407178,-0.2431007193551324,0.1485800109414824,0.20349526566704332,0.2959723714524365,0.08506841306616152,,,,,,,,,,,,,,
en,vowel,phone,IPVS_PD_8f283065,1,F,a,2,288,0.3713311564990844,-0.8437929677552191,0.8261005131677649,-0.591507163797987,0.9198446085398224,-0.8173964924510868,-0.6475001189900541,0.2828789361078164,-0.295535314785338,-0.2573119333848871,-0.8673508455013407,0.04693610049869822,-0.30424803388358534,0.2195624070634521,0.22510117749825512,0.2714733592914781,0.15615086184095925,,,,,,,,,,,,,,
en,vowel,clean,IPVS_PD_8f283065,1,F,e,1,1333,-0.7198937156896913,0.14200436665249824,-0.4232786950212293,0.8043206050229281,-0.3788249913449591,0.18758191240860728,-0.08659731679492527,0.2190650204538406,-0.08818269443794731,-0.6510258277926999,-0.10297403773397543,-0.27840051666302107,-0.3726253111296788,0.3578701304055986,0.2607791166468623,0.24396874271514535,0.23030287388762163,,,,,,,,,,,,,,
en,vowel,phone,IPVS_PD_8f283065,1,F,e,1,1333,-0.37775340555386894,-0.0769721142547705,-0.08660854462455125,0.5889762488197298,-0.04606160739164674,-0.007431810082270114,-0.07782248661535957,-0.0067114034265316974,-0.10101182249080524,-0.6710705435677861,-0.1454768395853623,-0.43491809136384213,-0.23615245220394393,0.3807298385113181,0.25566088868999465,0.2699627450618811,0.28692305591191675,,,,,,,,,,,,,,
en,vowel,clean,IPVS_PD_8f283065,1,F,e,2,293,-0.7182095562670864,-0.09986958134982546,-0.3631310254167029,0.24421533512867102,-0.35667501650961103,-0.24926589732452975,-0.5347649072018047,0.49745395055598457,-0.2716426152293965,-0.6108075553751261,-0.5697315395046763,-0.06046941956389422,-0.5503381358112319,0.23450803958754066,0.2620337884834898,0.39017169627818854,0.24787985713686594,,,,,,,,,,,,,,
en,vowel,phone,IPVS_PD_8f283065,1,F,e,2,293,-0.30426927222370426,-0.2216134394629527,0.044038429940487706,0.19002881376756786,-0.0008197888984518536,-0.2871232121172598,-0.43768193231800856,0.2969647139563399,-0.2880536404538289,-0.6484834759753976,-0.5839268457418108,-0.1955579202516941,-0.4529255557237035,0.3905554240084793,0.2546989525030131,0.26397536328069265,0.33871169742523105,,,,,,,,,,,,,,
en,vowel,clean,IPVS_PD_8f283065,1,F,i,1,1285,-0.7811217315775256,0.09642750776618061,-0.28166795414709395,0.662720741464934,-0.2583277984467926,0.5197619127083072,-0.6856558183751681,1.2448617097004842,-0.4482135537688061,-0.6315975779843856,-0.7751099966302147,0.44648384984616485,-1.0780814278305504,0.3698393790522266,0.41607195707670863,0.380912616795817,0.2888779627544796,,,,,,,,,,,,,,
en,vowel,phone,IPVS_PD_8f283065,1,F,i,1,1285,-0.4960569352414048,-0.28083171423925657,-0.03749936117504357,0.19034718873822426,-0.05125483431782085,0.028033320735246135,-0.7448673260660332,1.085525663562322,-0.5314925470704699,-0.6682885017840315,-0.9068970348971054,0.38961001268881534,-1.0578985144728468,0.2804875603653352,0.2953226566867656,0.2886576504077197,0.2148757476805304,,,,,,,,,,,,,,
en,vowel,clean,IPVS_PD_8f283065,1,F,i,2,293,-0.5900209443380604,-0.1033745682508932,0.033787265588334725,0.358736295821303,0.10227264421807844,0.37800170018174556,-0.8969145851620173,1.3277166758553456,-0.54531718032845,-0.436776511202761,-0.9405646724889507,0.5157725763859722,-0.9525490875887332,0.3580862811628843,0.40112716562134154,0.4671119110814233,0.3612805096317545,,,,,,,,,,,,,,
en,vowel,phone,IPVS_PD_8f283065,1,F,i,2,293,-0.4055284660751537,-0.20906625662819814,0.1525332265149402,0.2171738344733998,0.20708929263265793,0.058489912226375215,-0.8288974327556158,1.0792195261534998,-0.4874514497521907,-0.5117335194500826,-0.9107961654663086,0.3163733292097426,-0.8281068486598252,0.40462036471675117,0.495364209966989,0.7036034267449695,0.2503913676430829,,,,,,,,,,,,,,
en,vowel,clean,IPVS_PD_8f283065,1,F,o,1,739,-0.09386477229300509,-0.6377404310730066,0.43181846262363904,-0.6230177352267705,0.4961499809549096,-0.6252808259779148,-0.6288368955421983,0.7468587967786896,-0.7788890043001496,-0.8676244664727972,-1.0527157003959913,0.6608433754926317,-1.528467841965429,0.2345782108201131,0.2798345046029727,0.39637403009745076,0.16706531396250995,,,,,,,,,,,,,,
en,vowel,phone,IPVS_PD_8f283065,1,F,o,1,739,0.13334937587882695,-0.8582413483871503,0.616051044624843,-0.8441424330633678,0.6505223009023774,-0.9071861535645602,-0.6325608229704117,0.5038647115900275,-0.8545774066716098,-0.9327522518929471,-1.12981664384349,0.49436370952243214,-1.4271159614153792,0.3008976649119154,0.2980234830790424,0.3304194685571514,0.2192661712339554,,,,,,,,,,,,,,
en,vowel,clean,IPVS_PD_8f283065,1,F,o,2,281,-0.1096963303152626,-0.7075093783570464,0.49739146638198717,-0.7312704416421744,0.5159662894066974,-0.5787906743718322,-0.8483810869194347,0.9128139403444775,-0.8271150176341717,-0.7830131835133366,-1.315142983515587,0.8340782618381568,-1.6170914453514935,0.1910864835760294,0.3781321068374523,0.28902144054733553,0.33585759756668987,,,,,,,,,,,,,,
en,vowel,phone,IPVS_PD_8f283065,1,F,o,2,281,0.3078351997764858,-0.916325690830953,0.9217815166394386,-0.8821972869557037,0.9451290467787071,-0.6154561028678036,-0.8857845205527085,0.708032226597769,-0.8721299827451536,-0.7043078963220473,-1.4408441492791713,0.6634896785549863,-1.3677975748770335,0.2830899760070767,0.31329008430852,0.18472060126811718,0.1506677988125189,,,,,,,,,,,,,,
en,vowel,clean,IPVS_PD_8f283065,1,F,u,1,852,-0.41597801371244714,-0.2719931929023005,0.2611847722728271,0.025948862574296072,0.39241944314562716,0.09030198713298887,-0.9040539321722463,1.2722116315271705,-0.748289148468757,-0.5234570625980268,-1.173319678637199,0.9215993174584582,-1.445056380056485,0.2621936566327377,0.2046101035466106,0.3267145227551752,0.22691010396469194,,,,,,,,,,,,,,
en,vowel,phone,IPVS_PD_8f283065,1,F,u,1,852,0.31703601556364447,-0.7358562201552559,0.9560901587246917,-0.600301600759849,1.0734400378423743,-0.46724599463050254,-0.724895290157292,0.8752581554435892,-0.7660174141055904,-0.43224746126361424,-1.1326120035664644,0.744283947184158,-1.1765314084477723,0.1613244095964369,0.3663356218905314,0.3762923726992099,0.08111095479474208,,,,,,,,,,,,,,
en,vowel,clean,IPVS_PD_8f283065,1,F,u,2,362,-0.3764451795488323,-0.20910974325390036,0.3293048283512439,0.03436983287881274,0.4928658221156225,0.15783468230601844,-1.1800868932260287,1.6888765124006009,-0.9169428288389784,-0.7171524373489783,-1.5671898935912947,1.2117273933296904,-1.9288798306786685,0.2632115965300989,0.33161915747554854,0.35772560574757384,0.2901712301668252,,,,,,,,,,,,,,
en,vowel,phone,IPVS_PD_8f283065,1,F,u,2,362,0.10574875601114483,-0.55685374202258,0.8913044117459463,-0.4435924530166005,1.1065601318254383,-0.20618096889432416,-1.0612802297697155,1.3248109888592992,-0.9515936434815783,-0.6207834248422482,-1.581708539516554,1.0802663206507306,-1.701049745492979,0.1587800017695161,0.15876808957171756,0.27480138258625425,0.13356340620784218,,,,,,,,,,,,,,
en,vowel,clean,IPVS_PD_74add44e,1,F,a,1,382,0.5299773792209832,-0.8102069630571034,0.5981607679439628,-0.766444331407547,0.4753112502720045,-0.7952181775932726,0.2240414047046848,-0.2781515287397348,0.346796645677608,0.02166888762427413,0.12316685714151548,-0.06468841931580202,0.08635730694007615,0.1972035939919718,0.24817128905256583,0.3617974885439002,0.36686946189571246,,,,,,,,,,,,,,
en,vowel,phone,IPVS_PD_74add44e,1,F,a,1,382,0.663835550909457,-0.73304781674043,0.8373186321362205,-0.636525773289411,0.7494149457501329,-0.6086013814677362,-0.10732188911541649,-0.02687119700662468,0.11701396059082902,-0.05099222614713337,-0.23921605560766615,0.023102931597310562,-0.07409515774444393,0.2515524950390653,0.20161199073157732,0.2741764192808398,0.32024310129518685,,,,,,,,,,,,,,
en,vowel,clean,IPVS_PD_74add44e,1,F,e,1,218,0.6448223081727823,-1.1310092754887813,0.8352531945389329,-1.1139217655767093,0.6369331818864201,-0.7101402194662527,0.35320004177364434,-0.3784485152273467,0.5515973582638033,0.3347269572656263,0.2686648248045733,-0.3034823058511723,0.6382092631167986,0.8730831139158098,0.8028366088954839,0.6459644702041595,0.8270753797450975,,,,,,,,,,,,,,
en,vowel,phone,IPVS_PD_74add44e,1,F,e,1,218,0.727799461533626,-0.9537614893281099,0.8831584499866674,-0.848172303289175,0.7956151284954764,-0.5446092029186812,0.16033150165370016,-0.3177634037918214,0.4150613024830818,0.3452228649773381,0.050218106445037956,-0.17149009626132972,0.5167129612386678,0.8709147698727069,0.8253603643698529,0.8089009399663757,0.8267511198630313,,,,,,,,,,,,,,
en,vowel,clean,IPVS_PD_74add44e,1,F,i,1,199,-0.6539398080800191,-0.006293771064971104,-0.4481653083454479,0.4690477857904986,-0.5943815355951135,0.31438936736465484,0.12964712982335366,0.06693635780887663,0.926149074450012,0.20274667331009857,0.5454414767359407,-0.4694678044516193,0.6722144777617178,0.8789430953207259,0.21802211756936424,0.21730325490064778,0.8763363721928532,,,,,,,,,,,,,,
en,vowel,phone,IPVS_PD_74add44e,1,F,i,1,199,-0.47533007754274637,0.08260419078109678,-0.250384253903854,0.5698752587984416,-0.32853006109718447,0.4359290798094647,-0.2414728390160671,0.13476647973861083,0.7530991159810507,0.2685682505738637,0.17178142298597934,-0.508692771088609,0.7772610216624727,0.6308483357105567,0.1379940803557314,0.19215367427645152,0.6399536383463008,,,,,,,,,,,,,,
en,vowel,clean,IPVS_PD_74add44e,1,F,o,1,205,0.6464285444680268,-0.3135303979724403,0.7305652828720527,-0.6310955076440563,0.5939587021503991,-0.8362186054388682,-0.13696813722693824,0.263481906940782,-0.5044232347026104,-0.3904279623089767,-0.487472257963041,0.44871596384763235,-0.839143926156609,0.15714517232540776,0.3616553254166923,0.4527537576293241,0.5996703138430682,,,,,,,,,,,,,,
en,vowel,phone,IPVS_PD_74add44e,1,F,o,1,205,0.8244383335113525,-0.2943164422744658,0.8857427149768767,-0.5450782056261854,0.743895989729137,-0.7767124310499285,-0.27688523751448807,0.3528156484651372,-0.7319301801726101,-0.41271385883655004,-0.7212513969923423,0.5053851951852562,-0.9180990540218062,0.13090584825359955,0.5137523396417355,0.47874225845744783,0.30109322751322126,,,,,,,,,,,,,,
en,vowel,clean,IPVS_PD_74add44e,1,F,u,1,129,0.3667448151715194,-0.6127410331104375,1.0075239874894106,-0.14564116204841226,1.0049978473895713,0.4519449870420408,-0.6296957238942762,0.8949511637793311,0.2662638774778269,-0.0778231094532375,-0.8417771213416811,0.7691985586587387,-0.8470216681119762,0.7814160200836711,0.5345403300805405,0.2868993747226855,0.49408191037815086,,,,,,,,,,,,,,
en,vowel,phone,IPVS_PD_74add44e,1,F,u,1,129,0.5444877871984168,-0.5793842869468883,1.2586414602738392,-0.158861587319193,1.326208826861804,0.5345597761341289,-0.938928717487975,0.9709052024762842,-0.02499580270127405,-0.18993869650213024,-1.1935547895823853,0.7927294367853599,-0.9826681332874901,0.7602727009922192,0.45412282683613564,0.29347962963619745,0.49942779773002355,,,,,,,,,,,,,,
en,vowel,clean,IPVS_PD_fdc0ff6e,1,M,a,1,729,-0.12300859571589425,-0.45534099896432056,0.25195813542210704,-0.001394657312058642,0.2420180544834202,-0.02932605636146997,-0.4379020143885819,0.5266281344794195,-0.18148327264128622,-0.21242321297899738,-0.5597967642331857,0.1729622507650312,-0.38538546374402854,0.6346729100426979,0.5207020917348596,0.5179574230541125,0.3651403110034424,,,,,,,,,,,,,,
en,vowel,phone,IPVS_PD_fdc0ff6e,1,M,a,1,729,0.042063350048858104,-0.47963586534481656,0.34473849989151356,-0.09386223829552905,0.3885282746480103,-0.33483546992640834,-0.5513509655528297,0.46343054903293524,-0.21563325934366648,-0.36852226213706923,-0.6837955140731465,0.07295261142703287,-0.4414748735641021,0.6909924815328062,0.4833003604460312,0.5746142291124834,0.4825180926995585,,,,,,,,,,,,,,
en,vowel,clean,IPVS_PD_fdc0ff6e,1,M,a,2,293,-0.0740848272028616,-0.7857193347424437,0.31928734860177765,-0.44505499008685184,0.3448474674069949,-0.40787427859791253,-0.2698820751097243,0.19429902143060823,0.14735802460861744,0.03975563424791993,-0.25855004612756316,-0.07933218025807608,0.11908781450599601,0.27412165465356836,0.42277025491583436,0.29814376684598826,0.2281084845229878,,,,,,,,,,,,,,
en,vowel,phone,IPVS_PD_fdc0ff6e,1,M,a,2,293,0.12064820477517985,-0.8739204046416418,0.48309026279691925,-0.5263908179634709,0.5031677018114402,-0.6714353307155566,-0.400281430132645,0.09632328131609717,0.10231799863826084,0.02768939577758649,-0.39592450326782164,-0.19890547239637307,0.22659486817395957,0.19594856749134723,0.39179053122351376,0.34307741502003003,0.14380424729013952,,,,,,,,,,,,,,
en,vowel,clean,IPVS_PD_fdc0ff6e,1,M,e,1,474,-0.3991836694987504,-0.2183218595239666,-0.018722563408888303,0.366000080650503,-0.023402166481201466,0.1014443312908386,-0.07192451178610741,0.2090020939655654,0.028891355424494176,-0.21100382706137388,-0.11000995603683111,-0.12986182214340547,-0.0811420049179684,0.3301256767164558,0.30041411353884334,0.39528635006684143,0.3656427734124743,,,,,,,,,,,,,,
en,vowel,phone,IPVS_PD_fdc0ff6e,1,M,e,1,474,-0.13390290622527784,-0.2729267897931012,0.16243471398011788,0.2638679540657497,0.18322011203198998,-0.1870575732701308,-0.2029572956107713,0.16979881167620212,-0.09325621185915453,-0.29300912631141557,-0.2548484168686233,-0.22041703072226757,-0.072592095589148,0.43331410437221923,0.2920954830133881,0.35090173785791895,0.4944239529746246,,,,,,,,,,,,,,
en,vowel,clean,IPVS_PD_fdc0ff6e,1,M,e,2,299,-0.42250179964534484,0.07162641828560698,-0.11017831493148487,0.5731517928575284,-0.09831610231439053,0.06320563584401463,-0.10619972687399848,0.21891769145239784,-0.0761221651378916,-0.2441224860058305,-0.161119249891181,-0.20055287408524125,-0.043569611920589245,0.4269408072719528,0.40072201442366395,0.36747207397563725,0.3470607906264564,,,,,,,,,,,,,,
en,vowel,phone,IPVS_PD_fdc0ff6e,1,M,e,2,299,-0.08795382271814083,-0.09785804695845968,0.16238624343226626,0.36635527269945617,0.1653405298679573,-0.27600157055077634,-0.212713157521427,0.131827587621976,-0.11634137419705891,-0.4011146476008615,-0.29986767882470927,-0.2625864899784162,-0.13852815762244536,0.5319154842370125,0.5047460816292254,0.5806319097964543,0.41715126400206026,,,,,,,,,,,,,,
en,vowel,clean,IPVS_PD_fdc0ff6e,1,M,i,1,571,-0.6585336661199787,0.3596464359030432,-0.1506853975116685,1.0531242389025564,-0.15385098911756676,1.0540208293467153,-0.9543281743199763,1.5284214094498414,-0.5514330846140753,-0.32411844426706304,-1.0804677652548076,0.7292982374613903,-1.0534166817284534,0.5360711195401903,0.4331156099379258,0.5096571884991751,0.6664489982951078,,,,,,,,,,,,,,
en,vowel,phone,IPVS_PD_fdc0ff6e,1,M,i,1,571,-0.2653497555252414,0.14739768450357477,0.19508595130360162,0.9262988132916109,0.21753995337743454,0.7910259565876108,-1.0038432855995334,1.2315546407991527,-0.5936010029416737,-0.33034767053000436,-1.1314775618797837,0.5096969951823919,-0.8400446657123962,0.5851900127105053,0.4243986718281289,0.4279054905477854,0.6028743111592524,,,,,,,,,,,,,,
en,vowel,clean,IPVS_PD_fdc0ff6e,1,M,i,2,293,-0.41165560955381664,0.0626945176535407,0.060733594631744645,0.6585563640136504,0.029507793612399344,0.564317625542145,-1.1119487312553966,1.4512258296632496,-0.6015205278066592,-0.4361576767122678,-1.2145458688843722,0.7706452362281454,-1.2068029129404132,0.34346645482391813,0.40031874249834504,0.3823655552330424,0.26925631468339634,,,,,,,,,,,,,,
en,vowel,phone,IPVS_PD_fdc0ff6e,1,M,i,2,293,0.024338790589133224,-0.18830700387052224,0.4843516007991834,0.48697877241730014,0.4256537478354018,0.3344629255391784,-1.1475246454362815,1.0839186381485502,-0.6080414072773551,-0.32612291563533796,-1.2555271717114638,0.4740856425931393,-0.8002085582284773,0.39857810555434003,0.2623656710311656,0.28901623743458255,0.37690622946250063,,,,,,,,,,,,,,
en,vowel,clean,IPVS_PD_fdc0ff6e,1,M,o,1,600,-0.2956014920439985,-0.6657662816345692,0.21391671494477324,-0.3941083391921388,0.2261129313045078,-0.19146483793026872,-0.7527370669361618,0.905569732396139,-0.5363891534507275,-0.4905535237553219,-1.0710237893793317,0.7107753242572976,-1.2013288480126196,0.5975313217757994,0.44366490826460675,0.4871205326469103,0.5929294762457883,,,,,,,,,,,,,,
en,vowel,phone,IPVS_PD_fdc0ff6e,1,M,o,1,600,0.1604634027928114,-0.7319482119546996,0.6174106972499026,-0.48927918192413117,0.621770974372824,-0.4769978266623285,-0.8029094696872764,0.7335343550062842,-0.6769819036540058,-0.5597906097562777,-1.2067133074005445,0.6236515790482776,-1.1834421888045552,0.5919493507610987,0.4978360303302471,0.4430280285473896,0.5505119808444163,,,,,,,,,,,,,,
en,vowel,clean,IPVS_PD_fdc0ff6e,1,M,o,2,293,-0.17314423182926608,-0.6635217508353756,0.24912682461873287,-0.5825560476820347,0.32421204919195445,-0.5887909406154169,-0.6780894237049555,0.7250374883076566,-0.42585810951593905,-0.4519931549406321,-0.8961864053192785,0.5214810833587484,-0.9734742382993806,0.6525958944264854,0.6700780094594065,0.5962696471844895,0.4308038465268599,,,,,,,,,,,,,,
en,vowel,phone,IPVS_PD_fdc0ff6e,1,M,o,2,293,0.1635594389027795,-0.7093517531109395,0.5440755173311396,-0.6357493269241462,0.5917392295632659,-0.7682643298712154,-0.8088012462281912,0.58091067497508,-0.6120257713532044,-0.5594330489803843,-1.1243974542887198,0.43725425692138364,-0.9966873059017678,0.5493640421432063,0.5627205379732119,0.3900715194997244,0.4126894670265823,,,,,,,,,,,,,,
en,vowel,clean,IPVS_PD_fdc0ff6e,1,M,u,1,456,-0.5631360642231293,-0.24443939910100324,0.0014751870049177296,0.17874015829641454,-0.003037141078580035,0.4585229297624017,-0.926830611742326,1.5528807500853157,-0.6291238277824256,-0.5446015883536235,-1.1701269543518986,0.9058732116309396,-1.450474799984563,0.42480425673251376,0.3187619277291458,0.42303569106212996,0.2987282876256479,,,,,,,,,,,,,,
en,vowel,phone,IPVS_PD_fdc0ff6e,1,M,u,1,456,-0.0961560422051562,-0.4063046438089252,0.5260273428076375,0.028486045662068974,0.5098346146571375,0.34618653987881043,-1.1684525626419235,1.414527529347552,-0.9459886939203652,-0.5972422678975293,-1.549590695513426,0.9082011882841152,-1.5054434561816445,0.5176490698006977,0.4735405638113693,0.590001658467422,0.3485036738257233,,,,,,,,,,,,,,
en,vowel,clean,IPVS_PD_fdc0ff6e,1,M,u,2,287,-0.38823998611786464,-0.24977350097171144,0.20011907307743337,0.13528701154827383,0.16463019625644462,0.4217883742958135,-1.0286527375954424,1.7344012818584553,-0.7419089491484482,-0.490476836186613,-1.28113840322274,1.0819185383058008,-1.5723953744924137,0.4121676513601817,0.3835951243300431,0.5515196369764461,0.5239491627824698,,,,,,,,,,,,,,
en,vowel,phone,IPVS_PD_fdc0ff6e,1,M,u,2,287,0.16925973905993336,-0.37425207419891576,0.8074356236554294,0.04513798990001568,0.8082532221182234,0.33127876754441016,-1.221342686972866,1.515455849597909,-0.9645013078788801,-0.5684060356175968,-1.6640202020634116,1.082987897313399,-1.651393932930996,0.31659592414522575,0.39063961765798105,0.6583640023914158,0.40315541295109586,,,,,,,,,,,,,,
en,vowel,clean,IPVS_PD_0bc86f51,1,M,a,1,204,0.07926318445994009,-0.07033609070124165,0.32697834362906797,-0.08282060079997586,0.3738546632230282,-0.39642762068298554,-0.6358210814575995,0.7726284479421954,-0.7140371412519486,-0.3338157655971666,-1.0642747170021456,0.6312162102830987,-0.9650319758802652,0.11595265469296545,0.29517999442574544,0.34761228848295833,0.15585298054111907,,,,,,,,,,,,,,
en,vowel,phone,IPVS_PD_0bc86f51,1,M,a,1,204,0.7037877341912638,-0.6959147722490372,0.8198278230284491,-0.4730871506035328,0.722780253017141,-0.905881971601517,-0.26174844537050496,0.09936104824526175,-0.6970146732224572,-0.3457868788090925,-0.8004175273160781,0.2138536809342763,-0.5596405597433688,0.03285705276332773,0.3577072110630831,0.34871846420962166,0.03264246923916847,,,,,,,,,,,,,,
en,vowel,clean,IPVS_PD_0bc86f51,1,M,a,2,274,-0.07511475879743874,-0.2616643485534622,0.23479707763496652,-0.17760585077914848,0.3406565401209406,-0.5751710203756769,-0.651529475328434,0.5259833914867367,-0.6450591546045729,-0.38143615725349234,-0.9347298321235611,0.3948893325111593,-0.7763254897646517,0.549627700112346,0.4357159021986367,0.5858931678566451,0.4225543065904693,,,,,,,,,,,,,,
en,vowel,phone,IPVS_PD_0bc86f51,1,M,a,2,274,0.6468348217656813,-0.8765588190900274,0.8850814249501171,-0.4850215563573033,0.8718240043844085,-0.7459530777421343,-0.36953132761171065,0.07696162954152348,-0.4043224782469761,-0.2545231566371688,-0.6832659288522709,0.14072008299674973,-0.39524323963391855,0.4893569956831399,0.29992237697862767,0.446145896478355,0.4398065748065032,,,,,,,,,,,,,,
en,vowel,clean,IPVS_PD_0bc86f51,1,M,e,1,221,-0.3034627372609045,0.26431837140169356,-0.03612208982607476,0.53553576543367,0.030888372794129794,0.14892972243907757,-0.700606055725786,0.7935710998630165,-0.28819089254042257,-0.18747577519345104,-0.7908266392865575,0.3272683827304526,-0.5147441579239037,0.1669543691727394,0.31336652176313395,0.41849236413880314,0.20141991961626604,,,,,,,,,,,,,,
en,vowel,phone,IPVS_PD_0bc86f51,1,M,e,1,221,0.07741345263513408,0.11020177233039885,0.23950336828715818,0.507485069614604,0.26020510281835285,0.062329974277575216,-0.586337798744216,0.43128338321707305,-0.39940391973893447,-0.1094922688054411,-0.7501161767351896,0.12798004217894005,-0.23747231098438115,0.19334961201268172,0.17759051239827664,0.16121837583349974,0.14666809686331383,,,,,,,,,,,,,,
en,vowel,clean,IPVS_PD_0bc86f51,1,M,e,2,293,-0.22753989191378576,0.028018470032740446,0.08035215777529162,0.4383511445616598,0.08016327436024186,-0.017751083619850505,-0.7157396460320317,0.6097895477787924,-0.28596635726885605,-0.31565134846052884,-0.7315993432776403,0.07646973493198554,-0.39212108339251434,0.503281765903018,0.4884780233742514,0.4633374843117689,0.42089291207856355,,,,,,,,,,,,,,
en,vowel,phone,IPVS_PD_0bc86f51,1,M,e,2,293,0.4081661213757628,-0.1913467179247215,0.5460080529673624,0.29120738593871986,0.49594340578647655,-0.3218725837219906,-0.5236182265025747,0.27780115183463877,-0.5159886412869739,-0.5290920864474975,-0.7035329383982103,-0.03427717960992102,-0.4948149068375765,0.5158782104723518,0.5238003987392632,0.45005594517486947,0.27309163567276235,,,,,,,,,,,,,,
en,vowel,clean,IPVS_PD_0bc86f51,1,M,i,1,348,-0.7462955365578333,1.033945656532333,-0.32293560944852373,1.5369792660077413,-0.1420247658377602,1.1373532544998897,-1.028663258325486,1.5850384519213723,-0.6330821542512803,-0.5927890710532665,-1.221656722539947,0.8684593337277572,-1.4612484047810237,0.32015859608965086,0.4573561806147029,0.4194700823712224,0.2962128044212465,,,,,,,,,,,,,,
en,vowel,phone,IPVS_PD_0bc86f51,1,M,i,1,348,-0.3573763207310722,0.5864624096524148,0.02803442031145096,1.1345647658620561,0.14500817252056938,0.7097409587530863,-0.9807169928437187,1.1442323153927212,-0.6509496915908087,-0.6880491775770982,-1.182262028736018,0.6131889105464021,-1.3012380881235004,0.2951559793192413,0.44371854168755476,0.38110515759081787,0.19049487656587166,,,,,,,,,,,,,,
en,vowel,clean,IPVS_PD_0bc86f51,1,M,i,2,246,-0.9211464574610865,0.8109240012394415,-0.5124104536465697,1.2554448045588829,-0.3302998233687233,0.816058075709923,-0.8412535549015612,1.11018328489484,-0.3772754721544884,-0.3857193234049388,-0.8793209360258,0.5202213465236127,-0.9059406699285515,0.2700419193583626,0.5024769654818094,0.40817127425656796,0.16140652943798123,,,,,,,,,,,,,,
en,vowel,phone,IPVS_PD_0bc86f51,1,M,i,2,246,-0.284351845146031,0.4199025379242124,0.051135321827353655,0.9710235601744136,0.13418800927497246,0.4636483373674187,-0.6329694990370724,0.6615567000935206,-0.49601054846032244,-0.6086574974092277,-0.8087739323240679,0.23737996552340887,-0.8460374629326366,0.5046016129671109,0.5549244720804093,0.49208761796354783,0.21067054270262128,,,,,,,,,,,,,,
en,vowel,clean,IPVS_PD_0bc86f51,1,M,o,1,353,0.059301172203860934,0.24347252318277046,0.3086950942664079,0.2104578910159393,0.4837164425514114,-0.11796485957965044,-0.8167079498230572,1.074282037540221,-0.9062543244149204,-0.5678513986823704,-1.2516842089908224,0.922408295489253,-1.4902596941716235,0.20388625934272142,0.3900290515807095,0.32633099088286355,0.13639426070040545,,,,,,,,,,,,,,
en,vowel,phone,IPVS_PD_0bc86f51,1,M,o,1,353,0.5056271796495142,-0.12015444886796352,0.6984507929831044,-0.0851071490228456,0.8002618538661742,-0.3708019627371864,-0.7901915588849028,0.9246679594818975,-1.1825013963829183,-0.7163983306414644,-1.3963653201788244,0.9333230976207715,-1.649721428262236,0.15259302306387407,0.1809538626733511,0.274624720939709,0.10728176466521223,,,,,,,,,,,,,,
en,vowel,clean,IPVS_PD_0bc86f51,1,M,o,2,268,-0.028586360775394205,-0.030455253926324255,0.4851621679133839,0.15082031699978274,0.6131840754806259,0.11273267423665081,-0.9399702335581367,1.1573036331453441,-0.6753701517979304,-0.2673470139687444,-1.2806854888244912,0.9424437744381987,-1.2097907884069432,0.37428120397825937,0.22750059464771064,0.366881345915893,0.23507924099273797,,,,,,,,,,,,,,
en,vowel,phone,IPVS_PD_0bc86f51,1,M,o,2,268,0.5511311237458829,-0.32444745467768776,1.0033722078358684,-0.13035621181314375,1.12440342962006,-0.20783302932977676,-0.9718312551209956,1.0507392747166715,-0.9945583226688114,-0.4929701560349376,-1.5109269354078505,1.0069195718309025,-1.49988972786584,0.3661302018808667,0.2365617857615706,0.2405404609749028,0.1523455049519988,,,,,,,,,,,,,,
en,vowel,clean,IPVS_PD_0bc86f51,1,M,u,1,418,-0.015031605485885863,0.3293024908219065,0.480067230642788,0.6528419705610427,0.6989990763721012,0.6983378058861173,-1.1340106234900535,1.6958442696976284,-1.0309282504022121,-0.48758678942445727,-1.69470532853452,1.5117695562186695,-1.9993563456431267,0.1804317290798469,0.26454287808852417,0.26823045099296694,0.1304281213628538,,,,,,,,,,,,,,
en,vowel,phone,IPVS_PD_0bc86f51,1,M,u,1,418,0.32828813661185524,0.27911377219217165,0.7161942418250773,0.5258487873370685,0.87872475427058,0.3541630757233453,-1.0910735466177501,1.4607415821344134,-1.1397654270487172,-0.7413329277483244,-1.7021211388092192,1.3739731438339702,-2.1153060715822947,0.21586431478292836,0.23361505296944737,0.2952066245548268,0.17783598219589059,,,,,,,,,,,,,,
en,vowel,clean,IPVS_PD_0bc86f51,1,M,u,2,273,-0.3595413601759708,0.16463094606544032,0.2731281232653242,0.542599764917836,0.4006689875414877,0.578720424933867,-1.1760525732329397,1.6665964863517069,-0.6831828711610852,-0.38179615830833263,-1.4072597420576847,1.1710057511474148,-1.5528019094557473,0.460184266978149,0.3294588909222308,0.55511474917093,0.5211738306611102,,,,,,,,,,,,,,
en,vowel,phone,IPVS_PD_0bc86f51,1,M,u,2,273,0.1470265755147645,-0.11554970524527809,0.7204943458239238,0.2947269466790286,0.7476399802800381,0.39700427534002247,-1.2993304516329909,1.5119222474820686,-0.9450118064880371,-0.41895833439899216,-1.6390605753118341,1.15466408440561,-1.5736224188046022,0.3532200854080441,0.2688746732306588,0.40023490211282325,0.40593663116672585,,,,,,,,,,,,,,
en,vowel,clean,IPVS_PD_b3bfc7ef,1,M,a,1,468,0.1401791105984796,-0.18190403108267075,0.6670018123819473,0.08893412578824564,0.7877708214817317,0.11083811690621342,-0.6100423635637506,1.0738708174503442,-0.7833876423801936,-0.3088995984339334,-1.122058446208636,0.9144518944692421,-1.2233514929031755,0.346415229677065,0.2750675911618256,0.4142678388937291,0.3604061218111289,,,,,,,,,,,,,,
en,vowel,phone,IPVS_PD_b3bfc7ef,1,M,a,1,468,0.7403922266993962,-0.6723201623622407,1.1187556495903233,-0.48285218629431215,1.18309348980163,-0.5573290030584268,-0.29192689092869456,0.46473241487768946,-0.7684970065317256,-0.5936264896910664,-0.971677449261043,0.5577597679266482,-1.1513862576177145,0.2963820201764664,0.29493449789491694,0.342159516302936,0.23190563594355637,,,,,,,,,,,,,,
en,vowel,clean,IPVS_PD_b3bfc7ef,1,M,a,2,279,0.4684223014222094,-0.352768874997218,0.7631497314343085,-0.12560160193570266,0.8108024043444346,-0.06917631511504833,-0.5772184762199954,0.7991392110755458,-0.4878685097017232,-0.20702797738758064,-0.9057560783518842,0.6225898755306499,-0.8296178529182305,0.15298514609370464,0.47965478981693427,0.4399790420142925,0.17388563807681112,,,,,,,,,,,,,,
en,vowel,phone,IPVS_PD_b3bfc7ef,1,M,a,2,279,0.7827228334175764,-0.7031190452667383,1.0070778524734565,-0.535165158513735,0.9552745900210544,-0.5445004451204334,-0.604804656209325,0.4692879418825962,-0.6050936130024273,-0.17120859979172431,-1.0199569950442342,0.37153620725861314,-0.5427448070503375,0.24100654322745635,0.3149477850771597,0.35998543936489014,0.1815196182056348,,,,,,,,,,,,,,
en,vowel,clean,IPVS_PD_b3bfc7ef,1,M,e,1,248,-0.34642546792825063,0.13098954111337663,0.14354591180880866,0.5737522507707278,0.26546806901693343,0.41419005701939265,-0.9423371148109436,1.2838547730445862,-0.5061822650829951,-0.3564688402414322,-1.1640758438408374,0.7453003292779128,-1.101769169519345,0.21413239841489565,0.17686993468113976,0.31965202503128554,0.20620397460263196,,,,,,,,,,,,,,
en,vowel,phone,IPVS_PD_b3bfc7ef,1,M,e,1,248,0.1589157062768936,-0.2141161889831225,0.49871310353279114,0.2996896333495776,0.5471605564157168,-0.007180528044700623,-0.6554725868503253,0.8174353520944715,-0.67299041112264,-0.21005188107490538,-1.025615906616052,0.4374400967359543,-0.6474919778108597,0.3002919624018839,0.2651102833081081,0.24381676926538917,0.22480020893038916,,,,,,,,,,,,,,
en,vowel,clean,IPVS_PD_b3bfc7ef,1,M,e,2,281,-0.4532133131866624,-0.2409473501542616,0.07377211035356014,0.2687529346646642,0.13735169551428958,0.27091084297239426,-0.5928296388606348,0.7127551031712245,0.012513987323236183,0.06770149556666437,-0.6047355950584073,0.17195979347066767,-0.1042582979040033,0.2894510221412821,0.16929653306945475,0.26770677746646,0.20638685140321614,,,,,,,,,,,,,,
en,vowel,phone,IPVS_PD_b3bfc7ef,1,M,e,2,281,0.19868246743664938,-0.402243219360092,0.5254740984834863,0.12286110451588264,0.5043394163515441,-0.05340564444925658,-0.4951951951670223,0.5090964087367763,-0.29696855063621813,-0.12535521454183307,-0.7464615302325706,0.22765738665837154,-0.3530126012002046,0.3307010536375504,0.21958778526085765,0.407181834542822,0.17649663363604895,,,,,,,,,,,,,,
en,vowel,clean,IPVS_PD_b3bfc7ef,1,M,i,1,518,-0.6174500560244689,0.6319778330433063,-0.2521514604584529,1.0879843715482798,-0.2051667584440647,0.8205559334884851,-0.8855773505683129,1.463987074410304,-0.48609894924820995,-0.6453900893624777,-1.0730757167897162,0.8038429680387847,-1.4492330574012624,0.2266617325383879,0.5245918142578101,0.5554782919177015,0.13120837223006576,,,,,,,,,,,,,,
en,vowel,phone,IPVS_PD_b3bfc7ef,1,M,i,1,518,-0.023078227702241678,0.1490765582674589,0.29818457551300526,0.6532667814156948,0.3003311855479693,0.37290035317150444,-0.9422295449826962,1.0414890457087984,-0.7524718561997781,-0.781466521609288,-1.261046643822621,0.7432219803703424,-1.5246885019796304,0.25326527443208646,0.40886882701976973,0.41013965284876536,0.27302026870866325,,,,,,,,,,,,,,
en,vowel,clean,IPVS_PD_b3bfc7ef,1,M,i,2,281,-0.768907503616175,0.5103070785308025,-0.3301840979143007,1.137020660575325,-0.33274812784773355,0.7694241612620608,-0.982756168179258,1.4365166958267166,-0.5126177607732412,-0.38821097273798383,-1.0519579754778619,0.7280680691084919,-1.1162790418464756,0.2990766927224795,0.18751848958607464,0.3549844331311498,0.38024236100580067,,,,,,,,,,,,,,
en,vowel,phone,IPVS_PD_b3bfc7ef,1,M,i,2,281,-0.1613795443399418,0.0880036701464794,0.2826175053091444,0.8157419234337892,0.2444761754316691,0.5661304995153077,-0.9536564290170839,1.0417410819488164,-0.6843065734974731,-0.4804530975204953,-1.1632262542402956,0.597417892921253,-1.0778709904417483,0.27612955603755274,0.3812413128082321,0.3114430559114585,0.2815512412990773,,,,,,,,,,,,,,
en,vowel,clean,IPVS_PD_b3bfc7ef,1,M,o,1,605,0.4283668228088988,-0.6110774271251741,0.9589363461355204,-0.22101088681004263,0.9988349105126273,0.20623781620306744,-0.4862837485620141,0.6672147868339681,-0.09150260202484026,-0.06672455570545079,-0.685756999701672,0.5155384314320879,-0.5822629871375387,0.17247212557449418,0.33400491463853316,0.467192030426996,0.21420887521576798,,,,,,,,,,,,,,
en,vowel,phone,IPVS_PD_b3bfc7ef,1,M,o,1,605,0.7775292595638059,-0.6867104507674856,1.2080298804218776,-0.27742986992699387,1.2335175396900204,-0.019144844376679623,-0.49372587355043607,0.6474913795665933,-0.31423330343951866,-0.1352148940658438,-0.8895135924794786,0.53209300388482,-0.6673078979506637,0.12170046199194598,0.22332399100163766,0.2887337306566677,0.14238067901525464,,,,,,,,,,,,,,
en,vowel,clean,IPVS_PD_b3bfc7ef,1,M,o,2,293,-0.17576348512186168,-0.46035834187168184,0.42624878487681267,-0.1774612351157571,0.5420128791514089,0.00588407809451475,-0.4916134651771373,0.9293939272562662,-0.40968229213340135,-0.05531502877083202,-0.7749045986240193,0.5129767010714543,-0.5682917298422864,0.1892700521405977,0.3295982260607141,0.4014892518085478,0.2520921224658475,,,,,,,,,,,,,,
en,vowel,phone,IPVS_PD_b3bfc7ef,1,M,o,2,293,0.5046381670876411,-0.6747683069463504,1.0065713688141882,-0.3806758967496581,1.0369862575652236,-0.21411505551998225,-0.5305563957340973,0.807623675650796,-0.58455467703989,-0.22610122824119308,-1.051945101743364,0.6488764571962552,-0.8749776854374482,0.3952839557716026,0.3799925357162138,0.49285536293462556,0.31615724689103464,,,,,,,,,,,,,,
en,vowel,clean,IPVS_PD_b3bfc7ef,1,M,u,1,521,0.08725832321773322,0.2475195585634,0.5722864097394882,0.6435744340141741,0.6562703985470933,0.8184314169727576,-0.9411122786541717,1.7757887554625733,-0.7657285996328909,-0.7246740923141138,-1.4585737921178532,1.4726784130254873,-2.1973525053396012,0.38038904833797205,0.2689238096376242,0.5197345338749287,0.36232259998780214,,,,,,,,,,,,,,
en,vowel,phone,IPVS_PD_b3bfc7ef,1,M,u,1,521,0.4568271179454395,-0.17947468790002524,1.0214644809500477,0.18302735043600343,1.1561437608144534,0.43640892507550055,-1.1792166568219853,1.3916741318215196,-0.9905784873726269,-0.5709319734535279,-1.7304541897088195,1.2284219934346197,-1.7993539668881475,0.32942267740071696,0.43905156399176887,0.5198180021886554,0.40654810236605543,,,,,,,,,,,,,,
en,vowel,clean,IPVS_PD_b3bfc7ef,1,M,u,2,276,0.10936883836984634,-0.4770212273999869,0.679124550018684,-0.08531273317983351,0.7339962868984923,0.15695424234292593,-0.7142301837363875,1.0986865882772998,-0.41080959913242293,-0.23301570620163378,-0.9978858260325638,0.8404727890548935,-1.0734884952565273,0.19192788935097088,0.21588236465211508,0.2957289986484355,0.13810495894855884,,,,,,,,,,,,,,
en,vowel,phone,IPVS_PD_b3bfc7ef,1,M,u,2,276,0.6085810545517738,-0.721857571458242,1.1272099949868328,-0.36592421177999085,1.2114688917455902,-0.10775649529623699,-0.682446869067758,0.7329239556678089,-0.4029255059648709,-0.03064204142036208,-1.0487379602280007,0.6807599285707236,-0.7114019699910857,0.16105095928019703,0.1693718332556099,0.24184971646585843,0.15433245452560682,,,,,,,,,,,,,,
en,vowel,clean,IPVS_PD_9bba66a1,1,M,a,1,522,-0.40356742918111715,-0.6903964013430723,-0.051795939683534534,-0.440460359926816,-0.05858230761661651,-0.6383974627609466,-0.291439663642531,0.011591205456454283,0.15681575528185837,-0.13018118483340665,-0.2187203086177065,-0.36074052670389223,0.2305593418704856,0.5017759948468615,0.3798608506463341,0.5732152828345741,0.42062364164614446,,,,,,,,,,,,,,
en,vowel,phone,IPVS_PD_9bba66a1,1,M,a,1,522,0.04481119221183145,-0.8046485344125966,0.4280671342068417,-0.42293063627117,0.4240362376544126,-0.6003453124100995,-0.4473321453970709,0.18256485656758023,-0.10308855748290469,-0.05885099194896449,-0.5242718641830099,-0.21193554597627964,0.15308455402731516,0.4229687655365181,0.5247409606101947,0.5605262051200073,0.40523122896641844,,,,,,,,,,,,,,
en,vowel,clean,IPVS_PD_9bba66a1,1,M,a,2,268,-0.2818257939300419,-0.719751908455366,0.05564343690136333,-0.550257592657466,0.1329323410251994,-0.7899353024952206,-0.3229475867601089,0.0009168334949163743,0.22394910804283472,-0.09700175825460458,-0.2511859667935857,-0.28118844202685134,0.18418668377224678,0.23383785974278684,0.44497437486167674,0.4727089470450475,0.1579343045739204,,,,,,,,,,,,,,
en,vowel,phone,IPVS_PD_9bba66a1,1,M,a,2,268,0.1933048473280153,-0.9262802946714708,0.6086215650041898,-0.6517258977264534,0.6686714767121974,-0.8426409242329774,-0.5765558726809643,0.1765495494559959,-0.03098252562829006,-0.13499694634918813,-0.6166068589613761,-0.10243359243750204,-0.03256335391168609,0.20867383270621462,0.5218264827808342,0.40009722522668323,0.258197535190039,,,,,,,,,,,,,,
en,vowel,clean,IPVS_PD_9bba66a1,1,M,e,1,506,-0.4632228386441344,-0.3966943628497814,-0.07624858235450167,0.1873846111917182,-0.1298748639559275,-0.16386088591657186,0.09992336148494169,-0.1507743664183899,0.09493580269382189,-0.17819629897559552,0.18661034433171153,-0.6673257651885873,0.4891294662129918,0.32737044069549415,0.24849799638579445,0.2392838056925231,0.3965993181187546,,,,,,,,,,,,,,
en,vowel,phone,IPVS_PD_9bba66a1,1,M,e,1,506,-0.1142627959580798,-0.47782890670197575,0.28835875849778714,0.12952509468519374,0.3079749328133307,-0.1935443587012981,-0.17708516576768538,-0.07380290868643083,0.02415710383732068,-0.11565497365633123,-0.11387966916357216,-0.5733273678312176,0.45767239417488637,0.24940689521410905,0.29322358113225594,0.26773554729316373,0.3635522883813473,,,,,,,,,,,,,,
en,vowel,clean,IPVS_PD_9bba66a1,1,M,e,2,274,-0.3833560002855508,-0.08729917493211217,-0.07143521703869464,0.42990515820951347,-0.09718170268348901,-0.010569872716105128,-0.13231884100171457,0.06627634917217565,-0.090509605246136,-0.3134521434465087,-0.17291096301682024,-0.4667948365929615,0.15334269314645285,0.2054544537411965,0.2699232135831361,0.18794747282542837,0.28624323809902774,,,,,,,,,,,,,,
en,vowel,phone,IPVS_PD_9bba66a1,1,M,e,2,274,0.11788990923080099,-0.4248793974339244,0.43556590207728996,0.08681375659014805,0.46346001021833305,-0.269593768450151,-0.3719559891306492,0.046479330454246105,-0.27524258914482164,-0.2794790913362101,-0.4574191671717598,-0.4403911893514086,0.1609120980151985,0.07837879559914596,0.04940286770374904,0.09657723129622732,0.04737750424823552,,,,,,,,,,,,,,
en,vowel,clean,IPVS_PD_9bba66a1,1,M,i,1,507,-0.6146910337151074,0.3808632554577999,-0.15870429526587002,0.9643686658046284,-0.2051957353216703,0.7473196203591393,-0.8989811004185285,1.4790923177218829,-0.6463731375874066,-0.3829144119727807,-0.9790466963267718,0.5043249760006295,-0.8872393879734102,0.3813548098960307,0.44600266245372555,0.4772983837941732,0.2535082611799548,,,,,,,,,,,,,,
en,vowel,phone,IPVS_PD_9bba66a1,1,M,i,1,507,-0.23871759899327014,0.11285522418921111,0.2732403989698066,0.8095338207776429,0.24513216429069393,0.6765137563963406,-1.1258528140724682,1.4198279392523843,-0.8253995451770845,-0.5086697489389631,-1.3133849108805422,0.567928224398953,-1.076597973337916,0.38762613041641286,0.5215853334493554,0.4954134445682417,0.26332744875218544,,,,,,,,,,,,,,
en,vowel,clean,IPVS_PD_9bba66a1,1,M,i,2,281,-0.5793507085044003,0.27979600023941176,-0.045079181003852706,0.7450721720619314,-0.13371262712591497,0.6733128737063098,-1.2729419900115424,1.7479571908183351,-0.8467612259486723,-0.5565646024498009,-1.428393775894797,0.9662419502904429,-1.5228065527402437,0.6088428154010999,0.38684155718386304,0.42403347845293554,0.4102388792607631,,,,,,,,,,,,,,
en,vowel,phone,IPVS_PD_9bba66a1,1,M,i,2,281,-0.2150882870487913,-0.06793670717781113,0.33917803718493533,0.524659733624148,0.22628116281427577,0.6454027485565321,-1.215397880980249,1.407283084632377,-0.7333232870645071,-0.5871607335008813,-1.379288507107447,0.7515789661997345,-1.3387396997006158,0.5408173144876437,0.29593786288669277,0.2900390781288364,0.4831292654726887,,,,,,,,,,,,,,
en,vowel,clean,IPVS_PD_9bba66a1,1,M,o,1,573,-0.15753168364365897,-0.7105330754449402,0.3339159399702929,-0.5289347336776015,0.2865066433298415,-0.44611035188039144,-0.6612310352964678,0.721040113788584,-0.3828563811986343,-0.7082236192580582,-0.977795751284862,0.49592713258512644,-1.2041507518431847,0.37637606283442265,0.3926537377444522,0.45077550678181233,0.20885665585522467,,,,,,,,,,,,,,
en,vowel,phone,IPVS_PD_9bba66a1,1,M,o,1,573,0.19421579500903255,-0.8276100580243096,0.7592699522557466,-0.5754016001587329,0.7257563521464666,-0.39428327675314917,-0.772902538638184,0.7549060833626899,-0.6013899510753328,-0.4969582653132038,-1.189142662718676,0.47226104719051415,-0.969219312503718,0.2105020336818932,0.27116108549464973,0.24302671734844739,0.11931749665903135,,,,,,,,,,,,,,
en,vowel,clean,IPVS_PD_9bba66a1,1,M,o,2,287,-0.10335152462727762,-0.8012245438691509,0.3640545625562613,-0.6052144634930384,0.3664656192753356,-0.6841802443727593,-0.6427314470958159,0.5334075417132736,-0.2678109041355938,-0.6384638503107721,-0.8507036084384587,0.3717365247665802,-1.0102003750773523,0.3042765227833399,0.36791019187056767,0.25596990858779983,0.16113838940341269,,,,,,,,,,,,,,
en,vowel,phone,IPVS_PD_9bba66a1,1,M,o,2,287,0.3655766421832101,-0.8563209408625013,0.949651527266971,-0.6015449191276738,0.9799596350317057,-0.5574758629061584,-0.8769370224434516,0.704585808033199,-0.4806690292723606,-0.2696091920740343,-1.157229939292621,0.45005928625950237,-0.7196684783335366,0.10244826467762629,0.22061007831840004,0.24098611959074986,0.05838685291143535,,,,,,,,,,,,,,
en,vowel,clean,IPVS_PD_9bba66a1,1,M,u,1,495,-0.08497625117751484,-0.1203001218813437,0.5551262287680148,0.30524048490155026,0.6925838458216953,0.40722068005338663,-1.0989452682761631,1.5399023864405725,-1.0808634292397032,-0.7474846037148627,-1.685901954920605,1.2054680238669166,-1.9529526275817795,0.3582271831728035,0.5384619937253812,0.3993166849707668,0.21824712471656618,,,,,,,,,,,,,,
en,vowel,phone,IPVS_PD_9bba66a1,1,M,u,1,495,0.3133186577546476,-0.3785936099912984,0.9924625750342604,-0.015832169389082527,1.115019597589769,0.20147671422573052,-0.928593766809714,1.0858629480355517,-0.9052263843491423,-0.4633271803558876,-1.3602430152170586,0.7242405841609946,-1.1875677645168823,0.24521189723030126,0.2912535608514274,0.44790691247280456,0.27903222353041174,,,,,,,,,,,,,,
en,vowel,clean,IPVS_PD_9bba66a1,1,M,u,2,293,-0.13282159821125072,0.024751758676464276,0.41873410167330405,0.46007986998153944,0.4950210804824775,0.33596861278269924,-1.0003952481652383,1.4325260011489782,-0.7803408207192932,-0.6191829395832988,-1.2922718434010523,0.8800758786794156,-1.4992588182627145,0.3830439348333963,0.37725655408471703,0.3244262766178506,0.2813709139319055,,,,,,,,,,,,,,
en,vowel,phone,IPVS_PD_9bba66a1,1,M,u,2,293,0.10320677528273588,-0.05017148589683791,0.7336677016511475,0.39707926387167247,0.8480733742484938,0.34657893510861587,-1.123009410955138,1.4204331888990887,-0.8360090302882222,-0.44742909709444156,-1.4643171311771803,0.9472284498861281,-1.3946575469805695,0.4328198008069724,0.44044060743331503,0.320117585132408,0.20499873220472467,,,,,,,,,,,,,,
en,vowel,clean,IPVS_PD_babad183,1,M,a,1,853,0.12505126231827465,-0.9063765444079338,0.49618055765856545,-0.6093071715989773,0.514889801193399,-0.6225828210628985,-0.41148811514846995,0.22705068100120357,-0.19514155140978087,-0.4003819451026517,-0.6644335300834091,0.11822075144066448,-0.5186026965433161,0.24255350889880245,0.40875087942807126,0.4442102970068075,0.24973076691653054,,,,,,,,,,,,,,
en,vowel,phone,IPVS_PD_babad183,1,M,a,1,853,0.6178589421696598,-1.0323732131638257,1.0141648912174195,-0.7486981409683562,1.0144309691983124,-0.7569903795540217,-0.679040720123529,0.3836579260363681,-0.6289143364215687,-0.4316296501931159,-1.0991492006513808,0.34554242038442146,-0.7771720705775373,0.2417277430358372,0.3407149409714959,0.3959252481125674,0.2333132260617198,,,,,,,,,,,,,,
en,vowel,clean,IPVS_PD_babad183,1,M,a,2,273,0.07662996351718902,-0.90437433701573,0.42188945403604794,-0.7291190044446425,0.4370126027952541,-0.8391695071350445,-0.4242385237957492,0.2646681668180408,-0.11306934817270799,-0.26134964259284915,-0.5921641970674197,0.11618961367869016,-0.37753925627153934,0.2660506680015989,0.26906777454362424,0.27723001881411374,0.1982489441720704,,,,,,,,,,,,,,
en,vowel,phone,IPVS_PD_babad183,1,M,a,2,273,0.4533916022741433,-1.0264243492574403,0.8913750644886133,-0.7573883529865381,0.8560132028478564,-0.7687810248497761,-0.6685007592945388,0.4416810140465245,-0.47134772087588456,-0.2616553915720997,-0.9869999442136649,0.3144993067803708,-0.5761546983524706,0.1940816447237026,0.17588286083179272,0.2010346472588659,0.18518335068016134,,,,,,,,,,,,,,
en,vowel,clean,IPVS_PD_babad183,1,M,e,1,836,-0.3115576597086462,-0.2346271963945898,-0.01992616829169224,0.3757965312417285,-0.0658814556213964,0.05738106643061239,-0.10459548318053621,0.17309481016846293,0.01705343441006197,-0.29487403033234444,-0.10473327488597646,-0.3749395687340859,0.08006553840174144,0.23950252029017896,0.3692671868376212,0.39174818914520326,0.2665980247363314,,,,,,,,,,,,,,
en,vowel,phone,IPVS_PD_babad183,1,M,e,1,836,-0.14548296392320162,-0.3828277600060896,0.24165245335534274,0.19853653019642925,0.2075187395590235,-0.07854407562677604,-0.41376272847215495,0.3223591689836694,-0.25874142350250506,-0.361202613469139,-0.5589866629575353,-0.23040144812256336,-0.13080116534657568,0.28472052183948493,0.3750288078031377,0.41678799578025205,0.2906756469128811,,,,,,,,,,,,,,
en,vowel,clean,IPVS_PD_babad183,1,M,e,2,281,-0.6123833092006706,-0.14621656242559647,-0.2718037850934373,0.29811083503376096,-0.29991679396149673,-0.06900930334125045,-0.33469871656429134,0.3591916762160126,-0.14259585385491863,-0.2984883156577511,-0.32693840157703535,-0.26795217637303315,-0.030536139284717965,0.24588150142544987,0.4482683741649656,0.40038469439347446,0.3901953089083855,,,,,,,,,,,,,,
en,vowel,phone,IPVS_PD_babad183,1,M,e,2,281,-0.2677784965941187,-0.475281709573678,0.16746435971302392,-0.02499836780263122,0.14265537473577014,-0.23773004026455286,-0.5920282589084298,0.4054078488395764,-0.42021880894017644,-0.2793206095960013,-0.6688242244297231,-0.22342229080138473,-0.05589831879461658,0.393755813778846,0.5902454496087028,0.4397886142429198,0.582573949666847,,,,,,,,,,,,,,
en,vowel,clean,IPVS_PD_babad183,1,M,i,1,820,-0.8885309674996671,0.6457982258341177,-0.5455235897040949,1.462174579137709,-0.5787271172171686,0.952445766608405,-0.5705065410129908,0.9908212251294919,-0.21857467454259957,-0.47587841797650343,-0.48094239091212915,0.07861811159617775,-0.5544965295726813,0.43363652305539313,0.4416249592120457,0.5104164631501638,0.3904960657097856,,,,,,,,,,,,,,
en,vowel,phone,IPVS_PD_babad183,1,M,i,1,820,-0.286916713283314,0.19498659079758132,0.15779614312256254,0.9648767155481548,0.1936972902981731,0.6308614378416442,-0.906707227593515,0.9779039382692275,-0.45075511783967176,-0.4156878032698864,-0.9250781038488315,0.20362962828949094,-0.6193174315593774,0.4579937744996681,0.401515594643951,0.41556283278022554,0.4565762127145573,,,,,,,,,,,,,,
en,vowel,clean,IPVS_PD_babad183,1,M,i,2,276,-0.8798543046037834,0.6358643287276647,-0.5859186065843306,1.2763304049710193,-0.6241464246827436,0.6230221607957978,-0.5641763274030513,0.9192156597792384,-0.13207068393029361,-0.5020570770265108,-0.46100624085190783,0.05183795094490051,-0.5538950279714113,0.5551229159835431,0.5466346191491915,0.5193465430019347,0.34831752616427425,,,,,,,,,,,,,,
en,vowel,phone,IPVS_PD_babad183,1,M,i,2,276,-0.40795811903045837,0.2753727771790631,-0.03223505463585796,0.9257681793477162,-0.045598762940211465,0.38710983384804554,-0.8075473107487322,0.8904145333063171,-0.3932463821158352,-0.5273947020072535,-0.8087444765022002,0.1488915781703699,-0.6762862801776234,0.5693949618627151,0.4374413704040489,0.46025535510554116,0.5658959536671457,,,,,,,,,,,,,,
en,vowel,clean,IPVS_PD_babad183,1,M,o,1,718,0.2628437530387331,-0.4246667831515272,0.583014795763625,-0.19489798191244956,0.48448937607032283,-0.2678680821425385,-0.5906452151981217,0.9154118302243727,-0.6571081219999878,-0.7784441404596523,-0.9881386176027633,0.7487824377086427,-1.527226578168295,0.3723781765996619,0.3174497178756405,0.31687678166067285,0.2736155603360621,,,,,,,,,,,,,,
en,vowel,phone,IPVS_PD_babad183,1,M,o,1,718,0.5085420742010077,-0.5985539180261118,0.9561955316199197,-0.3274584404986214,0.8269287488526769,-0.31648851355054863,-0.7289332070698341,0.8366025090907458,-0.9205244370149793,-0.5392372143213395,-1.2031090967357159,0.5711559247208277,-1.1103931390421673,0.27240188906019663,0.26013761413223224,0.3760389910916344,0.2958688564225092,,,,,,,,,,,,,,
en,vowel,clean,IPVS_PD_babad183,1,M,o,2,293,0.1742584878778727,-0.6634835713664017,0.6330627279598161,-0.3714531644926233,0.5682027100843224,-0.3693342575077283,-0.7375978733186668,0.9661973980860522,-0.5912519752305779,-0.5752934677115942,-1.070710440139986,0.6441662134760517,-1.219459681187646,0.2610922403073303,0.4337281930820476,0.3178698098300642,0.29460207647046965,,,,,,,,,,,,,,
en,vowel,phone,IPVS_PD_babad183,1,M,o,2,293,0.3881922335611225,-0.6722688279246206,0.9496616897946697,-0.4099990874528885,0.8600579148295235,-0.28758998122592433,-0.9522507790118288,0.9674755829875752,-0.7981442021953185,-0.34614367223223724,-1.3331688423614718,0.5869308580449746,-0.9330745302772118,0.31690389426219073,0.4886920096025966,0.49905073771415936,0.3719318933511183,,,,,,,,,,,,,,
en,vowel,clean,IPVS_PD_babad183,1,M,u,1,640,-0.36796141404192895,0.2845787234449138,0.12836476659867913,0.6826443858444691,0.216429931189244,0.48097390006296337,-0.9968312292670211,1.6081892571722467,-0.7794651457030947,-0.5790775799250696,-1.2807178855873644,0.9683605502117038,-1.5474381301367732,0.38007618150110095,0.33086589454614695,0.3624294698226882,0.39689581743605845,,,,,,,,,,,,,,
en,vowel,phone,IPVS_PD_babad183,1,M,u,1,640,0.17210023904529712,-0.010773374427420398,0.7829574183560908,0.4578235459824403,0.9475027547062685,0.38089951845662046,-1.1088329086390634,1.3674401175230742,-0.8406122426968068,-0.2295807308886045,-1.4574463837780058,0.9267570225832363,-1.1563377534718409,0.4177335261346957,0.3805539746126239,0.38018487061714024,0.32250655943602646,,,,,,,,,,,,,,
en,vowel,clean,IPVS_PD_babad183,1,M,u,2,299,-0.21317027369256836,-0.14982161321034088,0.3369354339758994,0.22106304855307163,0.33988342652334036,0.22422670700602768,-1.0849012008029453,1.5080281581667905,-0.5995230245820725,-0.4300261199968296,-1.2362591489243901,0.8720620155993087,-1.3020881355961382,0.3152197865480066,0.34617913061475614,0.3348101036016649,0.1576240802939331,,,,,,,,,,,,,,
en,vowel,phone,IPVS_PD_babad183,1,M,u,2,299,0.2759310726632071,-0.2776369416252684,0.8445259792040725,0.12365868926377586,0.9186788833602357,0.12444358331393142,-1.1901945834001784,1.252292017910362,-0.7977283419166481,-0.252711922588928,-1.4417137207247275,0.7864457230541587,-1.0391576456430867,0.5309188450463275,0.46918558097176866,0.4554597825631334,0.2016229202341801,,,,,,,,,,,,,,
en,vowel,clean,IPVS_PD_e32f1f63,1,M,a,1,1320,-0.02767584297918912,-0.8348624106458943,0.3811067428740889,-0.6340898683840277,0.3536698509271097,-0.583412515789722,-0.4455349187771178,0.3740380155440006,-0.17364659079472827,-0.2370854620445482,-0.6503685549691771,0.11596914508963248,-0.3530546071341807,0.5248907291130295,0.5215571090689002,0.5841534056474512,0.47619475401092876,,,,,,,,,,,,,,
en,vowel,phone,IPVS_PD_e32f1f63,1,M,a,1,1320,0.31446756659583613,-0.9439773009807775,0.7516209637990805,-0.7294322741264948,0.7252665140825991,-0.7139459833164107,-0.7714353845727564,0.3801355514195607,-0.6102200114553926,-0.43948811048999276,-1.0990108816762163,0.215850431258047,-0.6553385417480398,0.38727225851978764,0.5307040381644038,0.6263337300828998,0.42695194713201395,,,,,,,,,,,,,,
en,vowel,clean,IPVS_PD_e32f1f63,1,M,a,2,278,0.2227504432556175,-0.8227591871150902,0.5994044070442518,-0.5116414593621379,0.6643145969581037,-0.49326601739795434,-0.40065555930847213,0.2624759046981732,-0.08033410646021366,0.03431236974540211,-0.5068390777423268,-0.030579489744490103,0.0648918594898922,0.3658906789695039,0.33165471286500986,0.5036027405577502,0.41882091182171743,,,,,,,,,,,,,,
en,vowel,phone,IPVS_PD_e32f1f63,1,M,a,2,278,0.5162668347890887,-0.9105722034970919,0.9176135552780968,-0.6244574788780439,1.0203520111030056,-0.6466629203586352,-0.6930603882563966,0.24350679488409133,-0.41378832262541565,-0.13483911380171776,-0.8879813298228241,0.05369331606752461,-0.18853242986924237,0.503886572451124,0.3184796316098221,0.38632132550730597,0.5654332171559489,,,,,,,,,,,,,,
en,vowel,clean,IPVS_PD_e32f1f63,1,M,e,1,1559,-0.11625976332541846,-0.3393434844314734,0.18168543920064048,0.161921511560265,0.100110721594496,0.03736010478489427,-0.1638798955330981,0.42480862021382615,-0.2490816217317398,-0.2552283220350933,-0.30147460733591047,-0.041570812746039576,-0.21365750928905375,0.4377504696131782,0.44302013957676994,0.49097981154098247,0.38470957088868424,,,,,,,,,,,,,,
en,vowel,phone,IPVS_PD_e32f1f63,1,M,e,1,1559,0.23822805501735325,-0.48430699262700444,0.5459954237511725,0.041128952529285355,0.45830265369779144,-0.10316313598046563,-0.5339594883496377,0.3947610234565389,-0.5022703221538914,-0.40022924665278153,-0.7785484013460744,0.01760746385770966,-0.4178367105104912,0.4568777908741088,0.45896991806056653,0.5486862845068582,0.45590279520239674,,,,,,,,,,,,,,
en,vowel,clean,IPVS_PD_e32f1f63,1,M,e,2,275,-0.5105760807340796,0.06899420068119512,-0.10313115318616231,0.647439139178305,-0.08078318500157558,0.4022005196773645,-0.286686782764666,0.66000160538789,-0.09054481016867089,0.06360374842629288,-0.3239434470733007,0.036144313013011756,0.027459435413281122,0.3891140953980034,0.5371395011176261,0.41641056582496677,0.32039591076482443,,,,,,,,,,,,,,
en,vowel,phone,IPVS_PD_e32f1f63,1,M,e,2,275,-0.037981260906566276,-0.16068165798981984,0.37396408021450045,0.45037396161845233,0.3893856782804836,0.2053164224733006,-0.5010698854923248,0.48059179638371324,-0.2373530342723384,-0.1333035747661735,-0.6104906755866426,-0.09891893662738077,-0.03438463813879273,0.3956316437950425,0.45218801939550185,0.5694234455327952,0.4180658299537074,,,,,,,,,,,,,,
en,vowel,clean,IPVS_PD_e32f1f63,1,M,i,1,1392,-0.941240686049872,1.0091286671289987,-0.6457664110301214,1.8086890067780417,-0.6040980654755278,1.1473819265525307,-0.32642327611775773,0.921083728448626,-0.18966583576071205,-0.5129524729522079,-0.3551640229914605,0.08885746667357652,-0.6018099396257844,0.4479517670106337,0.510693268377486,0.47082793227148995,0.400915067457982,,,,,,,,,,,,,,
en,vowel,phone,IPVS_PD_e32f1f63,1,M,i,1,1392,-0.48493747234914863,0.5049719775015372,-0.16323323816987886,1.4322047287767583,-0.17094315436967253,0.8580607257106088,-0.32324430991730624,0.6586194953671768,-0.40084506991947666,-0.5439670444176528,-0.4669266146202193,-0.05510356317332202,-0.48886348124433077,0.3381971392656316,0.4141625282338776,0.43846943644394404,0.3603069639895432,,,,,,,,,,,,,,
en,vowel,clean,IPVS_PD_e32f1f63,1,M,i,2,277,-0.8198451269529536,0.8760842959324043,-0.3175774606580506,1.5407369308129042,-0.19102124004306908,1.2384386276770494,-0.6212449983922307,1.201382251199848,-0.2496573261158195,-0.16890184898040966,-0.5505719077801277,0.35461428029808456,-0.5235161292784942,0.33225220140127404,0.6332104685118057,0.6777092537315278,0.41044740514967626,,,,,,,,,,,,,,
en,vowel,phone,IPVS_PD_e32f1f63,1,M,i,2,277,-0.6699554352703209,0.5841594654285979,-0.1990422926798552,1.3764720448476826,-0.0689393656696388,0.9157153182400914,-0.6087485266302874,0.7749001620236985,-0.14214464549175992,-0.26183914250420953,-0.5608762831031205,0.07612274621730436,-0.3379618887215139,0.2993818257645914,0.5535003136667161,0.5854463009050601,0.28531881832777717,,,,,,,,,,,,,,
en,vowel,clean,IPVS_PD_e32f1f63,1,M,o,1,1513,0.23114436558305365,-0.6274256804923151,0.657191879235872,-0.300351997331293,0.6952209616913916,-0.2336398447700853,-0.37688920387078173,0.6390431091492653,-0.2754132128981474,-0.45625239759847536,-0.7405111030465437,0.4024057610962454,-0.8586581586947207,0.6514333563792333,0.41858564693823486,0.5015816196031195,0.6290442676952186,,,,,,,,,,,,,,
en,vowel,phone,IPVS_PD_e32f1f63,1,M,o,1,1513,0.47927550596110235,-0.6202505360079809,0.9723039673696651,-0.2025093178544501,1.0429143326641834,-0.08577952220035989,-0.66724461725246,0.7749385966440895,-0.5767569969786276,-0.5601631736360302,-1.1557339099374149,0.45339554883908517,-1.0135587224751152,0.6111044851623946,0.4688314266320972,0.5610385178887412,0.6644233044556227,,,,,,,,,,,,,,
en,vowel,clean,IPVS_PD_e32f1f63,1,M,o,2,278,0.10725769906171731,-0.5103245515908513,0.5714925332438379,-0.3626071894097896,0.5936694947027025,-0.24363779906360877,-0.5406644098638069,0.8270228900724933,-0.3638380344602324,-0.32202953982743476,-0.8841080119212469,0.5681885457819417,-0.8902180856093764,0.36074120833479784,0.39219234640616957,0.5322044187860139,0.29314753518187925,,,,,,,,,,,,,,
en,vowel,phone,IPVS_PD_e32f1f63,1,M,o,2,278,0.5220646733152015,-0.6591661966272763,1.05555629410914,-0.41115510720937026,1.1466072308165687,-0.2549371532208863,-0.7233445676309722,0.6846552524893057,-0.34514920236099333,-0.3807057799505336,-1.0904902109787578,0.45185081206173416,-0.8325565920122677,0.2612857108008311,0.2517524683980243,0.42972313875090856,0.26489248221497436,,,,,,,,,,,,,,
en,vowel,clean,IPVS_PD_e32f1f63,1,M,u,1,1385,-0.14730155294050523,0.30252908071599427,0.23854809468690524,0.8104994640597081,0.31074144412392457,0.7832129638906564,-0.6744269875879035,1.5162145122437414,-0.936080033275625,-0.44748719466041,-1.1921419847025911,1.0696396023555066,-1.5171267970159166,0.3112986003463899,0.33308680055194323,0.3745104099473787,0.249868448387168,,,,,,,,,,,,,,
en,vowel,phone,IPVS_PD_e32f1f63,1,M,u,1,1385,0.5095114890490485,-0.16477766190123186,0.9693008423138468,0.2932030591759584,1.048838546524266,0.4326487365038673,-0.7486363885886116,1.073640448894132,-1.0923701744217305,-0.4575616415818676,-1.375155729686597,0.8045434370125889,-1.2621050785944565,0.2148408371027924,0.3609942353767457,0.3830389296996358,0.2170225943897054,,,,,,,,,,,,,,
en,vowel,clean,IPVS_PD_e32f1f63,1,M,u,2,277,0.07249378203274962,-0.15132051411860004,0.6284421872414515,0.20156905777797013,0.71039940050976,0.5036858223869415,-0.7755413606852114,1.2196232863885914,-0.7539533673824664,-0.21406735109533379,-1.2166437617319072,0.9785356071894754,-1.1926029582848092,0.502449273487498,0.5936168851633087,0.5458255897781723,0.4510064549304966,,,,,,,,,,,,,,
en,vowel,phone,IPVS_PD_e32f1f63,1,M,u,2,277,0.4163176146988383,-0.3568169794039812,1.030073252355981,-0.018309981077017184,1.1404752667971,0.23816775008589922,-0.752426929548829,0.9866319569106587,-0.7947809289315504,-0.08709064835381365,-1.2455014133167839,0.7649611234107239,-0.8520517717645375,0.5366447517415549,0.690404321454841,0.7210343941781541,0.5709162022975623,,,,,,,,,,,,,,
en,vowel,clean,IPVS_PD_5fcdd5c0,1,M,a,1,707,0.11147000232163598,-0.8187722436820759,0.5353200196518617,-0.48453020316712997,0.5429400109192904,-0.2736131300996332,-0.41727088991333455,0.5406911665376495,-0.17752710317864137,-0.04532402126228108,-0.6576764282058267,0.42149946392459026,-0.46682348518687133,0.44440711790902915,0.461338486426628,0.721589712248258,0.5234276864877052,,,,,,,,,,,,,,
en,vowel,phone,IPVS_PD_5fcdd5c0,1,M,a,1,707,0.6843791178044151,-0.9406360477910323,1.1197062048841926,-0.6167262105030172,1.106568652847234,-0.4969363889974706,-0.6781228991817025,0.4485048215617152,-0.6258819150574068,-0.178868940498899,-1.1279684571658863,0.4560337247962461,-0.634902665295145,0.4229563761989204,0.3373371808784032,0.6906010014930608,0.46300097154490244,,,,,,,,,,,,,,
en,vowel,clean,IPVS_PD_5fcdd5c0,1,M,a,2,276,-0.20549557932529106,-0.7101380920194718,0.2869121122611574,-0.4935261634997575,0.3489669414169817,-0.3415550173047077,-0.7282994608563113,0.6775453781866165,-0.3030345678688532,-0.22881024905357017,-0.8950335494725101,0.585476227463728,-0.8142864765172981,0.10920930554963992,0.37718809431200695,0.344834556981991,0.1781110947476953,,,,,,,,,,,,,,
en,vowel,phone,IPVS_PD_5fcdd5c0,1,M,a,2,276,0.207049875553832,-0.8038061271948986,0.6510913030031216,-0.5908637367278696,0.6616348732846329,-0.5986959083252642,-0.862782798258655,0.572118634560022,-0.6365573426865669,-0.23368713389857707,-1.1797401940966228,0.4864160261419882,-0.7201031600405653,0.15343784164940583,0.2517263601926279,0.2418862177908418,0.18459469933632083,,,,,,,,,,,,,,
en,vowel,clean,IPVS_PD_5fcdd5c0,1,M,e,1,580,-0.3436325577398141,-0.06664913062049055,-0.04559201952712289,0.47433284665832576,-0.05808135820017464,0.24377957804278397,-0.18009764833868236,0.2978482163757428,0.13584133323239184,0.0930402358009041,-0.12601469324409276,-0.2196929400743938,0.3127331758752979,0.49265955136814077,0.45797509372790324,0.44966557175111077,0.6484559206842903,,,,,,,,,,,,,,
en,vowel,phone,IPVS_PD_5fcdd5c0,1,M,e,1,580,-0.11412189369914176,-0.15790300923346104,0.2367858263696062,0.3532474256795028,0.27341608630343417,0.061185170179125906,-0.25512423995753813,0.1792892731469253,-0.06393929939160402,0.05050035073668107,-0.29246527954250917,-0.291233548000669,0.34173389873735005,0.4333083187733993,0.4354437940460454,0.40781932368260226,0.6103797355844888,,,,,,,,,,,,,,
en,vowel,clean,IPVS_PD_5fcdd5c0,1,M,e,2,278,-0.5948572275894028,-0.20428759418427944,-0.1332376953214407,0.3820417621838195,-0.11529805564454623,0.12992619980304015,-0.24055086581834725,0.3013951875978992,0.12084779063505786,0.12086284364618007,-0.13491094427271969,-0.27098157355517505,0.3918444172013551,0.43531697901887073,0.5035400317214878,0.5733178557593893,0.2729442965445007,,,,,,,,,,,,,,
en,vowel,phone,IPVS_PD_5fcdd5c0,1,M,e,2,278,-0.1392216407472179,-0.2874597507041125,0.3067552496989568,0.2638332731134835,0.3393502572462672,-0.030749449949888957,-0.46611543132790495,0.28738821599455106,-0.125795440304847,-0.017561164684593678,-0.4852328694292477,-0.2105459153452622,0.19298475066066853,0.24678682236182362,0.5292393329581546,0.4652784873158632,0.22764027746648455,,,,,,,,,,,,,,
en,vowel,clean,IPVS_PD_5fcdd5c0,1,M,i,1,401,-0.992775928801026,1.1009332273634638,-0.7150538065374145,1.739557924606988,-0.6978260747377308,1.1721592963483818,-0.5195724413231695,1.2939106363231216,-0.11528880393356702,-0.354482366923722,-0.44859581159358203,0.2849691282509521,-0.639451495174674,0.36815253114112845,0.5404396175245321,0.46644986380506775,0.3274909603734697,,,,,,,,,,,,,,
en,vowel,phone,IPVS_PD_5fcdd5c0,1,M,i,1,401,-0.40134042550914023,0.6132452767419617,-0.0643585347164716,1.3550699821893606,-0.0992572582114287,0.8981420845411625,-0.7634106595610187,1.1000986849865972,-0.3569663183694064,-0.4154099680761579,-0.8109302673473398,0.3474014563277302,-0.762811424403888,0.3479276326452708,0.31229678825603185,0.28760824706641985,0.33127563713536606,,,,,,,,,,,,,,
en,vowel,clean,IPVS_PD_5fcdd5c0,1,M,i,2,277,-0.9353761016251798,0.7693081126955454,-0.5797672170008014,1.2799766691858896,-0.5624756427582153,0.8215678607275386,-0.6274216855892878,1.1312752701565176,-0.19014638662338257,-0.18235442608951807,-0.5487174288241449,0.23375696571778037,-0.41611139180729845,0.4279923750282721,0.5878542477732818,0.6917916105122504,0.3707941453436538,,,,,,,,,,,,,,
en,vowel,phone,IPVS_PD_5fcdd5c0,1,M,i,2,277,-0.5360217792188336,0.5554055735736549,-0.13420333664217396,1.2025856022349375,-0.09321981775546502,0.7510755492184691,-0.8361737465787077,0.972475009407112,-0.3479397125140636,-0.3807059763345176,-0.8019222576104238,0.13491217563386093,-0.5156181519683785,0.2637069861689677,0.5631737097544142,0.6528632532542178,0.20363786797602423,,,,,,,,,,,,,,
en,vowel,clean,IPVS_PD_5fcdd5c0,1,M,o,1,519,0.09639488003505305,-0.5765538655054836,0.5715593849889006,-0.38163911248929205,0.6247776778170857,-0.28010010714538564,-0.7258613701826467,0.7708038517151968,-0.39095718520708356,-0.11239123509857601,-0.9511174685991229,0.4920136125121539,-0.60440484761073,0.732415619601605,0.5837704887509672,0.6580453970010381,0.4494037536478925,,,,,,,,,,,,,,
en,vowel,phone,IPVS_PD_5fcdd5c0,1,M,o,1,519,0.5992330815464544,-0.5796752375440476,1.1777178679411404,-0.42794516834968954,1.2402421935869101,-0.22540665582155647,-1.0799587954061862,0.8972767428182565,-0.7279872816686813,-0.12501084448668523,-1.4208428883514466,0.6058436331455224,-0.7308544776322076,0.6824130332274867,0.6979184363012495,0.7227377992518123,0.6409402037798072,,,,,,,,,,,,,,
en,vowel,clean,IPVS_PD_5fcdd5c0,1,M,o,2,278,0.04211975793753352,-0.7291185543650672,0.48753717275602476,-0.5661327814949411,0.5224929628450246,-0.5238890165374392,-0.5970362038129852,0.6650764184693495,-0.25513933705432074,-0.3115509579933825,-0.8047196930717855,0.5449755195683489,-0.8565264775617314,0.6713061419623858,0.3497236643841401,0.3498756409594758,0.4557454887829289,,,,,,,,,,,,,,
en,vowel,phone,IPVS_PD_5fcdd5c0,1,M,o,2,278,0.23443183719757058,-0.7473988942801952,0.7465848831371182,-0.5882494344065586,0.7180975623251427,-0.541525717469908,-0.8758742291302908,0.6751693873887971,-0.5110586329052845,-0.1919289061888343,-1.167563420498655,0.5089983326227715,-0.7009272388116058,0.5333415643205359,0.3748838136302362,0.33702443214385863,0.3386570952450327,,,,,,,,,,,,,,
en,vowel,clean,IPVS_PD_5fcdd5c0,1,M,u,1,462,0.12767322779559404,-0.1524504019523696,0.5337318482158853,0.11907472423941111,0.4603907547944741,0.17803675081018064,-0.6161608101545478,1.2988254035548341,-0.6259989229788026,-0.4476832963472648,-1.0083836793041916,0.9778327451978656,-1.4255160415451305,0.7189338494696463,0.7170686162892383,0.8714643554774879,0.7778141437732639,,,,,,,,,,,,,,
en,vowel,phone,IPVS_PD_5fcdd5c0,1,M,u,1,462,0.3736850848729662,-0.13475758689556191,0.8079395091040529,0.14854280227165428,0.8277048918304684,0.214455175635626,-0.9438633590722255,1.3616310121129742,-0.9146169670622983,-0.3361102751583504,-1.3573393448651265,0.9666319670651456,-1.302742242223496,0.7793134690901706,0.6812251802093411,0.8699076975251224,0.7997687379058671,,,,,,,,,,,,,,
en,vowel,clean,IPVS_PD_5fcdd5c0,1,M,u,2,275,-0.1431046539183819,-0.10602511980316856,0.3604674086426244,0.17947328479001015,0.39053614564014205,0.29952001445221177,-0.8661387595263395,1.4632627768950028,-0.9416669567426046,-0.6531524082024892,-1.3860669136047363,1.1190677707845516,-1.7722201789870407,0.573765169438008,0.4193694991939651,0.3946032888360833,0.29918657765375983,,,,,,,,,,,,,,
en,vowel,phone,IPVS_PD_5fcdd5c0,1,M,u,2,275,0.4540134538303722,-0.1554700154246706,0.947552476868485,0.14558997849623362,1.0689590681682934,0.23547995632345026,-0.986490399909742,1.3414437026688546,-1.1629562200921955,-0.6910441207163261,-1.6334631515271736,1.089972201983134,-1.7810163226994602,0.4512889485991874,0.3261427463409083,0.39404779274041396,0.2634776859477721,,,,,,,,,,,,,,
en,vowel,clean,IPVS_PD_131a10e3,1,M,a,1,984,-0.02342675455115937,-0.686853078521184,0.6117055738797864,-0.4329803447062905,0.7452425366468929,-0.029948772862553596,-0.7116069075827663,1.0900723715690341,-0.6352624685780422,-0.13946893439955405,-1.210454411603309,0.8963568524451222,-1.0358257868446763,0.27744428800747284,0.39485816004036683,0.43952686421392645,0.2664221188218246,,,,,,,,,,,,,,
en,vowel,phone,IPVS_PD_131a10e3,1,M,a,1,984,0.47426122313717733,-0.8698308929498937,1.1051030335696161,-0.49667996953468063,1.2310469830156983,-0.20512080826872103,-0.8093444183468819,0.8777207369739944,-0.8736581292909544,-0.2046248807282363,-1.4116488232000455,0.8328027224539452,-1.0374276031821814,0.2967605290770666,0.34430497545948446,0.38605301836443245,0.18715181591120825,,,,,,,,,,,,,,
en,vowel,clean,IPVS_PD_131a10e3,1,M,a,2,278,0.01524190515989349,-0.5030781474141848,0.5288885892147109,-0.4919666326826527,0.6993320361666736,-0.48739489842028844,-0.7390725953238351,0.9225724005982989,-0.6588196373943772,-0.3307765791015256,-1.1885178614230383,0.7464595690724396,-1.0772361481739652,0.21542865286513505,0.41597013684972844,0.24948424340787542,0.08974126438194456,,,,,,,,,,,,,,
en,vowel,phone,IPVS_PD_131a10e3,1,M,a,2,278,0.6318324869942098,-0.7942198755308276,1.1401214528651464,-0.6406576009910732,1.2878686079666728,-0.6386646309956199,-0.7593347128658068,0.7233635199566683,-0.7455671340936706,-0.3403871826650131,-1.2810902130745707,0.6587460762710267,-0.9991332589360398,0.31141985873712286,0.2776553074623267,0.22479066959724206,0.09871747885035509,,,,,,,,,,,,,,
en,vowel,clean,IPVS_PD_131a10e3,1,M,e,1,758,-0.3484599298813887,0.12823884241413652,0.08470426604413149,0.6051603398824993,0.21090224826414333,0.40847579147993474,-0.4206140797519893,0.6974647323143456,-0.29061567789891307,-0.052565819739053644,-0.5633090494707096,0.14013795384712385,-0.19270377358617752,0.32422281604983116,0.36952968320628865,0.36255345462382743,0.2325094640029101,,,,,,,,,,,,,,
en,vowel,phone,IPVS_PD_131a10e3,1,M,e,1,758,0.160023611627127,0.010370264842844847,0.5739222047687099,0.6100918319599148,0.7514482039239323,0.3498557783140425,-0.4548907563613172,0.5827948309954974,-0.3996119186478226,-0.17430714441855488,-0.7020885074641883,0.17657594004923707,-0.35088308446779193,0.3825289760268272,0.4113988557758177,0.428862780338629,0.23167711290563373,,,,,,,,,,,,,,
en,vowel,clean,IPVS_PD_131a10e3,1,M,e,2,277,-0.47612755419965275,0.3437286449406675,-0.06574189725393306,0.7942204025691141,0.09553196981638491,0.5441765927090616,-0.5702321165336106,0.8916983193980006,-0.18467116641427228,-0.0674054670833542,-0.6678141585724082,0.3240107550302487,-0.3914162221136029,0.29428290792022105,0.41772880244519395,0.41289886502665224,0.1670157631546228,,,,,,,,,,,,,,
en,vowel,phone,IPVS_PD_131a10e3,1,M,e,2,277,-0.06121174357608407,0.14240339112852862,0.3611548617036043,0.7266429050596889,0.555996369280501,0.42568590175248905,-0.5472869535763106,0.5682181287668422,-0.19160859206479466,-0.08514695851031892,-0.6244673436273358,0.04080216555359835,-0.12594912406391726,0.3005875332904668,0.24807661606670128,0.18891044223703127,0.25451508384524957,,,,,,,,,,,,,,
en,vowel,clean,IPVS_PD_131a10e3,1,M,i,1,962,-0.8179392945085843,0.3898347703849568,-0.07204305022233085,0.9700239733841179,0.02876640069959073,1.2972523788679842,-1.1413538427862329,1.7617952025472912,-0.606534502575348,-0.206058678600718,-1.2572126800007473,0.956644796015482,-1.1627034746162,0.21704748616286224,0.2973028239657949,0.4211904338419201,0.19801928794076723,,,,,,,,,,,,,,
en,vowel,phone,IPVS_PD_131a10e3,1,M,i,1,962,-0.3652661662149182,0.26279923654963816,0.33810575226495837,0.8882588988563181,0.4181311121242682,1.218547632743743,-1.595302191469496,1.8735815738311687,-1.016832277952181,-0.4875360257459553,-1.8190759922600122,1.1722587035601526,-1.659794729306108,0.27046956530625926,0.38958971092404165,0.41598924378831936,0.2893660813851583,,,,,,,,,,,,,,
en,vowel,clean,IPVS_PD_131a10e3,1,M,i,2,277,-0.7936859441374591,0.6785403682800111,-0.17341934367568193,1.0406174017283731,-0.02456012707270548,1.1655547975780007,-1.3769814025856064,2.13858360159183,-0.8401792959538762,-0.38754002223471684,-1.5681767870566088,1.3168840233437316,-1.7044240455784483,0.1040402701001139,0.2325803533691087,0.3642506349008122,0.23779447966133987,,,,,,,,,,,,,,
en,vowel,phone,IPVS_PD_131a10e3,1,M,i,2,277,-0.48095780664575316,0.7587346138354547,0.11010485450307766,1.1486777317024277,0.3025044267049093,1.1999205001100095,-1.3882232240574088,2.0199145335637168,-1.0225325314227693,-0.6759512204966859,-1.696389754732212,1.2582318761391553,-1.9341830966358413,0.1722721077875185,0.3012518463080693,0.28511463850741564,0.30435733098521855,,,,,,,,,,,,,,
en,vowel,clean,IPVS_PD_131a10e3,1,M,o,1,881,-0.43625922081375845,-0.42931332223694807,0.15017485812954282,-0.14902754051924202,0.1612365511448487,0.09844238346263005,-0.5302004414154586,1.0761802870857693,-0.4768999668229054,-0.315691932028825,-0.858679195207549,0.6548571088201663,-0.9705490408489914,0.24365976173271892,0.28667519356929805,0.403896343765234,0.3684465204075017,,,,,,,,,,,,,,
en,vowel,phone,IPVS_PD_131a10e3,1,M,o,1,881,0.2338135090915377,-0.5242909207686585,0.8839385550898731,-0.12436963307947653,0.9084701558930662,0.15582534676463483,-0.7147777509542854,1.0801765450007073,-0.9055569630207773,-0.40988569851746404,-1.307451534023357,0.7934324594534976,-1.2033181579709615,0.2510204886653166,0.26489272535901465,0.3454685338165135,0.27984428410830064,,,,,,,,,,,,,,
en,vowel,clean,IPVS_PD_131a10e3,1,M,o,2,278,-0.013440776705032303,-0.3327579173658575,0.4696543601651986,-0.2805829412703003,0.6068001952731893,-0.2637186955128397,-0.5221414718599546,0.9152371849687326,-0.7369076423346996,-0.29901664992350907,-0.9910957352036521,0.6967575293300408,-0.9957741792535498,0.07082762905324456,0.14842960572167324,0.31607577791890995,0.04727523379563345,,,,,,,,,,,,,,
en,vowel,phone,IPVS_PD_131a10e3,1,M,o,2,278,0.43261171221023514,-0.6636071251261801,1.0117983938682646,-0.44609999913899673,1.0773803676877702,-0.27584030470322995,-0.7077121010848454,0.7953571051004387,-0.6306846303244432,-0.16065916392420018,-1.1312377257716089,0.5543695614628849,-0.7150287253870851,0.19428173499857812,0.2832592809467403,0.3309314570527454,0.20854959654448085,,,,,,,,,,,,,,
en,vowel,clean,IPVS_PD_131a10e3,1,M,u,1,796,-0.4196112907207162,-0.08332719694371003,0.36427462100982666,0.48653899666280426,0.5169522605181738,0.801377679700632,-0.9329347277847294,1.6114004352850895,-1.0078312596267238,-0.37639683393847245,-1.4469722150259936,1.1438700500641907,-1.5202668840026632,0.3420143990994788,0.3898936471537587,0.4394771944876621,0.28396018421753944,,,,,,,,,,,,,,
en,vowel,phone,IPVS_PD_131a10e3,1,M,u,1,796,-0.0396271058081583,-0.30759342519808014,0.841619794151773,0.22760021783193285,1.0595108234483328,0.7111858212424123,-1.1952575713271376,1.4356072389181689,-1.0388087725040802,-0.24460022028332973,-1.6828093483857032,1.0210860887207247,-1.2656863090040544,0.4280505264051616,0.5659459483483962,0.5174990763215398,0.29932391527822433,,,,,,,,,,,,,,
en,vowel,clean,IPVS_PD_131a10e3,1,M,u,2,278,-0.24806308968081361,-0.19511243239754722,0.5321309433451721,0.24505645364877723,0.6432656548207715,0.5835316418891862,-0.923682604872045,1.4737389570190793,-0.7573902589224634,-0.33812544716610793,-1.3919594947780882,1.1828074364789896,-1.5209328836450975,0.6085232745102238,0.5522652284391267,0.3747226340573542,0.564621435560253,,,,,,,,,,,,,,
en,vowel,phone,IPVS_PD_131a10e3,1,M,u,2,278,0.0899000922661452,-0.38305845022911117,0.9130827312668165,0.04519019985482806,1.0880283890735536,0.5127938874065876,-1.0617235835109438,1.1983930230850266,-0.8288244509271213,-0.33616508929325,-1.554588618732634,0.9460786329138846,-1.2822437222071348,0.4103423274683582,0.6327128002788386,0.6388933477265242,0.3003770862734143,,,,,,,,,,,,,,
en,vowel,clean,IPVS_PD_b133cb84,1,M,a,1,506,-0.3299237598518008,-0.1482488700727883,0.3071926599368453,-0.01380798186322576,0.4211367025579277,0.34524159525570114,-1.1015820564015915,1.4502106526572454,-1.0624778372676749,-0.4771647467032859,-1.5950680396666652,1.1518702552114661,-1.6290350019147521,0.23311189517110928,0.3893035777792215,0.40142156763039827,0.28540796983660427,,,,,,,,,,,,,,
en,vowel,phone,IPVS_PD_b133cb84,1,M,a,1,506,0.34701377378874704,-0.590716678992306,0.8380811599230296,-0.2743458275830275,0.7883999481012947,0.045290295377765834,-0.9801104546181465,1.121319613762592,-1.061054247823593,-0.26462849822679635,-1.5049586709784835,0.9369814117855736,-1.2016099100123698,0.2536415495027889,0.43890117917600546,0.4880838644194815,0.21197184682602593,,,,,,,,,,,,,,
en,vowel,clean,IPVS_PD_b133cb84,1,M,a,2,287,-0.04153646321999544,-0.08199205856791811,0.3946720934499895,0.04396630479076694,0.5731971598084952,0.09177223502556024,-0.6606083778459901,1.0322130304368244,-0.714536611141497,-0.27644181832929565,-1.1565917662285656,0.9155413223419747,-1.1919831406712704,0.08461315242205641,0.13559709454125615,0.31529605189641,0.065487661653938,,,,,,,,,,,,,,
en,vowel,phone,IPVS_PD_b133cb84,1,M,a,2,287,0.5464800510964641,-0.4386112544405667,0.9755590213516544,-0.07125115325685182,1.06210061080883,-0.027453022540649238,-0.4850632575033717,0.6174071171896995,-0.5167280714635905,-0.2049411769116545,-0.9836194337792479,0.7058732405391043,-0.9108144174507588,0.08598449045145129,0.2149107930001503,0.45520469620594234,0.11891738113214809,,,,,,,,,,,,,,
en,vowel,clean,IPVS_PD_b133cb84,1,M,e,1,465,-0.6120520725472426,0.5006934667680426,-0.2640720110747122,0.9440138582474015,-0.18465870864502418,0.4925087391261986,-0.4478555266681965,0.8812337446704133,-0.16540138599693135,-0.12501470214523722,-0.5084351261670444,0.17116170182263338,-0.2961764039678706,0.3656024354683813,0.36643964529538553,0.2865443978081476,0.4056771691687586,,,,,,,,,,,,,,
en,vowel,phone,IPVS_PD_b133cb84,1,M,e,1,465,-0.011705510612029756,0.13193978486736188,0.38844900997522486,0.7120525365341521,0.4688903811691482,0.3387392331515589,-0.3991245157402476,0.6328669968845596,-0.35704408172104096,-0.12315960888046518,-0.6458734883309265,0.17187111091042293,-0.2950307197908881,0.2625077188684819,0.325821753299731,0.3172193116438437,0.386329544414533,,,,,,,,,,,,,,
en,vowel,clean,IPVS_PD_b133cb84,1,M,e,2,269,-0.719740620420023,0.6041359067694542,-0.38989777451643914,1.113456431342049,-0.2790215205561164,0.6006236736394145,-0.317529209552367,0.6795994823147182,-0.07888467518464187,0.13697443591670755,-0.30822465436224555,-0.029246282586656465,0.16622071850336403,0.2451317032687614,0.47437100396294396,0.5039914705226204,0.1339890358222892,,,,,,,,,,,,,,
en,vowel,phone,IPVS_PD_b133cb84,1,M,e,2,269,-0.07704944259549942,0.2796671592567596,0.27981904377600897,0.9443801003365428,0.417502685832831,0.581356200703814,-0.43027236362907784,0.6185516878688262,-0.1806090502468355,0.04119116593540812,-0.537808529621253,0.11556212985716714,-0.07437096392175903,0.2600216878562728,0.3748113988254673,0.39451338727198343,0.11651823071814256,,,,,,,,,,,,,,
en,vowel,clean,IPVS_PD_b133cb84,1,M,i,1,515,-0.7703031526221427,0.8559513959105347,-0.2237950995998475,1.3755391400223025,-0.024329335847718816,0.9919977871924156,-0.913219927969874,1.2924833374887608,-0.38768041693276956,-0.31869929585256235,-0.9268557275961904,0.5225514443561097,-0.8412507402086721,0.4339291221442226,0.4623513423711999,0.41786160522386123,0.2921008312410965,,,,,,,,,,,,,,
en,vowel,phone,IPVS_PD_b133cb84,1,M,i,1,515,-0.3274190817932481,0.6578886675313839,0.151439485908712,1.30601820320759,0.3387171668045729,0.7946108283541349,-0.6915682907243377,0.9631722714137105,-0.49800595057627917,-0.5201428546344192,-0.8472001428646563,0.3634952849144882,-0.8836381395489074,0.3555758870618881,0.4466678288778628,0.39255033507582665,0.33290780364880534,,,,,,,,,,,,,,
en,vowel,clean,IPVS_PD_b133cb84,1,M,i,2,277,-1.0641287831132284,0.9621230658299909,-0.5041192560317274,1.50405967306948,-0.38043966942918517,1.1745820794990676,-0.8357651936793755,1.4569765268685575,-0.5072507414810672,-0.29438417052437443,-0.8869649336009682,0.5249141849644349,-0.8192983554888092,0.23577961231261932,0.398511233220812,0.4204492731683467,0.17258650372120218,,,,,,,,,,,,,,
en,vowel,phone,IPVS_PD_b133cb84,1,M,i,2,277,-0.6528688799478337,0.6553979594550446,-0.15045977531079047,1.3322856868812425,0.01484093980161016,0.8517809735086863,-0.773802998180161,1.0481342544812642,-0.40318250749817863,-0.5206611001206015,-0.844666213332536,0.356030040058101,-0.8766911401787025,0.24577054018688738,0.4730853951106048,0.4277238114714525,0.20576996115535473,,,,,,,,,,,,,,
en,vowel,clean,IPVS_PD_b133cb84,1,M,o,1,518,0.18773110669392806,-0.08088429682911971,0.674489377066493,0.009595319533195252,0.8829115218459032,0.05664379097139224,-0.8031868114112279,1.1648685788640227,-0.6054501674878292,-0.18855907839651292,-1.1865080716804817,0.919168036741515,-1.107727115138028,0.24465917239951895,0.23150167385212927,0.2908274313019821,0.2819007604906006,,,,,,,,,,,,,,
en,vowel,phone,IPVS_PD_b133cb84,1,M,o,1,518,0.8076222576200962,-0.16772940062368527,1.1807875513361814,-0.13449709872022653,1.3440245966880748,-0.24754433854459187,-0.7731495307137569,1.0335938544490209,-0.837770126043604,-0.4077708256454804,-1.3453775271773338,1.083977637764735,-1.4917484634102156,0.2129578681115587,0.2403525389213661,0.29617370206804267,0.24259122670350997,,,,,,,,,,,,,,
en,vowel,clean,IPVS_PD_b133cb84,1,M,o,2,281,-0.24644206693539253,-0.17499463877381657,0.3522454179250277,-0.017379329754756048,0.49202036213945355,0.06454308851230779,-0.8079713858090914,1.1218376748660612,-0.5956636311916205,-0.09795332942488631,-1.1392811769564477,0.8020991631866207,-0.900052492611507,0.32777920332897115,0.42827162464587837,0.43507786610843974,0.21248657145598998,,,,,,,,,,,,,,
en,vowel,phone,IPVS_PD_b133cb84,1,M,o,2,281,0.2866027014848043,-0.3143489001065316,0.7270536043587521,-0.19700102164195135,0.6946674475126718,-0.232410272109438,-0.7369135821888433,0.9910020625450202,-0.919515224074471,-0.36359010817560217,-1.2918844991887108,0.9314364675300185,-1.2950265757056207,0.26120516634745694,0.4335221752693953,0.3555854724961996,0.1702325626929775,,,,,,,,,,,,,,
en,vowel,clean,IPVS_PD_b133cb84,1,M,u,1,473,-0.5619760992234213,0.48681102180690095,0.13451987029167645,1.0852332231245543,0.4498235648138481,1.1300532911953174,-1.188367854294024,1.6498912208958676,-0.4982017452779569,-0.25723697174536553,-1.346091764433342,0.9938123541965819,-1.2510493259419475,0.34462521013130115,0.43310186531501155,0.511903810977616,0.42232634075069836,,,,,,,,,,,,,,
en,vowel,phone,IPVS_PD_b133cb84,1,M,u,1,473,-0.1552641545471392,0.1848342432264696,0.5238782060773749,0.7490864293617114,0.82239670052863,0.8182798484961192,-1.0876883893682245,1.3946351088975606,-0.5380032048413628,-0.5130513837462978,-1.3939731185896356,0.8730446551191179,-1.3860960388654158,0.28067922492185227,0.4800827960890882,0.4327917741090186,0.2936675971576956,,,,,,,,,,,,,,
en,vowel,clean,IPVS_PD_b133cb84,1,M,u,2,279,-0.3541422643252378,0.29218366054388195,0.38334822469561763,0.5469971424376471,0.6804099130559955,0.9122234142038244,-1.3655035030206986,1.8699922455838447,-0.960787792442113,-0.3791979028011215,-1.7595184568822737,1.367449190136949,-1.7466470929380704,0.42319533557074673,0.18586951739126814,0.22003974564784978,0.4969228830063858,,,,,,,,,,,,,,
en,vowel,phone,IPVS_PD_b133cb84,1,M,u,2,279,0.2859040341786379,-0.06149542287609281,0.9806898343845232,0.29310039937848875,1.2769637941961458,0.6626809306398651,-1.299831009122747,1.4286402414536334,-0.8729336276738602,-0.3875324960643723,-1.8085917777563694,1.164092127740736,-1.5516246238051081,0.21491399299158936,0.3493280949505131,0.5643632850894014,0.21152042055608664,,,,,,,,,,,,,,
en,vowel,clean,IPVS_PD_283812f2,1,M,a,1,953,-0.25764726177768144,-0.8124740055094215,0.28013914914551413,-0.588539486546167,0.31465695197669624,-0.4965107144485593,-0.5727917609986627,0.5369882474394994,-0.37505156295877895,-0.40527166573112966,-0.8328705381660562,0.16307288186257318,-0.5683445475937028,0.3150911741068338,0.5019626914008296,0.4277314319337075,0.23480392851218337,,,,,,,,,,,,,,
en,vowel,phone,IPVS_PD_283812f2,1,M,a,1,953,0.05615493634400359,-1.0951093460252772,0.668266547287946,-0.8163185592929314,0.7095673015604469,-0.6368737060570175,-0.5974046503686156,0.43402042095573784,-0.4996795406984409,-0.266599246169104,-0.9435177248289864,0.18245690195361253,-0.44905614812271655,0.3148957944174005,0.34730091374926225,0.3703704606664759,0.2090714559936027,,,,,,,,,,,,,,
en,vowel,clean,IPVS_PD_283812f2,1,M,a,2,278,-0.3385591551306702,-0.48268300560968264,0.1711203914490484,-0.3117084929808265,0.245932011199849,-0.13134734110818022,-0.7861464928303447,0.8313642736701738,-0.4873797208780334,-0.18883995299360581,-1.0230660427893912,0.4927755500566924,-0.6816155030502982,0.14365184712349874,0.14127900341767294,0.2533488169526788,0.12412426906049687,,,,,,,,,,,,,,
en,vowel,phone,IPVS_PD_283812f2,1,M,a,2,278,0.1659148137661673,-0.6763844986756643,0.6478244717277232,-0.3605335294490769,0.6727288833686283,-0.2076534019517047,-0.7619312951962153,0.6116301385419709,-0.5199847367725202,-0.2903916212242274,-1.1256675837295396,0.4143361875432588,-0.7047278087674862,0.19954337287201573,0.10397533388513919,0.16084318305770443,0.15182897799295544,,,,,,,,,,,,,,
en,vowel,clean,IPVS_PD_283812f2,1,M,e,1,643,-0.5529368170549087,-0.10365922745192081,-0.10894133304594715,0.45925888596271053,-0.09091303499478086,0.20264821925058538,-0.41460242459324287,0.6428454827892688,-0.14456836220829986,-0.275141267235889,-0.3988610486035507,0.005043123042552662,-0.28018439027844166,0.39950173821145196,0.4928658485619853,0.48563410341268004,0.44280936341800864,,,,,,,,,,,,,,
en,vowel,phone,IPVS_PD_283812f2,1,M,e,1,643,-0.18562551035283456,-0.24415181854436563,0.3423191210019188,0.41723899959131727,0.37586114395804493,0.3359265209630478,-0.38847970558229344,0.6119952215704807,-0.38717349639850684,-0.17314103615376375,-0.5707587654430429,0.03834449011322294,-0.2114855262669867,0.5102546884788995,0.5195488748350817,0.5526109792087441,0.42822881290442166,,,,,,,,,,,,,,
en,vowel,clean,IPVS_PD_283812f2,1,M,e,2,277,-0.6641240159194627,0.37103347971053896,-0.1902752424071649,0.6555502311198297,-0.0714066919987787,0.39931203219704997,-0.6308818987743583,0.9574800699413893,-0.41243373526784477,-0.22127166426110412,-0.7200104911884148,0.33264421938199124,-0.5539158836430954,0.39473204263002404,0.405907091852034,0.36328523135219365,0.3285406358161294,,,,,,,,,,,,,,
en,vowel,phone,IPVS_PD_283812f2,1,M,e,2,277,-0.1686571847178979,0.08806845010397676,0.30727264374316093,0.4759601659760504,0.46336451610048374,0.3205082489701802,-0.5988230334962913,0.7683753192781688,-0.47428370458994085,-0.3368856600390937,-0.8536737593348155,0.28699321025413665,-0.6238788702932303,0.28347300297913136,0.422572804375713,0.400425560310056,0.1694331076143314,,,,,,,,,,,,,,
en,vowel,clean,IPVS_PD_283812f2,1,M,i,1,596,-1.0471785247492391,0.4187719545134619,-0.5379052479340377,1.1505266211552327,-0.4986310172097643,0.7149569383879614,-0.7698658440865618,1.2420815838781816,-0.2913651325890805,-0.5601656450239639,-0.7054080586859633,0.33477485609662266,-0.8949405011205867,0.45254133786997913,0.4240167676108577,0.39003282876953516,0.49447617768312535,,,,,,,,,,,,,,
en,vowel,phone,IPVS_PD_283812f2,1,M,i,1,596,-0.6364950566817928,0.13645396444051625,-0.08031442973700316,0.8820031415983285,0.04648284951235329,0.5037063317758411,-0.5501177047467765,0.8017109570057033,-0.38965067454723007,-0.4915131121540869,-0.6263985761217565,0.08107449190805578,-0.5725876040621426,0.3723845605547745,0.4548739499793579,0.4699998858557679,0.48307416305353795,,,,,,,,,,,,,,
en,vowel,clean,IPVS_PD_283812f2,1,M,i,2,279,-1.1440583135954727,1.0246185732663735,-0.657030113702695,1.5542352601621279,-0.4701565518181705,0.898172681853616,-0.6137300010263567,1.4025941970785694,-0.2796624310799604,-0.5226850262760411,-0.5054775402390745,0.4117397061995501,-0.9344247324755911,0.31627803698903734,0.3819448391639123,0.27351457274943086,0.37350016196346314,,,,,,,,,,,,,,
en,vowel,phone,IPVS_PD_283812f2,1,M,i,2,279,-0.7703714331931616,0.6637400087167525,-0.26933484493628057,1.2250741769576214,-0.031226750485290437,0.6298680933269524,-0.5590522129683805,1.0087514182872321,-0.2977739590159535,-0.4295624789048934,-0.5664941488638432,0.23705048136104492,-0.6666129602659383,0.46951806888357517,0.5913761005558396,0.41749796593057525,0.5150568116689114,,,,,,,,,,,,,,
en,vowel,clean,IPVS_PD_283812f2,1,M,o,1,863,-0.43235725741510445,-0.41064152764676853,0.23476649484882464,-0.12336184500729187,0.39960879351592016,-0.008927535028815959,-0.6183669016999775,1.068490873871511,-0.4601453829248057,-0.2851487915381531,-0.9266085226182074,0.6332323525194258,-0.9183811440575789,0.3509779036201262,0.2571114539566102,0.4015957867690551,0.2812964852452795,,,,,,,,,,,,,,
en,vowel,phone,IPVS_PD_283812f2,1,M,o,1,863,0.03535396454995767,-0.5018687106970418,0.7201146999076152,-0.1524958912577473,0.834626229598343,0.06863285259474679,-0.7529755853159579,1.0216715780296766,-0.7567718020408829,-0.4719939107983328,-1.2212484290604417,0.6636096841452898,-1.1356035949436227,0.5087878281470064,0.2741352994051447,0.35743416290425783,0.28508513984471,,,,,,,,,,,,,,
en,vowel,clean,IPVS_PD_283812f2,1,M,o,2,278,-0.10100211238577253,-0.11242226564458438,0.5163695798920733,-0.0011827975866340456,0.6476038322739658,0.06557793604830901,-0.7892226030429205,1.2803105534542174,-0.7971927101413409,-0.4509505865031055,-1.2513371855020523,1.0481945652337301,-1.4991451517368357,0.4146114100835317,0.616535712414818,0.7486261521689155,0.5579753148797655,,,,,,,,,,,,,,
en,vowel,phone,IPVS_PD_283812f2,1,M,o,2,278,0.2451917529993114,-0.29793259501457214,0.939208793498221,-0.09847507439553738,1.1108170343296868,0.13402953433493772,-0.91606644274933,1.1694987820727485,-0.715142481117731,-0.443125101161145,-1.4102959164551325,0.9778540457288424,-1.4209791468899875,0.23709661065929652,0.7711538077922211,0.6899595593322265,0.3689449589275491,,,,,,,,,,,,,,
en,vowel,clean,IPVS_PD_283812f2,1,M,u,1,766,-0.43109265478408854,0.12750695341307183,0.19930325442034266,0.49570157537641735,0.29906350539430326,0.5522121286586575,-1.1069961107295492,1.7246163873568825,-0.9279938613590987,-0.45505335815250875,-1.4159947822923247,1.0945295099330985,-1.5495828680856072,0.2854433729235033,0.33003436811114367,0.3189146521249416,0.33077428631938693,,,,,,,,,,,,,,
en,vowel,phone,IPVS_PD_283812f2,1,M,u,1,766,0.0871976812572583,-0.05334669795373212,0.7427678314240083,0.32187455037365786,1.03383340207131,0.264445482518362,-0.8151119391231433,1.239685807539069,-0.595533090117185,-0.3322306245646399,-1.1397227948126585,0.8329467685650225,-1.1651773931296623,0.18522672639615956,0.2634270231464858,0.3909941721845029,0.1781718040650187,,,,,,,,,,,,,,
en,vowel,clean,IPVS_PD_283812f2,1,M,u,2,278,-0.4304089436218852,0.12375097757294065,0.19095349462614172,0.2678478275913568,0.3020847398965132,0.3621884819474958,-1.0711746857989402,1.7216418633858364,-0.9412121840176129,-0.6308454904882681,-1.49892638978504,1.2516523195164544,-1.8824978100047225,0.30955388084196733,0.487781343702459,0.4797085533795799,0.3535652712850413,,,,,,,,,,,,,,
en,vowel,phone,IPVS_PD_283812f2,1,M,u,2,278,0.011224247603898957,-0.08017953981955846,0.6853722309072813,0.052308757922479084,0.8902055135085469,0.21141760157687323,-1.1993411687158404,1.7271637242464792,-0.88679454280507,-0.5003024757884088,-1.6561067487512315,1.367699731673513,-1.868002207461922,0.24509401015436966,0.5686121187335137,0.5335463831411279,0.2651655979592901,,,,,,,,,,,,,,
en,figshare,phone_real,FIGSHARE_HC_7ba4f94b,0,M,a,1,186,0.38166134165866034,-1.3472435027360916,0.8509345927408763,-1.0494003716324056,0.8246638255992106,-0.9332480835063117,-0.5139342031574675,-0.05989086445021842,-0.0389222896524838,0.10623529180884361,-0.5928571947983333,-0.2532110736771886,0.3594463654860322,0.23732339253250376,0.154531821744243,0.1270150639827128,0.15458896540419442,,,,,,,,,,,,,,
en,figshare,phone_real,FIGSHARE_HC_f54ebd4c,0,M,a,1,210,0.6955057154335673,-1.2950209943311555,1.1580090290970273,-1.072617807203815,1.0928230628607765,-0.944918368307371,-0.7906966914260198,0.33497888860957964,-0.37432338297367096,0.15229446446848294,-1.0337532181588431,0.27358428199612905,-0.12128981752764612,0.16077552190003264,0.3786696163851183,0.28736486759495045,0.14973748170884024,,,,,,,,,,,,,,
en,figshare,phone_real,FIGSHARE_HC_9865fce2,0,M,a,1,96,1.0160658261899291,-1.2214484677232544,1.4805029322361123,-1.0345490482346764,1.4189344891186417,-0.8957189295826287,-0.5353155269705016,0.05423161310368571,-0.4414531462665262,0.1597899585191546,-0.8979787405194908,-0.04595349966708956,0.20574345818624415,0.2973375332369277,0.13930117288740024,0.06469947000749623,0.22921290326712548,,,,,,,,,,,,,,
en,figshare,phone_real,FIGSHARE_HC_252be6ca,0,F,a,1,208,0.3312303116397252,-0.8474179514580302,0.9916126612159941,-0.50968541488761,1.1067883184268361,-0.08421579062465638,-0.7620363967522742,0.6171242985578757,-0.25443135296541547,0.2899943713749212,-0.9750739077017421,0.22086681728620852,0.06912755408871268,0.08843933941344122,0.24465426226607007,0.20303272539022416,0.08535709803857004,,,,,,,,,,,,,,
en,figshare,phone_real,FIGSHARE_HC_4acda958,0,F,a,1,93,0.8091611768070021,-0.8052322731206292,1.0947362027670209,-0.5787272777473718,0.9587881779461577,-0.5599373424785179,-0.40266819272124976,0.27449844124024375,0.1433375956196534,0.0025405273364301315,-0.6130555857691848,0.1742184054302542,-0.17167787809382407,0.1273878496355257,0.2280823453486058,0.2638036691393421,0.1717781655324149,,,,,,,,,,,,,,
en,figshare,phone_real,FIGSHARE_HC_4af81098,0,M,a,1,210,0.8279076916357827,-1.0427027671110063,1.2757346123930007,-0.866616717643208,1.3015766420534678,-0.8075736173325114,-0.5709077002746719,0.32787116343480727,-0.23042970588282932,-0.13886497063296183,-0.8420407627783124,0.20295839533505458,-0.3418233659680164,0.16141206261058313,0.1623707927901278,0.27995735632965446,0.16889696790539266,,,,,,,,,,,,,,
en,figshare,phone_real,FIGSHARE_HC_f73a999a,0,F,a,1,192,0.7329656229964618,-0.80752869322896,1.0402543513939297,-0.6596662877448674,1.0593348032441632,-0.8292757601573549,-0.44814668197570173,0.2770485202942429,-0.328782406218093,-0.2423172391437251,-0.8808543985259945,0.306862759660801,-0.5491799988045261,0.1972376098780514,0.4720086254060926,0.2047037151989944,0.19721521930837216,,,,,,,,,,,,,,
en,figshare,phone_real,FIGSHARE_HC_876a314c,0,M,a,1,181,0.7387643345725645,-1.2055805205205166,1.2010129312856481,-0.9784494982946903,0.9943968452718279,-0.8269922263031706,-0.6945593584021297,0.41969249113847357,-0.42358171816812745,-0.07693244800518412,-0.9356975826785106,0.18275063900157398,-0.25968308700675813,0.17326019279879187,0.11327958450798485,0.3181977725862852,0.14816832022164567,,,,,,,,,,,,,,
en,figshare,phone_real,FIGSHARE_HC_5b05eeb2,0,M,a,1,84,1.216594893198747,-1.4697483462783008,1.6006989146654422,-1.173510756630164,1.5658902434202342,-0.9357828887609335,-0.31183786833515537,-0.25404826608987957,-0.04112113553744096,0.31743740390699643,-0.591262532541385,-0.10189191810786724,0.41932932201486367,0.1929187305386158,0.6237021017477561,0.3628765956675126,0.1843056376233091,,,,,,,,,,,,,,
en,figshare,phone_real,FIGSHARE_HC_55f3bddc,0,F,a,1,102,0.3604373886219917,-0.6688716276999442,0.8203906974484844,-0.37660421503166996,0.8906937486702396,-0.36982885027124035,-0.44346843131126895,0.48772682610058016,-0.11859239085066703,0.15138324061709066,-0.6761648380948652,0.2543754129700603,-0.10299217235296965,0.6608359292872831,0.46807882373595416,0.6299523329696463,0.7297154145496262,,,,,,,,,,,,,,
en,figshare,phone_real,FIGSHARE_HC_92380c86,0,M,a,1,135,0.6327603880637958,-1.12568610685843,1.0312680587356473,-0.9213857687549827,0.9423575993673301,-0.6784657171846907,-0.6905859793409889,0.26496231813489657,-0.3401416490475337,0.13502235609440155,-0.9870200142448331,0.3051243966422331,-0.17010204054783157,0.2121667299665901,0.5478847881748166,0.4252520463260423,0.20091120886007058,,,,,,,,,,,,,,
en,figshare,phone_real,FIGSHARE_HC_01d4d510,0,F,a,1,165,0.8330347550035727,-1.1995033660922387,1.4570806857311365,-1.0774756769339244,1.5179555259569726,-0.8712503046098382,-0.6953491378914226,0.34593201466281004,-0.4554269781919441,-0.1574501170202939,-1.171401027477149,0.49184571475618416,-0.6492958317764781,0.4019412804117699,0.4967743740682356,0.41403013010843454,0.24294100680214914,,,,,,,,,,,,,,
en,figshare,phone_real,FIGSHARE_HC_42747f79,0,M,a,1,126,0.6740899417353304,-1.4063660251466852,1.1292611274280047,-1.14158864084043,1.1100037780247236,-0.9365572835269728,-0.3413552516385129,-0.22840640282160357,-0.33490733645464243,0.2602839550297511,-0.6104830005451253,-0.2564419780024572,0.5167259330322084,0.311036259247235,0.16635466854337744,0.19652562715646033,0.21945011552777657,,,,,,,,,,,,,,
en,figshare,phone_real,FIGSHARE_HC_3a3eafbf,0,F,a,1,101,0.8862662383767425,-0.6653463928425898,1.3253265931958058,-0.5546393836619424,1.373984200055482,-0.5572901673492838,-0.7623162328219805,0.7008148016499691,-0.612113258389176,-0.325367662628166,-1.2892950343303993,0.8052653499314042,-1.1306330125595703,0.03510652986499671,0.30597664588562806,0.3239826020855599,0.0562474265015889,,,,,,,,,,,,,,
en,figshare,phone_real,FIGSHARE_HC_edb76d71,0,F,a,1,287,0.7175307676971303,-0.6677810468770176,1.0910600771793741,-0.47244932343160484,1.0539270167405894,-0.40381410278681384,-0.4661683011261714,0.5092051163143505,-0.5659627637938957,-0.24250196320989917,-0.9613795222746844,0.5660271396849713,-0.8085291028948706,0.33835077633420474,0.44855374831303363,0.4342043069525577,0.19806112571867476,,,,,,,,,,,,,,
en,figshare,phone_real,FIGSHARE_HC_fa154b06,0,M,a,1,164,0.7352775332331657,-0.9434491634368897,1.2373229223489761,-0.48333788752555845,1.2806626951694489,-0.3985050171613693,-0.8876250971853733,0.45207817733287814,-0.3508013562858105,0.25448816530406476,-1.0175831887125968,0.14157533254474403,0.11291283275932074,0.3534947328005048,0.3547985071720914,0.3728456306709226,0.5264852904792663,,,,,,,,,,,,,,
en,figshare,phone_real,FIGSHARE_HC_e373aca9,0,F,a,1,199,0.5484329991596789,-0.9182936967897021,0.9593996080485258,-0.7779060396527456,0.989790691324502,-0.8665497700783832,-0.5669586069820342,0.3097449606361468,-0.49052188059022606,-0.43050333149423287,-0.9865302280946211,0.30552116635232424,-0.7360244978465571,0.22299652625598904,0.1540287928052363,0.14257380915143494,0.05291074222832768,,,,,,,,,,,,,,
en,figshare,phone_real,FIGSHARE_HC_9cb93b19,0,F,a,1,200,0.8561589752634367,-1.0563268087804318,1.5307042663296064,-0.8595633621017138,1.5408734808365503,-0.5557073923448722,-1.0168718570222457,0.765358632011339,-0.5191503744572401,-0.036301729579766594,-1.2486377829064925,0.5040758711906771,-0.5403776007704437,0.17370973608876222,0.11024290769074084,0.12989619398310615,0.08009499713071404,,,,,,,,,,,,,,
en,figshare,phone_real,FIGSHARE_HC_0f388c37,0,M,a,1,89,0.874619814211672,-0.6901629339564931,1.1405809212814677,-0.45911547812548553,1.1466128208420494,-0.41389239918101917,-0.3794837228276513,0.4332212870771235,-0.33100762692364777,-0.3185818688435988,-0.7750996353951367,0.4391490511596203,-0.7577309200032191,0.06473338313823748,0.19837235207237244,0.12523013313492581,0.06790887126505556,,,,,,,,,,,,,,
en,figshare,phone_real,FIGSHARE_HC_16c35afd,0,F,a,1,198,0.44760264207919437,-1.2657168279091517,0.9867278570930164,-1.0318625207990408,0.9853346685568491,-0.7728210553526879,-0.8728993439426025,0.5803780584906538,-0.4125140905380249,-0.16478369378795227,-1.147721135119597,0.4608147554565221,-0.6255984492444744,0.24922160350967845,0.2527710872340586,0.3390146205185649,0.15067262917373025,,,,,,,,,,,,,,
en,figshare,phone_real,FIGSHARE_HC_5e1634ce,0,F,a,1,181,0.47964209782967876,-0.5990967929636667,0.9658606118018475,-0.35565516831131155,1.0013403389432014,-0.24177670041355517,-0.7058322309354029,0.7505046861981033,-0.5610351129135954,-0.14146981689087842,-1.1336073465303544,0.7647105816307418,-0.9061803985216202,0.4355388641668338,0.5999946676330409,0.48037554914851244,0.4749742939501585,,,,,,,,,,,,,,
en,figshare,phone_real,FIGSHARE_HC_b0995bda,0,F,a,1,81,1.0914587232531334,-1.3240742032625237,1.5684333516626943,-0.944077023438045,1.5841982461968247,-0.6129134796103652,-0.3143777363762564,-0.05293110742860911,-0.006965191996827417,0.3051519837914681,-0.5800270146253158,0.029925842978516404,0.2752261408129517,,,,,,,,,,,,,,,,,,
en,figshare,phone_real,FIGSHARE_HC_a137f8a3,0,M,a,1,141,0.6159328004893134,-1.0741962334688973,0.8924843107952791,-0.6405968294424169,0.8126505730783238,-0.7585515579756569,-0.077262521666639,-0.11369273031459134,-0.3440899561433231,0.26058407145387985,-0.39401652646415375,-0.10666021321188002,0.36724428466575987,0.3552200962325933,0.35399596098784686,0.541919366668262,0.2925591960143053,,,,,,,,,,,,,,
en,figshare,phone_real,FIGSHARE_HC_672c4fec,0,M,a,1,96,0.8654601234814217,-0.904883680158648,1.4392970841506432,-0.7898321007860118,1.4393743554065968,-0.522300968139336,-0.939278049715634,0.7777298313790354,-0.5614502368302181,0.02504719202888423,-1.3985915965047375,0.7243288030912136,-0.6992816110623294,0.8337238598350778,0.7819492472489452,0.8340111034313299,0.3070251938767282,,,,,,,,,,,,,,
en,figshare,phone_real,FIGSHARE_PD_729a3156,1,M,a,1,274,0.7967539544565132,-0.8567374783108034,1.1495029578007847,-0.3992090325757682,1.1321166340845177,-0.4002734313169158,-0.15913047892860618,0.14031008779104934,-0.28794745454587134,-0.2967159069446196,-0.6049717888236046,0.16241774631731482,-0.4591336532619344,0.3322465883133818,0.4016068255787204,0.29290716090262514,0.23541298092935628,,,,,,,,,,,,,,
en,figshare,phone_real,FIGSHARE_PD_1783cb3a,1,M,a,1,151,0.47640436592992846,-0.9485786599772317,0.8481836286219921,-0.6993484493795332,0.7596990809990809,-0.7509605724077958,-0.5340109058133848,0.43790522348749766,-0.36029184061092334,-0.08607176421107826,-0.7632506836901655,0.3354200550283377,-0.421491819239416,0.15748266296450672,0.27348510480547983,0.2947033819812032,0.07016775703073362,,,,,,,,,,,,,,
en,figshare,phone_real,FIGSHARE_PD_c423f257,1,F,a,1,85,0.9012198524147856,-0.8624562200377969,1.5112788443471872,-0.510916578711248,1.4374662988326128,-0.09427838494964674,-1.0001887994654037,0.7966103036614025,-0.10581431757001315,-0.047330294900080734,-1.2713313540991615,0.8329215598676134,-0.8802518547676942,0.1903811337045769,0.4171897429270842,0.4736011375077654,0.25885909323400597,,,,,,,,,,,,,,
en,figshare,phone_real,FIGSHARE_PD_53c2e661,1,F,a,1,273,0.6388052821159362,-1.0012220644589627,1.0419374467748583,-0.8842231568061945,0.8451168858643734,-0.5786872385126172,-0.3470598070910483,0.26664592443090496,-0.6107250480037747,-0.4415750829559384,-0.8025997940338019,0.4112642182883891,-0.8528393012443275,0.36139396125898177,0.3470643838379682,0.2072354579050128,0.43216109923088847,,,,,,,,,,,,,,
en,figshare,phone_real,FIGSHARE_PD_05a28246,1,M,a,1,183,0.3996053007808891,-0.1866782153243417,0.6677214911392143,0.15245133383317036,0.6566597349471874,0.09208221559051995,-0.9070135465076378,1.2539052160473558,-0.9483248380658863,-0.3999843093323278,-1.4582029146117133,0.9596739489048183,-1.3596582582371461,0.17664034417357172,0.37273660481280235,0.3158460530576597,0.12127351731210517,,,,,,,,,,,,,,
en,figshare,phone_real,FIGSHARE_PD_31eeed1a,1,M,a,1,237,1.0761493146419525,-1.1176064397905257,1.570960099880512,-0.8550046148833695,1.594536707117841,-0.6693670927853017,-0.42459502586951625,0.33709086550699247,-0.29145005918466127,0.06565296287824224,-0.693854123562366,0.3979574730294151,-0.33230451015117285,0.3978425513351989,0.42696192452814064,0.4026241239547603,0.46910251670356873,,,,,,,,,,,,,,
en,figshare,phone_real,FIGSHARE_PD_b32279a0,1,F,a,1,200,1.321199811498324,-1.3547104795773823,1.7679456979036332,-1.1255817095438638,1.6055611759424209,-0.9193343982100487,-0.5154190933952729,0.274540092330426,-0.3976020526140928,-0.03599354634061456,-0.9552990918358167,0.4245173980947584,-0.46051094443537294,0.3046854845373605,0.8091579091239461,0.7943175294436946,0.2186888470615297,,,,,,,,,,,,,,
en,figshare,phone_real,FIGSHARE_PD_d5686d30,1,M,a,1,178,0.6866240815983878,-1.121767051793911,1.236322608258989,-0.7923176743917995,1.2118647595246632,-0.6256325932012664,-0.4536596812583782,0.43584966086954985,-0.13614639501880715,-0.2505024528061902,-0.8093988618089093,0.48016127645624457,-0.7306637292624347,0.269478429507131,0.37175002785949857,0.316894605640823,0.24227180077686708,,,,,,,,,,,,,,
en,figshare,phone_real,FIGSHARE_PD_f021c6ec,1,M,a,1,110,0.9868259578943253,-1.2311803811427318,1.3304267914006205,-0.9759936524611531,1.3422527105519266,-0.7820448742219896,-0.24243919664260113,-0.07674571533094753,-0.13966339194413388,0.18564577886100972,-0.5786717633406321,-0.07013557498540843,0.25578135384641815,0.16745088119180687,0.297637217478822,0.38800034196255984,0.1709844331513027,,,,,,,,,,,,,,
en,figshare,phone_real,FIGSHARE_PD_2ae38838,1,M,a,1,316,1.1389365779726128,-1.5053161370126824,1.779942583724072,-0.8431814127846768,1.9203699049196745,-0.49597545454376624,-0.2081303983926773,0.07278108283093102,0.015670943495474363,0.5251517634250615,-0.42457986858330277,0.013107256954045672,0.512044506471016,0.28568055250743746,0.31987239566983733,0.3055346911636666,0.24850799523104267,,,,,,,,,,,,,,
en,figshare,phone_real,FIGSHARE_PD_b5a119f5,1,M,a,1,256,0.9947492563492292,-1.2054177029179287,1.6983225879731116,-0.9802675723255455,1.7043797915632075,-0.6416161162899686,-1.0702789583569998,0.7534226079701216,-0.30176088417118246,0.2740356360937094,-1.162226007356272,0.3844097267062246,-0.11037409061251523,0.1270536740567191,0.09403913942393258,0.1966157686686924,0.07216182517636509,,,,,,,,,,,,,,
en,figshare,phone_real,FIGSHARE_PD_8eb4d6b4,1,F,a,1,113,1.1438389956087307,-0.9375686602316041,1.2354621170223623,-1.097558783232302,1.2928719330525054,-1.217490438317907,-0.17016594111919403,-0.4242064660226089,-0.45688253921875055,-0.32064217361419095,-0.7552138603683831,-0.04267423891502878,-0.2779679346991622,0.6887270311329938,0.3711015563073307,0.30913712862903103,0.4212739995158066,,,,,,,,,,,,,,
en,figshare,phone_real,FIGSHARE_PD_4a3456e1,1,F,a,1,167,1.0267000652775906,-0.7659528439882959,1.4403209875125695,-0.48269755061310116,1.339787664684919,-0.37049721107624545,-0.6763399433676559,0.6606572397274546,-0.49801781485871516,-0.14897796098548588,-1.254715224598894,0.9489321561142949,-1.097910117099781,0.35074543786460916,0.3532568235912861,0.46026599173953114,0.17439925310241083,,,,,,,,,,,,,,
en,figshare,phone_real,FIGSHARE_PD_abc050cf,1,F,a,1,121,0.9527275499007474,-0.6075772643089294,1.338516316185259,-0.4997397553022594,1.2550919119217625,-0.16590239495447237,-0.8462049803913456,0.6917559949502553,-0.009358633258571364,-0.10656108758220934,-1.0527036194115469,0.48248071547546617,-0.5890418030576755,0.14868077322200793,0.7393463060581986,0.4452095556474761,0.11664086172929457,,,,,,,,,,,,,,
en,figshare,phone_real,FIGSHARE_PD_1aa82538,1,M,a,1,103,0.43069294473481556,-0.8162164442122929,0.8884733692994193,-0.591305588919019,0.8559032401868275,-0.5264502645484985,-0.6739436168046224,0.38672480489763,-0.1332559869402931,0.010303535513461583,-0.737544204980608,0.1764275585079477,-0.16612402299448611,0.2505851893494151,0.16729541434801098,0.30230891427471795,0.3177568549162246,,,,,,,,,,,,,,
en,figshare,phone_real,FIGSHARE_PD_8f6def68,1,M,a,1,184,1.1623071767389774,-1.3007131097838283,1.4520265742072038,-0.9138775627527919,1.4451974790011133,-0.9008009725117258,-0.406056289760662,0.059494023344346454,-0.3200559927416699,0.08608531725725957,-0.6994238528423011,0.18103988141021027,-0.09495456415295069,0.0995663498864513,0.4408190494385098,0.5935838556992006,0.12214230997420537,,,,,,,,,,,,,,
en,figshare,phone_real,FIGSHARE_PD_2b8953f4,1,F,a,1,135,1.1924662645216342,-1.2719458302965871,1.7356070706873765,-1.0684174058246023,1.7318946807472795,-0.8593350851241454,-0.5071157573917766,0.24816356603930026,-0.30946883540830494,-0.08650624936009631,-0.9775840000789843,0.3464584538460146,-0.43296470320611086,0.31801581090221703,0.20924951171619424,0.20786982373399543,0.3272467735844598,,,,,,,,,,,,,,
en,figshare,phone_real,FIGSHARE_PD_657d51c5,1,F,a,1,167,0.4434839923783104,-0.8718144784469416,0.8432751051565208,-0.43348986530067896,0.8525866624152306,-0.27662367086009226,-0.25169323370008184,0.2526512783352691,0.28705048487328066,0.13913057737126208,-0.3852044172806315,0.10376287319946408,0.03536770417179802,0.07186780055255845,0.16526856419495614,0.2070055622365142,0.11581530741727351,,,,,,,,,,,,,,
en,figshare,phone_real,FIGSHARE_PD_c155c9fe,1,M,a,1,150,0.898781833714909,-0.7703879637850656,1.1448331226905186,-0.6075809395975537,1.0896367937326432,-0.5201905053522852,-0.588946683704853,0.32874996331002976,-0.631443836291631,-0.1501673354870743,-1.0700942902101411,0.5664999767930972,-0.7166673122801714,0.22982751528904777,0.1880724099361867,0.10257523969202947,0.1668226886913138,,,,,,,,,,,,,,
en,figshare,phone_real,FIGSHARE_PD_40d9d154,1,M,a,1,154,1.2208386491587822,-1.497560644403417,1.452576959386785,-1.344588336792398,1.4596354736292616,-1.3059535032891212,-0.21418815550017864,-0.7614856565252264,-0.1119650957432199,-0.15595612991997537,-0.4209700764176693,-0.5472159702925289,0.3912598403725535,0.3306960506451795,0.2673603153038896,0.49829200392496426,0.2606756755584528,,,,,,,,,,,,,,
en,figshare,phone_real,FIGSHARE_PD_86e8cea0,1,F,a,1,197,1.467816575735557,-1.314484205065655,1.8701189105250255,-1.1369306650482307,1.7523630617045556,-0.9666265026361001,-0.28132292077320964,0.24068115255599762,-0.6124310273082316,-0.3351338664148034,-0.9185870591269321,0.5057042949214703,-0.8408381613362738,0.21142356932462653,0.7363603103765375,0.3892702484433922,0.09744261767672542,,,,,,,,,,,,,,
en,figshare,phone_real,FIGSHARE_PD_41b9ec4d,1,F,a,1,345,1.3110320688301815,-1.591319596853809,1.8471519397076777,-1.3042709558194385,1.705334960622488,-0.9601998789154965,-0.2789180117888727,0.1575977944629492,-0.31383394986247093,-0.11532973350534116,-0.6826713023266354,0.3003387339503149,-0.41566846745565605,0.2669254954321187,0.4039311143064905,0.5410995232976605,0.20838149837220968,,,,,,,,,,,,,,
en,figshare,phone_real,FIGSHARE_PD_4aa08767,1,F,a,1,119,0.7439212292841036,-0.6974230237203102,1.201412460575365,-0.27336399787909366,1.253222744350564,-0.23031867673135784,-0.5577492617989239,0.5305657486801278,-0.2624433650954129,-0.23933849024446044,-0.784326455160363,0.48785484564324766,-0.7271933358877081,0.3944873719693377,0.12642697905414263,0.1990088463885068,0.4001528407491416,,,,,,,,,,,,,,
en,figshare,phone_real,FIGSHARE_PD_85b39883,1,M,a,1,164,0.9081964695453644,-0.6387635818123818,1.3729528039693832,-0.4841865031421185,1.4020067524909974,-0.2332547128200531,-1.1340777346491813,1.0041665136814117,-0.4777704334259033,-0.27583347909152506,-1.4268246132135392,0.8174074909090996,-1.0932409700006247,0.3815788771000717,0.48976338118763824,0.17975970782661935,0.3649662281189895,,,,,,,,,,,,,,
en,figshare,phone_real,FIGSHARE_PD_c2ae567e,1,F,a,1,79,0.9187560987715818,-1.3144672792785022,1.4996863141351817,-1.1793421738001766,1.6067545559941505,-0.8916995330732695,-0.39752281928549005,0.028441386487410993,0.34677357059352254,0.432625375231918,-0.5649071676390511,0.023595020022927498,0.4090303552089905,,,,,,,,,,,,,,,,,,
en,figshare,phone_real,FIGSHARE_PD_4235a438,1,F,a,1,108,0.7110745536558556,-1.2714989356922382,1.221686082355904,-0.9293627603487535,1.2490462751099558,-0.7252002735481118,-0.5412108927513614,0.2552092648816831,-0.33173643142888043,-0.10751714365500392,-0.89362179284746,0.23282628650353712,-0.34034343015854107,0.19797498707640532,0.38977023064348837,0.30863887697079045,0.11247530194985898,,,,,,,,,,,,,,
en,figshare,phone_real,FIGSHARE_PD_eda49162,1,F,a,1,123,0.4397302999099096,-0.46189391434192656,0.8783290036519369,-0.08924135208129882,1.0236857279141744,-0.23073598682880403,-0.46142320285240807,0.6099664887785912,-0.19691186368465424,-0.12273908197879792,-0.8043320516745249,0.47152624463041626,-0.5942653266092142,0.6072718995733369,0.2646409884575724,0.3001494217786723,0.5459731145947077,,,,,,,,,,,,,,
en,figshare,phone_real,FIGSHARE_PD_5aa058c7,1,M,a,1,332,0.9683834286034108,-0.465326918810606,1.2908227497339249,-0.3486580416560173,1.3609719636291266,-0.36462234817445277,-0.8530747447907925,0.9000114174000919,-1.3741773214191197,-0.5666326250880956,-1.6538487147539853,1.0560815999470652,-1.6227142250351607,0.30308449309587354,0.2737719524713415,0.2725628622365734,0.2795722147870926,,,,,,,,,,,,,,
en,figshare,phone_real,FIGSHARE_PD_b0a52958,1,F,a,1,143,0.734301748289459,-1.0657449350959953,1.2223438630843986,-0.7405051708906546,1.2415688217713916,-0.737866625874892,-0.537076601180537,0.32445907181706923,-0.4948765380286622,0.016095240397014838,-0.9146623804994013,0.12618738905280485,-0.11009214865579002,0.41188487167378296,0.34494685554896387,0.42608181894304864,0.5261163458938451,,,,,,,,,,,,,,
en,figshare,phone_real,FIGSHARE_PD_7bd14973,1,M,a,1,214,0.41814997734931797,-0.41540796963068155,0.8533560598125824,-0.1003871887922287,0.8688135622785642,0.13601258064691837,-0.6657070025801659,0.7712163370389205,-0.5059731953419172,-0.2256426616356923,-0.9478662164165423,0.5284105894227441,-0.7540532510584363,0.3059492824262292,0.258913186010924,0.36625104407503517,0.24168210237878462,,,,,,,,,,,,,,
en,figshare,phone_real,FIGSHARE_PD_54d59a99,1,M,a,1,206,0.9019888625029595,-0.8228098745307615,1.3914799233598094,-0.5249424686114634,1.298483304919735,-0.2251810287275622,-0.9299965508041843,0.7662535267130982,-0.47093514256900354,-0.2155643426362545,-1.2236633994165929,0.5837290329528192,-0.7992933755890737,0.21044195248035585,0.4764810924972106,0.1716255650611712,0.11853730304325635,,,,,,,,,,,,,,
en,figshare,phone_real,FIGSHARE_PD_95d7c1be,1,M,a,1,193,1.0295258654743178,-0.7911528990818903,1.3485189890250182,-0.6729153845554743,1.2472789477334063,-0.5065765262414248,-0.5318493885107529,0.5086426473198793,-0.38115810316342574,-0.09857970450678442,-0.8675795437561141,0.4790438208092227,-0.5776235253160071,0.39727567226960964,0.5288499664293662,0.3698536195512891,0.11129679733530866,,,,,,,,,,,,,,
en,figshare,phone_real,FIGSHARE_PD_254cb77d,1,F,a,1,90,1.1786253032860932,-1.2951830344067679,1.8016620167979487,-0.9078062209818099,2.0153278333169444,-0.6982293584280543,-0.5515959044849431,0.06023541479199021,-0.10234708449354878,0.29096103197446577,-0.773510904499778,0.060436778874308976,0.23052425310015678,0.2465057924037902,0.26589581798072126,0.40210550391575506,0.12905826821991992,,,,,,,,,,,,,,
en,figshare,phone_real,FIGSHARE_PD_88c4d072,1,F,a,1,115,1.1331782332365063,-0.46399880125038867,1.4051778817522353,-0.27053151182506396,1.4330039516739224,-0.6004454610140427,-0.3357414916373681,0.37288075815076416,-0.5121772714715073,-0.5189193604864936,-0.8309358077636664,0.5256014330231625,-1.044520793509656,0.48312002227591283,0.4209621675593998,0.4233717491825348,0.2605337345722836,,,,,,,,,,,,,,
en,figshare,phone_real,FIGSHARE_PD_4f1346e1,1,M,a,1,122,0.8120214226278099,-0.7355949618929142,1.1319477131237854,-0.5072506484953133,0.9528691583388561,-0.29938096170489853,-0.5149768584886113,0.6411932909206765,-0.3920566425532908,-0.12450866079008258,-1.0341870474654276,0.7919658858178033,-0.9164745466078859,0.16657105856978138,0.14237143099470384,0.4388645883008506,0.5001990450136845,,,,,,,,,,,,,,
en,figshare,phone_real,FIGSHARE_PD_89894eae,1,F,a,1,204,0.5559218476616568,-0.7885822991449987,1.090246455924165,-0.6590066087101737,1.1218655350948534,-0.45631332082613824,-1.019832731975663,0.6899125313746833,-0.19185916106066397,-0.18122752191078279,-1.1153967680349466,0.42001787015807723,-0.6012453920688601,0.3511522441639534,0.41936863728022966,0.3368787266011048,0.34804495141372305,,,,,,,,,,,,,,
en,figshare,phone_real,FIGSHARE_PD_fe321b4b,1,M,a,1,360,1.0084633259447637,-1.0728521135946114,1.527577497616962,-0.9339307792898681,1.424228879864569,-0.6174940462741587,-0.6565740162299739,0.4983835727907717,-0.6725316814802311,-0.06230953494431796,-1.156503246941914,0.5036887584719807,-0.5659982934162987,0.11718706883278288,0.23988783710881334,0.2753364125126543,0.22041938196114758,,,,,,,,,,,,,,
en,figshare,phone_real,FIGSHARE_PD_ee70f192,1,F,a,1,75,0.4340500811735789,-1.1036253439055548,1.0882874170939127,-0.6499186711178886,1.224422820409139,-0.4706888622707791,-0.41702424320909715,0.012613499661286671,0.24246172540717656,0.4274819620781475,-0.3609583616256714,-0.3742919190476338,0.8017738811257813,,,,,,,,,,,,,,,,,,
en,figshare,phone_real,FIGSHARE_PD_fdae567f,1,M,a,1,123,0.7589301705360413,-0.7539187296231588,1.0802525226275126,-0.5614995416005453,1.1495727664232254,-0.5102963364124298,-0.6902341890335083,0.4403555738925934,-0.3467876088619232,-0.07546531985203425,-1.1369541206955909,0.5898739449431499,-0.6653392647951841,0.2427860483142658,0.2929903469917725,0.336467368145198,0.1948646654933186,,,,,,,,,,,,,,
en,figshare,phone_real,FIGSHARE_PD_69264955,1,M,a,1,281,0.9328511036359347,-1.4277789211837497,1.279610876148269,-1.1675579473817137,1.1551649482292536,-1.1014841167179086,-0.3933035964091149,-0.1730448545436182,-0.3568202046423974,0.06392756020705376,-0.680315015407709,-0.12250859177941402,0.18643615198646776,0.39724945356805286,0.26137493042933746,0.3408720341015586,0.2669200705007064,,,,,,,,,,,,,,
en,ddk,clean,IPVS_EHC_49649a7c,0,F,,,284,,,,,,,,,,,,,,,,,,D1,1.6194331983805668,3.934539622068405,50.416386518627384,2.34375,-0.05331395392898468,2.3585386157035826,25.300019904971123,2.34375,-0.09364365298521148,2.8118061423301697,32.73629978299141,2.34375,-0.008075841617729236
en,ddk,clean,IPVS_EHC_49649a7c,0,F,,,302,,,,,,,,,,,,,,,,,,D2,1.7921146953405018,4.055021777749062,38.99153769016266,1.953125,-0.10797991076133429,2.3318326622247696,31.79040253162384,2.34375,-0.09198867853267766,3.2121292054653168,40.8573305234313,1.953125,-0.1089504368374419
en,ddk,clean,IPVS_EHC_7a274592,0,F,,,329,,,,,,,,,,,,,,,,,,D1,1.4314928425357871,2.403561535477637,29.19733620248735,1.953125,-0.3091740729890186,2.3312212288379666,26.108767129480825,1.5625,-0.16843512405614738,2.4090260028839108,27.3921326547861,1.5625,-0.29041852309769145
en,ddk,clean,IPVS_EHC_7a274592,0,F,,,309,,,,,,,,,,,,,,,,,,D2,1.7821782178217822,2.9385486766695976,41.423316579312086,1.953125,-0.25722974104334045,2.6367224156856537,28.827113658189774,2.34375,-0.12950335173465832,2.6626490652561188,32.11286440491676,1.953125,-0.20753453655564585
en,ddk,clean,IPVS_EHC_bde32635,0,F,,,293,,,,,,,,,,,,,,,,,,D1,1.4134275618374559,3.2945074200630184,37.736155539751046,1.953125,0.06977350708114616,2.4674954175949093,29.16475996375083,1.953125,-0.2008955625895736,2.581672477722168,29.039358198642713,1.953125,-0.18207986318993996
en,ddk,clean,IPVS_EHC_bde32635,0,F,,,339,,,,,,,,,,,,,,,,,,D2,1.5624999999999998,3.034946691989898,32.98814252018928,1.953125,-0.3705400654425989,2.537293171882629,27.951754331588738,1.953125,-0.14655319606542686,2.766680371761322,32.40741342306136,1.953125,-0.25374950704462634
en,ddk,clean,IPVS_EHC_6f100ca8,0,F,,,293,,,,,,,,,,,,,,,,,,D1,1.6498625114573786,3.0167198002338402,43.59253674745559,2.34375,-0.2610122048498962,3.1172039270400997,39.572964757680865,2.34375,-0.09795782482190832,3.1978295564651487,39.33328926563263,2.34375,-0.038081013046927494
en,ddk,clean,IPVS_EHC_6f100ca8,0,F,,,290,,,,,,,,,,,,,,,,,,D2,1.7191977077363896,2.4260380811989304,34.0516062825918,2.34375,-0.09090770995196779,2.296213710308075,29.429987519979466,2.34375,-0.05573507181472315,2.5894802689552305,35.4430116713047,2.34375,0.08149943303076555
en,ddk,clean,IPVS_EHC_40e93a8c,0,M,,,309,,,,,,,,,,,,,,,,,,D1,0.8756567425569177,3.774118209257722,45.51195316016674,1.5625,0.06215826151172142,2.881873369216919,28.301182575523853,1.5625,0.02485641459039908,3.358848422765732,34.15368124842644,1.5625,0.01903034663977199
en,ddk,clean,IPVS_EHC_40e93a8c,0,M,,,286,,,,,,,,,,,,,,,,,,D2,0.7575757575757576,3.0075295295566318,29.469453720375892,1.5625,-0.07589503193004073,2.6349485099315637,28.849442005157467,2.34375,0.12031319162223367,3.1853672891855234,38.56141520664095,2.34375,0.13036884296178555
en,ddk,clean,IPVS_EHC_6d20d216,0,F,,,305,,,,,,,,,,,,,,,,,,D1,2.2184300341296925,4.391984401643275,51.37826323509214,2.734375,0.00594325525592322,3.0369613885879514,38.519543409347484,2.734375,-0.11539176540349624,3.156109738349914,33.186655938625336,2.734375,-0.011826151922574432
en,ddk,clean,IPVS_EHC_6d20d216,0,F,,,270,,,,,,,,,,,,,,,,,,D2,1.9880715705765406,3.264417406916618,42.00732192955911,2.34375,0.21391232977138014,3.3036074638366695,35.02571180462837,2.734375,-0.09528260710987611,3.1863161087036134,36.812090054154396,2.734375,-0.09659968311174974
en,ddk,clean,IPVS_EHC_997af7b3,0,F,,,270,,,,,,,,,,,,,,,,,,D1,1.5473887814313347,3.8226553320884706,47.801772654056535,1.953125,-0.2376558742215154,2.798217111825943,33.837801665067644,1.953125,-0.08460085853300567,3.323701465129852,40.71903705596923,1.953125,-0.06843602160216257
en,ddk,clean,IPVS_EHC_997af7b3,0,F,,,280,,,,,,,,,,,,,,,,,,D2,1.7324350336862369,5.140658110380173,55.34735806286335,2.34375,-0.2991854904125589,2.6036584079265594,31.097248569130898,2.734375,-0.08724946339778233,3.801678866147995,43.18796843290329,2.734375,-0.20413762539229144
en,ddk,clean,IPVS_EHC_639d115c,0,F,,,305,,,,,,,,,,,,,,,,,,D1,1.4096916299559472,2.0122925639152527,31.35114189237356,3.90625,0.01620303106932099,3.136517286300659,29.915590286254876,1.953125,-0.21884249293154096,2.74069230556488,34.52415287494655,1.953125,-0.19582181537020213
en,ddk,clean,IPVS_EHC_639d115c,0,F,,,298,,,,,,,,,,,,,,,,,,D2,1.5549076773566568,3.922567956149578,52.05833330750464,2.34375,-0.12322669438278509,2.484824979305267,27.885923236608498,2.34375,-0.03685944665310833,2.2420137375593185,29.646095838397738,2.34375,-0.133294114084193
en,ddk,clean,IPVS_EHC_4afb35f7,0,M,,,287,,,,,,,,,,,,,,,,,,D1,1.5094339622641508,4.962643004953861,56.51740897446871,2.34375,-0.011918520938537286,2.9365007877349854,32.60026425123215,2.34375,0.25173586635461354,3.186500370502472,36.48373633623123,2.34375,0.04376316971080694
en,ddk,clean,IPVS_EHC_4afb35f7,0,M,,,273,,,,,,,,,,,,,,,,,,D2,1.6877637130801686,4.2234203070402145,64.09897478297353,2.34375,0.01466316973147056,4.066530704498291,53.04584987461567,2.34375,-0.038761035981920273,4.021528720855713,46.64313551038504,2.34375,0.034723729406132935
en,ddk,clean,IPVS_EHC_b4f61509,0,F,,,307,,,,,,,,,,,,,,,,,,D1,1.5355086372360842,3.365551050752401,45.815582107752554,1.5625,-0.22387451282788406,2.864546513557433,34.60754744708534,2.34375,-0.13642408537541315,2.9095274925231926,40.30973866581912,1.953125,-0.0697407916345617
en,ddk,clean,IPVS_EHC_b4f61509,0,F,,,290,,,,,,,,,,,,,,,,,,D2,1.4801110083256246,2.9966728270053857,43.0738112889229,2.34375,-0.037587399308706644,2.673602104187011,31.63153767585753,2.34375,-0.13929156284747843,3.031039363145828,37.37012155354021,2.34375,-0.13905200166081333
en,ddk,clean,IPVS_EHC_25e7d520,0,F,,,291,,,,,,,,,,,,,,,,,,D1,2.0146520146520146,4.1022947825491425,55.059354454278946,2.734375,-0.08414517271188678,3.286874985694884,46.41116864979266,2.734375,-0.0023254814016424297,2.9964225649833667,33.77387970685958,2.734375,-0.148004013422568
en,ddk,clean,IPVS_EHC_25e7d520,0,F,,,277,,,,,,,,,,,,,,,,,,D2,2.355250245338567,2.646841600909829,31.438622511923306,2.734375,-0.05594236164977737,3.151146322488785,33.438685536384575,2.734375,-0.1674792215635287,3.404075413942337,40.84419760853052,2.734375,-0.17280825948685286
en,ddk,clean,IPVS_EHC_e7aed759,0,M,,,300,,,,,,,,,,,,,,,,,,D1,1.3592233009708738,2.5761323157697915,35.941536994650946,1.953125,-0.05847506317022284,3.387343120574951,33.432514872401946,1.953125,0.01790321137956049,2.821752321720123,31.434806063771244,1.953125,-0.0743713173201908
en,ddk,clean,IPVS_EHC_e7aed759,0,M,,,257,,,,,,,,,,,,,,,,,,D2,1.7917133258678608,2.816028560698032,35.82364389672874,1.953125,0.07758578736111547,3.2045419931411736,29.868474006652818,1.953125,-0.08935904142084858,3.485825020074844,37.87148904055357,1.953125,-0.09821026035190251
en,ddk,clean,IPVS_EHC_ac9bbb18,0,M,,,297,,,,,,,,,,,,,,,,,,D1,0.9057971014492753,3.064427858963609,30.16989406198261,1.5625,-0.11174181219613914,2.595095372200011,28.567008934915062,1.5625,0.13978936220949448,3.135743635892868,35.361082367598975,1.5625,-0.017570336786771314
en,ddk,clean,IPVS_EHC_ac9bbb18,0,M,,,276,,,,,,,,,,,,,,,,,,D2,0.9794319294809012,3.570253446698188,36.22391644865274,1.5625,-0.13352166618018707,2.41779863834381,28.003986626863455,1.5625,-0.0003447139438839195,3.3216107845306393,44.21951573342082,1.5625,-0.08616268399812509
en,ddk,clean,IPVS_EHC_99f6ef3d,0,F,,,262,,,,,,,,,,,,,,,,,,D1,1.5250544662309367,2.776133340597153,35.22819273173809,2.34375,-0.08468652619338066,2.5952527284622193,39.214305505156545,2.34375,0.07593160233092144,3.0179128885269164,32.808708101511,2.34375,0.08745446704038692
en,ddk,clean,IPVS_EHC_99f6ef3d,0,F,,,284,,,,,,,,,,,,,,,,,,D2,1.5888778550148954,3.400111353397369,40.21388716995716,2.34375,0.1265991406375206,2.6990594387054445,28.4610877931118,2.34375,0.016188994302114214,2.999907863140106,31.889353990554806,2.34375,-0.010079422616476383
en,ddk,clean,IPVS_EHC_de4ff365,0,M,,,249,,,,,,,,,,,,,,,,,,D1,1.7334777898158182,6.0380937740206715,70.744593963027,2.734375,0.11893773226277526,2.81055234670639,45.01273605972526,2.734375,-0.038713888341608466,3.7717951834201813,45.40489129722118,2.734375,0.024035654147965695
en,ddk,clean,IPVS_EHC_de4ff365,0,M,,,276,,,,,,,,,,,,,,,,,,D2,1.7910447761194028,5.436061461269855,58.126048073172534,2.734375,-0.43456013770165625,3.157655310630798,42.296730875968926,2.734375,-0.06421949877497218,3.4921484708786013,48.11328828334807,2.734375,-0.031361686507816434
en,ddk,clean,IPVS_EHC_c3e98ecb,0,M,,,299,,,,,,,,,,,,,,,,,,D1,1.2715712988192553,3.478159660100937,56.547293066978455,1.953125,0.17647244908053442,3.116794085502624,25.891520380973816,1.953125,-0.24530780945371558,2.9687158465385433,27.22028285264969,1.953125,-0.2101149163101172
en,ddk,clean,IPVS_EHC_c3e98ecb,0,M,,,278,,,,,,,,,,,,,,,,,,D2,1.3320647002854422,3.3596608102321626,33.40232795104383,1.953125,-0.32808210048939296,3.120958393812179,34.026032574474804,1.953125,-0.060612269922042196,3.0648299157619476,39.24972802400589,1.953125,-0.15642464777425644
en,ddk,clean,IPVS_EHC_1390377d,0,M,,,298,,,,,,,,,,,,,,,,,,D1,1.5720524017467248,4.347413477301597,51.15311701782042,2.34375,0.5548915900623174,2.758342117071151,36.25933997333048,2.34375,-0.16587580730883117,3.05874211192131,31.267981603741628,2.34375,-0.05666848552278899
en,ddk,clean,IPVS_EHC_1390377d,0,M,,,299,,,,,,,,,,,,,,,,,,D2,1.5720524017467248,1.8178957045078277,20.726230219006535,2.34375,0.010166228858626,2.3465136051177975,32.93281823396683,2.34375,-0.20471697050081783,2.615397000312805,25.720708817243576,2.34375,-0.199990892951458
en,ddk,clean,IPVS_EHC_9a2a24e8,0,F,,,323,,,,,,,,,,,,,,,,,,D1,1.0820559062218216,3.052917879074812,34.721875889226794,1.5625,-0.03110019003447389,2.7100650519132614,27.16181706637144,1.5625,-0.2006970382110378,3.2570653557777405,34.00109773501754,1.5625,-0.09064296862877812
en,ddk,clean,IPVS_EHC_9a2a24e8,0,F,,,290,,,,,,,,,,,,,,,,,,D2,1.2999071494893222,3.305774897336957,32.607978582382195,1.953125,-0.37793994322905394,2.386214804649353,24.21336740255356,1.953125,0.04756415868804077,2.951512342691421,32.519544810056686,1.953125,0.039719308428873765
en,ddk,clean,IPVS_EHC_7ffb735c,0,F,,,285,,,,,,,,,,,,,,,,,,D1,2.3346303501945522,4.852713906764984,62.82644636929035,3.125,-0.1436016096324854,2.784659051895142,41.132599636912346,3.515625,-0.09131816942710606,3.3703399479389184,38.0284807831049,3.515625,0.05813430313884418
en,ddk,clean,IPVS_EHC_7ffb735c,0,F,,,359,,,,,,,,,,,,,,,,,,D2,1.5901060070671378,2.6847621500492096,25.922799319960177,1.953125,0.03786644103994331,2.2366698384284973,21.57019544392824,1.953125,-0.15003396017312462,2.4580262303352356,24.876919016242027,1.953125,-0.17942777003891275
en,ddk,clean,IPVS_EHC_832281bf,0,M,,,283,,,,,,,,,,,,,,,,,,D1,1.5429122468659595,3.750541166588663,58.32857057452201,2.34375,-0.22601311428095433,3.1601779818534843,46.07690706849096,2.34375,-0.24131659481896117,3.1371024072170255,30.977105237543533,2.34375,-0.21592953757461084
en,ddk,clean,IPVS_EHC_832281bf,0,M,,,297,,,,,,,,,,,,,,,,,,D2,1.5873015873015877,3.460367937386036,43.10963322408494,2.34375,-0.3328293583448404,3.077518224716186,33.45991048961876,2.34375,-0.050685461171910653,3.1908492833375934,42.61822782456872,2.34375,-0.09159015124010642
en,ddk,clean,IPVS_EHC_71d347fe,0,M,,,290,,,,,,,,,,,,,,,,,,D1,0.9111617312072892,2.755384704470634,42.195694805122905,2.734375,0.03370848314238364,2.806382608413696,29.38816234469411,1.5625,-0.06859901019384279,2.8570445477962494,30.455983169376843,1.5625,-0.0849044172143024
en,ddk,clean,IPVS_EHC_71d347fe,0,M,,,297,,,,,,,,,,,,,,,,,,D2,0.911577028258888,3.297452780976891,29.543685400858514,1.5625,-0.03226097651076549,2.4865049391984937,26.282658390700814,1.5625,0.06766685425528637,2.8130104929208746,31.808034069836133,1.5625,0.06696747755566808
en,ddk,clean,IPVS_EHC_71d347fe,0,M,,,317,,,,,,,,,,,,,,,,,,D1,1.3136288998357963,3.6643871273845434,44.7190423309803,1.953125,0.11330869422873306,2.8171071231365206,34.71762977540492,1.953125,-0.009869135762844441,3.7125683426856995,33.16460916772485,1.953125,-0.04393853374193417
en,ddk,clean,IPVS_EHC_71d347fe,0,M,,,302,,,,,,,,,,,,,,,,,,D2,1.588702559576346,3.647341925650835,40.16846967861056,1.953125,0.2799894968595171,2.746904671192169,25.039055570960045,1.953125,-0.14442682423197312,3.3246928453445435,35.19773557782173,1.953125,-0.04261725279678025
en,ddk,clean,IPVS_PD_25bcde8e,1,M,,,246,,,,,,,,,,,,,,,,,,D1,1.279317697228145,2.4107761632651084,41.31814960390328,3.90625,0.35938946243672476,2.9134773433208463,31.657916419208046,1.953125,-0.16922941729753038,2.8875691711902616,29.65511702001094,1.953125,-0.08668947544924056
en,ddk,clean,IPVS_PD_25bcde8e,1,M,,,249,,,,,,,,,,,,,,,,,,D2,1.2594458438287153,2.8704808298498388,26.68667806312442,1.953125,-0.45490744317999765,3.0055423140525814,36.32509507238865,1.953125,-0.10814477475197919,2.9065492898225784,33.794690892100334,1.953125,-0.1870884802891174
en,ddk,clean,IPVS_PD_215587d2,1,F,,,249,,,,,,,,,,,,,,,,,,D1,1.284796573875803,2.4979529112577437,32.07990104332566,1.5625,-0.10262094840792044,2.402361625432968,29.21660035848617,1.953125,-0.0629160592765294,2.844280695915222,35.13671150431037,1.953125,-0.03345372817408003
en,ddk,clean,IPVS_PD_215587d2,1,F,,,244,,,,,,,,,,,,,,,,,,D2,1.3605442176870748,3.012165531516075,38.370919320732355,1.5625,-0.17233084034296753,2.4077218770980835,26.703380420804024,1.5625,-0.23422897329433137,3.0450519323349,30.45483659952879,1.5625,-0.3077415521430186
en,ddk,clean,IPVS_PD_e50b4a59,1,F,,,236,,,,,,,,,,,,,,,,,,D1,1.1389521640091114,3.5750406205654137,56.21627822518348,1.5625,-0.27555390142148456,3.0022321939468384,30.356003195047368,1.5625,-0.11181670856517077,3.288889360427856,32.74805128574371,1.5625,-0.1325667954972568
en,ddk,clean,IPVS_PD_e50b4a59,1,F,,,235,,,,,,,,,,,,,,,,,,D2,1.1415525114155252,3.59554074704647,30.482118255458772,1.5625,0.02655761225726594,2.7455923020839688,29.347531497478485,1.5625,-0.16835197932492887,3.372555196285248,33.32285813987254,1.5625,-0.1981798660215456
en,ddk,clean,IPVS_PD_55bc13c6,1,F,,,241,,,,,,,,,,,,,,,,,,D1,2.219755826859045,5.770845448970794,79.15029356256127,3.125,-0.02703717748813261,2.1722105130553246,29.10757996141911,3.125,0.10543139635141478,3.0114971682429315,37.77843308635056,3.125,-0.1199927302430835
en,ddk,clean,IPVS_PD_55bc13c6,1,F,,,255,,,,,,,,,,,,,,,,,,D2,2.0876826722338206,2.182849806174636,29.155514985322952,3.125,-0.10008681169560735,2.8834891974926,37.70110242068768,3.125,0.01835452908092586,2.8347548678517347,35.05713552236557,3.125,-0.11226283358823953
en,ddk,clean,IPVS_PD_b85147c7,1,M,,,251,,,,,,,,,,,,,,,,,,D1,1.26984126984127,3.506560974568128,50.219363099895375,1.953125,0.09021643854113422,2.321437519788742,22.427052184939384,1.953125,-0.04444427145541928,2.6841925740242,26.277054771780964,1.953125,-0.01017523095498011
en,ddk,clean,IPVS_PD_b85147c7,1,M,,,231,,,,,,,,,,,,,,,,,,D2,1.3761467889908259,2.8288172781467438,28.762026131153107,2.734375,-0.19527241737191847,2.2799526154994965,28.333208709955215,2.734375,0.14751589713972132,2.5562714338302612,32.765187323093414,2.734375,0.08672659263807525
en,ddk,clean,IPVS_PD_a0fceda0,1,F,,,263,,,,,,,,,,,,,,,,,,D1,0.9673518742442564,3.20999898314476,54.35049486346543,2.734375,0.04614219556838304,2.8086441278457643,36.545615643262856,1.5625,-0.2525868861783974,2.741638860106468,33.59737426042557,1.5625,-0.13097942163633597
en,ddk,clean,IPVS_PD_a0fceda0,1,F,,,243,,,,,,,,,,,,,,,,,,D2,1.2903225806451613,3.2054879218339902,34.29859966970978,2.34375,0.7048314697943365,2.4874405562877655,35.15877019613981,2.34375,0.07020437786649396,2.809107264876365,38.62319920212028,2.34375,0.2615718643659038
en,ddk,clean,IPVS_PD_69229acc,1,M,,,206,,,,,,,,,,,,,,,,,,D1,1.8292682926829267,4.399227215349674,60.63751404872164,1.953125,-0.11013843303052492,3.1187939107418057,28.722716104239225,1.953125,-0.08043965689264158,3.060915690660477,30.042150020599365,1.953125,-0.22498408163598108
en,ddk,clean,IPVS_PD_69229acc,1,M,,,216,,,,,,,,,,,,,,,,,,D2,1.5444015444015442,2.997212540358305,51.46735645830631,1.953125,-0.10117706620005551,2.6683376878499985,26.044050604104996,2.34375,-0.2004777183442194,3.265382707118988,34.74699258804321,2.34375,-0.19323141059579427
en,ddk,clean,IPVS_PD_5fcdd5c0,1,M,,,197,,,,,,,,,,,,,,,,,,D1,0.847457627118644,4.2550048783421515,60.29822106473148,2.734375,0.13505723917542387,2.290065963566304,21.61540199071169,1.5625,-0.09408750285182634,3.288497838377953,29.951276630163196,1.5625,-0.07158610243541824
en,ddk,clean,IPVS_PD_5fcdd5c0,1,M,,,190,,,,,,,,,,,,,,,,,,D2,0.8759124087591241,3.3537846609950055,28.852216228842728,1.5625,-0.12521049870222054,2.480603885650635,29.186701178550706,2.34375,-0.04895429159081159,3.3332167387008664,36.83147795498371,2.34375,-0.03484458982546333
en,ddk,clean,IPVS_PD_5e7a0360,1,M,,,223,,,,,,,,,,,,,,,,,,D1,1.9184652278177459,3.8581860046833754,50.00328659079969,2.734375,0.1302449922433027,2.4483396112918854,32.40890000015497,2.734375,-0.12684710209044783,3.2218863517045975,34.897418692708015,2.734375,-0.1061679661046584
en,ddk,clean,IPVS_PD_5e7a0360,1,M,,,244,,,,,,,,,,,,,,,,,,D2,2.6002166847237267,2.0331105291843414,31.140048522502184,3.515625,-0.12072684996787428,3.1854852437973022,55.90161681175232,3.515625,-0.03471312493319932,3.0972443222999573,45.593179017305374,3.515625,-0.062080168658084044
en,ddk,clean,IPVS_PD_b85147c7,1,M,,,204,,,,,,,,,,,,,,,,,,D1,1.094391244870041,3.178608172386885,48.19936744868756,2.734375,0.3219543892069487,2.8234872579574586,23.529958948493007,1.5625,-0.22759980846079833,3.6499585270881654,30.694725811481476,1.5625,-0.12494476385941133
en,ddk,clean,IPVS_PD_b85147c7,1,M,,,214,,,,,,,,,,,,,,,,,,D2,1.019108280254777,3.335260970517993,29.53721703030168,1.5625,-0.1172418540562001,2.4975287914276123,23.836014121770837,1.5625,-0.21367213645142022,3.2823659837245938,29.926043823361347,1.5625,-0.11000140636710337
en,ddk,clean,IPVS_PD_283812f2,1,M,,,222,,,,,,,,,,,,,,,,,,D1,0.7761966364812419,5.0282065205276005,56.63829876109949,1.5625,0.20217712439270127,2.2731134295463558,18.986305817961675,1.5625,-0.27455218448683616,3.8216302633285517,25.669456496834737,1.5625,-0.2408746825462551
en,ddk,clean,IPVS_PD_283812f2,1,M,,,241,,,,,,,,,,,,,,,,,,D2,0.9302325581395349,3.402185529470444,27.279256675392393,1.5625,-0.2563974758521934,2.598227399587631,24.033035002648838,1.5625,-0.34304899077192985,3.093592530488968,25.88811941444874,1.5625,-0.36279085982335635
en,ddk,clean,IPVS_PD_37ac75bd,1,F,,,193,,,,,,,,,,,,,,,,,,D1,2.2598870056497176,6.534439194202423,73.1974234431982,2.734375,-0.01617598315116689,2.5496672511100766,26.838814094662666,2.734375,-0.27142151462568614,3.57890897989273,36.77900031208992,2.734375,-0.23650739424993777
en,ddk,clean,IPVS_PD_37ac75bd,1,F,,,230,,,,,,,,,,,,,,,,,,D2,1.66073546856465,4.596462212502956,44.44309547543526,2.34375,-0.06870287834723078,3.0661858320236206,28.34247387945652,2.34375,-0.051478508068336835,3.9450844526290894,36.65491584688425,2.34375,-0.20184318076285598
en,ddk,clean,IPVS_PD_7f660571,1,F,,,245,,,,,,,,,,,,,,,,,,D1,2.777777777777778,3.5371935851871967,38.73008945956826,3.515625,-0.23178405567970126,2.3605098724365234,21.371394768357277,1.953125,-0.04903449779659948,2.516486346721649,20.656284876167774,3.515625,-0.13223409792607596
en,ddk,clean,IPVS_PD_7f660571,1,F,,,288,,,,,,,,,,,,,,,,,,D2,2.5,3.4312177896499634,28.551573492586613,1.953125,-0.26363969377716634,2.595229983329773,25.202902406454086,1.953125,-0.04111674200379135,3.2291754484176636,35.96767485141754,1.953125,-0.0441262856030806
en,ddk,clean,IPVS_PD_d0de0fb0,1,M,,,220,,,,,,,,,,,,,,,,,,D1,1.2121212121212122,4.4563156440854055,55.251238103955984,2.734375,-0.34962617272360536,2.7882156789302828,28.54614021256566,1.953125,-0.2331346457383306,3.2079755663871765,33.948395662009716,1.953125,-0.22380461409311114
en,ddk,clean,IPVS_PD_d0de0fb0,1,M,,,252,,,,,,,,,,,,,,,,,,D2,1.256544502617801,4.382145823910832,41.437794640660286,1.953125,-0.4384976654396232,2.6835944652557373,31.808670237660408,1.953125,0.053351886383339625,3.7623415291309357,38.03926967084408,1.953125,-0.2710468622868357
en,ddk,clean,IPVS_PD_a326f905,1,M,,,284,,,,,,,,,,,,,,,,,,D1,1.2307692307692308,5.062416887283325,56.48201052099466,1.5625,-0.33411088463281424,2.5050673365592955,27.321379631757722,1.953125,-0.21540684540178703,3.767073035240173,34.39757108688353,1.5625,-0.1987001541633733
en,ddk,clean,IPVS_PD_a326f905,1,M,,,281,,,,,,,,,,,,,,,,,,D2,1.2396694214876034,3.788868645206094,35.03784012282267,1.5625,-0.3143442684822241,3.1025224328041077,28.67994960397482,1.5625,-0.47138967539918214,3.742937058210373,29.20991312712431,1.5625,-0.3217082447183705
en,ddk,clean,IPVS_PD_c41cf2aa,1,F,,,266,,,,,,,,,,,,,,,,,,D1,1.2244897959183672,3.1540330667048693,48.51060248911381,3.515625,-0.34189964831757347,2.268186017870903,27.278301492333412,1.953125,-0.060698234748774636,2.604700356721878,27.88895983248949,1.953125,-0.11232621944573049
en,ddk,clean,IPVS_PD_c41cf2aa,1,F,,,275,,,,,,,,,,,,,,,,,,D2,1.2295081967213115,2.19250866509974,23.28585341572761,1.953125,-0.33854105701647996,2.340967157483101,26.54464829713105,1.5625,-0.1495354096175246,2.693324667215347,30.885589309036725,1.953125,-0.11784981852309907
en,ddk,clean,IPVS_PD_8f283065,1,F,,,250,,,,,,,,,,,,,,,,,,D1,1.0787486515641855,3.9134494364261627,52.70019223913547,1.5625,0.029292558514344924,2.7012391805648797,27.395566776394837,1.5625,-0.2105640913314991,3.3407741904258725,29.073879644274705,1.5625,-0.22399758153567617
en,ddk,clean,IPVS_PD_8f283065,1,F,,,238,,,,,,,,,,,,,,,,,,D2,1.1135857461024499,2.9364577773958445,29.92251357063651,1.5625,-0.2207512963308245,2.3339975774288177,28.773418813943863,1.5625,0.022719638255787784,2.816199451684952,31.235945783555508,1.5625,-0.07703200327360214
en,ddk,clean,IPVS_PD_74add44e,1,F,,,254,,,,,,,,,,,,,,,,,,D1,1.5200868621064059,5.9858101025223736,79.96146770194174,1.5625,-0.11869836991264446,2.6308953642845156,23.053532652556896,1.5625,-0.1779469630753734,3.572450506687165,30.58664429932833,1.5625,-0.21437422247010995
en,ddk,clean,IPVS_PD_74add44e,1,F,,,256,,,,,,,,,,,,,,,,,,D2,2.103049421661409,3.582262276858091,38.327269554138184,1.953125,-0.10015996045120339,2.6102155566215512,23.449191451072686,1.953125,0.009981396403610931,3.582726263999939,31.876123324036595,1.953125,-0.025396169737484802
en,ddk,clean,IPVS_PD_fdc0ff6e,1,M,,,222,,,,,,,,,,,,,,,,,,D1,2.395209580838323,5.7988532356917855,77.16607170179482,3.125,-0.35554403168915266,2.8635872244834895,31.920668929815292,3.125,-0.29305387484263445,3.5356604337692255,39.96713623404502,3.125,-0.2500200584535057
en,ddk,clean,IPVS_PD_fdc0ff6e,1,M,,,248,,,,,,,,,,,,,,,,,,D2,3.121516164994426,1.4332547158002855,19.740523928776383,4.296875,-0.08475172756814527,2.7508451700210568,37.580166459083564,4.296875,-0.357097178862859,2.620382022857666,33.853648900985725,4.296875,-0.31698429467093
en,ddk,clean,IPVS_PD_0bc86f51,1,M,,,260,,,,,,,,,,,,,,,,,,D1,2.219755826859045,5.032886899635195,81.80336701683699,2.34375,0.0030625261354735246,2.1850875020027156,20.93672763556242,2.34375,-0.16610945386544335,2.8073646932840344,28.634123057126995,2.34375,-0.18614143639551126
en,ddk,clean,IPVS_PD_0bc86f51,1,M,,,225,,,,,,,,,,,,,,,,,,D2,1.9300361881785286,2.217548134922981,27.984934598207435,1.5625,-0.15184287934121865,2.283664655685424,21.151718646287907,2.734375,-0.45520226301941946,2.5478595733642577,27.94473379850387,2.734375,-0.28146545113077087
en,ddk,clean,IPVS_PD_b3bfc7ef,1,M,,,243,,,,,,,,,,,,,,,,,,D1,1.7094017094017095,4.03300049751997,61.62158798426387,2.734375,0.2891032721345819,1.8535908132791517,25.12343620881437,2.734375,0.2648241473237891,2.1280544489622106,24.504423364996907,2.734375,0.11759880828697376
en,ddk,clean,IPVS_PD_b3bfc7ef,1,M,,,278,,,,,,,,,,,,,,,,,,D2,1.6771488469601676,2.0143719878979027,28.014694452285763,2.34375,-0.06293117165072876,2.2192958354949948,31.295489743351936,2.34375,0.08207561659758378,2.8309910833835596,33.225959837436676,2.34375,-0.11082580756569148
en,ddk,clean,IPVS_PD_9bba66a1,1,M,,,273,,,,,,,,,,,,,,,,,,D1,3.141361256544502,6.2271239794790745,73.87851234525442,2.734375,-0.04504319770094688,2.4485777020454407,26.51752606034279,2.734375,-0.12509798105310996,3.5358946323394775,34.33983772993088,2.734375,-0.029427674662582056
en,ddk,clean,IPVS_PD_9bba66a1,1,M,,,268,,,,,,,,,,,,,,,,,,D2,2.2988505747126435,2.3058416374027724,29.221963714808204,2.734375,-0.26777961923001675,2.707620084285736,34.18673180043697,2.734375,-0.1989998765410075,3.080711305141449,34.627066403627396,2.734375,-0.13575401172304324
en,ddk,clean,IPVS_PD_babad183,1,M,,,272,,,,,,,,,,,,,,,,,,D1,1.8633540372670807,6.126490034162998,86.92194496281441,2.734375,0.17627456378919867,2.7212440848350514,41.909236423671175,2.734375,-0.0441710740607563,3.2057657629251484,41.31550058722496,2.734375,0.031958525500114195
en,ddk,clean,IPVS_PD_babad183,1,M,,,278,,,,,,,,,,,,,,,,,,D2,1.9334049409237382,2.4332783997058867,30.84301564842462,2.734375,0.1010733812756638,2.8513015806674953,42.0102137327194,2.734375,-0.16942444881677932,2.81188750565052,33.8349612802267,2.734375,-0.1617014951363807
en,ddk,clean,IPVS_PD_e32f1f63,1,M,,,279,,,,,,,,,,,,,,,,,,D1,1.149425287356322,3.14691746532917,49.718620553612695,1.5625,-0.03513153424497609,2.1792687654495237,20.333796814084042,1.5625,-0.31842074257123365,2.616157394647598,27.46733367443084,1.5625,-0.14439768480217488
en,ddk,clean,IPVS_PD_e32f1f63,1,M,,,264,,,,,,,,,,,,,,,,,,D2,1.1952191235059761,4.043632526695728,34.238090813159936,1.5625,-0.20489494357214932,2.359130024909973,29.442698955535885,1.5625,-0.27628138378561046,3.068155264854431,29.309652447700486,1.5625,-0.23969971979776367
en,ddk,clean,IPVS_PD_5fcdd5c0,1,M,,,221,,,,,,,,,,,,,,,,,,D1,0.7425742574257426,4.386364452168346,53.61291784793137,1.5625,0.5422301452121469,2.4228142976760862,17.420989554375407,1.5625,-0.15249376399263115,3.1866676211357117,32.08843551576136,1.5625,0.008183570676332162
en,ddk,clean,IPVS_PD_5fcdd5c0,1,M,,,285,,,,,,,,,,,,,,,,,,D2,0.7568590350047304,3.507018664479255,27.105609979480505,1.5625,-0.10708601586568439,2.1697767317295074,19.18065376579761,1.5625,0.014043608138871464,2.733905869722366,26.764500737190243,1.953125,-0.08151743644564925
en,ddk,clean,IPVS_PD_131a10e3,1,M,,,245,,,,,,,,,,,,,,,,,,D1,1.2958963282937366,2.7623654305934906,46.89344987273216,3.515625,-0.08768155243863018,2.3698126077651978,24.14945811033249,1.953125,-0.13584001168582413,2.418639838695526,26.90984308719635,1.953125,-0.22119855337068242
en,ddk,clean,IPVS_PD_131a10e3,1,M,,,277,,,,,,,,,,,,,,,,,,D2,1.317027281279398,2.1235652595758436,25.432448845822364,1.953125,-0.24733092007997215,2.18051592707634,32.278275936841965,1.953125,-0.07425635053675114,2.228550973534584,35.14208562672138,1.953125,-0.12023995339092781
en,ddk,clean,IPVS_PD_b133cb84,1,M,,,264,,,,,,,,,,,,,,,,,,D1,1.1916583912611718,3.6556143283843983,49.00235489010806,1.5625,-0.19169209073300494,2.2772867441177365,28.10464143753048,1.5625,-0.22622628353968463,2.0216558516025542,30.59646353125572,2.734375,-0.2533530613069723
en,ddk,clean,IPVS_PD_b133cb84,1,M,,,255,,,,,,,,,,,,,,,,,,D2,1.2345679012345678,2.3310918252915145,29.018519446253777,2.34375,-0.3049051367608444,1.7165540829300885,26.719737779349092,1.5625,-0.3648615271954417,1.858732682466507,26.05377282947302,1.5625,-0.4011921295934826
en,ddk,clean,IPVS_PD_283812f2,1,M,,,256,,,,,,,,,,,,,,,,,,D1,0.893854748603352,3.90755848288536,45.81407926976681,2.34375,-0.05265443137384183,2.7603085041046143,20.46050794422626,1.5625,-0.06309654663344964,3.5984080553054807,27.818063385784626,1.5625,0.1791997611601884
en,ddk,clean,IPVS_PD_283812f2,1,M,,,278,,,,,,,,,,,,,,,,,,D2,1.0101010101010102,3.8588025286793703,31.832247450947754,1.5625,-0.24495146894088207,2.714789950847625,28.820238560438156,1.5625,-0.09252855632966546,3.2610953629016874,29.63128674775362,1.5625,-0.003764511734520193
