sid,label,sex,male,age,hy,updrs3,updrs2,cohort,cond,vowel,mouth_LI,mouth_TT,mouth_TB,mouth_TD,mouth_LL,voice_loudness,voice_pitch
IPVS_EHC_49649a7c,0,F,0.0,62.0,,,,IPVS vowels,clean,a,0.14052494113036773,0.18183290659867493,0.13302061550244626,0.22098980203290527,0.1623245595857003,0.6829269268717024,1.9428926549311942
IPVS_EHC_49649a7c,0,F,0.0,62.0,,,,IPVS vowels,phone,a,0.1629562991121061,0.15544271182941513,0.11449966205655497,0.28736546129246116,0.1938224537004357,0.3590869134996555,0.28155348339440334
IPVS_EHC_49649a7c,0,F,0.0,62.0,,,,IPVS vowels,clean,a,0.27934286190118196,0.40621422311717403,0.09732549740065818,0.18075504414964738,0.11322906759709607,0.1804653302004642,4.9375544821250505
IPVS_EHC_49649a7c,0,F,0.0,62.0,,,,IPVS vowels,phone,a,0.3980195954303124,0.392373868659526,0.15625236318235253,0.2722269912104494,0.2680674637329959,0.3753775319094767,3.086607100522487
IPVS_EHC_49649a7c,0,F,0.0,62.0,,,,IPVS vowels,clean,e,0.10966358151298027,0.1627961589079673,0.18263237516333167,0.2691266671214248,0.16629189987451404,0.3429614048321141,0.24309120010232999
IPVS_EHC_49649a7c,0,F,0.0,62.0,,,,IPVS vowels,phone,e,0.1674707999917755,0.17881392338439453,0.20465897011074696,0.30932120726031204,0.170408998648432,0.506346239192445,2.330696327258175
IPVS_EHC_49649a7c,0,F,0.0,62.0,,,,IPVS vowels,clean,e,0.32692314895039026,0.3126202519298544,0.15081253763319222,0.3264260084299211,0.4033601458719364,0.5976215665557552,2.587999465423274
IPVS_EHC_49649a7c,0,F,0.0,62.0,,,,IPVS vowels,phone,e,0.2409918424438859,0.33873394667658946,0.09881441247738347,0.29462656512752444,0.2649888316225963,0.530243628107562,1.5521346594805863
IPVS_EHC_49649a7c,0,F,0.0,62.0,,,,IPVS vowels,clean,i,0.13413244196772678,0.20810068120237757,0.25037649368080533,0.22872923976502302,0.25355352490063326,0.21999812521342763,2.4393918409448823
IPVS_EHC_49649a7c,0,F,0.0,62.0,,,,IPVS vowels,phone,i,0.14365277546445307,0.21213254747919388,0.46376414986013814,0.44746878525117095,0.19496612172068423,0.36256683833946207,0.1784894692155259
IPVS_EHC_49649a7c,0,F,0.0,62.0,,,,IPVS vowels,clean,i,0.16780988828753726,0.46057586621408036,0.34609455623679136,0.3361700994832465,0.19015174094289136,0.7980890492777892,0.26990356298752793
IPVS_EHC_49649a7c,0,F,0.0,62.0,,,,IPVS vowels,phone,i,0.27326580356804725,0.3180463923416586,0.46845963520386036,0.5271973157190771,0.30885938198254764,0.8503237992671027,0.2623089938396106
IPVS_EHC_49649a7c,0,F,0.0,62.0,,,,IPVS vowels,clean,o,0.2779872573320123,0.292122445617437,0.23506605025045627,0.35310145359802597,0.24139460258805218,0.4286826513208471,3.9200798203148812
IPVS_EHC_49649a7c,0,F,0.0,62.0,,,,IPVS vowels,phone,o,0.3428563659429208,0.24143329322092813,0.2536393060728564,0.26864428825824704,0.33568358343291066,0.6074429484512558,2.4757671697160255
IPVS_EHC_49649a7c,0,F,0.0,62.0,,,,IPVS vowels,clean,o,0.07713245452082998,0.08302698941449432,0.0733328605428548,0.20895133011020417,0.12961046269390578,0.9427809920899202,4.8258423330466815
IPVS_EHC_49649a7c,0,F,0.0,62.0,,,,IPVS vowels,phone,o,0.07786373849679872,0.10690610557446129,0.06920533999803058,0.16234394816116285,0.10676314336085535,1.2215565458108564,0.4667663416019874
IPVS_EHC_49649a7c,0,F,0.0,62.0,,,,IPVS vowels,clean,u,0.1871857151800641,0.2199436442293691,0.30191734509966756,0.39021343845873574,0.2413544591980419,0.7540768435888401,0.3576469137593907
IPVS_EHC_49649a7c,0,F,0.0,62.0,,,,IPVS vowels,phone,u,0.3487676775987548,0.3337135569849257,0.3462072591812714,0.48924091208771614,0.38437728762618045,0.9060707905033452,0.336660833863589
IPVS_EHC_49649a7c,0,F,0.0,62.0,,,,IPVS vowels,clean,u,0.2937732442296127,0.37397778197678805,0.34128269664984057,0.524649809643908,0.44533444896596736,0.7226522318099639,4.762960760583934
IPVS_EHC_49649a7c,0,F,0.0,62.0,,,,IPVS vowels,phone,u,0.12859532172720217,0.3430516274431718,0.16865249639393737,0.31846147098317623,0.13787296849978678,0.7408759686726024,3.0279691952002974
IPVS_EHC_7a274592,0,F,0.0,68.0,,,,IPVS vowels,clean,a,0.18978077217245454,0.19418154968602988,0.2351789573369613,0.29710902642944914,0.20777761335272057,0.6983340053876728,1.243166381538141
IPVS_EHC_7a274592,0,F,0.0,68.0,,,,IPVS vowels,phone,a,0.256594120259203,0.2888915807949216,0.20042566700812733,0.2580419329284024,0.2956201314514801,0.8195008346681985,1.23066125348692
IPVS_EHC_7a274592,0,F,0.0,68.0,,,,IPVS vowels,clean,a,0.24166467386353474,0.19585075541702035,0.32955648826556777,0.30451508968683594,0.13969879738538987,0.3972621919685395,0.46794335475410787
IPVS_EHC_7a274592,0,F,0.0,68.0,,,,IPVS vowels,phone,a,0.3308730846110235,0.21442377803955628,0.24252040082773338,0.3687923288867883,0.27979187399935607,0.538231123359819,0.4690393203754306
IPVS_EHC_7a274592,0,F,0.0,68.0,,,,IPVS vowels,clean,e,0.3042412664358046,0.5724396010805135,0.45727426517519126,0.536789171107617,0.3390465676297231,0.41680317578165577,0.6432814540924259
IPVS_EHC_7a274592,0,F,0.0,68.0,,,,IPVS vowels,phone,e,0.2272092070526526,0.44742924629320757,0.3703431258269033,0.3876803803733177,0.23713622749752014,0.5247815775030046,0.6399206907644395
IPVS_EHC_7a274592,0,F,0.0,68.0,,,,IPVS vowels,clean,e,0.3164966770666328,0.3024268888991116,0.20215960695957697,0.2808278455312391,0.2644126106443171,0.7482363470003666,1.01471322835891
IPVS_EHC_7a274592,0,F,0.0,68.0,,,,IPVS vowels,phone,e,0.192472500968638,0.2389115088427474,0.14970641992849754,0.30243007325358023,0.14047467485592155,1.1167551454644602,1.0246371165492763
IPVS_EHC_7a274592,0,F,0.0,68.0,,,,IPVS vowels,clean,i,0.20313109808220284,0.3992955229863857,0.3190248692221029,0.3712948601395892,0.14689446915960735,0.5532259119690837,0.6631305597414983
IPVS_EHC_7a274592,0,F,0.0,68.0,,,,IPVS vowels,phone,i,0.15733750238038238,0.41823756348063357,0.46832515846381745,0.5340704941076566,0.11400894541254894,0.6623652615898997,0.6426684673417782
IPVS_EHC_7a274592,0,F,0.0,68.0,,,,IPVS vowels,clean,i,0.299368455964056,0.41621123290390133,0.26728357767951383,0.17917124962394404,0.2983696893118393,0.4742249642947437,0.5704342360552728
IPVS_EHC_7a274592,0,F,0.0,68.0,,,,IPVS vowels,phone,i,0.27637268060354925,0.24333744319250056,0.255733400719045,0.2202951650624921,0.23969111987914557,0.5335188523489148,0.546810275308629
IPVS_EHC_7a274592,0,F,0.0,68.0,,,,IPVS vowels,clean,o,0.28210200324417367,0.4186291711427665,0.2597877633738242,0.29067217200701845,0.2298493222776658,0.4500522042512558,0.7963617354297181
IPVS_EHC_7a274592,0,F,0.0,68.0,,,,IPVS vowels,phone,o,0.24297977429218268,0.3578873469023637,0.20827077330411006,0.3245310717669459,0.26901297690407594,,
IPVS_EHC_7a274592,0,F,0.0,68.0,,,,IPVS vowels,clean,o,0.2352559826174543,0.19235522040355202,0.1708205992598102,0.4180657094490872,0.2363043642355084,0.619191413746316,1.1231212234011023
IPVS_EHC_7a274592,0,F,0.0,68.0,,,,IPVS vowels,phone,o,0.32822597011449506,0.22597883446994468,0.10230202104777611,0.35328056618036985,0.37991945229916707,0.9884050204087118,1.1215156027000628
IPVS_EHC_7a274592,0,F,0.0,68.0,,,,IPVS vowels,clean,u,0.37929580180372346,0.48210974112191185,0.30607248364074185,0.3407296752831737,0.36244379980143876,0.4026191283624473,0.9514059072647907
IPVS_EHC_7a274592,0,F,0.0,68.0,,,,IPVS vowels,phone,u,0.3911485649487421,0.47465373255976906,0.3191895761411822,0.32304753969484074,0.269360213844406,0.479123214405003,0.9484533321010291
IPVS_EHC_7a274592,0,F,0.0,68.0,,,,IPVS vowels,clean,u,0.33973050667288035,0.4452020062143682,0.28929867612953336,0.5278267192373028,0.31140650183624685,0.4269936038576543,0.6487380478207072
IPVS_EHC_7a274592,0,F,0.0,68.0,,,,IPVS vowels,phone,u,0.426912906000798,0.20805471533947814,0.17131597287026828,0.3190884560863246,0.4227527456944324,0.46913475655981024,3.115745610379883
IPVS_EHC_bde32635,0,F,0.0,63.0,,,,IPVS vowels,clean,a,0.180031217183946,0.31501235252478554,0.2539864744640676,0.3749612307306371,0.18478079392657226,0.33672199210078324,0.4414049668227671
IPVS_EHC_bde32635,0,F,0.0,63.0,,,,IPVS vowels,phone,a,0.18846758874208708,0.2803025728646151,0.24996331003943817,0.32012688217541946,0.1753259112854168,,
IPVS_EHC_bde32635,0,F,0.0,63.0,,,,IPVS vowels,clean,a,0.11178345967056255,0.2993572716144942,0.20942403946926905,0.17550811001923883,0.10483470837411926,0.6110782178466123,0.38424678463560014
IPVS_EHC_bde32635,0,F,0.0,63.0,,,,IPVS vowels,phone,a,0.14435984834182683,0.267215748863531,0.22075402002270478,0.2237218778107003,0.13768055603860116,0.7762572279067855,0.37137860183511506
IPVS_EHC_bde32635,0,F,0.0,63.0,,,,IPVS vowels,clean,e,0.35930487984967563,0.2517022057174707,0.12535776989340786,0.23902126361480822,0.2676740799557156,0.5800918441014725,0.393412704977969
IPVS_EHC_bde32635,0,F,0.0,63.0,,,,IPVS vowels,phone,e,0.2687050271104856,0.22541297108032055,0.10113043966132043,0.23847707370347235,0.2339531258152414,0.8817918298779911,0.3997798984618939
IPVS_EHC_bde32635,0,F,0.0,63.0,,,,IPVS vowels,clean,e,0.29002332034219286,0.23822120310841466,0.2802444291666357,0.3968572366994412,0.3124730567080421,0.5123571385293471,0.4921776652810017
IPVS_EHC_bde32635,0,F,0.0,63.0,,,,IPVS vowels,phone,e,0.22113160194926354,0.13203283762059814,0.160594497462417,0.25391831411049054,0.2783093309257784,0.7055631496564424,0.5559091998063037
IPVS_EHC_bde32635,0,F,0.0,63.0,,,,IPVS vowels,clean,i,0.1776758356834607,0.20548725314990382,0.18403944050732943,0.28331842728837114,0.22019179519055895,0.2424085808740428,0.26258850946845325
IPVS_EHC_bde32635,0,F,0.0,63.0,,,,IPVS vowels,phone,i,0.22852354126323776,0.14206580348606607,0.1346807126384195,0.16232667322569638,0.24430918750539443,0.2602364220311294,0.2630546650090215
IPVS_EHC_bde32635,0,F,0.0,63.0,,,,IPVS vowels,clean,i,0.33352024812293235,0.2648496596312806,0.3254354223751986,0.36245423827515866,0.35082339830961634,0.28431293264782387,0.23358676602915907
IPVS_EHC_bde32635,0,F,0.0,63.0,,,,IPVS vowels,phone,i,0.24567272608747182,0.37455321741873276,0.20829503884321446,0.2692425455725759,0.25345311861232844,0.29502576479388265,0.2317058192518484
IPVS_EHC_bde32635,0,F,0.0,63.0,,,,IPVS vowels,clean,o,0.22287915178774736,0.19898898218167235,0.29632794904650944,0.27254055367660956,0.3375906890218451,0.6088781169451992,0.3548481070240195
IPVS_EHC_bde32635,0,F,0.0,63.0,,,,IPVS vowels,phone,o,0.1509042589965936,0.20360478579022623,0.36462692314025535,0.41619671528485275,0.1839536379470673,0.6230516337277843,0.3551850409652113
IPVS_EHC_bde32635,0,F,0.0,63.0,,,,IPVS vowels,clean,o,0.2940634901435093,0.29724969671198204,0.5676284903331241,0.5114971259487212,0.4223604251323274,0.4753511200899567,0.3726213151708846
IPVS_EHC_bde32635,0,F,0.0,63.0,,,,IPVS vowels,phone,o,0.5018639667841134,0.4350577195686885,0.6668876133120651,0.5054206047634568,0.4123333739502096,0.5151373301509832,0.37226423641316675
IPVS_EHC_bde32635,0,F,0.0,63.0,,,,IPVS vowels,clean,u,0.258649987672945,0.2488421873962725,0.29329096311004904,0.47889329989673823,0.3400531929140237,0.491755526230435,0.3772527438550721
IPVS_EHC_bde32635,0,F,0.0,63.0,,,,IPVS vowels,phone,u,0.24030015943433303,0.23994124107829654,0.48302759604342066,0.4583739638785578,0.2272814843488002,0.6632013351693503,0.37165523323063887
IPVS_EHC_bde32635,0,F,0.0,63.0,,,,IPVS vowels,clean,u,0.45826175591825363,0.5819110828275562,0.5474154003429266,0.5083507571839541,0.4666080299340155,0.5362326905279431,0.23270853248407164
IPVS_EHC_bde32635,0,F,0.0,63.0,,,,IPVS vowels,phone,u,0.25507858680054785,0.3096943698175936,0.4988267267507009,0.633563665387902,0.3495156639398599,0.5978007491682631,0.24619987009830702
IPVS_EHC_6f100ca8,0,F,0.0,61.0,,,,IPVS vowels,clean,a,0.13664147210805747,0.20009004507078157,0.21988121869339886,0.319896497237612,0.1261664821613969,0.6041504834763328,0.34675625594560167
IPVS_EHC_6f100ca8,0,F,0.0,61.0,,,,IPVS vowels,phone,a,0.13055302559377535,0.23853737307357695,0.20445845567088378,0.29406030656445376,0.10255796045543297,0.6156672772229562,0.3456202620979898
IPVS_EHC_6f100ca8,0,F,0.0,61.0,,,,IPVS vowels,clean,a,0.057745112385088455,0.20021944571362224,0.1796750470200929,0.3167412066077375,0.0414811382755672,0.7158669589160997,0.2948791257791683
IPVS_EHC_6f100ca8,0,F,0.0,61.0,,,,IPVS vowels,phone,a,0.06428019652642132,0.28266968353166055,0.2543718419456749,0.3983141031248576,0.03709049018664029,0.7413403630432636,0.2911767146696942
IPVS_EHC_6f100ca8,0,F,0.0,61.0,,,,IPVS vowels,clean,e,0.30872683770282716,0.37016844116186626,0.21005197011747376,0.26674440855857257,0.22352961129841115,0.3349565376211753,3.7705638502033567
IPVS_EHC_6f100ca8,0,F,0.0,61.0,,,,IPVS vowels,phone,e,0.26559162738604003,0.5168265013563833,0.3325847596853335,0.3490763083274537,0.22263354254909296,0.3436226151190978,3.7319386159001766
IPVS_EHC_6f100ca8,0,F,0.0,61.0,,,,IPVS vowels,clean,e,0.11329895202887945,0.18842214198546145,0.17297134774100284,0.2930031238276729,0.1067198313081783,0.3672914695033386,0.3465789822947096
IPVS_EHC_6f100ca8,0,F,0.0,61.0,,,,IPVS vowels,phone,e,0.0980709236094552,0.15920847833780413,0.17343164097122557,0.23076980356069207,0.07722180268239494,0.3873692346885289,0.3182894455717289
IPVS_EHC_6f100ca8,0,F,0.0,61.0,,,,IPVS vowels,clean,i,0.23619553992271208,0.22469281796467402,0.45741574467227025,0.3251356340789339,0.2770885643602412,0.8003361620219746,6.447140512386418
IPVS_EHC_6f100ca8,0,F,0.0,61.0,,,,IPVS vowels,phone,i,0.24559875259601152,0.18137765784137574,0.5214740868780842,0.4871154975053714,0.28491697687370826,0.8849396900852404,6.253077090788528
IPVS_EHC_6f100ca8,0,F,0.0,61.0,,,,IPVS vowels,clean,i,0.21013538071780483,0.4015700539312621,0.36894597484252767,0.3036349777615578,0.14294997576636984,0.45898321310526063,3.1335283172289063
IPVS_EHC_6f100ca8,0,F,0.0,61.0,,,,IPVS vowels,phone,i,0.20055520948429953,0.35616071377624064,0.38508711715467075,0.2608070809523614,0.21770349996478522,0.5415730831379247,3.134388661773646
IPVS_EHC_6f100ca8,0,F,0.0,61.0,,,,IPVS vowels,clean,o,0.3471110028463059,0.42705062497208396,0.3254833793971014,0.28508230945074703,0.2862565205918982,0.5417823149825738,0.4547259092516409
IPVS_EHC_6f100ca8,0,F,0.0,61.0,,,,IPVS vowels,phone,o,0.33171614075239375,0.432728602814446,0.4071154625416947,0.3642663217467006,0.2845418342132954,0.5509741896110995,0.4554465310157907
IPVS_EHC_6f100ca8,0,F,0.0,61.0,,,,IPVS vowels,clean,o,0.2504714011618883,0.19757716036279344,0.3402955911543049,0.548011738690159,0.24723999362710364,0.5168755562448087,0.26240054498514187
IPVS_EHC_6f100ca8,0,F,0.0,61.0,,,,IPVS vowels,phone,o,0.26703074261449833,0.1524189307491208,0.24584149825991083,0.4466065808306664,0.2567964880017762,0.5341657639969162,0.2620143562461097
IPVS_EHC_6f100ca8,0,F,0.0,61.0,,,,IPVS vowels,clean,u,0.33515549692020935,0.39482791834418685,0.4821534442688275,0.598881404898251,0.4376354015069005,0.709316287083678,0.3163491140663721
IPVS_EHC_6f100ca8,0,F,0.0,61.0,,,,IPVS vowels,phone,u,0.261833926038132,0.37541119280186686,0.5316729649547599,0.6590656360808118,0.3046458571374078,0.9905911509014664,0.31912774473761285
IPVS_EHC_6f100ca8,0,F,0.0,61.0,,,,IPVS vowels,clean,u,0.11697373394188101,0.29265139879047625,0.1267040927160673,0.21663004595780086,0.2807817098951416,0.6409955911193029,0.2346331675394664
IPVS_EHC_6f100ca8,0,F,0.0,61.0,,,,IPVS vowels,phone,u,0.25686765572345616,0.40171870958032607,0.12250152697344652,0.20111254264290704,0.3408168565096844,1.1130850714678944,0.2372842039709555
IPVS_EHC_40e93a8c,0,M,1.0,77.0,,,,IPVS vowels,clean,a,0.17366831084404458,0.31227491023351855,0.25524004527538974,0.34763068774621947,0.09953348227161106,0.7305539688278648,0.6062996931246456
IPVS_EHC_40e93a8c,0,M,1.0,77.0,,,,IPVS vowels,phone,a,0.2547939376207464,0.5116776593980208,0.31859843706081287,0.27734651343079453,0.13895477685934293,0.7513078483849909,0.6053160979655914
IPVS_EHC_40e93a8c,0,M,1.0,77.0,,,,IPVS vowels,clean,a,0.3946976980635915,0.24046092704821256,0.251423212608174,0.2749837545519912,0.13124692977482458,0.8468648444256344,0.5769875734248142
IPVS_EHC_40e93a8c,0,M,1.0,77.0,,,,IPVS vowels,phone,a,0.25206628908594664,0.24269142007457714,0.26495183807547434,0.23263302398136934,0.2187277772242822,0.8775415955061445,0.5849482025209518
IPVS_EHC_40e93a8c,0,M,1.0,77.0,,,,IPVS vowels,clean,e,0.21953604356789908,0.19036613070545266,0.1686634660873822,0.22081042120567462,0.19414285119053445,0.9382860641939582,0.5192262387496038
IPVS_EHC_40e93a8c,0,M,1.0,77.0,,,,IPVS vowels,phone,e,0.31547695752641264,0.3243207801042731,0.16359662763052513,0.16482777200981302,0.2570247899052836,1.008454470240159,0.5401901553417909
IPVS_EHC_40e93a8c,0,M,1.0,77.0,,,,IPVS vowels,clean,e,0.31154198058685134,0.48413847647659597,0.29143698075390617,0.4517845500936925,0.3757069314833342,0.7282485579762377,0.4663577745364078
IPVS_EHC_40e93a8c,0,M,1.0,77.0,,,,IPVS vowels,phone,e,0.3241545802800144,0.4752701466731839,0.24277699285937873,0.3326737548270911,0.3179154383190283,0.7592450917293829,0.4565792431340032
IPVS_EHC_40e93a8c,0,M,1.0,77.0,,,,IPVS vowels,clean,i,0.3692459399564225,0.469792462243732,0.2990140273148154,0.2879147309117675,0.3238899258914775,0.6197915077429206,2.4264271181593022
IPVS_EHC_40e93a8c,0,M,1.0,77.0,,,,IPVS vowels,phone,i,0.34639069788276383,0.3927952405569277,0.33466360714608173,0.38245280585816366,0.2626959264894198,0.7807980048238197,4.363619327547341
IPVS_EHC_40e93a8c,0,M,1.0,77.0,,,,IPVS vowels,clean,i,0.1919883460407073,0.20170599345100745,0.31378901945276877,0.2669308123310211,0.07513030128344404,0.7157335264468877,0.3744864511198154
IPVS_EHC_40e93a8c,0,M,1.0,77.0,,,,IPVS vowels,phone,i,0.2039356435907285,0.28928276535905423,0.22739141017163308,0.3530309951882661,0.1257268670331515,0.9532077532057566,0.3559918694010733
IPVS_EHC_40e93a8c,0,M,1.0,77.0,,,,IPVS vowels,clean,o,0.3079800095286402,0.3037911975042961,0.2705882115393444,0.4223972685237308,0.48611498423107197,0.8325562077576846,8.470245929302322
IPVS_EHC_40e93a8c,0,M,1.0,77.0,,,,IPVS vowels,phone,o,0.3369703901955499,0.3903885232264521,0.31546097098522546,0.34756679390706674,0.5094646403281212,0.8616669671273445,9.29181938432806
IPVS_EHC_40e93a8c,0,M,1.0,77.0,,,,IPVS vowels,clean,o,0.15158313725460115,0.2462246750109277,0.1364013842176245,0.14726389266045098,0.24045991682858178,0.8042107121201433,0.495251790706841
IPVS_EHC_40e93a8c,0,M,1.0,77.0,,,,IPVS vowels,phone,o,0.16653162571848673,0.2558395992027315,0.10157737152997678,0.11203409944204284,0.28135919560710626,0.8273005705922327,0.49561909632656054
IPVS_EHC_40e93a8c,0,M,1.0,77.0,,,,IPVS vowels,clean,u,0.3681301597625494,0.3360811642192483,0.3217438377947019,0.3530687071908846,0.25387779490198087,1.1001973882435618,1.423127782478173
IPVS_EHC_40e93a8c,0,M,1.0,77.0,,,,IPVS vowels,phone,u,0.3213494944732838,0.27968501187815586,0.3850453115863231,0.33320574968681066,0.24457399246657557,1.3585158408394096,1.4232309052527148
IPVS_EHC_40e93a8c,0,M,1.0,77.0,,,,IPVS vowels,clean,u,0.09189045999355622,0.19843201543738787,0.23265845624746245,0.4305982455676257,0.17913649946796817,1.226927956739484,7.207814400663293
IPVS_EHC_40e93a8c,0,M,1.0,77.0,,,,IPVS vowels,phone,u,0.14627292112288978,0.2551448305016251,0.23009680262990145,0.41951293901803877,0.2677445000126007,1.3152280476853433,7.5153643911727075
IPVS_EHC_6d20d216,0,F,0.0,69.0,,,,IPVS vowels,clean,a,0.21327584707396713,0.2698151492804077,0.17461302710653176,0.31856090961441813,0.16254202446428298,0.3271742080473599,0.24827078850526707
IPVS_EHC_6d20d216,0,F,0.0,69.0,,,,IPVS vowels,phone,a,0.19366190539866765,0.31728988399846836,0.246598930952688,0.33061372980413006,0.16375970016518082,0.3723072705266997,0.24793634504605144
IPVS_EHC_6d20d216,0,F,0.0,69.0,,,,IPVS vowels,clean,a,0.2649682547164391,0.1934572898649397,0.35438705965273065,0.543297209906,0.17908188067058947,0.42091795433034696,0.2221016186600533
IPVS_EHC_6d20d216,0,F,0.0,69.0,,,,IPVS vowels,phone,a,0.15803677131845664,0.18878867104955926,0.2367192688120557,0.38267901690795486,0.11263459896392156,0.4866228926604631,0.2255220019059312
IPVS_EHC_6d20d216,0,F,0.0,69.0,,,,IPVS vowels,clean,e,0.3160300477193213,0.2444487529729421,0.19698096736418286,0.3812076277989287,0.27943423009643065,0.2413081757795933,0.28623255448247953
IPVS_EHC_6d20d216,0,F,0.0,69.0,,,,IPVS vowels,phone,e,0.3963155603383621,0.2655543799775035,0.24799818555128192,0.4124578178502086,0.35760999972612156,0.2770872304020619,0.2853745792274154
IPVS_EHC_6d20d216,0,F,0.0,69.0,,,,IPVS vowels,clean,e,0.3482500199946774,0.2838281161698263,0.18321177388817822,0.5202864322328221,0.3471211234849483,0.23725650598002831,0.21473645681424625
IPVS_EHC_6d20d216,0,F,0.0,69.0,,,,IPVS vowels,phone,e,0.28777600180513907,0.4253065343576468,0.1809669017440647,0.45199371674529915,0.2447510798210155,0.24996177726072139,0.21220070900169752
IPVS_EHC_6d20d216,0,F,0.0,69.0,,,,IPVS vowels,clean,i,0.2625867983308457,0.2484840998072772,0.314587530914347,0.43121699515576073,0.22542630430931646,0.1728186437986986,0.1925370427855455
IPVS_EHC_6d20d216,0,F,0.0,69.0,,,,IPVS vowels,phone,i,0.26349190796389477,0.23671727078607974,0.22627170052333997,0.3861967125353919,0.21497931802713457,0.2777167741878037,0.1928090060961729
IPVS_EHC_6d20d216,0,F,0.0,69.0,,,,IPVS vowels,clean,i,0.22246060727748693,0.3409061766320535,0.3583910019679453,0.5172198653165684,0.1611427827069192,0.4110605935615022,0.215100013735392
IPVS_EHC_6d20d216,0,F,0.0,69.0,,,,IPVS vowels,phone,i,0.14040365844542127,0.3345927305406079,0.5551203732592325,0.7640701989934544,0.0922738756435977,0.4378081736188007,0.21329836117600642
IPVS_EHC_6d20d216,0,F,0.0,69.0,,,,IPVS vowels,clean,o,0.36631146599973136,0.2898254627449637,0.4495440775664607,0.6594921067342122,0.32510091651042466,0.5169874314342028,0.205840945827096
IPVS_EHC_6d20d216,0,F,0.0,69.0,,,,IPVS vowels,phone,o,0.4594484579966475,0.30222908989339914,0.3685686415498806,0.5257135480890829,0.40392524763300286,0.5309256650383032,0.20502291156803132
IPVS_EHC_6d20d216,0,F,0.0,69.0,,,,IPVS vowels,clean,o,0.2326233348782948,0.2235640101628306,0.28660699522159677,0.28252607426151394,0.22995061284351576,0.4055150045186254,0.19075450268881688
IPVS_EHC_6d20d216,0,F,0.0,69.0,,,,IPVS vowels,phone,o,0.2524070178349869,0.29661042617310385,0.2675152950328458,0.37911197080070747,0.2766957699285754,0.422016414255281,0.19115631903241503
IPVS_EHC_6d20d216,0,F,0.0,69.0,,,,IPVS vowels,clean,u,0.29075362764059665,0.35913978151830567,0.31437757727923343,0.3928818087738064,0.3320057385757542,0.48742168475132325,0.33451772845582983
IPVS_EHC_6d20d216,0,F,0.0,69.0,,,,IPVS vowels,phone,u,0.3989284211829107,0.36090463033088044,0.26415110121750984,0.32344711744992277,0.31804456438200945,0.5081503366971458,0.33369161383882684
IPVS_EHC_6d20d216,0,F,0.0,69.0,,,,IPVS vowels,clean,u,0.0587453357920174,0.19698297572242396,0.14028802076617208,0.11935483895499197,0.11497671305153138,0.7400017194897289,0.32897217896514785
IPVS_EHC_6d20d216,0,F,0.0,69.0,,,,IPVS vowels,phone,u,0.04346586514079646,0.1301550676605677,0.13363814885863717,0.12300414624090868,0.11726700425198115,0.7858897775885867,0.3277589923511792
IPVS_EHC_997af7b3,0,F,0.0,65.0,,,,IPVS vowels,clean,a,0.270262078768461,0.3583236493062428,0.37785974660249383,0.43516389022352775,0.3672638024507329,0.8344723834308063,5.6140672200226005
IPVS_EHC_997af7b3,0,F,0.0,65.0,,,,IPVS vowels,phone,a,0.2554953669622917,0.36444818661098083,0.2796025243963677,0.304555955706805,0.2845454711168723,0.9711878336752032,3.404709630026992
IPVS_EHC_997af7b3,0,F,0.0,65.0,,,,IPVS vowels,clean,a,0.14768174538665732,0.20489739013837288,0.41257981771667296,0.70044641985287,0.1863878203251049,0.5222500140576775,0.565734379616023
IPVS_EHC_997af7b3,0,F,0.0,65.0,,,,IPVS vowels,phone,a,0.1817892596967233,0.26764174866049195,0.2946944405640425,0.4170873938414549,0.22524256154148736,0.6642571676467794,3.325061206944202
IPVS_EHC_997af7b3,0,F,0.0,65.0,,,,IPVS vowels,clean,e,0.14167036736021077,0.24206324018133285,0.3997925679486143,0.40921884695042055,0.1365536243013439,0.32848569430566615,0.6215820195135002
IPVS_EHC_997af7b3,0,F,0.0,65.0,,,,IPVS vowels,phone,e,0.09245423690396601,0.23451571645732205,0.2128148083607254,0.29410451898594014,0.08649090450848951,0.5911438891397685,0.25746758089293387
IPVS_EHC_997af7b3,0,F,0.0,65.0,,,,IPVS vowels,clean,e,0.08198038866770874,0.2494591803995266,0.14609155614266756,0.16340757930739913,0.13612864842474084,0.2373130603864735,0.404564829253351
IPVS_EHC_997af7b3,0,F,0.0,65.0,,,,IPVS vowels,phone,e,0.1271593216195062,0.29713162835080054,0.15129655509172377,0.15284398212283906,0.16613400982003002,0.3322864353348001,4.551203101450763
IPVS_EHC_997af7b3,0,F,0.0,65.0,,,,IPVS vowels,clean,i,0.35842076690711533,0.38000899164101304,0.13794200606258286,0.2721447832970626,0.36000687266164483,0.5240328248023047,0.7544424541429562
IPVS_EHC_997af7b3,0,F,0.0,65.0,,,,IPVS vowels,phone,i,0.24858732359474123,0.5260787228467646,0.35105060531390875,0.42081264420499925,0.41062804995842256,1.205626054748182,0.4064284017351705
IPVS_EHC_997af7b3,0,F,0.0,65.0,,,,IPVS vowels,clean,i,0.32183455281989304,0.3430213914504196,0.3791772114771613,0.540683891564835,0.36063523943266873,0.329233969926002,0.4216010758104627
IPVS_EHC_997af7b3,0,F,0.0,65.0,,,,IPVS vowels,phone,i,0.3823909098550079,0.3500110606156422,0.4009552629985769,0.5222817107313675,0.430128890169566,0.3948152778792254,0.2648083812181845
IPVS_EHC_997af7b3,0,F,0.0,65.0,,,,IPVS vowels,clean,o,0.30615604854127804,0.3059118010525026,0.3961353866906384,0.4373548533459691,0.38222298804055277,0.2611393197227806,2.3726307759120324
IPVS_EHC_997af7b3,0,F,0.0,65.0,,,,IPVS vowels,phone,o,0.374234216833538,0.31185770845554733,0.2528452161339392,0.4036919500658125,0.31687307315177865,0.44948307149492595,0.3585885080372275
IPVS_EHC_997af7b3,0,F,0.0,65.0,,,,IPVS vowels,clean,o,0.38865028325682743,0.3505765016435739,0.2101623240869842,0.36128521656587365,0.5376425042077293,0.2588292343766249,0.2930570122760878
IPVS_EHC_997af7b3,0,F,0.0,65.0,,,,IPVS vowels,phone,o,0.38803114669967176,0.4483318676313708,0.24223620063546145,0.30894938263244254,0.5256308722824946,0.4278273825672843,0.34037668682549427
IPVS_EHC_997af7b3,0,F,0.0,65.0,,,,IPVS vowels,clean,u,0.639524583976752,0.6292577174137066,0.5259139953057195,0.44402600158577765,0.6596573474264213,0.5258133470961796,0.6757141926112098
IPVS_EHC_997af7b3,0,F,0.0,65.0,,,,IPVS vowels,phone,u,0.4855536144045679,0.4316892922862769,0.4137171979121792,0.4317711391377989,0.4382771863631733,0.8855846981724421,1.6226189703625105
IPVS_EHC_997af7b3,0,F,0.0,65.0,,,,IPVS vowels,clean,u,0.402794625321728,0.43617842095735604,0.37807063097972166,0.33816130393907934,0.4904639554367724,0.4425602557659048,0.5094649882797286
IPVS_EHC_997af7b3,0,F,0.0,65.0,,,,IPVS vowels,phone,u,0.42718750660145616,0.3222092916699929,0.6596065152645045,0.5642009345915249,0.5662151748960624,0.9107399216818783,0.3034558419459987
IPVS_EHC_639d115c,0,F,0.0,70.0,,,,IPVS vowels,clean,a,0.1595771320447618,0.218003970672351,0.2256403420621817,0.23644559631539314,0.14862601716144203,1.0585104886163452,9.999751738464656
IPVS_EHC_639d115c,0,F,0.0,70.0,,,,IPVS vowels,phone,a,0.1558362269133178,0.22445700331657137,0.20587787171428698,0.1983351491413108,0.15589619929724402,1.2284892343289289,9.87581143674121
IPVS_EHC_639d115c,0,F,0.0,70.0,,,,IPVS vowels,clean,a,0.06543530848601883,0.18328736061382114,0.2469470853055501,0.2918829641014396,0.04973365961281102,1.452419229441394,6.6455385720816995
IPVS_EHC_639d115c,0,F,0.0,70.0,,,,IPVS vowels,phone,a,0.05783135139559538,0.15465337187859857,0.27841755074717167,0.22388592311604186,0.045863021788175265,1.514267943892014,8.131061471551515
IPVS_EHC_639d115c,0,F,0.0,70.0,,,,IPVS vowels,clean,e,0.3761058856211307,0.29574078000341436,0.259578746810025,0.3670289585932359,0.32549134435474764,1.0632238463872001,1.3273820553960425
IPVS_EHC_639d115c,0,F,0.0,70.0,,,,IPVS vowels,phone,e,0.37905479898338656,0.3995113807234413,0.2741464733698239,0.37055395160433724,0.32956620606193404,1.0813411992972946,2.4174336208381275
IPVS_EHC_639d115c,0,F,0.0,70.0,,,,IPVS vowels,clean,e,0.16797351969753588,0.41640877480646077,0.38776435555558564,0.612577658712907,0.3524054030844154,1.1727417518722225,1.7977918597867903
IPVS_EHC_639d115c,0,F,0.0,70.0,,,,IPVS vowels,phone,e,0.2867149007233129,0.4547362341853372,0.43976726470131683,0.5526497827817709,0.31403335409746536,1.2402574010658993,1.408026234802806
IPVS_EHC_639d115c,0,F,0.0,70.0,,,,IPVS vowels,clean,i,0.24428031495128105,0.6217986191133038,0.21182193945372665,0.3728072063346973,0.24954391392325617,0.726214884615244,0.9021994953938073
IPVS_EHC_639d115c,0,F,0.0,70.0,,,,IPVS vowels,phone,i,0.2774171347854019,0.5326046485030538,0.2946164924186098,0.4115244618622993,0.18767697696339275,0.6365720662528117,0.909268203327751
IPVS_EHC_639d115c,0,F,0.0,70.0,,,,IPVS vowels,clean,i,0.4974002413980743,0.6748727824528811,0.6365901600180899,0.4823725918089023,0.31647252582531793,0.5834286975022345,0.9997064675480782
IPVS_EHC_639d115c,0,F,0.0,70.0,,,,IPVS vowels,phone,i,0.4911967190337586,0.6707410302991219,0.7120837500714524,0.5984877998394751,0.37472280183196927,0.6388174114679291,1.0015795645801795
IPVS_EHC_639d115c,0,F,0.0,70.0,,,,IPVS vowels,clean,o,0.2528547007682668,0.48938538134451615,0.2965571288142703,0.37244378402040773,0.20746985377703517,1.0517365726613626,5.328229071530033
IPVS_EHC_639d115c,0,F,0.0,70.0,,,,IPVS vowels,phone,o,0.24244981472281527,0.4161408218267396,0.24279330910731306,0.39387135488711084,0.1378782971285317,1.1020949583088078,5.507809137985054
IPVS_EHC_639d115c,0,F,0.0,70.0,,,,IPVS vowels,clean,o,0.2584058885627912,0.409601729613869,0.4038291894274273,0.28688692470580535,0.20964982526041756,0.5353652140703302,0.5365853578594981
IPVS_EHC_639d115c,0,F,0.0,70.0,,,,IPVS vowels,phone,o,0.33237967347709974,0.36548674822382926,0.2730101318145371,0.3140833085499724,0.2627568829491621,0.5434612568551838,0.5364749267453561
IPVS_EHC_639d115c,0,F,0.0,70.0,,,,IPVS vowels,clean,u,0.28697087469884225,0.5402572386427174,0.37999536605186357,0.5958967967023439,0.21168140435025531,0.39359255628160283,0.8323139361447351
IPVS_EHC_639d115c,0,F,0.0,70.0,,,,IPVS vowels,phone,u,0.25094010785039117,0.47826695611271297,0.20602487407293055,0.3423626028638985,0.17778870247047274,0.5784820695723137,0.8319821463928401
IPVS_EHC_639d115c,0,F,0.0,70.0,,,,IPVS vowels,clean,u,0.5153453163326482,0.22801929773735174,0.5386008979779179,0.6402766973382369,0.551795872938948,0.9164637474059989,0.479037603176935
IPVS_EHC_639d115c,0,F,0.0,70.0,,,,IPVS vowels,phone,u,0.36720141282094365,0.25668457059611643,0.26918578119159636,0.49802714057243697,0.3635167885821308,1.5590904644533425,0.4836887754990915
IPVS_EHC_4afb35f7,0,M,1.0,69.0,,,,IPVS vowels,clean,a,0.1686524244575989,0.18138193760222246,0.12835023591022096,0.17917541904639203,0.21897995525176764,0.7191022774433707,0.6099339620958544
IPVS_EHC_4afb35f7,0,M,1.0,69.0,,,,IPVS vowels,phone,a,0.13025131957774708,0.15905938234720937,0.09168476357365284,0.17678483377436577,0.18410537306617097,0.7460096183356076,0.6101819639270367
IPVS_EHC_4afb35f7,0,M,1.0,69.0,,,,IPVS vowels,clean,a,0.5639496743875754,0.159510615176303,0.35597368923892714,0.6388781973960185,0.37190717243332555,0.5545415848269462,0.43941806168676933
IPVS_EHC_4afb35f7,0,M,1.0,69.0,,,,IPVS vowels,phone,a,0.5036883874123222,0.3228107200384939,0.45656983891154684,0.5841274560302937,0.2897947028246715,0.5727570588464904,0.44059687509598877
IPVS_EHC_4afb35f7,0,M,1.0,69.0,,,,IPVS vowels,clean,e,0.3369262077330064,0.3340584466781365,0.3102839411355826,0.3468313921384476,0.34731447025141216,0.387762352262782,0.385301199002952
IPVS_EHC_4afb35f7,0,M,1.0,69.0,,,,IPVS vowels,phone,e,0.27780222913504293,0.3060868254815699,0.35206143868666423,0.3471001973319261,0.3060174853321902,0.40470518045112136,0.3858545128758051
IPVS_EHC_4afb35f7,0,M,1.0,69.0,,,,IPVS vowels,clean,e,0.20926610950144559,0.46420703172231187,0.3563627436637121,0.40173110668122397,0.4310846059494892,0.4134305594169298,0.33366798641132345
IPVS_EHC_4afb35f7,0,M,1.0,69.0,,,,IPVS vowels,phone,e,0.16657847242531307,0.30390800888512465,0.3890157050993737,0.33197209722623494,0.21391022617184935,0.4258738010082283,0.33414074252811066
IPVS_EHC_4afb35f7,0,M,1.0,69.0,,,,IPVS vowels,clean,i,0.17267026012195325,0.25279065939580325,0.26531982042872493,0.37375024539517393,0.22480613094213897,0.22724036699003014,0.27633137978344546
IPVS_EHC_4afb35f7,0,M,1.0,69.0,,,,IPVS vowels,phone,i,0.11734612178401792,0.14298074981220435,0.3096601162164598,0.39020098703558265,0.24094459500974444,0.24995441356871764,0.27632651206366265
IPVS_EHC_4afb35f7,0,M,1.0,69.0,,,,IPVS vowels,clean,i,0.04173164457225812,0.30469982769740767,0.8125388339324122,0.7765469750647234,0.2631754360677038,0.32783528722167365,0.27945673432947515
IPVS_EHC_4afb35f7,0,M,1.0,69.0,,,,IPVS vowels,phone,i,0.08840261215481725,0.2208079155007344,0.6956522625369825,0.7565098627388253,0.16584510863964716,0.33063402681827564,0.2801673496939161
IPVS_EHC_4afb35f7,0,M,1.0,69.0,,,,IPVS vowels,clean,o,0.4632013766312424,0.311693222989124,0.24727474252400244,0.5179363153151878,0.5071408310686729,0.5598951952883295,0.3317329634815014
IPVS_EHC_4afb35f7,0,M,1.0,69.0,,,,IPVS vowels,phone,o,0.4477608909779562,0.2755308734162141,0.2246334985375017,0.4150859842304791,0.35644197437924263,0.5920130532963889,0.33254524765808924
IPVS_EHC_4afb35f7,0,M,1.0,69.0,,,,IPVS vowels,clean,o,0.40125945894424564,0.5505308163263074,0.721922467468507,0.6762332988791869,0.3242855356084578,0.4471398002112352,0.3197340687713268
IPVS_EHC_4afb35f7,0,M,1.0,69.0,,,,IPVS vowels,phone,o,0.3762526493886848,0.34726556259116553,0.660211285942986,0.6829053036419043,0.42948059693067064,0.46837951119157273,0.320349612558557
IPVS_EHC_4afb35f7,0,M,1.0,69.0,,,,IPVS vowels,clean,u,0.16048376199931333,0.46505628490660533,0.3636455939409774,0.5294513104182674,0.1549923923863498,0.3339941757314879,0.3820824945443668
IPVS_EHC_4afb35f7,0,M,1.0,69.0,,,,IPVS vowels,phone,u,0.19816939798740746,0.3952950554423796,0.3069480652950905,0.46443096515058296,0.12627655128628437,0.3597337780138586,0.38417385805777915
IPVS_EHC_4afb35f7,0,M,1.0,69.0,,,,IPVS vowels,clean,u,0.18858235120448413,0.4290824835972082,0.36014671710194707,0.566089248585166,0.2400628233865455,0.541611558590228,0.36700145553649755
IPVS_EHC_4afb35f7,0,M,1.0,69.0,,,,IPVS vowels,phone,u,0.2965598221563266,0.47119978788120404,0.4205043520388273,0.630968228896325,0.22889884963449111,0.5417561419301324,0.36719796065196597
IPVS_EHC_b4f61509,0,F,0.0,72.0,,,,IPVS vowels,clean,a,0.2412674292668498,0.29470965088811263,0.2581790295642864,0.3385854224822268,0.21885747897036884,0.6597714306966579,3.3193319488915796
IPVS_EHC_b4f61509,0,F,0.0,72.0,,,,IPVS vowels,phone,a,0.21247130311170523,0.33016271997869034,0.1715226955002872,0.29830114541316094,0.2072619301188675,,
IPVS_EHC_b4f61509,0,F,0.0,72.0,,,,IPVS vowels,clean,a,0.16566518313246717,0.24415482494701704,0.258478566692311,0.2987914612773368,0.26870009394883715,0.8094038906543417,0.7405381776875553
IPVS_EHC_b4f61509,0,F,0.0,72.0,,,,IPVS vowels,phone,a,0.22816654190571475,0.2181048141722103,0.18849226191972673,0.36749038798071454,0.24979630559414506,0.9148304157319533,3.3460922499530588
IPVS_EHC_b4f61509,0,F,0.0,72.0,,,,IPVS vowels,clean,e,0.40797926999305023,0.48038306742167514,0.5087305258282149,0.4468301734648385,0.3491376116113111,0.6582809785539498,0.6501523402549836
IPVS_EHC_b4f61509,0,F,0.0,72.0,,,,IPVS vowels,phone,e,0.3190696213554768,0.3736727700657945,0.453225239276887,0.48533045563487476,0.17209408718391428,0.6860906411156492,0.6523038207113085
IPVS_EHC_b4f61509,0,F,0.0,72.0,,,,IPVS vowels,clean,e,0.19228918343563436,0.2774485007673525,0.11294038777561757,0.22257126360177631,0.2356676458019729,0.835088665755572,0.6965500926435553
IPVS_EHC_b4f61509,0,F,0.0,72.0,,,,IPVS vowels,phone,e,0.2281902363080532,0.2576117841732431,0.23235001872239688,0.4179414297167122,0.2544420211263344,0.9099063766769715,0.7030079217537955
IPVS_EHC_b4f61509,0,F,0.0,72.0,,,,IPVS vowels,clean,i,0.33490292000649763,0.4677858135122933,0.5132314145831983,0.4129891053992936,0.2537427124732298,1.2834367348662592,1.0203399459052687
IPVS_EHC_b4f61509,0,F,0.0,72.0,,,,IPVS vowels,phone,i,0.33870681224333865,0.36250219807734385,0.4044237818220796,0.3468311090705008,0.3034619464116345,1.7099321845807298,8.10598145853012
IPVS_EHC_b4f61509,0,F,0.0,72.0,,,,IPVS vowels,clean,i,0.3155722095308111,0.2693199412635856,0.32464265586780927,0.35321961847500116,0.2815702376162885,1.7709720905879822,0.8893120031850055
IPVS_EHC_b4f61509,0,F,0.0,72.0,,,,IPVS vowels,phone,i,0.25077673756634294,0.2753328727886814,0.41751553975531586,0.5535029362197605,0.26175152609238084,2.464262020632019,7.601378051088714
IPVS_EHC_b4f61509,0,F,0.0,72.0,,,,IPVS vowels,clean,o,0.2842598246137899,0.4203685559501449,0.3672928202896447,0.4107854724892554,0.2231428102680456,0.6021062586314276,1.005984318883324
IPVS_EHC_b4f61509,0,F,0.0,72.0,,,,IPVS vowels,phone,o,0.16664481644317342,0.2940715423580222,0.24842764231502565,0.4187376202871949,0.1798980661149225,,
IPVS_EHC_b4f61509,0,F,0.0,72.0,,,,IPVS vowels,clean,o,0.20965844605519388,0.3200570263714804,0.26288116503404907,0.3811238681823268,0.206445053950725,0.9957180884389001,0.5946178790719348
IPVS_EHC_b4f61509,0,F,0.0,72.0,,,,IPVS vowels,phone,o,0.27806483731211334,0.3303713179322517,0.30611750343748756,0.40710992823686004,0.22482757562047542,1.1753719044716497,0.5976205284011771
IPVS_EHC_b4f61509,0,F,0.0,72.0,,,,IPVS vowels,clean,u,0.41281149191036315,0.29581016363066787,0.28200541009291746,0.3376681336644564,0.4780298230752907,1.3055640983697112,0.7977818923429414
IPVS_EHC_b4f61509,0,F,0.0,72.0,,,,IPVS vowels,phone,u,0.3528823899885884,0.28599048632891133,0.419270781518506,0.46772525509841173,0.352118518111656,1.4103132074737699,0.8938495599717156
IPVS_EHC_b4f61509,0,F,0.0,72.0,,,,IPVS vowels,clean,u,0.3053278478136714,0.2845157506929587,0.2816927292445975,0.29509546292846545,0.21385888959411664,1.6425559003527341,0.5569509319667487
IPVS_EHC_b4f61509,0,F,0.0,72.0,,,,IPVS vowels,phone,u,0.2207992836306442,0.2401197504253515,0.17630076337287098,0.3085131219617367,0.22157558746995015,1.7685472218774712,0.5594851312229032
IPVS_EHC_25e7d520,0,F,0.0,60.0,,,,IPVS vowels,clean,a,0.29904727619676785,0.1380044547340163,0.209969465714952,0.46440680363625786,0.3710422137357705,1.2223073889066474,0.5717473548562113
IPVS_EHC_25e7d520,0,F,0.0,60.0,,,,IPVS vowels,phone,a,0.2806642628737139,0.4320101555510789,0.1854218640032883,0.5167999287491722,0.30550233221341744,1.443488348849557,0.571771368749352
IPVS_EHC_25e7d520,0,F,0.0,60.0,,,,IPVS vowels,clean,a,0.19723334269343382,0.1947319915116428,0.39657032840781115,0.49550626762055433,0.158376222868261,0.5567726904598129,0.3800663776616364
IPVS_EHC_25e7d520,0,F,0.0,60.0,,,,IPVS vowels,phone,a,0.1249018393620082,0.14999605271333008,0.3246145424136856,0.48877544440222265,0.07652397861355864,,
IPVS_EHC_25e7d520,0,F,0.0,60.0,,,,IPVS vowels,clean,e,0.25232095627916434,0.2271731034416098,0.31867048143980525,0.38402265352707005,0.31311337946762524,0.424327886539421,0.6269893755130207
IPVS_EHC_25e7d520,0,F,0.0,60.0,,,,IPVS vowels,phone,e,0.17658167830089205,0.269289345652674,0.3837859888495125,0.4878679493795879,0.2898092315407599,0.567088226602897,0.6224754648586517
IPVS_EHC_25e7d520,0,F,0.0,60.0,,,,IPVS vowels,clean,e,0.17209206980318859,0.35605862939549093,0.46746437042514233,0.5611074181266911,0.13785073521461594,0.5207943441486994,0.550278006721383
IPVS_EHC_25e7d520,0,F,0.0,60.0,,,,IPVS vowels,phone,e,0.13351553235716213,0.3624749696942376,0.4809067013490778,0.5638225172017372,0.06927928054263373,0.5331392401800197,0.5553938405593151
IPVS_EHC_25e7d520,0,F,0.0,60.0,,,,IPVS vowels,clean,i,0.3798360273460181,0.5107668100664604,0.3444812068742697,0.4024592941044734,0.20029601801318167,0.2880105157829222,0.4359311137538624
IPVS_EHC_25e7d520,0,F,0.0,60.0,,,,IPVS vowels,phone,i,0.34761065927909823,0.559415202036057,0.4254767339631558,0.4544408602719911,0.20944170031036133,0.44188489319692736,0.4542732457557985
IPVS_EHC_25e7d520,0,F,0.0,60.0,,,,IPVS vowels,clean,i,0.15304383072083588,0.1488409014869983,0.31894319200980775,0.26577358368828374,0.16606658426058157,0.38270797138492474,0.44789943097838236
IPVS_EHC_25e7d520,0,F,0.0,60.0,,,,IPVS vowels,phone,i,0.182671806014883,0.12493848477645177,0.3470470155349864,0.31239881403199404,0.2725471295936627,0.6882208707141969,0.44949317158990976
IPVS_EHC_25e7d520,0,F,0.0,60.0,,,,IPVS vowels,clean,o,0.32569028492116325,0.2272487270030455,0.37142679336122447,0.4994452675563606,0.32535211919422424,0.5254573857626335,0.4741890597845133
IPVS_EHC_25e7d520,0,F,0.0,60.0,,,,IPVS vowels,phone,o,0.4025382377048922,0.3142779877151855,0.2852379970368787,0.34736246963263734,0.31532939976842006,0.6533763860806936,0.4554303560702744
IPVS_EHC_25e7d520,0,F,0.0,60.0,,,,IPVS vowels,clean,o,0.055809454471962575,0.17929432150407382,0.2713477835357033,0.473852198005584,0.09434582552732662,0.35215179940184194,0.4084788088544844
IPVS_EHC_25e7d520,0,F,0.0,60.0,,,,IPVS vowels,phone,o,0.0983963417695304,0.2241842114379052,0.19417327386767896,0.5117521492959697,0.1149835361811021,0.42697535357359584,0.4111068102628401
IPVS_EHC_25e7d520,0,F,0.0,60.0,,,,IPVS vowels,clean,u,0.38246651065335413,0.32764433954031885,0.42013260753026876,0.45964022196838955,0.34322528439642797,0.5969944361256629,0.38433130386554826
IPVS_EHC_25e7d520,0,F,0.0,60.0,,,,IPVS vowels,phone,u,0.24410685802102686,0.36196800542042795,0.46915387521523394,0.6184686678550563,0.19908093914277056,0.6789297641206105,0.3860352447244031
IPVS_EHC_25e7d520,0,F,0.0,60.0,,,,IPVS vowels,clean,u,0.2053376464123716,0.28114553883757815,0.3605984527137817,0.5019146330630863,0.19267152882951386,0.5556955375650778,0.46441717917864445
IPVS_EHC_25e7d520,0,F,0.0,60.0,,,,IPVS vowels,phone,u,0.17290699845992788,0.17364105559080978,0.26349007745635916,0.4038584503813727,0.17508704199235292,0.6558511142067597,0.462141681054673
IPVS_EHC_e7aed759,0,M,1.0,60.0,,,,IPVS vowels,clean,a,0.23726098630858328,0.26307977489872325,0.25312959931915463,0.3264036490284993,0.2756022361124556,0.3729775054692694,0.8972760511377853
IPVS_EHC_e7aed759,0,M,1.0,60.0,,,,IPVS vowels,phone,a,0.24745462081237954,0.31764104435771545,0.20298136686671758,0.24435540362253333,0.29212130966359423,0.42772605655100465,0.8846538823027439
IPVS_EHC_e7aed759,0,M,1.0,60.0,,,,IPVS vowels,clean,a,0.2740564572263693,0.2949201648133883,0.28549474323956087,0.47494053422611404,0.414820261349078,0.4444728452120072,0.6476269413096869
IPVS_EHC_e7aed759,0,M,1.0,60.0,,,,IPVS vowels,phone,a,0.23501325462529926,0.12683935812200942,0.2677316561537773,0.365419124382382,0.36005206527973327,0.48652293620079307,0.6474873379936241
IPVS_EHC_e7aed759,0,M,1.0,60.0,,,,IPVS vowels,clean,e,0.3196608879882593,0.32778224655941285,0.29592105864184215,0.3525817396627201,0.2657603526088596,0.42116285310784213,1.982729454052956
IPVS_EHC_e7aed759,0,M,1.0,60.0,,,,IPVS vowels,phone,e,0.3018813744527736,0.3305435192186187,0.2575190040420086,0.30474661435406375,0.21631838048398627,0.4470377105261111,2.006478536097389
IPVS_EHC_e7aed759,0,M,1.0,60.0,,,,IPVS vowels,clean,e,0.10339131510233782,0.2577643072565872,0.36789838018358517,0.4791125418757479,0.1087677422548469,0.6768221435491971,1.3276487661825431
IPVS_EHC_e7aed759,0,M,1.0,60.0,,,,IPVS vowels,phone,e,0.09179391978161931,0.15075186639684962,0.26482464045557663,0.4913420707598094,0.06307416416390925,0.7336160243548815,1.3296334314497393
IPVS_EHC_e7aed759,0,M,1.0,60.0,,,,IPVS vowels,clean,i,0.3958095933823125,0.4506870971594577,0.405252582638522,0.47300538291686056,0.35711260792152777,0.7554989637742587,1.3289643171526366
IPVS_EHC_e7aed759,0,M,1.0,60.0,,,,IPVS vowels,phone,i,0.36483700870607394,0.4013089587497332,0.37633144524430323,0.6085449702770788,0.2833819975901698,0.8181757601753705,1.3344771712604286
IPVS_EHC_e7aed759,0,M,1.0,60.0,,,,IPVS vowels,clean,i,0.36819759898852683,0.16318449041206073,0.41015568935189467,0.4481960642723586,0.3831270495246691,0.5428509852942871,1.062180606457508
IPVS_EHC_e7aed759,0,M,1.0,60.0,,,,IPVS vowels,phone,i,0.3728235084341815,0.25518810987364293,0.4881455361455276,0.5136178579469328,0.32834093511560214,0.6342382966375467,1.061588247101386
IPVS_EHC_e7aed759,0,M,1.0,60.0,,,,IPVS vowels,clean,o,0.18979229965957636,0.27045744043345915,0.20978494016451013,0.21805768343754983,0.2514367032558747,0.5777638816595768,1.4774370684718319
IPVS_EHC_e7aed759,0,M,1.0,60.0,,,,IPVS vowels,phone,o,0.20771573628811071,0.29338265708057387,0.2528859857241392,0.3132981670332192,0.23735363869253556,0.6576448469121176,1.5190312228571479
IPVS_EHC_e7aed759,0,M,1.0,60.0,,,,IPVS vowels,clean,o,0.37501896487310354,0.3328276810600692,0.1508718600134812,0.3925759541647381,0.44201662590550855,0.814023373872229,0.8239724303750418
IPVS_EHC_e7aed759,0,M,1.0,60.0,,,,IPVS vowels,phone,o,0.43262348180569626,0.4206852851868565,0.3302009087916431,0.41560576886468625,0.36707084521047884,0.8617076369379943,0.8167532677491041
IPVS_EHC_e7aed759,0,M,1.0,60.0,,,,IPVS vowels,clean,u,0.3372477915485124,0.4194376505008911,0.46261997817727707,0.4706511998901479,0.4278629672150811,0.8542828284773848,1.1102407291801342
IPVS_EHC_e7aed759,0,M,1.0,60.0,,,,IPVS vowels,phone,u,0.41577284294491895,0.35434752383274937,0.3533462003471991,0.30653740972660537,0.44384213458416427,0.9992919411097143,1.113917486301963
IPVS_EHC_e7aed759,0,M,1.0,60.0,,,,IPVS vowels,clean,u,0.29787988313274844,0.36938902946171953,0.28601289799003565,0.3836807513064311,0.4032413591720536,1.0784134742859088,0.6774073660578583
IPVS_EHC_e7aed759,0,M,1.0,60.0,,,,IPVS vowels,phone,u,0.2057070987628457,0.2749040746646215,0.2918815252357194,0.3806308322203058,0.33257422663665936,1.097665222190233,0.6727352058992109
IPVS_EHC_ac9bbb18,0,M,1.0,76.0,,,,IPVS vowels,clean,a,0.23347511140519475,0.20963950841857093,0.31266303675644075,0.3911098030634094,0.2138381055297063,0.4004124770022321,0.8070994676592447
IPVS_EHC_ac9bbb18,0,M,1.0,76.0,,,,IPVS vowels,phone,a,0.23308281445471368,0.22323359203190604,0.32841123706945896,0.3918440045544161,0.24567782835519522,0.4356182240299198,0.8289946501335299
IPVS_EHC_ac9bbb18,0,M,1.0,76.0,,,,IPVS vowels,clean,a,0.35561129065388614,0.2541332183990434,0.19457927968064992,0.38429098023246017,0.41509581130710566,0.5444300320222153,0.9021068276451771
IPVS_EHC_ac9bbb18,0,M,1.0,76.0,,,,IPVS vowels,phone,a,0.2635631896548655,0.24025571725093062,0.2859455012688207,0.36268885450346944,0.5328319883893134,0.6024911845359485,0.9019428807555796
IPVS_EHC_ac9bbb18,0,M,1.0,76.0,,,,IPVS vowels,clean,e,0.24574580455466744,0.41036180014930107,0.3998728033056704,0.5176760502234614,0.31259753927368744,0.9387053377932552,0.591264083303833
IPVS_EHC_ac9bbb18,0,M,1.0,76.0,,,,IPVS vowels,phone,e,0.2996106067620076,0.5011553748834567,0.4042079764148258,0.6334674065627308,0.21485648516255068,1.0039952504752259,0.5599760004391108
IPVS_EHC_ac9bbb18,0,M,1.0,76.0,,,,IPVS vowels,clean,e,0.17478401491848364,0.13609532179590728,0.1751043460122151,0.25613019513034124,0.155879467428005,0.629919051250312,0.507442734992436
IPVS_EHC_ac9bbb18,0,M,1.0,76.0,,,,IPVS vowels,phone,e,0.406404700521776,0.28403916869029733,0.17175465426958333,0.3666221104227723,0.209571337297028,0.6941177948431646,0.5100447666979813
IPVS_EHC_ac9bbb18,0,M,1.0,76.0,,,,IPVS vowels,clean,i,0.21660999003212278,0.431452693772361,0.3723928014891053,0.35780456724928594,0.2590158535833026,0.2528923037159087,0.356626402446647
IPVS_EHC_ac9bbb18,0,M,1.0,76.0,,,,IPVS vowels,phone,i,0.2747000191764671,0.4253643970398012,0.3221917456003813,0.34684347234796126,0.2939663086360745,0.4215554724947262,0.35589088400131974
IPVS_EHC_ac9bbb18,0,M,1.0,76.0,,,,IPVS vowels,clean,i,0.24821047943339022,0.4060691782193346,0.507335793053893,0.4308786351485299,0.20705642250242687,0.43460234365862854,0.5362178443532928
IPVS_EHC_ac9bbb18,0,M,1.0,76.0,,,,IPVS vowels,phone,i,0.15391924022696843,0.2586756222834919,0.5884352736611115,0.6207805359303948,0.11228932096114226,0.3755104691057216,0.5224254997811428
IPVS_EHC_ac9bbb18,0,M,1.0,76.0,,,,IPVS vowels,clean,o,0.24204810996371973,0.2539907399717573,0.21121071452246698,0.2891373210302886,0.23942024839295842,0.696615908038042,0.4256581200080989
IPVS_EHC_ac9bbb18,0,M,1.0,76.0,,,,IPVS vowels,phone,o,0.3009873806850465,0.29213985049807617,0.1980245201287598,0.2881180199685876,0.20661776825272538,0.754357638466236,0.43879357508365135
IPVS_EHC_ac9bbb18,0,M,1.0,76.0,,,,IPVS vowels,clean,o,0.28329565893902525,0.25494844241131337,0.28241559084797524,0.3079059065932282,0.33080321881308083,0.5303287776121429,0.4655706257828074
IPVS_EHC_ac9bbb18,0,M,1.0,76.0,,,,IPVS vowels,phone,o,0.19786688143090422,0.33313281831836483,0.31909147883375827,0.21403124606075097,0.20956864798617683,0.5406643633893328,0.46428636966455716
IPVS_EHC_ac9bbb18,0,M,1.0,76.0,,,,IPVS vowels,clean,u,0.5206956314795689,0.37098933733275213,0.3783233239873951,0.3645280779291074,0.4074951327755459,0.5416341380804123,0.43773144823857635
IPVS_EHC_ac9bbb18,0,M,1.0,76.0,,,,IPVS vowels,phone,u,0.4697712596790894,0.3177115897285124,0.31254937912971376,0.3624229444874754,0.4290672680344896,0.6236095525344576,0.4346197144241559
IPVS_EHC_ac9bbb18,0,M,1.0,76.0,,,,IPVS vowels,clean,u,0.16326910362306368,0.13364525357904508,0.16012787539992432,0.2983883830292292,0.2062016659526674,0.3120632481293581,0.35930780540007756
IPVS_EHC_ac9bbb18,0,M,1.0,76.0,,,,IPVS vowels,phone,u,0.18283007451928993,0.14635680157235778,0.20409360522770148,0.3439439189597517,0.2580623164327302,0.3021993455793714,0.3629458884900405
IPVS_EHC_99f6ef3d,0,F,0.0,61.0,,,,IPVS vowels,clean,a,0.12001510064441498,0.4024014541761792,0.456870929038286,0.4815260988360191,0.17116315088255982,0.43178572093002654,0.18563718750548297
IPVS_EHC_99f6ef3d,0,F,0.0,61.0,,,,IPVS vowels,phone,a,0.2500794312328943,0.3432762268774908,0.47891390530382116,0.5785864230752593,0.22017366237746405,0.45254057836337264,0.18625864309240736
IPVS_EHC_99f6ef3d,0,F,0.0,61.0,,,,IPVS vowels,clean,a,0.07259020774143797,0.17281458474257763,0.11854759840423458,0.17128682777795654,0.09477102649396969,0.4556108262421153,0.19329926992417423
IPVS_EHC_99f6ef3d,0,F,0.0,61.0,,,,IPVS vowels,phone,a,0.05540080553257228,0.1375752280984442,0.06842839728510268,0.11023750824246083,0.04317503581434572,0.4912162335275895,0.1932996045381996
IPVS_EHC_99f6ef3d,0,F,0.0,61.0,,,,IPVS vowels,clean,e,0.25162510460510457,0.19838867338215124,0.13910199085290936,0.20004855815531883,0.1695515107031555,0.43493802196494996,0.1625942353124854
IPVS_EHC_99f6ef3d,0,F,0.0,61.0,,,,IPVS vowels,phone,e,0.22014198084747494,0.2898300561269158,0.16407016506509423,0.20612426268011236,0.16837621525700538,0.44652678510170035,0.16171286196964285
IPVS_EHC_99f6ef3d,0,F,0.0,61.0,,,,IPVS vowels,clean,e,0.31896910907941345,0.2614931908997818,0.19480135892542272,0.4557613596936038,0.364011028449583,0.5356649011864343,0.17313593716070663
IPVS_EHC_99f6ef3d,0,F,0.0,61.0,,,,IPVS vowels,phone,e,0.15998380618236901,0.11105989153250623,0.10670921043371145,0.34613574796478425,0.17426656681293073,0.5427985471741944,0.1727295039601895
IPVS_EHC_99f6ef3d,0,F,0.0,61.0,,,,IPVS vowels,clean,i,0.36872040168151055,0.3442451484822255,0.4321324481929999,0.40914822266103335,0.2984519521127935,0.3744711995931803,0.24482606710265475
IPVS_EHC_99f6ef3d,0,F,0.0,61.0,,,,IPVS vowels,phone,i,0.46811101989752746,0.39828256111289717,0.36101704498358006,0.38468935448087105,0.31896863008532567,0.40741723795707646,0.24396962971136027
IPVS_EHC_99f6ef3d,0,F,0.0,61.0,,,,IPVS vowels,clean,i,0.4214760482910746,0.5163389305311732,0.4399950510317035,0.5083391974815983,0.45901320601007484,0.5775363146115073,0.3991211832388819
IPVS_EHC_99f6ef3d,0,F,0.0,61.0,,,,IPVS vowels,phone,i,0.5152533527414724,0.42671987074112944,0.581655476529168,0.6041751765657339,0.4255215245667723,0.6310821471403694,0.3996142421937021
IPVS_EHC_99f6ef3d,0,F,0.0,61.0,,,,IPVS vowels,clean,o,0.10524511770121438,0.2143086174450336,0.10412393846830474,0.17148869485677667,0.12749656297563378,0.2606587177660558,0.2322764010572076
IPVS_EHC_99f6ef3d,0,F,0.0,61.0,,,,IPVS vowels,phone,o,0.09569525827731717,0.23919217211510113,0.2161823091210719,0.18997025935077808,0.08118620407355774,0.26571034624913287,0.23248780724873797
IPVS_EHC_99f6ef3d,0,F,0.0,61.0,,,,IPVS vowels,clean,o,0.2043906370886378,0.18141408912203602,0.27506747750176197,0.3776916920856302,0.22031985191555017,0.383930448071412,0.1660330895514761
IPVS_EHC_99f6ef3d,0,F,0.0,61.0,,,,IPVS vowels,phone,o,0.16073891634881013,0.19207374312576353,0.5004508821000523,0.4933493090936081,0.14335775185654467,0.3944686098712212,0.17086784802651245
IPVS_EHC_99f6ef3d,0,F,0.0,61.0,,,,IPVS vowels,clean,u,0.38915838149490256,0.268602397934891,0.31519965656088356,0.41239423928618396,0.26495113720672386,0.20812206199026273,0.15209051088171943
IPVS_EHC_99f6ef3d,0,F,0.0,61.0,,,,IPVS vowels,phone,u,0.228876605716652,0.29323499265592934,0.3679619502027141,0.39349361282672873,0.17850126601180186,0.21374714953281512,0.15026552751857825
IPVS_EHC_99f6ef3d,0,F,0.0,61.0,,,,IPVS vowels,clean,u,0.11536157997270664,0.164476822269156,0.1388714545090025,0.20320135008249837,0.15495954226090766,0.2889660577159152,0.2375549445178926
IPVS_EHC_99f6ef3d,0,F,0.0,61.0,,,,IPVS vowels,phone,u,0.08437944102235995,0.14903611133303363,0.07630016252315375,0.14453387307391208,0.09958902318786161,0.29137112606367316,0.23772648255422357
IPVS_EHC_de4ff365,0,M,1.0,68.0,,,,IPVS vowels,clean,a,0.3029073805233364,0.24871842961467122,0.5467405656204439,0.5414371650532512,0.32680185246184834,0.7724759348942307,0.8141039193544586
IPVS_EHC_de4ff365,0,M,1.0,68.0,,,,IPVS vowels,phone,a,0.2940561315681897,0.30876334421064733,0.4896893533840717,0.601313670380091,0.2775964788332943,0.7773199296003126,0.81377512756442
IPVS_EHC_de4ff365,0,M,1.0,68.0,,,,IPVS vowels,clean,a,0.16240925525541475,0.4458945210139559,0.19224707270600566,0.1656340846295598,0.11859857567478767,0.36967697235151825,0.5900846185892039
IPVS_EHC_de4ff365,0,M,1.0,68.0,,,,IPVS vowels,phone,a,0.1951173360613703,0.34903932832244494,0.21138203908720168,0.14780943250798428,0.08816938595335486,0.380948721007802,0.57331766404356
IPVS_EHC_de4ff365,0,M,1.0,68.0,,,,IPVS vowels,clean,e,0.6079933149282787,0.4793486376775144,0.5359594636993845,0.5570655901401727,0.6511572711877881,0.6239985999276718,0.47172501181047544
IPVS_EHC_de4ff365,0,M,1.0,68.0,,,,IPVS vowels,phone,e,0.5384097661409091,0.3632271858488961,0.4349516033839954,0.49711718431153856,0.6087651516174379,0.63440188832773,0.4718739928083915
IPVS_EHC_de4ff365,0,M,1.0,68.0,,,,IPVS vowels,clean,e,0.2945088496846987,0.32410760152017426,0.2635129906572212,0.4960044385750604,0.2823864485748411,0.6656453991344546,0.6353804737020852
IPVS_EHC_de4ff365,0,M,1.0,68.0,,,,IPVS vowels,phone,e,0.17781613122794693,0.30679463985576066,0.410899380764932,0.3846761661691583,0.20601520478076857,0.7055438446454729,0.634759034080612
IPVS_EHC_de4ff365,0,M,1.0,68.0,,,,IPVS vowels,clean,i,0.327977038839439,0.2940356076226381,0.31984590097657345,0.3816771544479831,0.33007419458068904,0.9233331611830221,0.43856370576615955
IPVS_EHC_de4ff365,0,M,1.0,68.0,,,,IPVS vowels,phone,i,0.367900711575392,0.45013527642687995,0.2587431884635771,0.3448620291048161,0.3155427479746528,0.9100283983736596,0.43945940095706515
IPVS_EHC_de4ff365,0,M,1.0,68.0,,,,IPVS vowels,clean,i,0.2608108602709238,0.33318106460150937,0.3683974537397614,0.364825911604601,0.37167244107169944,0.9818756579696761,0.5020090683073963
IPVS_EHC_de4ff365,0,M,1.0,68.0,,,,IPVS vowels,phone,i,0.1356799367709666,0.3171723354506805,0.47549540470229734,0.48054196511964015,0.21360133384741192,0.9004716740100736,0.49973099719233804
IPVS_EHC_de4ff365,0,M,1.0,68.0,,,,IPVS vowels,clean,o,0.21456225987299007,0.22002604471901605,0.4139991872073732,0.4229937010685479,0.2817930312210295,0.6036208778553853,0.8789450262299825
IPVS_EHC_de4ff365,0,M,1.0,68.0,,,,IPVS vowels,phone,o,0.23120495968699395,0.26253887047155233,0.4592346668002812,0.38045631521907236,0.3133783531301784,0.6372984929344448,0.8803686451257287
IPVS_EHC_de4ff365,0,M,1.0,68.0,,,,IPVS vowels,clean,o,0.18110162315432052,0.4530548240974003,0.4676430139100666,0.48985000831222,0.1854093375517524,0.38358960088657296,0.5383113798674399
IPVS_EHC_de4ff365,0,M,1.0,68.0,,,,IPVS vowels,phone,o,0.201966927307291,0.3327503897913949,0.32566309020390194,0.4107707075863224,0.3723450181520395,0.40724785660022295,0.5384957033687465
IPVS_EHC_de4ff365,0,M,1.0,68.0,,,,IPVS vowels,clean,u,0.37842878074772424,0.37165146116345465,0.4049494451654901,0.4893820020436084,0.28204706173089106,0.294108794227495,0.3971032321535617
IPVS_EHC_de4ff365,0,M,1.0,68.0,,,,IPVS vowels,phone,u,0.28944681582690923,0.40271314274053543,0.448207337770453,0.5666800827600721,0.39826614494627216,0.23267745858426442,0.39256135376983803
IPVS_EHC_de4ff365,0,M,1.0,68.0,,,,IPVS vowels,clean,u,0.39123108021711894,0.3831651581727013,0.560302342202976,0.629181023586976,0.3804753711124989,0.40087981559037683,0.3212218957530766
IPVS_EHC_de4ff365,0,M,1.0,68.0,,,,IPVS vowels,phone,u,0.2803111848615808,0.3838544912162294,0.6731161340952901,0.62596512430386,0.42889662287714525,0.37476603904654693,0.3218029861602689
IPVS_EHC_c3e98ecb,0,M,1.0,75.0,,,,IPVS vowels,clean,a,0.3796816180465014,0.30193820657051107,0.25300589666003503,0.3806916947872968,0.2577233616440581,,
IPVS_EHC_c3e98ecb,0,M,1.0,75.0,,,,IPVS vowels,phone,a,0.4025731125852795,0.32731037594290874,0.1993057303382848,0.31135144443198653,0.21157676942351902,,
IPVS_EHC_c3e98ecb,0,M,1.0,75.0,,,,IPVS vowels,clean,a,0.2596975699588815,0.18252490343866237,0.3406795644006949,0.5253782398770364,0.3845131879705296,0.8324208998041467,7.310753354385069
IPVS_EHC_c3e98ecb,0,M,1.0,75.0,,,,IPVS vowels,phone,a,0.17186670575518315,0.21458355230917636,0.22702428641107417,0.41860569675962417,0.24295381879602013,0.9035481848832397,9.155030217595828
IPVS_EHC_c3e98ecb,0,M,1.0,75.0,,,,IPVS vowels,clean,e,0.3026163651281196,0.4187120311794381,0.23309924361944268,0.33926206027306877,0.22758120101294255,0.6396710397266834,0.5026462724837311
IPVS_EHC_c3e98ecb,0,M,1.0,75.0,,,,IPVS vowels,phone,e,0.2794898518694504,0.3575178923313847,0.2976188549519544,0.40944315963048483,0.2098971631701715,0.6433982000116,0.5005795092096754
IPVS_EHC_c3e98ecb,0,M,1.0,75.0,,,,IPVS vowels,clean,e,0.4799172443490365,0.4230424517551856,0.3553582135326191,0.3113641108938985,0.5614262682840772,1.4550860916830353,0.5366604740630443
IPVS_EHC_c3e98ecb,0,M,1.0,75.0,,,,IPVS vowels,phone,e,0.2802554676931635,0.4761864681713092,0.40713150734395676,0.3268058611952581,0.3144950869273329,1.5617181641869666,0.544209941190732
IPVS_EHC_c3e98ecb,0,M,1.0,75.0,,,,IPVS vowels,clean,i,0.287363508877667,0.3522818672950999,0.5712607010884174,0.529386133027522,0.22989791834360723,1.2061189021257446,0.6194099049225743
IPVS_EHC_c3e98ecb,0,M,1.0,75.0,,,,IPVS vowels,phone,i,0.33771215012090566,0.32605084018059427,0.5363278099257064,0.5218961019386072,0.21333272022917676,1.3227363817035098,0.5954761732303471
IPVS_EHC_c3e98ecb,0,M,1.0,75.0,,,,IPVS vowels,clean,i,0.3584863869787286,0.4450093328046663,0.4862705317140391,0.4397098468056657,0.3278935808348454,1.3289837567792613,0.6812515786049911
IPVS_EHC_c3e98ecb,0,M,1.0,75.0,,,,IPVS vowels,phone,i,0.3781483081933152,0.3306465658315559,0.341321473177645,0.4541349656259585,0.34543884538285535,1.4879520975472038,8.101639037003071
IPVS_EHC_c3e98ecb,0,M,1.0,75.0,,,,IPVS vowels,clean,o,0.23380950551776716,0.2907525400968393,0.3382399003747391,0.3329039974841417,0.2917726335926986,0.7558284750377654,0.4955260609275536
IPVS_EHC_c3e98ecb,0,M,1.0,75.0,,,,IPVS vowels,phone,o,0.23884274207165818,0.3173461546468611,0.4058715633500285,0.4198660479821864,0.21424939837231521,0.7837677774297821,0.5002823056295513
IPVS_EHC_c3e98ecb,0,M,1.0,75.0,,,,IPVS vowels,clean,o,0.41235383996836844,0.6122241465560426,0.2921134242432058,0.44344127664057786,0.4160603424122509,1.105272985582292,0.41990636210300636
IPVS_EHC_c3e98ecb,0,M,1.0,75.0,,,,IPVS vowels,phone,o,0.15667250368455418,0.31541235745998436,0.25386818285325147,0.30893419692508184,0.2333448296761564,1.1445267181101388,0.4255886487160021
IPVS_EHC_c3e98ecb,0,M,1.0,75.0,,,,IPVS vowels,clean,u,0.17247848190884119,0.19483918719723037,0.2900667612974387,0.37538994507985257,0.19163724160992454,,
IPVS_EHC_c3e98ecb,0,M,1.0,75.0,,,,IPVS vowels,phone,u,0.17775110811928932,0.2154385200524268,0.3068344749490255,0.38446822600953673,0.1833959551282561,,
IPVS_EHC_c3e98ecb,0,M,1.0,75.0,,,,IPVS vowels,clean,u,0.42887362978166627,0.39254197404278696,0.5199327000462757,0.596784236407543,0.5093771627605017,0.9529070188426181,0.7461767580577261
IPVS_EHC_c3e98ecb,0,M,1.0,75.0,,,,IPVS vowels,phone,u,0.24300042352541634,0.3511813619009399,0.4163762113550518,0.6510740789719185,0.2957908460447163,1.3439956236193096,0.8046811481174254
IPVS_EHC_1390377d,0,M,1.0,68.0,,,,IPVS vowels,clean,a,0.45649105016151487,0.3506097919841725,0.3473568438590318,0.37160060420012697,0.3780588151284932,0.9771256720724893,0.909801175695879
IPVS_EHC_1390377d,0,M,1.0,68.0,,,,IPVS vowels,phone,a,0.36710163006139135,0.24125372480906376,0.20957028858332477,0.2866903360904992,0.24554406666700196,1.0292249387740935,0.9091686992247938
IPVS_EHC_1390377d,0,M,1.0,68.0,,,,IPVS vowels,clean,a,0.4342227445226759,0.26318627183389554,0.15769807850315973,0.20150308686537655,0.6267427028731841,1.321296471876826,0.7198183123664936
IPVS_EHC_1390377d,0,M,1.0,68.0,,,,IPVS vowels,phone,a,0.32292931818360116,0.3549242924422931,0.25238098617946386,0.28481249078766985,0.4739256906444661,1.3622963083823276,0.7190959780077444
IPVS_EHC_1390377d,0,M,1.0,68.0,,,,IPVS vowels,clean,e,0.24142505455249377,0.2300167721871713,0.39235333130780514,0.41371277912656373,0.2815202872007063,0.7321768813837236,0.45378091480094973
IPVS_EHC_1390377d,0,M,1.0,68.0,,,,IPVS vowels,phone,e,0.24254048587666596,0.19404554757526102,0.46335362696911747,0.4313532425914556,0.2677843214158437,0.7482218617433091,0.4480947031291649
IPVS_EHC_1390377d,0,M,1.0,68.0,,,,IPVS vowels,clean,e,0.21428542865175662,0.3414946656335767,0.39717533897443563,0.5287629767135019,0.18979613130062323,0.4816427817516829,0.4434032875693772
IPVS_EHC_1390377d,0,M,1.0,68.0,,,,IPVS vowels,phone,e,0.20739596427831405,0.4084379746518485,0.4262230880420327,0.5127501903322674,0.18180754443460834,0.4887262053373788,0.44348263199074367
IPVS_EHC_1390377d,0,M,1.0,68.0,,,,IPVS vowels,clean,i,0.3254371630959206,0.3778465207593418,0.43033242097737073,0.3648746914484784,0.306171476246865,0.669744908197037,0.39514512255010015
IPVS_EHC_1390377d,0,M,1.0,68.0,,,,IPVS vowels,phone,i,0.23343115064010028,0.3153923804195038,0.3493566295583837,0.35949676378511136,0.1838990127434698,0.6976984002402119,0.39479652866003523
IPVS_EHC_1390377d,0,M,1.0,68.0,,,,IPVS vowels,clean,i,0.22627998354072368,0.41488316339155695,0.21977864536765815,0.3723205471649745,0.14663145223880666,0.23984887908758018,0.2655004062330768
IPVS_EHC_1390377d,0,M,1.0,68.0,,,,IPVS vowels,phone,i,0.15561739701094274,0.15617399989375663,0.39532251080734615,0.460827222641224,0.09747996111764114,0.26431603960387984,0.2624572758492816
IPVS_EHC_1390377d,0,M,1.0,68.0,,,,IPVS vowels,clean,o,0.3857415629631433,0.3642980552199311,0.38746468529661304,0.4281795736450533,0.3800340406269707,0.4619658670677226,0.4964685783397593
IPVS_EHC_1390377d,0,M,1.0,68.0,,,,IPVS vowels,phone,o,0.3393803970835059,0.35071373560477725,0.4148250232847243,0.45743907943729334,0.2876275331238775,0.474679794422752,1.1329600757025382
IPVS_EHC_1390377d,0,M,1.0,68.0,,,,IPVS vowels,clean,o,0.1939333921525547,0.1725753911939216,0.2514283001018197,0.30410339984575346,0.11342452049009434,0.635259612003878,0.5171169223543881
IPVS_EHC_1390377d,0,M,1.0,68.0,,,,IPVS vowels,phone,o,0.12852374052979035,0.22589956457234125,0.376286787547176,0.39321377733547025,0.16643476014994052,0.6464156611752006,0.5177736706674541
IPVS_EHC_1390377d,0,M,1.0,68.0,,,,IPVS vowels,clean,u,0.4202181224744229,0.3703428756268788,0.3876261747899045,0.34748593115777526,0.24136473279938653,0.3053522170999175,0.42700191879587734
IPVS_EHC_1390377d,0,M,1.0,68.0,,,,IPVS vowels,phone,u,0.33814188336674883,0.3394297447338024,0.34782264122123174,0.3134908691406425,0.1232204417837167,0.31421611583505643,0.4267739048158914
IPVS_EHC_1390377d,0,M,1.0,68.0,,,,IPVS vowels,clean,u,0.29718240296099246,0.395516790495018,0.5270259307088309,0.3904977685305574,0.3083237237295406,0.44028949095790565,0.1687548591684962
IPVS_EHC_1390377d,0,M,1.0,68.0,,,,IPVS vowels,phone,u,0.14410354179022986,0.25843825344965554,0.2700369709182679,0.333733993359436,0.25501985349690454,0.4644902026788244,0.16932406230751873
IPVS_EHC_9a2a24e8,0,F,0.0,69.0,,,,IPVS vowels,clean,a,0.22861530576618733,0.2405238462650906,0.22564406691877517,0.42802730757253576,0.16762380699342355,,
IPVS_EHC_9a2a24e8,0,F,0.0,69.0,,,,IPVS vowels,phone,a,0.2568435973389173,0.2792920610508893,0.2840822829435953,0.42535202477769607,0.22115339068323425,,
IPVS_EHC_9a2a24e8,0,F,0.0,69.0,,,,IPVS vowels,clean,a,0.16067787267170505,0.18404736593686574,0.14406570033679642,0.2331724794230139,0.16750706428430862,0.9049117197151935,0.2711486872108537
IPVS_EHC_9a2a24e8,0,F,0.0,69.0,,,,IPVS vowels,phone,a,0.1334391946402689,0.18061528658171358,0.1390133024895123,0.1512210884606698,0.09974807788639331,0.924273263369852,0.27316038416054234
IPVS_EHC_9a2a24e8,0,F,0.0,69.0,,,,IPVS vowels,clean,e,0.39498517436901315,0.4249613320085597,0.33225796796958,0.4285801512611068,0.2001219203402359,0.5644880237523697,0.48867958508200804
IPVS_EHC_9a2a24e8,0,F,0.0,69.0,,,,IPVS vowels,phone,e,0.3069123310717254,0.46120516719449384,0.3823690947133986,0.4226410319633141,0.16491766056310467,0.6139514404354109,0.49090463115057936
IPVS_EHC_9a2a24e8,0,F,0.0,69.0,,,,IPVS vowels,clean,e,0.15990635568275183,0.3380479067136121,0.15111008182863875,0.28252926936299405,0.11966674035682823,0.5296315436507237,0.23048807617183087
IPVS_EHC_9a2a24e8,0,F,0.0,69.0,,,,IPVS vowels,phone,e,0.1736381793973309,0.23051632333877942,0.12324114946125156,0.3341415936731388,0.09312613661205177,0.5574110802295519,0.2311956704122764
IPVS_EHC_9a2a24e8,0,F,0.0,69.0,,,,IPVS vowels,clean,i,0.25055134807629204,0.4289090530760824,0.34612754375119886,0.3525603226007117,0.37067217274976366,0.7194165033817247,0.31020318481402853
IPVS_EHC_9a2a24e8,0,F,0.0,69.0,,,,IPVS vowels,phone,i,0.2091527098594122,0.3712401336585867,0.38394881336828546,0.3492048984017376,0.23074643411213352,0.7789204594920706,1.8257143877664639
IPVS_EHC_9a2a24e8,0,F,0.0,69.0,,,,IPVS vowels,clean,i,0.3995523655720963,0.5331572180306005,0.4969849323836205,0.444675224014323,0.2593210207375113,0.3746173086959252,0.2524483349097162
IPVS_EHC_9a2a24e8,0,F,0.0,69.0,,,,IPVS vowels,phone,i,0.4434188799084164,0.5655180106417173,0.5727462209255556,0.4743051731848639,0.2365543407597579,0.39346164307230563,0.26301512678339467
IPVS_EHC_9a2a24e8,0,F,0.0,69.0,,,,IPVS vowels,clean,o,0.3472273736050435,0.2529439540326181,0.2693455623358331,0.4070060492233993,0.4252812377204923,0.30072903041914295,0.3687603462919853
IPVS_EHC_9a2a24e8,0,F,0.0,69.0,,,,IPVS vowels,phone,o,0.2184778988380895,0.15039496468206082,0.18739332402728195,0.36725123886110594,0.3961854740164094,0.3165749662108079,0.36462003510695506
IPVS_EHC_9a2a24e8,0,F,0.0,69.0,,,,IPVS vowels,clean,o,0.10313471190908446,0.1174474536881506,0.5021860367279082,0.49143834295183025,0.06763803190847187,0.402280878488854,0.24553524422170625
IPVS_EHC_9a2a24e8,0,F,0.0,69.0,,,,IPVS vowels,phone,o,0.07526952791342086,0.14580195726150239,0.3452955085056029,0.4742282419246752,0.07453575749859236,0.4233050785079708,0.24569538142773517
IPVS_EHC_9a2a24e8,0,F,0.0,69.0,,,,IPVS vowels,clean,u,0.40925934164724354,0.3492077299771488,0.3771072472909811,0.41808354949927484,0.3345326403226607,0.6571914522609942,0.35972167723452575
IPVS_EHC_9a2a24e8,0,F,0.0,69.0,,,,IPVS vowels,phone,u,0.4144142500494496,0.2640515862934596,0.2630876839410311,0.26766537663913587,0.40809916051040146,0.9166460480445552,0.3344738597881536
IPVS_EHC_9a2a24e8,0,F,0.0,69.0,,,,IPVS vowels,clean,u,0.30326682944604594,0.5934721938374807,0.3132050093726823,0.45712058123963983,0.3305329191475433,0.46606442848211477,0.17819386770603352
IPVS_EHC_9a2a24e8,0,F,0.0,69.0,,,,IPVS vowels,phone,u,0.2176845670627135,0.34319477641024065,0.3365383464833909,0.5604962721120048,0.2239092423856317,0.5668098867826101,0.18253021530312274
IPVS_EHC_7ffb735c,0,F,0.0,63.0,,,,IPVS vowels,clean,a,0.39641741529052615,0.5252947059039679,0.2363298342290917,0.18668899220827326,0.35087877622833075,0.4323018001273039,0.4145728978979468
IPVS_EHC_7ffb735c,0,F,0.0,63.0,,,,IPVS vowels,phone,a,0.12167615804732473,0.21805401408590155,0.2350426173477142,0.20412041575108938,0.3083010609384999,0.49206136363130887,0.406071746155634
IPVS_EHC_7ffb735c,0,F,0.0,63.0,,,,IPVS vowels,clean,a,0.5412692955446058,0.75719196556428,0.43390427971575307,0.2720094353984241,0.4380164736639142,0.8316069221218284,0.42358842331158275
IPVS_EHC_7ffb735c,0,F,0.0,63.0,,,,IPVS vowels,phone,a,0.5323028817825232,0.6869370863390996,0.3459026616755177,0.314993827564519,0.47939696835875734,0.9515333081177186,0.41378495745518773
IPVS_EHC_7ffb735c,0,F,0.0,63.0,,,,IPVS vowels,clean,e,0.2683418497538585,0.3155694411573427,0.5116300272303831,0.4924199334518814,0.30803747426945205,0.42860113092277347,0.4952576910914219
IPVS_EHC_7ffb735c,0,F,0.0,63.0,,,,IPVS vowels,phone,e,0.3771483029078494,0.43456925079914016,0.41984605682041115,0.44062357470727864,0.2746837404261502,0.3399391594461096,0.4621080966822566
IPVS_EHC_7ffb735c,0,F,0.0,63.0,,,,IPVS vowels,clean,e,0.4018557847107742,0.7356161557130954,0.48023400581075104,0.6400853713584554,0.44144519073835187,0.9742280149308709,0.8443320309827751
IPVS_EHC_7ffb735c,0,F,0.0,63.0,,,,IPVS vowels,phone,e,0.46837854686782027,0.780784553182334,0.29581735793896125,0.3276101352700251,0.2748845235897157,1.1565540202739484,0.8422783717972893
IPVS_EHC_7ffb735c,0,F,0.0,63.0,,,,IPVS vowels,clean,i,0.5662201911137672,0.5915984284919985,0.6270200323531371,0.7722720966483262,0.6617421079981396,0.9767717808060371,2.111498742682305
IPVS_EHC_7ffb735c,0,F,0.0,63.0,,,,IPVS vowels,phone,i,0.697973136290847,0.7169483320263481,0.6190495894347235,0.6954853271092738,0.5972201662739838,1.0782587020300176,2.13780248294837
IPVS_EHC_7ffb735c,0,F,0.0,63.0,,,,IPVS vowels,clean,i,0.683180455708536,0.7363279029244328,0.5328695669737189,0.6437517595177954,0.6896825010460838,1.5804888063260596,1.5366772203987633
IPVS_EHC_7ffb735c,0,F,0.0,63.0,,,,IPVS vowels,phone,i,0.6993232338047155,0.6301452293646425,0.5241706893586155,0.7083423143112229,0.49706403801181387,1.756085050086044,1.561429928777236
IPVS_EHC_7ffb735c,0,F,0.0,63.0,,,,IPVS vowels,clean,o,0.6011008459336233,0.7265558150390219,0.7628013746642595,0.5929695732385102,0.6487955223446435,0.9745958770468146,1.2849485747078893
IPVS_EHC_7ffb735c,0,F,0.0,63.0,,,,IPVS vowels,phone,o,0.7096955936289723,0.7464937294969314,0.5632311392245511,0.6897207522265953,0.7190616623020871,1.1632244183306812,1.2875159055317553
IPVS_EHC_7ffb735c,0,F,0.0,63.0,,,,IPVS vowels,clean,o,0.6176536725702957,0.7849105869358604,0.6552068294324686,0.4096753292868525,0.49109168754206206,0.6185398182901752,1.1950966527433993
IPVS_EHC_7ffb735c,0,F,0.0,63.0,,,,IPVS vowels,phone,o,0.6675882499007436,0.7787182529270619,0.7247985982148358,0.4661699625365389,0.5127693779934576,0.747406791745672,1.1920256624266434
IPVS_EHC_7ffb735c,0,F,0.0,63.0,,,,IPVS vowels,clean,u,0.7207767640664675,0.6303690510270216,0.7104646242950372,0.5188305869823747,0.6938318911129959,1.7149826897776228,2.25030896447469
IPVS_EHC_7ffb735c,0,F,0.0,63.0,,,,IPVS vowels,phone,u,0.7139153277004423,0.6776968076931156,0.7095392871157185,0.5193310518587332,0.7134713024507332,1.9011213139528262,2.2609858604741406
IPVS_EHC_7ffb735c,0,F,0.0,63.0,,,,IPVS vowels,clean,u,0.5786258313913798,0.5216461593140662,0.628531626933958,0.5502386023387308,0.7260277635004766,1.5163382773361977,2.541824449181962
IPVS_EHC_7ffb735c,0,F,0.0,63.0,,,,IPVS vowels,phone,u,0.5393919312325692,0.5485085023023482,0.6983919760588236,0.6331997391865859,0.543218368318942,1.7073171538035594,2.5438437387168777
IPVS_EHC_832281bf,0,M,1.0,70.0,,,,IPVS vowels,clean,a,0.052917512437377155,0.07751333484051967,0.04262321572469357,0.14944116380017805,0.1644306803315843,0.9218317841528194,0.43042533620112344
IPVS_EHC_832281bf,0,M,1.0,70.0,,,,IPVS vowels,phone,a,0.03822415468712159,0.0909363434531294,0.05402843565236985,0.14967835543465102,0.10969505955481632,1.2072759095148449,0.40653843246296617
IPVS_EHC_832281bf,0,M,1.0,70.0,,,,IPVS vowels,clean,a,0.060750172966016334,0.10233722475736137,0.18649438898071452,0.24309899960951364,0.1015668006486158,1.0569995250871613,4.553769692741194
IPVS_EHC_832281bf,0,M,1.0,70.0,,,,IPVS vowels,phone,a,0.06989267937500887,0.13093924246093333,0.18718572777334663,0.18932718560921316,0.12811079505903078,1.1959241421047024,4.553311117244596
IPVS_EHC_832281bf,0,M,1.0,70.0,,,,IPVS vowels,clean,e,0.3360576430705751,0.22791638156117353,0.21187934264065184,0.3296430387279008,0.27246647259399664,0.599562047610665,0.6355341044343765
IPVS_EHC_832281bf,0,M,1.0,70.0,,,,IPVS vowels,phone,e,0.3608446964871768,0.2669955894174262,0.22579155987004412,0.30020500481083695,0.17303900914081224,0.6342856728092624,0.633444304730757
IPVS_EHC_832281bf,0,M,1.0,70.0,,,,IPVS vowels,clean,e,0.17487593158981055,0.3273624746291101,0.36800636963076794,0.5690626287939653,0.1334840254185541,0.43779693217605486,0.4278358014623951
IPVS_EHC_832281bf,0,M,1.0,70.0,,,,IPVS vowels,phone,e,0.15420270841186004,0.35061201410807413,0.3788953657879183,0.3604838085537398,0.140745735333455,0.46002175348988894,0.42697841801144776
IPVS_EHC_832281bf,0,M,1.0,70.0,,,,IPVS vowels,clean,i,0.25442804007677283,0.5041905956728162,0.37510276815645094,0.3821104055230445,0.22216270081172712,1.996855628111582,1.2115966930413835
IPVS_EHC_832281bf,0,M,1.0,70.0,,,,IPVS vowels,phone,i,0.2501551424877013,0.38395591019210695,0.23840619800351825,0.2181300190659543,0.21288182640486208,2.138506365884979,1.258491466908107
IPVS_EHC_832281bf,0,M,1.0,70.0,,,,IPVS vowels,clean,i,0.40702034311625557,0.5325682597299131,0.4936762368957178,0.4021049277519341,0.21437207900929017,0.7202825550858457,0.8178796474181738
IPVS_EHC_832281bf,0,M,1.0,70.0,,,,IPVS vowels,phone,i,0.43401510484978795,0.6238915665945004,0.5271063212453602,0.4544573660185466,0.3026069746627012,0.9442550736693495,0.8218206151522356
IPVS_EHC_832281bf,0,M,1.0,70.0,,,,IPVS vowels,clean,o,0.2448539453017665,0.22203320375699848,0.2782960531166728,0.24479211610197063,0.31552485675895336,0.7356751474678563,0.5112048059342955
IPVS_EHC_832281bf,0,M,1.0,70.0,,,,IPVS vowels,phone,o,0.2017114364825145,0.15127749737663715,0.347464111123514,0.36394175923535754,0.21058605069928998,0.7618547640493123,0.5499727434019608
IPVS_EHC_832281bf,0,M,1.0,70.0,,,,IPVS vowels,clean,o,0.243975371910794,0.20702178921895317,0.23309163981008868,0.31750199460494294,0.4489614512602128,0.29915621620080174,0.361393964859813
IPVS_EHC_832281bf,0,M,1.0,70.0,,,,IPVS vowels,phone,o,0.3331054874948935,0.22416030175174786,0.30818357860100276,0.41266291244862885,0.32065931790390806,0.30878638969891414,0.36187236315390336
IPVS_EHC_832281bf,0,M,1.0,70.0,,,,IPVS vowels,clean,u,0.24505500548347933,0.19577005197798525,0.135467767688007,0.14867461015573344,0.24092083307173626,0.4672296899299769,0.750197077445125
IPVS_EHC_832281bf,0,M,1.0,70.0,,,,IPVS vowels,phone,u,0.16830687069688752,0.2487625241699058,0.14585575666670714,0.1581018080192905,0.1998965753317344,0.513849172057975,0.7504295534542571
IPVS_EHC_832281bf,0,M,1.0,70.0,,,,IPVS vowels,clean,u,0.5651243633383713,0.5953819355265788,0.308960980368147,0.4542841302078231,0.47850561806394926,0.28946136354581026,0.3775585892918487
IPVS_EHC_832281bf,0,M,1.0,70.0,,,,IPVS vowels,phone,u,0.5497499949028211,0.5123946399123538,0.18492677848898284,0.2876631094767401,0.395719750171567,0.3108460542340973,0.3771412091843507
IPVS_EHC_71d347fe,0,M,1.0,62.0,,,,IPVS vowels,clean,a,0.26819977758899655,0.19641529753830128,0.24471426862475368,0.31173920504310576,0.1345565751544569,0.550892963678924,0.4596563082970073
IPVS_EHC_71d347fe,0,M,1.0,62.0,,,,IPVS vowels,phone,a,0.28838532679903955,0.18479186466326358,0.2265228060949268,0.28029412277491966,0.1765137796735819,0.5959926578179681,0.46001120714886934
IPVS_EHC_71d347fe,0,M,1.0,62.0,,,,IPVS vowels,clean,a,0.17259232862486334,0.33303917638549385,0.3730455067065293,0.45434482894528916,0.16656765206938706,0.40018332354881025,0.40485955201863266
IPVS_EHC_71d347fe,0,M,1.0,62.0,,,,IPVS vowels,phone,a,0.16274023699200096,0.216767202067615,0.3821605636668306,0.48417799089992736,0.11630959721949564,0.4403539895441426,0.4029134135659307
IPVS_EHC_71d347fe,0,M,1.0,62.0,,,,IPVS vowels,clean,e,0.2765843825557779,0.19047056723393363,0.2586608994868159,0.41391763798563697,0.2646667647073553,0.5600111734073594,0.38620738915322583
IPVS_EHC_71d347fe,0,M,1.0,62.0,,,,IPVS vowels,phone,e,0.26788622555514263,0.20154205007866463,0.2136949764323322,0.38699239471848873,0.3041692321937209,0.6032882874207613,0.38683987544489984
IPVS_EHC_71d347fe,0,M,1.0,62.0,,,,IPVS vowels,clean,e,0.26576230539723666,0.42004891496331337,0.32799853908460197,0.34540806778426614,0.2537606022405794,0.4267097016661983,0.2807163241494992
IPVS_EHC_71d347fe,0,M,1.0,62.0,,,,IPVS vowels,phone,e,0.24384660541578917,0.3540561638553828,0.29020653269409774,0.4154778454309029,0.12848638334021478,0.47918608152492903,0.28160989702079586
IPVS_EHC_71d347fe,0,M,1.0,62.0,,,,IPVS vowels,clean,i,0.25648643618410766,0.3166204090031328,0.2813383286362256,0.3002419192035136,0.35624926003610613,0.3253720409197752,0.25346060555688776
IPVS_EHC_71d347fe,0,M,1.0,62.0,,,,IPVS vowels,phone,i,0.2540397081015955,0.41218658771085437,0.4023094054415875,0.30094664189984954,0.30027639274827767,0.5171896972815091,0.25445857979162767
IPVS_EHC_71d347fe,0,M,1.0,62.0,,,,IPVS vowels,clean,i,0.34732503940967796,0.41881764046877945,0.3521391059392978,0.5286252054505495,0.2662332059085993,0.4450227074812532,0.47573835946070897
IPVS_EHC_71d347fe,0,M,1.0,62.0,,,,IPVS vowels,phone,i,0.47932513860268616,0.5160492278932534,0.494399284607116,0.5880727863756994,0.33412997211111123,0.5269975387825941,0.4745975135294733
IPVS_EHC_71d347fe,0,M,1.0,62.0,,,,IPVS vowels,clean,o,0.15075119686558172,0.16110820261267128,0.09417765173908536,0.24907545154918664,0.1941416404422358,0.5747907518602992,0.5348569379779455
IPVS_EHC_71d347fe,0,M,1.0,62.0,,,,IPVS vowels,phone,o,0.09262996377355598,0.11771173962291213,0.1355893292188688,0.38944979554212755,0.17821104020945017,0.6125211155707484,2.064843027587604
IPVS_EHC_71d347fe,0,M,1.0,62.0,,,,IPVS vowels,clean,o,0.3048518139061328,0.27721176755134314,0.33247577218319235,0.4415145803634566,0.317182125228068,0.2965573444258457,0.32283329463911326
IPVS_EHC_71d347fe,0,M,1.0,62.0,,,,IPVS vowels,phone,o,0.302805231535071,0.11653349037774023,0.13454082178673155,0.2544365075158882,0.3726093137690545,0.3461525827069964,0.3144716145099258
IPVS_EHC_71d347fe,0,M,1.0,62.0,,,,IPVS vowels,clean,u,0.25280644972478694,0.35216927889435373,0.27031295718569076,0.3800064542647315,0.18303333976671726,0.27948289525944986,0.30015181315996564
IPVS_EHC_71d347fe,0,M,1.0,62.0,,,,IPVS vowels,phone,u,0.2218286645226758,0.19758488869773783,0.2508221413633315,0.40687800268570545,0.16159167772334096,0.3716946898353773,0.32504196731886204
IPVS_EHC_71d347fe,0,M,1.0,62.0,,,,IPVS vowels,clean,u,0.30460949151970557,0.21415231528104106,0.2885668783520379,0.4031360086454993,0.2836077615697309,0.3867632878651569,0.34076133887590565
IPVS_EHC_71d347fe,0,M,1.0,62.0,,,,IPVS vowels,phone,u,0.3385347746570743,0.16311684653388964,0.21496962310080625,0.33290365033382635,0.4676859970817397,0.48611178347111195,0.34110549864445616
IPVS_EHC_71d347fe,0,M,1.0,62.0,,,,IPVS vowels,clean,a,0.3089961477679292,0.2988039128082236,0.31846173501572217,0.3677139366470745,0.24414222114648193,0.9829853456154062,1.2579919202819756
IPVS_EHC_71d347fe,0,M,1.0,62.0,,,,IPVS vowels,phone,a,0.3629555017599852,0.3807330234026534,0.34316991181589607,0.3758018943447861,0.2800509599902378,1.0319424345538426,1.2548409113583459
IPVS_EHC_71d347fe,0,M,1.0,62.0,,,,IPVS vowels,clean,a,0.2160085391828271,0.23092075887141306,0.4761299700624705,0.45380331776397653,0.30754632556543327,0.7791132029408915,0.6735652130173575
IPVS_EHC_71d347fe,0,M,1.0,62.0,,,,IPVS vowels,phone,a,0.13445331927907653,0.15671489252482887,0.3904606407138407,0.4780020765837177,0.25481224701678495,0.7950151057596824,0.6753223441444467
IPVS_EHC_71d347fe,0,M,1.0,62.0,,,,IPVS vowels,clean,e,0.3912139230065801,0.4224822441470595,0.4729172109501613,0.5727738635379243,0.3754668780746965,0.9096646301504953,0.8547607625255749
IPVS_EHC_71d347fe,0,M,1.0,62.0,,,,IPVS vowels,phone,e,0.29893918522722124,0.4115441028534383,0.4354156498651576,0.5334208093335285,0.2401256627258573,0.9955682670839391,0.8547181962277994
IPVS_EHC_71d347fe,0,M,1.0,62.0,,,,IPVS vowels,clean,e,0.39416364686185434,0.5662442423687558,0.29049220284504,0.38603915674111944,0.23576383531178338,0.8930413382567529,0.6338353531424534
IPVS_EHC_71d347fe,0,M,1.0,62.0,,,,IPVS vowels,phone,e,0.39309414525156533,0.5861413578035087,0.5248861581829651,0.616607663252603,0.21483724544061394,0.9392695310212189,0.6167954293696543
IPVS_EHC_71d347fe,0,M,1.0,62.0,,,,IPVS vowels,clean,i,0.385081489473709,0.5050593156701801,0.4448028405523963,0.49529475501313536,0.3680724378022471,0.5915380594078344,0.5218323001729974
IPVS_EHC_71d347fe,0,M,1.0,62.0,,,,IPVS vowels,phone,i,0.3932836948736606,0.4432737282096786,0.39940722509686266,0.44720344760344893,0.37407439269654097,0.6972381420066426,0.5105807173115817
IPVS_EHC_71d347fe,0,M,1.0,62.0,,,,IPVS vowels,clean,i,0.511590478860912,0.4763655479922964,0.6501697508952031,0.8001951028396492,0.5245997596217037,0.7313093805056655,0.5739155007841834
IPVS_EHC_71d347fe,0,M,1.0,62.0,,,,IPVS vowels,phone,i,0.24055444510095705,0.5132595820646578,0.15215334363556343,0.5172475016899012,0.5291686763391635,0.9422320407706181,0.5490958670901769
IPVS_EHC_71d347fe,0,M,1.0,62.0,,,,IPVS vowels,clean,o,0.36192689654890425,0.30638631661737503,0.3491323700264718,0.3895779778042958,0.5139889382381088,0.5501625069625838,0.8477071017329196
IPVS_EHC_71d347fe,0,M,1.0,62.0,,,,IPVS vowels,phone,o,0.30753176613393746,0.2661009280945993,0.3614243602119087,0.38939974062385463,0.44999231103204196,0.5539746060031447,0.8434626545392954
IPVS_EHC_71d347fe,0,M,1.0,62.0,,,,IPVS vowels,clean,o,0.3549999037455783,0.26104541434335893,0.4133340566550705,0.44721427105060835,0.5194476453612871,0.9152869401792407,0.328222594256955
IPVS_EHC_71d347fe,0,M,1.0,62.0,,,,IPVS vowels,phone,o,0.4036505891088914,0.33515065611096956,0.31439803548902745,0.33993992347813246,0.469338868091505,0.9163980649208486,0.3280002859004316
IPVS_EHC_71d347fe,0,M,1.0,62.0,,,,IPVS vowels,clean,u,0.3821813002664758,0.28907985978243955,0.3294256146676917,0.48053510609416855,0.4417063252150046,1.499855108554116,0.638361821211908
IPVS_EHC_71d347fe,0,M,1.0,62.0,,,,IPVS vowels,phone,u,0.39040834770035143,0.2723291693473588,0.2672652915370644,0.4856791867949107,0.44243564107840266,1.597883950666927,0.6356150395661064
IPVS_EHC_71d347fe,0,M,1.0,62.0,,,,IPVS vowels,clean,u,0.36197384526298576,0.27449334918490786,0.3136964017036967,0.4207871020416668,0.5146138491990256,1.8812721469471068,0.3223854441182894
IPVS_EHC_71d347fe,0,M,1.0,62.0,,,,IPVS vowels,phone,u,0.16245979073290703,0.1953829711603366,0.23359344823258354,0.4275209309229397,0.2017960831273695,2.285638334889999,0.3045160309476769
IPVS_PD_25bcde8e,1,M,1.0,49.0,,,,IPVS vowels,clean,a,0.5038291779734199,0.4408229241580532,0.5562246166254572,0.49411715887699775,0.27614572126312403,0.28108948819771234,0.2518618236910575
IPVS_PD_25bcde8e,1,M,1.0,49.0,,,,IPVS vowels,phone,a,0.42151308988105524,0.32935962517182205,0.48616335207488065,0.48529530643857954,0.21554174979134583,0.37187243062772934,0.25312749921420075
IPVS_PD_25bcde8e,1,M,1.0,49.0,,,,IPVS vowels,clean,a,0.30889329191238635,0.24977180887415815,0.3954204642467334,0.47532381441657845,0.20817491123936108,0.2569107939909879,0.22853404458209603
IPVS_PD_25bcde8e,1,M,1.0,49.0,,,,IPVS vowels,phone,a,0.29329748221768054,0.2108031028114545,0.25210541966297495,0.43272111277879544,0.25465524592808814,0.34348016865317943,0.23190906565679903
IPVS_PD_25bcde8e,1,M,1.0,49.0,,,,IPVS vowels,clean,e,0.39386254077890037,0.3943828520844408,0.3161042225933285,0.3058711468180692,0.2682308735195544,0.2835940914994084,0.30620527613125503
IPVS_PD_25bcde8e,1,M,1.0,49.0,,,,IPVS vowels,phone,e,0.44374556385463626,0.37159358348189875,0.3348616134956117,0.33188762695686574,0.31626758529837345,0.40083894876908643,0.3079866821997346
IPVS_PD_25bcde8e,1,M,1.0,49.0,,,,IPVS vowels,clean,e,0.231921519576147,0.3465414590327724,0.21221029040828943,0.20696808073595438,0.2095794426822664,0.2548473412434568,0.2524597090905578
IPVS_PD_25bcde8e,1,M,1.0,49.0,,,,IPVS vowels,phone,e,0.2519037737799239,0.32477648901882666,0.18569535463613104,0.22058826685612104,0.19895538976985466,0.3347940745776329,0.24874946459798597
IPVS_PD_25bcde8e,1,M,1.0,49.0,,,,IPVS vowels,clean,i,0.510202678655282,0.3715169740979707,0.47269668117098046,0.4794078595832038,0.40911351205221796,0.12131111275942379,0.23656474490674206
IPVS_PD_25bcde8e,1,M,1.0,49.0,,,,IPVS vowels,phone,i,0.39921646080193623,0.3715343200278728,0.3997174793377714,0.371251094186467,0.34718966620588737,0.14719844700854676,0.23651695178419363
IPVS_PD_25bcde8e,1,M,1.0,49.0,,,,IPVS vowels,clean,i,0.2430113152993371,0.2499278969292576,0.26214043199947235,0.2855861503352482,0.2249223790579588,0.10365264722115874,0.23326952305213755
IPVS_PD_25bcde8e,1,M,1.0,49.0,,,,IPVS vowels,phone,i,0.23691508895640093,0.3080495463930156,0.28574408103530213,0.3132492935718338,0.2566698094945468,0.12373069638064274,0.23349151642286792
IPVS_PD_25bcde8e,1,M,1.0,49.0,,,,IPVS vowels,clean,o,0.443327447998638,0.4780080943435837,0.41034676647061885,0.5105120215187346,0.2746489010535597,0.36984204880394905,0.2571706828798703
IPVS_PD_25bcde8e,1,M,1.0,49.0,,,,IPVS vowels,phone,o,0.5888749509587624,0.5112188094327503,0.5989950046239829,0.510360095963588,0.33520184527582453,0.45039337884308017,0.2569823480240041
IPVS_PD_25bcde8e,1,M,1.0,49.0,,,,IPVS vowels,clean,o,0.6426778647935629,0.5555648757351445,0.4442212244995997,0.5499519500126311,0.4786704163197791,0.3025367681530433,0.29846473095813675
IPVS_PD_25bcde8e,1,M,1.0,49.0,,,,IPVS vowels,phone,o,0.6334746595733521,0.39382874238282445,0.6081844679705668,0.5318824715751527,0.3592022984923938,0.3351235901367358,0.29860874077760613
IPVS_PD_25bcde8e,1,M,1.0,49.0,,,,IPVS vowels,clean,u,0.5544386070406343,0.36824883935776,0.27179687443540246,0.3550738592284563,0.5223708013361626,0.11264052494783776,0.27127906104083
IPVS_PD_25bcde8e,1,M,1.0,49.0,,,,IPVS vowels,phone,u,0.5450234440298086,0.41952960028893915,0.47228278400070256,0.436783400497516,0.42136650727676966,0.14719490828218793,0.2736648920579565
IPVS_PD_25bcde8e,1,M,1.0,49.0,,,,IPVS vowels,clean,u,0.32073927594949614,0.3936546165555035,0.1978403540696026,0.2607638759498023,0.2506510293084915,0.19400572228889504,0.25274755075692656
IPVS_PD_25bcde8e,1,M,1.0,49.0,,,,IPVS vowels,phone,u,0.25901937655394924,0.30912984371317365,0.18462973452482487,0.24054318383021348,0.1762968814179999,0.23259297000949633,0.25313575364882546
IPVS_PD_215587d2,1,F,0.0,62.0,,,,IPVS vowels,clean,a,0.24321464374137974,0.43474933959554535,0.296607416912943,0.2234334032081985,0.17859224706198976,3.837885271977887,1.8323284565405773
IPVS_PD_215587d2,1,F,0.0,62.0,,,,IPVS vowels,phone,a,0.2346340021543982,0.41654774475682693,0.2994823773587586,0.22535688643054963,0.1806101929361628,3.8964859867514368,1.2494528606512567
IPVS_PD_215587d2,1,F,0.0,62.0,,,,IPVS vowels,clean,a,0.2766033194885692,0.316419646607567,0.436722928984558,0.5065156674496114,0.35023879397386826,3.9348989375630037,2.526825227814955
IPVS_PD_215587d2,1,F,0.0,62.0,,,,IPVS vowels,phone,a,0.27374927166641755,0.29681233577562266,0.38808598754335916,0.480221948653111,0.34161052760157434,3.954116876106335,2.5560988517592698
IPVS_PD_215587d2,1,F,0.0,62.0,,,,IPVS vowels,clean,e,0.20932979091248397,0.3769574801603985,0.41109872177444134,0.4089540272214462,0.24237678635949567,3.983713060949837,0.6947556551640588
IPVS_PD_215587d2,1,F,0.0,62.0,,,,IPVS vowels,phone,e,0.2111211766897882,0.3824525648819172,0.4623557943299422,0.4976547822997519,0.24699608804731688,4.076153734839552,0.39228319993547256
IPVS_PD_215587d2,1,F,0.0,62.0,,,,IPVS vowels,clean,e,0.22086723141193765,0.29748515759543925,0.3098913257413086,0.4017867584269385,0.2170370776488896,3.535899148669532,1.275046757166698
IPVS_PD_215587d2,1,F,0.0,62.0,,,,IPVS vowels,phone,e,0.2935844552310403,0.34298933718272884,0.2913502936909809,0.3595905442795505,0.23967862511372443,3.842652828787767,1.2943409173456377
IPVS_PD_215587d2,1,F,0.0,62.0,,,,IPVS vowels,clean,i,0.33557696845123647,0.2839302807011949,0.2331415133413336,0.36565710884384434,0.44862191586811906,1.5567432173242965,1.844294633603738
IPVS_PD_215587d2,1,F,0.0,62.0,,,,IPVS vowels,phone,i,0.3592106048859608,0.3378322594344633,0.2376339334397823,0.3904274502163394,0.4121582405833067,1.6723511384223904,1.863353682608393
IPVS_PD_215587d2,1,F,0.0,62.0,,,,IPVS vowels,clean,i,0.29055741405566726,0.3044522671013831,0.15462279008209695,0.2970040789018461,0.27694089779882003,1.2463254115105267,7.357027515841619
IPVS_PD_215587d2,1,F,0.0,62.0,,,,IPVS vowels,phone,i,0.20764330494597255,0.2634967464909979,0.2011273853747388,0.3061114342655045,0.2346676546793547,1.6633310683455533,3.215174325988168
IPVS_PD_215587d2,1,F,0.0,62.0,,,,IPVS vowels,clean,o,0.1373645002530722,0.2704250414856218,0.26371602319613596,0.23455319929765553,0.1450705300104626,2.995068169360921,0.7839261398234765
IPVS_PD_215587d2,1,F,0.0,62.0,,,,IPVS vowels,phone,o,0.1672653072731347,0.26439561591386707,0.29726561694270043,0.2728240125191857,0.20148771266014567,3.1056194838243942,0.7945845919251182
IPVS_PD_215587d2,1,F,0.0,62.0,,,,IPVS vowels,clean,o,0.17473533372724653,0.2921487825275643,0.24714336087215483,0.2819166843927543,0.19546532255357593,2.239014936484658,1.7624495781828342
IPVS_PD_215587d2,1,F,0.0,62.0,,,,IPVS vowels,phone,o,0.16843010701589567,0.28614912179069346,0.25777689526702674,0.3388033621040262,0.19374290788416546,2.2716178809993446,1.7156952424576044
IPVS_PD_215587d2,1,F,0.0,62.0,,,,IPVS vowels,clean,u,0.062498664462159056,0.1028778967694694,0.06396705794269848,0.1550468952203427,0.14225555857810118,0.08725701006261616,0.22539082099684027
IPVS_PD_215587d2,1,F,0.0,62.0,,,,IPVS vowels,phone,u,0.09268495248126939,0.16246610837349462,0.12136512898608902,0.17748757570084622,0.1232416132827173,0.14566240582485643,0.22542740973601205
IPVS_PD_215587d2,1,F,0.0,62.0,,,,IPVS vowels,clean,u,0.2007569475363937,0.2053742538347661,0.3320056396428198,0.5217083884117831,0.21833821743670537,0.13315641996663824,0.25614277684982145
IPVS_PD_215587d2,1,F,0.0,62.0,,,,IPVS vowels,phone,u,0.15844187851818103,0.1927086964950042,0.2781868607183216,0.5023483153626801,0.17313666602892752,0.21004155466388363,0.25810976908109406
IPVS_PD_e50b4a59,1,F,0.0,60.0,,,,IPVS vowels,clean,a,0.5997930360574812,0.501518345401968,0.31902832026295136,0.3708183948612041,0.3639015596812443,0.21819297582886918,0.21481903024564986
IPVS_PD_e50b4a59,1,F,0.0,60.0,,,,IPVS vowels,phone,a,0.5012169048301243,0.4152004349309924,0.3857609655911178,0.40846803665626624,0.26652421470658444,0.2272891999717694,0.21457478573623234
IPVS_PD_e50b4a59,1,F,0.0,60.0,,,,IPVS vowels,clean,a,0.20008607591920635,0.37197867878607577,0.5304231663672248,0.4737349060699655,0.18186177394502306,0.14257708910192873,0.23920181605647794
IPVS_PD_e50b4a59,1,F,0.0,60.0,,,,IPVS vowels,phone,a,0.1835273843321431,0.29941864488097397,0.35689533866472617,0.44834156433754363,0.14646531368673069,0.15128848534921627,0.23991213799525735
IPVS_PD_e50b4a59,1,F,0.0,60.0,,,,IPVS vowels,clean,e,0.2610882954837912,0.22168821441011627,0.30719301814758015,0.41688510869306117,0.26505760121160254,0.08302278138350899,0.13456148593480322
IPVS_PD_e50b4a59,1,F,0.0,60.0,,,,IPVS vowels,phone,e,0.2612225310320934,0.2989196955256945,0.4662000312521679,0.5284631206302133,0.24736226463052566,0.08933198957807663,0.13393840097242204
IPVS_PD_e50b4a59,1,F,0.0,60.0,,,,IPVS vowels,clean,e,0.35968862640780286,0.3435624750304943,0.42873674955657765,0.43422477642578566,0.2680657377963442,0.0754591312014636,0.1250060285720389
IPVS_PD_e50b4a59,1,F,0.0,60.0,,,,IPVS vowels,phone,e,0.35471421493406563,0.40483026455772764,0.42070315124465774,0.5152907241650476,0.26424603153448656,0.08103852626560033,0.12449615204570552
IPVS_PD_e50b4a59,1,F,0.0,60.0,,,,IPVS vowels,clean,i,0.2994921805881881,0.23631484219213045,0.27975614598124954,0.3672807402643195,0.2831172725598334,0.09215070220673771,0.16693684006094944
IPVS_PD_e50b4a59,1,F,0.0,60.0,,,,IPVS vowels,phone,i,0.33550960003878394,0.2317213594299919,0.3116803284368098,0.41587841822035215,0.3076436906316831,0.14308733818870442,0.16783386442880133
IPVS_PD_e50b4a59,1,F,0.0,60.0,,,,IPVS vowels,clean,i,0.3447631665103242,0.20393303351202607,0.30981918812728065,0.44160012241329377,0.33848105952416,0.10906311837301293,0.1817812641621508
IPVS_PD_e50b4a59,1,F,0.0,60.0,,,,IPVS vowels,phone,i,0.23152331878764132,0.187297703059884,0.23409939461185011,0.37834051977361727,0.34200015911196024,0.1966347924243261,0.1831868104951173
IPVS_PD_e50b4a59,1,F,0.0,60.0,,,,IPVS vowels,clean,o,0.5269967940286447,0.45270647151622867,0.3894575815461026,0.33957071240877323,0.4466982410301952,0.13121012771139545,0.2283984644569914
IPVS_PD_e50b4a59,1,F,0.0,60.0,,,,IPVS vowels,phone,o,0.37095759360361663,0.3768344425344266,0.4421398646136827,0.438568914021881,0.21234542367092876,0.13827238780982964,0.2286686076334199
IPVS_PD_e50b4a59,1,F,0.0,60.0,,,,IPVS vowels,clean,o,0.3141020665299707,0.34155127869339,0.44307436063386063,0.4781192335366648,0.22040461228555386,0.08902388330812354,0.16529342433551086
IPVS_PD_e50b4a59,1,F,0.0,60.0,,,,IPVS vowels,phone,o,0.3924504482647999,0.4004350154697709,0.39626451267300294,0.46461196788337633,0.30413282883555426,0.09117561840556104,0.16568248640926875
IPVS_PD_e50b4a59,1,F,0.0,60.0,,,,IPVS vowels,clean,u,0.199897832644165,0.21435675915416233,0.31891191282837417,0.3346366279111232,0.18299219501569672,0.15416337111082434,0.1877498200913541
IPVS_PD_e50b4a59,1,F,0.0,60.0,,,,IPVS vowels,phone,u,0.18642738501847228,0.2653059913864552,0.392238325483593,0.4233628320317881,0.10377288252786498,0.17070249536355078,0.1874632491746686
IPVS_PD_e50b4a59,1,F,0.0,60.0,,,,IPVS vowels,clean,u,0.22597846965443197,0.33794613497409964,0.3079255236744281,0.3560331682186148,0.2411085886565825,0.19534589849325437,0.2106876866439844
IPVS_PD_e50b4a59,1,F,0.0,60.0,,,,IPVS vowels,phone,u,0.16132449572829555,0.2507003616686679,0.3522327483264984,0.36655196051486877,0.225765036087446,0.21673023433050045,0.2000495904737276
IPVS_PD_55bc13c6,1,F,0.0,39.0,,,,IPVS vowels,clean,a,0.18511525821922098,0.28399819730903886,0.4451854002495835,0.5520333801258548,0.12977340874144178,0.7264285865329649,1.8866477660343328
IPVS_PD_55bc13c6,1,F,0.0,39.0,,,,IPVS vowels,phone,a,0.11828086132118988,0.220262720265894,0.39784972496331994,0.5142595793062535,0.09700348646718557,0.7848927572969192,1.6570215422724743
IPVS_PD_55bc13c6,1,F,0.0,39.0,,,,IPVS vowels,clean,a,0.09689008226824815,0.1637437725689047,0.24524515034556893,0.35691162657744724,0.10563325393259276,1.6012862659389995,2.3125774449606507
IPVS_PD_55bc13c6,1,F,0.0,39.0,,,,IPVS vowels,phone,a,0.09995150653955197,0.20840151352776803,0.16159031943299582,0.38782176681861563,0.09970895128310865,1.8014042978622713,2.3321164808558947
IPVS_PD_55bc13c6,1,F,0.0,39.0,,,,IPVS vowels,clean,e,0.37988566407761526,0.3786008374314902,0.36379959592108235,0.44828850475197674,0.2715205327125121,0.49336423472194224,0.5847712550038908
IPVS_PD_55bc13c6,1,F,0.0,39.0,,,,IPVS vowels,phone,e,0.2790889945839065,0.41683682523837057,0.45458742638170996,0.5228413011526631,0.2262148110156906,0.5578680123538334,0.5848317493570843
IPVS_PD_55bc13c6,1,F,0.0,39.0,,,,IPVS vowels,clean,e,0.3224672799398216,0.2084621040954704,0.4284889265394781,0.5851229626236789,0.23891478934243962,0.48657872362604865,0.5219471713732826
IPVS_PD_55bc13c6,1,F,0.0,39.0,,,,IPVS vowels,phone,e,0.3139888834681403,0.26001259918672165,0.25756091523383995,0.47834549757824774,0.21489597183770104,0.515602581539948,0.5208581488561626
IPVS_PD_55bc13c6,1,F,0.0,39.0,,,,IPVS vowels,clean,i,0.20591604005731526,0.1989478918213077,0.15669164839733501,0.2608337731009392,0.1883145922336923,0.2386335965648185,0.5320312679122585
IPVS_PD_55bc13c6,1,F,0.0,39.0,,,,IPVS vowels,phone,i,0.17395048209472358,0.35174600739308787,0.17030924659683508,0.34702008356535013,0.12983094246296176,0.32537670484060427,0.5388094554700018
IPVS_PD_55bc13c6,1,F,0.0,39.0,,,,IPVS vowels,clean,i,0.3304317273447505,0.4104296269035794,0.4182313969013627,0.39162215251344673,0.2967389294653431,0.36535895035023275,0.4252113065215779
IPVS_PD_55bc13c6,1,F,0.0,39.0,,,,IPVS vowels,phone,i,0.1919697537854298,0.2717804522193467,0.3350477292625316,0.3930815906524847,0.2198301274123085,0.5407491154240999,0.4249490044174742
IPVS_PD_55bc13c6,1,F,0.0,39.0,,,,IPVS vowels,clean,o,0.4487158447425874,0.22959749144248748,0.3652785194481945,0.53349842660372,0.3793215307953897,0.6674577036384814,0.5752208313843932
IPVS_PD_55bc13c6,1,F,0.0,39.0,,,,IPVS vowels,phone,o,0.3853331826786263,0.15838596700913385,0.37421758093771024,0.5965755380196311,0.2672628629300178,0.690048788499748,0.5776639893439572
IPVS_PD_55bc13c6,1,F,0.0,39.0,,,,IPVS vowels,clean,o,0.42980282782192664,0.3741438659632187,0.47410333048720865,0.4274500754561086,0.3350962281474802,0.3515756165667537,0.5446777722318163
IPVS_PD_55bc13c6,1,F,0.0,39.0,,,,IPVS vowels,phone,o,0.38413719925376405,0.3494850103028743,0.4512957870830277,0.542686928658756,0.36412690876696635,0.3607559756581241,0.544930652523079
IPVS_PD_55bc13c6,1,F,0.0,39.0,,,,IPVS vowels,clean,u,0.39305955738622833,0.34393418896819383,0.4377299551503263,0.5566298233055671,0.24899923323606954,0.4140439216698128,0.3119153903071492
IPVS_PD_55bc13c6,1,F,0.0,39.0,,,,IPVS vowels,phone,u,0.4337285764546054,0.3829083644315577,0.521010410317025,0.5737064470115758,0.23542916364326374,0.43382202707818546,0.3111515154399225
IPVS_PD_55bc13c6,1,F,0.0,39.0,,,,IPVS vowels,clean,u,0.27324218617063584,0.31552476286253767,0.5210776909857721,0.6550948018928732,0.2847040313229631,0.7407485075930466,0.4395133539315754
IPVS_PD_55bc13c6,1,F,0.0,39.0,,,,IPVS vowels,phone,u,0.1913002552597042,0.1779125475357682,0.40481522058110425,0.5490223453100795,0.3267982349123646,0.7825143988744283,0.4422274138227156
IPVS_PD_b85147c7,1,M,1.0,67.0,,,,IPVS vowels,clean,a,0.20987752278473396,0.3357590220380382,0.22277140612006777,0.28246142156763937,0.25688774014034316,0.8849259721645166,0.8633570804407631
IPVS_PD_b85147c7,1,M,1.0,67.0,,,,IPVS vowels,phone,a,0.29568326020520214,0.3629604918230133,0.1748992539825698,0.29880091492495664,0.31392077548809133,1.3892797832438992,0.861385840382467
IPVS_PD_b85147c7,1,M,1.0,67.0,,,,IPVS vowels,clean,a,0.42628772301076445,0.4245890239679745,0.25323929163731157,0.4499655265622005,0.3809507641470326,0.49383509231710765,1.098788478599988
IPVS_PD_b85147c7,1,M,1.0,67.0,,,,IPVS vowels,phone,a,0.28444077913515264,0.4804493585729018,0.36139957352446617,0.44339731873149374,0.218076596343462,0.5939984318669375,1.029265684935643
IPVS_PD_b85147c7,1,M,1.0,67.0,,,,IPVS vowels,clean,e,0.2885191417195523,0.3279856595954572,0.30957790626586495,0.3677682654565323,0.2904652537409988,0.4037659001925626,0.8264355035551008
IPVS_PD_b85147c7,1,M,1.0,67.0,,,,IPVS vowels,phone,e,0.264704948217178,0.37278079779128975,0.28123848214628494,0.3642249735383153,0.21629994026472563,0.7537485170471655,0.8601151522066308
IPVS_PD_b85147c7,1,M,1.0,67.0,,,,IPVS vowels,clean,e,0.4109930306839487,0.41257276518645924,0.4090015426485543,0.36376191115461187,0.3144971032730305,0.34838141169446385,0.7610870070080988
IPVS_PD_b85147c7,1,M,1.0,67.0,,,,IPVS vowels,phone,e,0.32697002114379414,0.39144492347068127,0.43630551319747574,0.3864782169549836,0.31951427352737644,0.5598717933362165,0.9582344609075255
IPVS_PD_b85147c7,1,M,1.0,67.0,,,,IPVS vowels,clean,i,0.5411317646343213,0.5408762296060683,0.5434966683490625,0.44396246229960634,0.36785753356706447,0.32621258069373404,0.8179138727011148
IPVS_PD_b85147c7,1,M,1.0,67.0,,,,IPVS vowels,phone,i,0.4784523133229845,0.5783783031707947,0.5849608141078833,0.5316418226828439,0.4312419931579459,0.6282621894597231,0.8365080790846191
IPVS_PD_b85147c7,1,M,1.0,67.0,,,,IPVS vowels,clean,i,0.44741347331981923,0.31904800621294416,0.42319703174831375,0.5004240528917102,0.38437674522698,0.2919668158080402,0.8450679380734405
IPVS_PD_b85147c7,1,M,1.0,67.0,,,,IPVS vowels,phone,i,0.2541878924576719,0.45752926212812617,0.5018363318594782,0.5489985823083279,0.23496123133478614,0.604270978467401,0.9006473201937482
IPVS_PD_b85147c7,1,M,1.0,67.0,,,,IPVS vowels,clean,o,0.2651900814811177,0.4255147058984967,0.31544944662794305,0.5060080276113665,0.20734093178883253,0.3630843336391226,1.15903985276673
IPVS_PD_b85147c7,1,M,1.0,67.0,,,,IPVS vowels,phone,o,0.48058082603888025,0.500175373342258,0.40481974563467304,0.5479193905508999,0.3733249136061822,0.6859571658226246,1.5456692059773625
IPVS_PD_b85147c7,1,M,1.0,67.0,,,,IPVS vowels,clean,o,0.2981482567369791,0.33032507639782804,0.4081264030322904,0.4870421022551232,0.22497015661227995,0.3819369633423763,0.8591822383109848
IPVS_PD_b85147c7,1,M,1.0,67.0,,,,IPVS vowels,phone,o,0.3343181245929466,0.2958100825371245,0.3874436557910205,0.4706417233175479,0.2655701422659349,0.7158448975936952,0.8596308330140578
IPVS_PD_b85147c7,1,M,1.0,67.0,,,,IPVS vowels,clean,u,0.47482537124411717,0.33458710750841036,0.3781877965366314,0.41563381781505354,0.3728942702700071,0.2057516872355578,0.893160648553315
IPVS_PD_b85147c7,1,M,1.0,67.0,,,,IPVS vowels,phone,u,0.4917137666151301,0.3341691130639821,0.39178266674030016,0.4015827831276729,0.4516404986604727,0.36458965208708405,0.8886750472492766
IPVS_PD_b85147c7,1,M,1.0,67.0,,,,IPVS vowels,clean,u,0.38631026086450776,0.5455526349278916,0.3532597903772837,0.5592437690442181,0.42208558122808837,0.30418547860297784,0.6043548190519665
IPVS_PD_b85147c7,1,M,1.0,67.0,,,,IPVS vowels,phone,u,0.41564797809226783,0.58960041027398,0.5758881467976599,0.6725583221398701,0.42150935654818933,0.5330631025482492,0.6019771263347184
IPVS_PD_a0fceda0,1,F,0.0,71.0,,,,IPVS vowels,clean,a,0.651372794345417,0.5202950811985392,0.5288316115727011,0.5957989081183797,0.5161108615464665,0.5576659380059694,0.7006527063520895
IPVS_PD_a0fceda0,1,F,0.0,71.0,,,,IPVS vowels,phone,a,0.6258678851219582,0.5177110250963989,0.6421829801306457,0.7255689270395311,0.45576260797357676,0.6622462909495818,0.7010175711788635
IPVS_PD_a0fceda0,1,F,0.0,71.0,,,,IPVS vowels,clean,a,0.6029507636777784,0.20341318709803916,0.35689717617630673,0.5430840585407529,0.3132997876205307,0.5435775130175475,0.7584843007325315
IPVS_PD_a0fceda0,1,F,0.0,71.0,,,,IPVS vowels,phone,a,0.4108450654413627,0.13236957845979316,0.2641283298844859,0.5902839361739596,0.26214075201363524,0.6651170532351558,0.7602922424451597
IPVS_PD_a0fceda0,1,F,0.0,71.0,,,,IPVS vowels,clean,e,0.4180669597646685,0.3680989712859559,0.5237079162251104,0.5451734360323958,0.14586582456940356,0.5876794732943522,0.6761145642334654
IPVS_PD_a0fceda0,1,F,0.0,71.0,,,,IPVS vowels,phone,e,0.36929314506229516,0.308478066995535,0.5883148968394765,0.6203100530704689,0.19456062421040327,0.6406418563100512,0.6738884359658304
IPVS_PD_a0fceda0,1,F,0.0,71.0,,,,IPVS vowels,clean,e,0.6136816503075567,0.48319158153108294,0.6718725670390285,0.6123581443953257,0.5042607214792113,0.5637158916288723,0.9034186255108656
IPVS_PD_a0fceda0,1,F,0.0,71.0,,,,IPVS vowels,phone,e,0.43526192107985073,0.46150709551669544,0.5608292486842203,0.511286491201835,0.44326557692181,0.5908615224369806,0.90019044269114
IPVS_PD_a0fceda0,1,F,0.0,71.0,,,,IPVS vowels,clean,i,0.4576849543902533,0.3511618547209876,0.3484168903544569,0.36471545164612174,0.26288091446021505,0.41566249418580825,0.4944863716356718
IPVS_PD_a0fceda0,1,F,0.0,71.0,,,,IPVS vowels,phone,i,0.4204289251130934,0.35269864237499865,0.3359592050975857,0.351680607530273,0.2813788682201759,0.36704717566019973,0.4948083782529311
IPVS_PD_a0fceda0,1,F,0.0,71.0,,,,IPVS vowels,clean,i,0.5653143660443237,0.3916848968181062,0.5854192166532186,0.5739677263498724,0.3889317049158743,0.37279673561032434,0.4931422214867309
IPVS_PD_a0fceda0,1,F,0.0,71.0,,,,IPVS vowels,phone,i,0.5233276157985857,0.5388040789169983,0.28561484310211355,0.259516656640768,0.718039881630809,0.31317623975742037,0.4905812953218458
IPVS_PD_a0fceda0,1,F,0.0,71.0,,,,IPVS vowels,clean,o,0.7151820555349697,0.3786122199328268,0.6018666734624989,0.5668963296548932,0.5457686548264659,0.5652728245819929,0.6792845158568817
IPVS_PD_a0fceda0,1,F,0.0,71.0,,,,IPVS vowels,phone,o,0.6472177575972528,0.2801431173126039,0.4150231420715225,0.5450669871857537,0.44167269448760615,0.6209879999221791,0.6768958813335724
IPVS_PD_a0fceda0,1,F,0.0,71.0,,,,IPVS vowels,clean,o,0.4055485857083958,0.172804659193339,0.17692061116012867,0.25096933208619526,0.4114281377351054,0.315818765713647,0.6992537730672543
IPVS_PD_a0fceda0,1,F,0.0,71.0,,,,IPVS vowels,phone,o,0.4437000239082135,0.17376189206390136,0.29046530771773776,0.3299572581715523,0.43962338780819565,0.3737349897541389,0.700643103586085
IPVS_PD_a0fceda0,1,F,0.0,71.0,,,,IPVS vowels,clean,u,0.5246987807034718,0.5176606611305987,0.6258377525564527,0.6543174276158614,0.4702546014546148,0.32974044278790365,0.45136310221491893
IPVS_PD_a0fceda0,1,F,0.0,71.0,,,,IPVS vowels,phone,u,0.5869963809894263,0.5454586731639927,0.7363279996797676,0.748381654826682,0.3923885201186301,0.3540835554842594,0.4512463212499762
IPVS_PD_a0fceda0,1,F,0.0,71.0,,,,IPVS vowels,clean,u,0.4031599988319643,0.4748844980994162,0.4713813029250892,0.6216075253626261,0.2742828792121108,0.24604428126120823,0.46507802308570767
IPVS_PD_a0fceda0,1,F,0.0,71.0,,,,IPVS vowels,phone,u,0.44839859279496336,0.4309148306786505,0.6045208082111518,0.5762547439233596,0.40651774647561917,0.34216253957699494,0.4673203692383998
IPVS_PD_69229acc,1,M,1.0,71.0,,,,IPVS vowels,clean,a,0.08839403149248748,0.23796918624683158,0.40055991624003046,0.6795366808728047,0.12892649258379132,0.1791339902827229,0.5674893003293713
IPVS_PD_69229acc,1,M,1.0,71.0,,,,IPVS vowels,phone,a,0.2546843266501134,0.241749308181385,0.340713129937814,0.49788153915754435,0.15282704648733555,0.4895241676464412,0.5667584883669141
IPVS_PD_69229acc,1,M,1.0,71.0,,,,IPVS vowels,clean,a,0.46606816588866584,0.3912767785081653,0.4240671049125262,0.40633963386726557,0.4974160451333637,0.15072492992439462,0.659164164246584
IPVS_PD_69229acc,1,M,1.0,71.0,,,,IPVS vowels,phone,a,0.5212927367497878,0.41563533286499654,0.4331059619601543,0.42938474171701524,0.46242073005978385,0.2400143097033983,0.6621360480536964
IPVS_PD_69229acc,1,M,1.0,71.0,,,,IPVS vowels,clean,e,0.5372320166497452,0.498758053349622,0.38406374428551426,0.3679226908741412,0.47941906887212127,0.16487163770805963,0.4596671562764776
IPVS_PD_69229acc,1,M,1.0,71.0,,,,IPVS vowels,phone,e,0.48091431818512254,0.5240654017995128,0.47626044502741904,0.43431858998351275,0.36936968579856333,0.25737615604736847,0.45905012566322956
IPVS_PD_69229acc,1,M,1.0,71.0,,,,IPVS vowels,clean,e,0.3769542566746042,0.3642112871545906,0.23101205850260165,0.24392255685809042,0.36515146340566845,0.1249515498214239,0.5741754697250467
IPVS_PD_69229acc,1,M,1.0,71.0,,,,IPVS vowels,phone,e,0.45531166839817666,0.3803623711924195,0.5041194977371573,0.5354263680770724,0.45034190207370417,0.17114834311746058,0.5731672238873164
IPVS_PD_69229acc,1,M,1.0,71.0,,,,IPVS vowels,clean,i,0.34553654222340346,0.27031479322227925,0.38524174291211893,0.40612924322855837,0.46432381024868696,0.1931819587197826,0.5931137901082906
IPVS_PD_69229acc,1,M,1.0,71.0,,,,IPVS vowels,phone,i,0.30026557146160043,0.3761871596065935,0.47525820313047734,0.513937285078672,0.3171364179988998,0.307169514407113,0.5955664715624032
IPVS_PD_69229acc,1,M,1.0,71.0,,,,IPVS vowels,clean,i,0.18576334849110626,0.4443564322653205,0.3003725376277147,0.39773056904057386,0.11357647620404489,0.13052090642526787,0.8515101053312657
IPVS_PD_69229acc,1,M,1.0,71.0,,,,IPVS vowels,phone,i,0.2344349157239212,0.5788502799081765,0.21660702834202644,0.3211144534842149,0.16921228479676625,0.19423833567185053,0.8462824933488822
IPVS_PD_69229acc,1,M,1.0,71.0,,,,IPVS vowels,clean,o,0.4023503967338864,0.4118808853439756,0.21279763719874717,0.3141880473113986,0.24428771096548424,0.24263646092816527,0.8054201627455182
IPVS_PD_69229acc,1,M,1.0,71.0,,,,IPVS vowels,phone,o,0.5425563589559466,0.3843542158678584,0.2883030888027766,0.33192267473349424,0.4182006936139896,0.402504605509323,0.805338141906109
IPVS_PD_69229acc,1,M,1.0,71.0,,,,IPVS vowels,clean,o,0.2978672810326254,0.30210404594987145,0.18835642842825515,0.22163272589499594,0.4051218464464933,0.1641503654309969,0.6486697737584146
IPVS_PD_69229acc,1,M,1.0,71.0,,,,IPVS vowels,phone,o,0.18616277244788335,0.29530400591560046,0.21221504633590943,0.22876533585376638,0.3405792055488486,0.24299567978356765,0.6108166305585749
IPVS_PD_69229acc,1,M,1.0,71.0,,,,IPVS vowels,clean,u,0.2600959208012116,0.3011354958986607,0.4776810259489564,0.4853358714586081,0.21333891366338037,0.1743509933719726,0.5537873069890731
IPVS_PD_69229acc,1,M,1.0,71.0,,,,IPVS vowels,phone,u,0.2806449487735498,0.2833144537649114,0.42383377084671603,0.4631267706808651,0.24991325864267058,0.2803620920887118,0.5475091833987422
IPVS_PD_69229acc,1,M,1.0,71.0,,,,IPVS vowels,clean,u,0.6534414493654357,0.29249216782068593,0.5263212884837942,0.578988096593985,0.5301538943431688,0.10849294506290084,0.6272225131712661
IPVS_PD_69229acc,1,M,1.0,71.0,,,,IPVS vowels,phone,u,0.3661805287904712,0.4596450449723058,0.5479602400247517,0.5664946790241098,0.2877060278881296,0.2562568170388832,0.6284180666690897
IPVS_PD_5fcdd5c0,1,M,1.0,72.0,,,,IPVS vowels,clean,a,0.3282719476662927,0.5053331485951613,0.5720642737318506,0.6517936020379973,0.26224482781813224,0.24242128438279278,0.34845132920549027
IPVS_PD_5fcdd5c0,1,M,1.0,72.0,,,,IPVS vowels,phone,a,0.3865779997032349,0.2924995769082623,0.48810800621106865,0.5231919634106554,0.4073027767693881,0.2902298405852658,0.4118755793051765
IPVS_PD_5fcdd5c0,1,M,1.0,72.0,,,,IPVS vowels,clean,a,0.15104521790757647,0.3116578079000643,0.443212817580626,0.37265227350855923,0.17180811875331442,0.2694956675223917,0.29073106764598844
IPVS_PD_5fcdd5c0,1,M,1.0,72.0,,,,IPVS vowels,phone,a,0.29880766213380267,0.38389718574325854,0.3546765601307131,0.34136507726052606,0.2855692475745683,0.3341708389987384,3.1112561936847527
IPVS_PD_5fcdd5c0,1,M,1.0,72.0,,,,IPVS vowels,clean,e,0.3074203350615568,0.26422335641856887,0.46354409140373853,0.5171820896489207,0.38898049108050575,0.17694884936415592,0.32885296371234496
IPVS_PD_5fcdd5c0,1,M,1.0,72.0,,,,IPVS vowels,phone,e,0.28000069680683237,0.29390037999106144,0.4062312411950846,0.5089860305923555,0.29470981823261944,0.24036591366628465,0.33164688101046114
IPVS_PD_5fcdd5c0,1,M,1.0,72.0,,,,IPVS vowels,clean,e,0.23140216138064645,0.30232487393497387,0.3805896943121893,0.374538140259801,0.36724522167303597,0.3118605866058488,0.3894068314379995
IPVS_PD_5fcdd5c0,1,M,1.0,72.0,,,,IPVS vowels,phone,e,0.222064853123682,0.2809917401089115,0.289146006870441,0.3112963988041432,0.2860405258915576,0.4221266305518388,0.38935077764199466
IPVS_PD_5fcdd5c0,1,M,1.0,72.0,,,,IPVS vowels,clean,i,0.5398399322834515,0.609498985621531,0.5088977175036395,0.4987607510879851,0.4721280557837,0.19202561650619,0.295219529649704
IPVS_PD_5fcdd5c0,1,M,1.0,72.0,,,,IPVS vowels,phone,i,0.5142306192736127,0.526321789412219,0.40007022050715274,0.4186407081884904,0.3648611772898389,0.24906127291306562,0.2961009213398036
IPVS_PD_5fcdd5c0,1,M,1.0,72.0,,,,IPVS vowels,clean,i,0.401395593300636,0.38718040678986476,0.3765611645694532,0.5136084927606256,0.5471972905602873,0.12413453812318817,0.2817876768092642
IPVS_PD_5fcdd5c0,1,M,1.0,72.0,,,,IPVS vowels,phone,i,0.2551121993940312,0.361458538792796,0.398354142562235,0.4975614214131053,0.37258632236263983,0.15992517361726694,0.2786196845796507
IPVS_PD_5fcdd5c0,1,M,1.0,72.0,,,,IPVS vowels,clean,o,0.44655287748628714,0.6703903392588199,0.5669615322508282,0.41182415445155357,0.41840837987070306,0.12543271970879838,0.2571852318262069
IPVS_PD_5fcdd5c0,1,M,1.0,72.0,,,,IPVS vowels,phone,o,0.5764063540738756,0.516566404654105,0.6501526746065939,0.5427444926508167,0.45108410179354197,0.15447863565787204,0.2756062415026239
IPVS_PD_5fcdd5c0,1,M,1.0,72.0,,,,IPVS vowels,clean,o,0.45838216024351985,0.47813128298240753,0.46008603188132713,0.5579952012090947,0.31133675429329927,0.14633748088190365,0.27500777359885653
IPVS_PD_5fcdd5c0,1,M,1.0,72.0,,,,IPVS vowels,phone,o,0.4834556346466791,0.6367612305747529,0.620382645406888,0.6154847477446995,0.4888365039124094,0.17064715367055314,0.27467645363037363
IPVS_PD_5fcdd5c0,1,M,1.0,72.0,,,,IPVS vowels,clean,u,0.4009896429261364,0.318611912952371,0.2886615307222891,0.5380705559445222,0.3845984091301766,0.21863954856807805,0.35074991185939375
IPVS_PD_5fcdd5c0,1,M,1.0,72.0,,,,IPVS vowels,phone,u,0.3078520303393947,0.22673985055228707,0.19231841327358357,0.4207882611726608,0.16263802588462684,0.3075734645116491,0.35258456922120374
IPVS_PD_5fcdd5c0,1,M,1.0,72.0,,,,IPVS vowels,clean,u,0.5723495792978934,0.2577692181842887,0.3238984494852129,0.4018889402374973,0.41968954936533914,0.07695208901588171,0.19583014981128244
IPVS_PD_5fcdd5c0,1,M,1.0,72.0,,,,IPVS vowels,phone,u,0.46655524923468067,0.2424958458894469,0.6459177965731114,0.5022873998108361,0.3719059638372276,0.092196941342685,0.19650285045997862
IPVS_PD_5e7a0360,1,M,1.0,75.0,,,,IPVS vowels,clean,a,0.34201895213224964,0.3223041994466131,0.3665199147191819,0.5493795758303595,0.2578337091326869,0.3213464758213827,0.3101617863379591
IPVS_PD_5e7a0360,1,M,1.0,75.0,,,,IPVS vowels,phone,a,0.29484178043726433,0.3427358819981164,0.3227004210169713,0.5100753792702869,0.27718308104568595,0.4835316367115998,0.3110696511677169
IPVS_PD_5e7a0360,1,M,1.0,75.0,,,,IPVS vowels,clean,a,0.35114508934402294,0.2693428319553069,0.5594742018634956,0.5245230082517736,0.16026317212836846,0.21949677572917695,0.3434343612304769
IPVS_PD_5e7a0360,1,M,1.0,75.0,,,,IPVS vowels,phone,a,0.288111293939679,0.233095340063626,0.1881206424640241,0.330046930490914,0.08636607702357876,0.25832945159911486,0.34277563039351033
IPVS_PD_5e7a0360,1,M,1.0,75.0,,,,IPVS vowels,clean,e,0.33126973207496074,0.3975514179545958,0.5004289588292603,0.4610989793393202,0.269404041300196,0.12553311161868194,0.3922503331097005
IPVS_PD_5e7a0360,1,M,1.0,75.0,,,,IPVS vowels,phone,e,0.33039672443752854,0.4611730555792769,0.5019485969189608,0.42824863853041256,0.23067964765868684,0.16978190360081005,0.3900387917970427
IPVS_PD_5e7a0360,1,M,1.0,75.0,,,,IPVS vowels,clean,e,0.5045309107747658,0.3854564173166035,0.21000457880147178,0.319661744007606,0.7004038707002228,0.16288303594826795,0.47140806930390244
IPVS_PD_5e7a0360,1,M,1.0,75.0,,,,IPVS vowels,phone,e,0.31733064407801953,0.2856448106037478,0.19143806947396025,0.4337420703972608,0.4111523115498581,0.19782337817088017,0.47002175470260976
IPVS_PD_5e7a0360,1,M,1.0,75.0,,,,IPVS vowels,clean,i,0.4092906688677316,0.330721557480197,0.2305090924331607,0.2763309021835109,0.48563338473103734,0.12893514508815432,0.40550263494918415
IPVS_PD_5e7a0360,1,M,1.0,75.0,,,,IPVS vowels,phone,i,0.3691078073442143,0.39008731520556417,0.23540457397984715,0.277180553365081,0.47589112540041717,0.1651197417487541,0.40605514576801394
IPVS_PD_5e7a0360,1,M,1.0,75.0,,,,IPVS vowels,clean,i,0.24341572802570752,0.2340541705047665,0.28003256626622514,0.2785245774923014,0.19970577531821285,0.2038976460218833,0.4211060627665075
IPVS_PD_5e7a0360,1,M,1.0,75.0,,,,IPVS vowels,phone,i,0.2174789129211588,0.2678301257276857,0.35998422388221685,0.38879887598679796,0.1809059019119756,0.17921728404758971,0.41979278523389674
IPVS_PD_5e7a0360,1,M,1.0,75.0,,,,IPVS vowels,clean,o,0.2645585961505476,0.2871894536315847,0.3565502577879073,0.38485309596112727,0.2286016620949743,0.15151528852939197,0.23951474280416996
IPVS_PD_5e7a0360,1,M,1.0,75.0,,,,IPVS vowels,phone,o,0.3205881170503734,0.2948904589896382,0.31764665047698987,0.3387253633559029,0.24835238207923166,0.17777412098187803,0.23906286694836965
IPVS_PD_5e7a0360,1,M,1.0,75.0,,,,IPVS vowels,clean,o,0.3051578654924105,0.4821446513341719,0.5959228202376736,0.5290097482289497,0.32484069861853865,0.08356849550853802,0.27913744262435536
IPVS_PD_5e7a0360,1,M,1.0,75.0,,,,IPVS vowels,phone,o,0.5116789868215995,0.5393750115444308,0.4419845381016035,0.41526435628169484,0.618558345526593,0.09982528475147716,0.2798727436456483
IPVS_PD_5e7a0360,1,M,1.0,75.0,,,,IPVS vowels,clean,u,0.38106259009138493,0.36170462250061697,0.24099036802909027,0.33902046976901146,0.27065260572702265,0.0797006280504025,0.2071521897249129
IPVS_PD_5e7a0360,1,M,1.0,75.0,,,,IPVS vowels,phone,u,0.30515682110666215,0.27194132973215007,0.30943542057390583,0.3171331831293648,0.23988550996344085,0.10638604829586079,0.2095021820801124
IPVS_PD_5e7a0360,1,M,1.0,75.0,,,,IPVS vowels,clean,u,0.13967639451628677,0.34330082628857816,0.13790250692902162,0.22814485402113638,0.2835291160067305,0.10843077104682057,0.35298660438891627
IPVS_PD_5e7a0360,1,M,1.0,75.0,,,,IPVS vowels,phone,u,0.19570301423868766,0.22102179789517054,0.10533491717718622,0.10741310587520748,0.16878744469618215,0.13969375953089394,0.35427566853118986
IPVS_PD_b85147c7,1,M,1.0,67.0,,,,IPVS vowels,clean,a,0.2785029773101648,0.3878357970873595,0.334060096056085,0.49179847868079374,0.2129278194767182,0.8576571119636,0.62872689368485
IPVS_PD_b85147c7,1,M,1.0,67.0,,,,IPVS vowels,phone,a,0.2328527852817592,0.35163845118321996,0.2600663308746642,0.44118404508029946,0.1866507743840041,1.4002211643672384,0.5764608679285077
IPVS_PD_b85147c7,1,M,1.0,67.0,,,,IPVS vowels,clean,a,0.35055219812424365,0.3606292365308097,0.5130666158990993,0.4658218985785719,0.10535968579511996,0.24867137187630825,0.6523281421315641
IPVS_PD_b85147c7,1,M,1.0,67.0,,,,IPVS vowels,phone,a,0.38147860919510096,0.4653880415192956,0.32436042440118845,0.48218294996494293,0.3554215887462923,0.36725301166024005,0.6547606052765831
IPVS_PD_b85147c7,1,M,1.0,67.0,,,,IPVS vowels,clean,e,0.3044482053422431,0.3490366563501453,0.2220975106486902,0.28262299697973403,0.22850386260426656,0.32142682629076563,0.6169076813308472
IPVS_PD_b85147c7,1,M,1.0,67.0,,,,IPVS vowels,phone,e,0.21415789465044996,0.3233091589996575,0.22928136009540567,0.31570656153368076,0.23442879512351586,0.5538733250375384,0.6234169494447439
IPVS_PD_b85147c7,1,M,1.0,67.0,,,,IPVS vowels,clean,e,0.28969905578826155,0.30830533712550195,0.26776893365903665,0.20546243032119474,0.278425994076732,0.23811372669615646,0.7536834654694013
IPVS_PD_b85147c7,1,M,1.0,67.0,,,,IPVS vowels,phone,e,0.32173676497840537,0.19951308894440353,0.21838877263795634,0.24437124789756398,0.2601588435513168,0.4414820823358865,1.1277241961040962
IPVS_PD_b85147c7,1,M,1.0,67.0,,,,IPVS vowels,clean,i,0.2825119844964952,0.29003457863627347,0.4205284661184126,0.4178706702540474,0.24839487177783207,0.2395445656306994,0.5363347614568248
IPVS_PD_b85147c7,1,M,1.0,67.0,,,,IPVS vowels,phone,i,0.19180602010433642,0.2757204285393104,0.3464978326452528,0.36612394238302165,0.1753824052461474,0.42782536723897896,0.5346422556617769
IPVS_PD_b85147c7,1,M,1.0,67.0,,,,IPVS vowels,clean,i,0.29586623726292516,0.5186946039361154,0.339764755397011,0.43067821939025375,0.2816454590293038,0.16568883230874995,0.3054097385891019
IPVS_PD_b85147c7,1,M,1.0,67.0,,,,IPVS vowels,phone,i,0.4100539772287171,0.40245417831906716,0.4669040115668363,0.46074232908638746,0.445145189041274,0.3140145317287283,0.3053153882090154
IPVS_PD_b85147c7,1,M,1.0,67.0,,,,IPVS vowels,clean,o,0.3716588112283659,0.3050355045865416,0.22542785398597248,0.465374011061886,0.40132576916304286,0.731902828762383,0.7444841672547442
IPVS_PD_b85147c7,1,M,1.0,67.0,,,,IPVS vowels,phone,o,0.39068880048921634,0.3965121192569373,0.17571641932855686,0.3541320117774439,0.2760334943870891,1.512811110675565,0.7395372692016178
IPVS_PD_b85147c7,1,M,1.0,67.0,,,,IPVS vowels,clean,o,0.6510727013668248,0.6413856948005953,0.28673184326090895,0.4246840178720972,0.34850155538479405,0.6807071388450958,0.6721911369298228
IPVS_PD_b85147c7,1,M,1.0,67.0,,,,IPVS vowels,phone,o,0.625930000447347,0.650673820669635,0.29427807798228556,0.37307854361878723,0.34764781469694583,1.0416298640174364,0.6904553426233306
IPVS_PD_b85147c7,1,M,1.0,67.0,,,,IPVS vowels,clean,u,0.4335254634899128,0.6244958525819558,0.49074042181529487,0.3539347357775618,0.3946715038129506,0.5437664247650503,0.549642606861056
IPVS_PD_b85147c7,1,M,1.0,67.0,,,,IPVS vowels,phone,u,0.49405594558006044,0.421858777011203,0.45781980020526,0.4030546200577141,0.4794082782282821,0.6750023336023779,0.5495425634748141
IPVS_PD_b85147c7,1,M,1.0,67.0,,,,IPVS vowels,clean,u,0.4440575104108572,0.6998013444346634,0.6660858022956935,0.6459139839319185,0.6284899933098863,1.1377284695876064,0.8079313359659945
IPVS_PD_b85147c7,1,M,1.0,67.0,,,,IPVS vowels,phone,u,0.33777651121148766,0.6215107801393943,0.5070909207580732,0.6924950165333423,0.42598447991195976,1.5484463000942246,0.810618410087871
IPVS_PD_283812f2,1,M,1.0,70.0,,,,IPVS vowels,clean,a,0.29107620055583777,0.37234088775131574,0.2673070720750599,0.373681471686374,0.31912140524302257,0.26184359917201205,0.33905860835528046
IPVS_PD_283812f2,1,M,1.0,70.0,,,,IPVS vowels,phone,a,0.2573090296427187,0.32172630485127596,0.3339421122853369,0.4416749662649313,0.22796032722805395,0.3386407035318612,0.3416904964602008
IPVS_PD_283812f2,1,M,1.0,70.0,,,,IPVS vowels,clean,a,0.27248691533044817,0.540747984263999,0.2789894736739441,0.2522059560478368,0.2806788007985019,0.19425982598199262,0.2892237576876955
IPVS_PD_283812f2,1,M,1.0,70.0,,,,IPVS vowels,phone,a,0.34124356138582335,0.38889304270633196,0.5214941141844354,0.32524088318830435,0.31167333455438234,0.3316732981923631,0.27027938301369403
IPVS_PD_283812f2,1,M,1.0,70.0,,,,IPVS vowels,clean,e,0.3708900557957496,0.4524304281588908,0.365572953393564,0.394502261529212,0.1945523005356561,0.30594972479040067,0.30458744431272056
IPVS_PD_283812f2,1,M,1.0,70.0,,,,IPVS vowels,phone,e,0.2948668202266772,0.4488757500057886,0.32276204743030296,0.43703833815396204,0.18875744398039615,0.4905712529169603,0.3050198177271035
IPVS_PD_283812f2,1,M,1.0,70.0,,,,IPVS vowels,clean,e,0.46142852090893266,0.6549357371114237,0.3292570511375716,0.3141488803914371,0.4740775051808232,0.23486027031511242,0.3479894872688405
IPVS_PD_283812f2,1,M,1.0,70.0,,,,IPVS vowels,phone,e,0.4601673650762394,0.6758141099229692,0.371155432384477,0.33660157435378607,0.46993124573610295,0.6042581643206641,0.34822631491167044
IPVS_PD_283812f2,1,M,1.0,70.0,,,,IPVS vowels,clean,i,0.3550556513009725,0.47292117477710766,0.23762028993899786,0.3589305912568911,0.2170304819350038,0.2203635998159838,0.27172499729100075
IPVS_PD_283812f2,1,M,1.0,70.0,,,,IPVS vowels,phone,i,0.16818985539110476,0.29062646379767976,0.33538435844422065,0.44930265858440865,0.10538552594606142,0.5864207429305313,0.270189455171832
IPVS_PD_283812f2,1,M,1.0,70.0,,,,IPVS vowels,clean,i,0.49191990858748696,0.25372686379903026,0.34212867524027146,0.4660645461946523,0.5010359872619591,0.22111052362276304,0.3588956253846032
IPVS_PD_283812f2,1,M,1.0,70.0,,,,IPVS vowels,phone,i,0.3090664031354777,0.2683360212302926,0.39510743888400723,0.4335043949189189,0.3357436737895145,0.6029681328972996,0.36625905448814944
IPVS_PD_283812f2,1,M,1.0,70.0,,,,IPVS vowels,clean,o,0.12555149718618921,0.3380924350492923,0.414362657143876,0.5028889633214992,0.12574589530496968,0.24828269147807167,0.26900833775407307
IPVS_PD_283812f2,1,M,1.0,70.0,,,,IPVS vowels,phone,o,0.22260828346596825,0.2575040719730409,0.31255412793065807,0.4816302646916188,0.14626377476401994,0.49658931661674266,2.1357076357523486
IPVS_PD_283812f2,1,M,1.0,70.0,,,,IPVS vowels,clean,o,0.21798751574467778,0.14366532353201208,0.11783180950649566,0.4555248093309103,0.18842002210490275,0.16075760199475886,0.34717315171099994
IPVS_PD_283812f2,1,M,1.0,70.0,,,,IPVS vowels,phone,o,0.19969195736399506,0.11013794363346888,0.1215138433649272,0.4523992127621022,0.14990161132286722,0.5095301038418631,0.36059213325747574
IPVS_PD_283812f2,1,M,1.0,70.0,,,,IPVS vowels,clean,u,0.2091215699824317,0.2391945955057402,0.36539426806905617,0.3166769455860791,0.3106246650993161,0.19318981266222052,0.3648201018255248
IPVS_PD_283812f2,1,M,1.0,70.0,,,,IPVS vowels,phone,u,0.09323854228204906,0.1779423931996712,0.2266833735813174,0.3069904673804953,0.202613051817821,0.3069127485434338,0.35920500966415414
IPVS_PD_283812f2,1,M,1.0,70.0,,,,IPVS vowels,clean,u,0.427875757684319,0.3871846383107097,0.3108422438557109,0.2703278061902633,0.31348658317518535,0.18377286454730526,0.41096906375259756
IPVS_PD_283812f2,1,M,1.0,70.0,,,,IPVS vowels,phone,u,0.4568302679960554,0.3715388063276448,0.4216380456158809,0.28501632690712286,0.3717565057389674,0.3513925376491898,0.4220971754335556
IPVS_PD_37ac75bd,1,F,0.0,54.0,,,,IPVS vowels,clean,a,0.15888789813981244,0.2626170964871312,0.19060641456474736,0.2657080105368856,0.19788438337094139,,
IPVS_PD_37ac75bd,1,F,0.0,54.0,,,,IPVS vowels,phone,a,0.21753569307319842,0.4097568933674096,0.15999731918510204,0.2056976708554525,0.24311125514326432,,
IPVS_PD_37ac75bd,1,F,0.0,54.0,,,,IPVS vowels,clean,a,0.13153247572606777,0.18000764244914066,0.19478346215471853,0.23412919434390933,0.12252651164762825,1.125328378048368,2.401408865767296
IPVS_PD_37ac75bd,1,F,0.0,54.0,,,,IPVS vowels,phone,a,0.1280697893785373,0.1718102106475623,0.3655587793856644,0.38155094609020845,0.24939709757947956,1.3547623570668736,3.776908038635085
IPVS_PD_37ac75bd,1,F,0.0,54.0,,,,IPVS vowels,clean,e,0.3733568620983949,0.40128625696016995,0.3700004808226099,0.3618876041160943,0.3642241089050869,1.6798413687881257,2.378608705177343
IPVS_PD_37ac75bd,1,F,0.0,54.0,,,,IPVS vowels,phone,e,0.31694972653875014,0.4563235907284286,0.36387000156141286,0.3753707944848221,0.2688820196359842,2.164290008562504,4.84168283534574
IPVS_PD_37ac75bd,1,F,0.0,54.0,,,,IPVS vowels,clean,e,0.2316557287778999,0.3748865484313456,0.28311973498810883,0.17943886637006962,0.4088156391375271,0.749085558213698,4.921712254334953
IPVS_PD_37ac75bd,1,F,0.0,54.0,,,,IPVS vowels,phone,e,0.43058045773121223,0.48408141848215097,0.1931806599512315,0.19813104836654777,0.4223083488008682,0.8701588427443776,11.220769468460334
IPVS_PD_37ac75bd,1,F,0.0,54.0,,,,IPVS vowels,clean,i,0.441246910663352,0.3182526017271574,0.4238730662079774,0.5257807470613954,0.2180929078294976,0.7771824012172158,1.8518672108397194
IPVS_PD_37ac75bd,1,F,0.0,54.0,,,,IPVS vowels,phone,i,0.4022018463817982,0.3408630504161242,0.4934600842839911,0.5422227276448434,0.3177304264584047,0.8876214904646429,1.71979753146152
IPVS_PD_37ac75bd,1,F,0.0,54.0,,,,IPVS vowels,clean,i,0.6417526176545116,0.5815202972529844,0.40313351104859485,0.4194005176013998,0.571607111400158,0.7596181313764385,1.2155238675550795
IPVS_PD_37ac75bd,1,F,0.0,54.0,,,,IPVS vowels,phone,i,0.44492250764565,0.48336640811922094,0.4311567704259984,0.48396287582225195,0.3782133511309368,0.7590522081906136,1.2178370016847628
IPVS_PD_37ac75bd,1,F,0.0,54.0,,,,IPVS vowels,clean,o,0.443518392089013,0.44640097161103076,0.3172018233415686,0.3803790327837057,0.4407451521287241,0.7367870152127676,3.581955182748886
IPVS_PD_37ac75bd,1,F,0.0,54.0,,,,IPVS vowels,phone,o,0.4042679381614421,0.4345103928245103,0.41073544198436185,0.4999548409097987,0.3194310571751036,0.771083811482622,3.9411481233463164
IPVS_PD_37ac75bd,1,F,0.0,54.0,,,,IPVS vowels,clean,o,0.294928563867847,0.3865639320425201,0.3571827126323031,0.44245978811635756,0.2901943713782218,0.19966423154582474,0.608499641357052
IPVS_PD_37ac75bd,1,F,0.0,54.0,,,,IPVS vowels,phone,o,0.11322137141148134,0.21063056479969755,0.3061054022754169,0.376019467216104,0.17798604985747726,0.2185870749551073,0.6106711093268213
IPVS_PD_37ac75bd,1,F,0.0,54.0,,,,IPVS vowels,clean,u,0.3388755107726875,0.3299006764732219,0.28213694752864227,0.26956677224951925,0.24062395718912832,0.27566981701024057,0.36837607202049316
IPVS_PD_37ac75bd,1,F,0.0,54.0,,,,IPVS vowels,phone,u,0.26899190608610213,0.2389783449109745,0.2507798272501146,0.31894858904912554,0.17667646249461422,0.31084091526581564,0.3678980874786797
IPVS_PD_37ac75bd,1,F,0.0,54.0,,,,IPVS vowels,clean,u,0.31489162372657264,0.22888974438435747,0.29176236854235144,0.52994269620958,0.5505144932986406,0.19134863178129086,0.3255520277769097
IPVS_PD_37ac75bd,1,F,0.0,54.0,,,,IPVS vowels,phone,u,0.4282487101238126,0.12901991910785549,0.2120833822850263,0.5111284436984866,0.5713668938937652,0.2099982290151249,0.32438864754922303
IPVS_PD_7f660571,1,F,0.0,80.0,,,,IPVS vowels,clean,a,0.07859643619273024,0.10176163546209277,0.1749483479963038,0.25913701453863647,0.05630381520534997,0.5942333396298424,0.5058370673897583
IPVS_PD_7f660571,1,F,0.0,80.0,,,,IPVS vowels,phone,a,0.07345070969689635,0.08136299211625432,0.2145165803382027,0.30737385861137995,0.04108271090167053,0.8306267897814156,0.4426963078688839
IPVS_PD_7f660571,1,F,0.0,80.0,,,,IPVS vowels,clean,a,0.0780879679852765,0.07798217961713864,0.11101828619369877,0.11350138040760821,0.04246586835865655,0.8934627821494686,1.4448910676549742
IPVS_PD_7f660571,1,F,0.0,80.0,,,,IPVS vowels,phone,a,0.059713829247104,0.04539709326047076,0.06362816488365974,0.09217062416797696,0.055613582396458354,1.0271459249369281,0.8286943628582621
IPVS_PD_7f660571,1,F,0.0,80.0,,,,IPVS vowels,clean,e,0.4399718661017641,0.39336510084606113,0.47493563787855925,0.5958773412578016,0.6137635673554467,0.571034611243301,0.7926032025760144
IPVS_PD_7f660571,1,F,0.0,80.0,,,,IPVS vowels,phone,e,0.48033402823045807,0.38674916267778514,0.4790358660597853,0.4858248278006606,0.5283675175860008,0.7719220406008698,0.7978725599137926
IPVS_PD_7f660571,1,F,0.0,80.0,,,,IPVS vowels,clean,e,0.47295606212237656,0.4160925500455708,0.5189920679584326,0.7289841026244355,0.4122414963084962,0.6734512214805429,1.0975676723697259
IPVS_PD_7f660571,1,F,0.0,80.0,,,,IPVS vowels,phone,e,0.5059406888819535,0.42287271107599617,0.2932466412232425,0.5301695032399427,0.42146025989481384,0.885849853537436,1.089096108009735
IPVS_PD_7f660571,1,F,0.0,80.0,,,,IPVS vowels,clean,i,0.29975842056130675,0.25992123463334826,0.3772968636650644,0.3601844014102962,0.25598625721838114,0.5416292424694625,1.0497960788469651
IPVS_PD_7f660571,1,F,0.0,80.0,,,,IPVS vowels,phone,i,0.19351635268736142,0.2428405444173363,0.21140688671735622,0.2138295966413339,0.1877418695796414,0.4991851239141485,1.0487016163446494
IPVS_PD_7f660571,1,F,0.0,80.0,,,,IPVS vowels,clean,i,0.3608430212347145,0.38523565538565996,0.4924691188431216,0.44536375412567514,0.36394899567212313,0.37772831619604397,0.744637630845224
IPVS_PD_7f660571,1,F,0.0,80.0,,,,IPVS vowels,phone,i,0.24421667913656053,0.24939788774227653,0.395680297378353,0.4312906278271857,0.19219174551277848,0.49672968398686057,0.7418829755329703
IPVS_PD_7f660571,1,F,0.0,80.0,,,,IPVS vowels,clean,o,0.4171630679231497,0.38807212990083956,0.47700692867659844,0.5136398936366057,0.24913372342156753,0.581814785774239,0.8401826145835622
IPVS_PD_7f660571,1,F,0.0,80.0,,,,IPVS vowels,phone,o,0.3541167347291839,0.36419311852166236,0.47538569133883907,0.5629828525682118,0.2221404732817644,0.7924174887457536,0.8446366152916607
IPVS_PD_7f660571,1,F,0.0,80.0,,,,IPVS vowels,clean,o,0.21372569636391137,0.341412924252317,0.3199453199976653,0.5262759417330042,0.18530395242470973,0.8711691245676473,0.7829718713606049
IPVS_PD_7f660571,1,F,0.0,80.0,,,,IPVS vowels,phone,o,0.25611905989475087,0.26311340751788487,0.35918236559595906,0.5302985224861183,0.32332749962802404,1.1159785791434058,0.7857405622099689
IPVS_PD_7f660571,1,F,0.0,80.0,,,,IPVS vowels,clean,u,0.32435607837224195,0.17629085586711682,0.23469364473582607,0.24788279155503862,0.29195859293545434,0.516144316841787,0.5105594005121672
IPVS_PD_7f660571,1,F,0.0,80.0,,,,IPVS vowels,phone,u,0.1910737969419067,0.15610621035265929,0.2201281172822705,0.21484929685947068,0.18671923676100918,0.6718657714819859,0.5113837634036056
IPVS_PD_7f660571,1,F,0.0,80.0,,,,IPVS vowels,clean,u,0.5072258402249117,0.37660385310383576,0.43430250249033325,0.44093542933269414,0.31122665754303547,0.5419373079299342,0.7458996189893652
IPVS_PD_7f660571,1,F,0.0,80.0,,,,IPVS vowels,phone,u,0.46195406837328734,0.3029183873475328,0.5409500537333642,0.5599613891718839,0.3369734349170645,0.7044411425907636,0.7480913991787741
IPVS_PD_d0de0fb0,1,M,1.0,73.0,,,,IPVS vowels,clean,a,0.1510526802932231,0.17500424290484617,0.2815941517927828,0.40867798659197463,0.1719768914898566,0.2565605417328554,2.760789905929051
IPVS_PD_d0de0fb0,1,M,1.0,73.0,,,,IPVS vowels,phone,a,0.13512319079818563,0.33949079360830087,0.22362386514445354,0.3708105242102172,0.1453096554632737,0.5030010884250808,2.8997088949947125
IPVS_PD_d0de0fb0,1,M,1.0,73.0,,,,IPVS vowels,clean,a,0.12284987003711341,0.15671787465340775,0.12331075191560419,0.18326273509585142,0.15769927259359667,0.21487451667808377,3.436906140684215
IPVS_PD_d0de0fb0,1,M,1.0,73.0,,,,IPVS vowels,phone,a,0.22655989599654983,0.2007823303458155,0.11274175184222003,0.16917197517544716,0.19432069310150352,0.39098181464729076,3.539670019123098
IPVS_PD_d0de0fb0,1,M,1.0,73.0,,,,IPVS vowels,clean,e,0.26775458486314013,0.3734111228044198,0.29351493939643675,0.3483162234215669,0.2960829321100714,0.33221756413807857,0.4861806108383382
IPVS_PD_d0de0fb0,1,M,1.0,73.0,,,,IPVS vowels,phone,e,0.3239895907176136,0.4057406157836206,0.30707671607326453,0.4484961294202383,0.4066717374497119,0.5165752933734041,0.5143701097198639
IPVS_PD_d0de0fb0,1,M,1.0,73.0,,,,IPVS vowels,clean,e,0.0911488335030578,0.23825136240931924,0.20312249104166955,0.274820874345083,0.21217815471226217,0.3667708760130709,3.1547709301150695
IPVS_PD_d0de0fb0,1,M,1.0,73.0,,,,IPVS vowels,phone,e,0.16006109446223965,0.37178599312404365,0.13961433809780108,0.20090613039369717,0.11534021578485919,0.8981099520117166,3.154700218520734
IPVS_PD_d0de0fb0,1,M,1.0,73.0,,,,IPVS vowels,clean,i,0.4362412733153838,0.6532689777330936,0.4084808352413172,0.43945361321369436,0.331857193072977,0.4331461280664767,2.6402200779068297
IPVS_PD_d0de0fb0,1,M,1.0,73.0,,,,IPVS vowels,phone,i,0.3192556354129554,0.5237709361205345,0.5213523687390003,0.4960675069036758,0.30178672269608825,0.9634326060656885,2.6793660815284337
IPVS_PD_d0de0fb0,1,M,1.0,73.0,,,,IPVS vowels,clean,i,0.3573302074577555,0.616337083823103,0.392158509764787,0.5956466210283453,0.17810567450591513,0.2796665616831808,0.41565854485585696
IPVS_PD_d0de0fb0,1,M,1.0,73.0,,,,IPVS vowels,phone,i,0.3920291454241109,0.4840751294949982,0.46383498490982683,0.48923444894356005,0.16544211257550392,0.4860724621932136,0.41608370410337603
IPVS_PD_d0de0fb0,1,M,1.0,73.0,,,,IPVS vowels,clean,o,0.4569853303961784,0.36036008430115896,0.42112169729886795,0.3690526045356361,0.2860051755687963,0.31118115190233225,2.6431665715792585
IPVS_PD_d0de0fb0,1,M,1.0,73.0,,,,IPVS vowels,phone,o,0.26738407990806523,0.2960521025211889,0.21296261915371267,0.317775390801738,0.2401592297412815,0.48466649595342404,2.721668072781691
IPVS_PD_d0de0fb0,1,M,1.0,73.0,,,,IPVS vowels,clean,o,0.16889818390304345,0.2030827510382798,0.24463057172171893,0.2922162444079206,0.3178410103019571,0.4170837325937354,0.7389110322839176
IPVS_PD_d0de0fb0,1,M,1.0,73.0,,,,IPVS vowels,phone,o,0.2528085507829167,0.30189073054569326,0.2838963661778325,0.26589441456728835,0.37191528252198236,0.8409771556684422,0.7374048811643164
IPVS_PD_d0de0fb0,1,M,1.0,73.0,,,,IPVS vowels,clean,u,0.6757827106168867,0.4120706680698276,0.6330650732983739,0.5837108691085198,0.5316191934552648,0.35269603221493334,0.6245911420996952
IPVS_PD_d0de0fb0,1,M,1.0,73.0,,,,IPVS vowels,phone,u,0.8052572244462114,0.4837258452761649,0.5641694802707756,0.48484417940084623,0.5723505426265445,0.5318706338372614,0.6014662566240725
IPVS_PD_d0de0fb0,1,M,1.0,73.0,,,,IPVS vowels,clean,u,0.6177146356982227,0.4683486805574789,0.43119801080523995,0.7121058570744776,0.4939995876632269,0.430895322058397,0.7863300311316879
IPVS_PD_d0de0fb0,1,M,1.0,73.0,,,,IPVS vowels,phone,u,0.5377431153250006,0.47358297445588643,0.5221676575187452,0.6436216549644574,0.36320407728360016,1.0571967894998535,0.7973162322550298
IPVS_PD_a326f905,1,M,1.0,70.0,,,,IPVS vowels,clean,a,0.4850161878795703,0.3305795426524822,0.37238103397815553,0.41593744199514165,0.4781428484408661,0.13258931502177038,0.33869652680809104
IPVS_PD_a326f905,1,M,1.0,70.0,,,,IPVS vowels,phone,a,0.37892070163930647,0.3270691729655635,0.3546944727523693,0.4182366696069713,0.3698154375571451,0.21231068920085291,0.3386008334613777
IPVS_PD_a326f905,1,M,1.0,70.0,,,,IPVS vowels,clean,a,0.10928931879117283,0.38920009251338633,0.4106085670758843,0.4876835177525639,0.0943104457096694,0.08211283289326363,0.28476700441537606
IPVS_PD_a326f905,1,M,1.0,70.0,,,,IPVS vowels,phone,a,0.13756494712633516,0.29360789059719666,0.16242640466216135,0.27873878900584137,0.06749795726437077,0.12748990473272256,0.2845578231142065
IPVS_PD_a326f905,1,M,1.0,70.0,,,,IPVS vowels,clean,e,0.3500576202615599,0.4181901658873378,0.31596786560094925,0.3543234436033764,0.17990955738737732,0.11360140199041749,0.3707794534139053
IPVS_PD_a326f905,1,M,1.0,70.0,,,,IPVS vowels,phone,e,0.37965724522629085,0.34198738910504567,0.24835647839895,0.2518496633935246,0.24550640513568722,0.20570604413775756,0.3655200712851858
IPVS_PD_a326f905,1,M,1.0,70.0,,,,IPVS vowels,clean,e,0.5475352716534614,0.21110766634985778,0.36047654402609114,0.34281754071303255,0.5605877996673825,0.11914122920670285,0.23791018122008012
IPVS_PD_a326f905,1,M,1.0,70.0,,,,IPVS vowels,phone,e,0.3229768918566752,0.18218464705421378,0.32758180211998933,0.3819368298163933,0.35707730377398206,0.22460485318547072,0.2373562294708087
IPVS_PD_a326f905,1,M,1.0,70.0,,,,IPVS vowels,clean,i,0.46974870071601155,0.3181624058559528,0.3455355964183713,0.449921919754412,0.42800939880586936,0.06459083819182383,0.3187442683495245
IPVS_PD_a326f905,1,M,1.0,70.0,,,,IPVS vowels,phone,i,0.4160844520281262,0.41252013585416264,0.35735981982849147,0.4121604109586822,0.4776541457665538,0.07661641666692637,0.318467428519309
IPVS_PD_a326f905,1,M,1.0,70.0,,,,IPVS vowels,clean,i,0.585947057322832,0.46398366886984144,0.36272791827168854,0.3872312661668844,0.40526988764163924,0.087929727207626,0.4125032944918505
IPVS_PD_a326f905,1,M,1.0,70.0,,,,IPVS vowels,phone,i,0.5046243629583077,0.5504101345907945,0.6176603319139528,0.6008456676640777,0.38883714505278716,0.11118590289163377,0.41250669417798314
IPVS_PD_a326f905,1,M,1.0,70.0,,,,IPVS vowels,clean,o,0.4216751991462628,0.4786969602194386,0.2821444503368623,0.34749566479423405,0.32996901107691745,0.15624917690249193,0.44869316845923546
IPVS_PD_a326f905,1,M,1.0,70.0,,,,IPVS vowels,phone,o,0.46063414825478904,0.4923677120014985,0.281419980555645,0.2739469079520092,0.39419911638205424,0.23864526955922305,0.45510335164946625
IPVS_PD_a326f905,1,M,1.0,70.0,,,,IPVS vowels,clean,o,0.44770152040408184,0.4064418908539211,0.22488124274099736,0.447178682945269,0.5600004965963854,0.12313654891488952,0.3132171044521348
IPVS_PD_a326f905,1,M,1.0,70.0,,,,IPVS vowels,phone,o,0.43939801119293154,0.5634714061775778,0.43568434671046324,0.4590088905030659,0.3494731602396331,0.17004623981936734,0.3139571833421728
IPVS_PD_a326f905,1,M,1.0,70.0,,,,IPVS vowels,clean,u,0.34338359844739524,0.3646443732784998,0.26257595754505364,0.2835602941205805,0.3178087369348791,0.12161458771676585,0.3309742477093591
IPVS_PD_a326f905,1,M,1.0,70.0,,,,IPVS vowels,phone,u,0.4210686889607418,0.4041596659149218,0.258165151571096,0.3102889342918983,0.33823781270313713,0.18390872693149088,0.33155662360420113
IPVS_PD_a326f905,1,M,1.0,70.0,,,,IPVS vowels,clean,u,0.38989054822894637,0.2984604289573272,0.21895339525164328,0.2793583218345469,0.5151447791464857,0.05205496607974314,0.17186391767651799
IPVS_PD_a326f905,1,M,1.0,70.0,,,,IPVS vowels,phone,u,0.38100462129150003,0.2849299968968364,0.41875006608169685,0.5137102156617173,0.412980114180611,0.08843638970009314,0.17278683362005332
IPVS_PD_c41cf2aa,1,F,0.0,67.0,,,,IPVS vowels,clean,a,0.33827278115378445,0.3959161433372746,0.34340142751198843,0.3844950332375348,0.29158686881320556,0.43637076718882156,0.7610928729469224
IPVS_PD_c41cf2aa,1,F,0.0,67.0,,,,IPVS vowels,phone,a,0.3164868897840287,0.4002281037336147,0.3285365028547962,0.4073567087643822,0.24982896765769705,0.6614198327067704,0.9016233622726189
IPVS_PD_c41cf2aa,1,F,0.0,67.0,,,,IPVS vowels,clean,a,0.2642460103134759,0.28140450309888837,0.2526331040369634,0.3324838299690652,0.15461781019746706,0.17144273804546017,0.38996001590014817
IPVS_PD_c41cf2aa,1,F,0.0,67.0,,,,IPVS vowels,phone,a,0.25955836122478887,0.20840497042331588,0.20370538481843514,0.26176622266381927,0.15965341759060417,0.20120055791551306,0.38951430365237183
IPVS_PD_c41cf2aa,1,F,0.0,67.0,,,,IPVS vowels,clean,e,0.38166145620127684,0.3535663093394309,0.4119256947045773,0.43816229872172585,0.27079045009386127,0.3256419802484399,0.5031773653499272
IPVS_PD_c41cf2aa,1,F,0.0,67.0,,,,IPVS vowels,phone,e,0.41835299467010617,0.2858136707395668,0.4473847331106463,0.4596897776098999,0.2612455335676423,0.4365511009729361,0.5051225529577597
IPVS_PD_c41cf2aa,1,F,0.0,67.0,,,,IPVS vowels,clean,e,0.2508939611226083,0.1763369129167281,0.11978460179477082,0.22107369837358654,0.1425368424136325,0.2582137510541281,0.458395026108005
IPVS_PD_c41cf2aa,1,F,0.0,67.0,,,,IPVS vowels,phone,e,0.23792830272029689,0.14303070832164783,0.08534528387593399,0.158603081565693,0.14872229888185012,0.327738409476352,0.47794280955377744
IPVS_PD_c41cf2aa,1,F,0.0,67.0,,,,IPVS vowels,clean,i,0.4184000605095037,0.3949611642447349,0.4934251402081848,0.4371024677823391,0.360436802098324,0.33587522709001383,0.6849351872011189
IPVS_PD_c41cf2aa,1,F,0.0,67.0,,,,IPVS vowels,phone,i,0.39303491878386576,0.3718268787113018,0.338769357833985,0.47565400618075443,0.28032383988877074,0.39440206037957687,0.6931018781569653
IPVS_PD_c41cf2aa,1,F,0.0,67.0,,,,IPVS vowels,clean,i,0.26355046475235083,0.357527519586613,0.34140080117135635,0.30548859018588737,0.1705238615972784,0.17239397319981142,0.48922757116447446
IPVS_PD_c41cf2aa,1,F,0.0,67.0,,,,IPVS vowels,phone,i,0.360234260092984,0.3967613145028702,0.35068578723275107,0.4013453452217741,0.2868067921924835,0.18490554846508087,0.4865966245354292
IPVS_PD_c41cf2aa,1,F,0.0,67.0,,,,IPVS vowels,clean,o,0.2960777528232798,0.2697156127544651,0.27619590657806203,0.311620491823234,0.2843727370139737,0.767830717820774,1.7779625903975749
IPVS_PD_c41cf2aa,1,F,0.0,67.0,,,,IPVS vowels,phone,o,0.35512678516726337,0.301595414803676,0.33077647478239125,0.47066007659730763,0.3533341364834435,0.7431543261422225,5.95032123503898
IPVS_PD_c41cf2aa,1,F,0.0,67.0,,,,IPVS vowels,clean,o,0.19377933087952204,0.34146026862537654,0.2423260028659269,0.3411624137907825,0.22724323072083874,0.2099035925700262,3.0861259790109674
IPVS_PD_c41cf2aa,1,F,0.0,67.0,,,,IPVS vowels,phone,o,0.11947821068872912,0.39947706056168464,0.19352794962563208,0.17337500011409662,0.14261206259799097,0.2934068260965311,6.179037289292011
IPVS_PD_c41cf2aa,1,F,0.0,67.0,,,,IPVS vowels,clean,u,0.3783793409342915,0.4985549528171147,0.3938985452313135,0.48350799855145676,0.2904439052932376,0.26147549231090195,0.5836703860555348
IPVS_PD_c41cf2aa,1,F,0.0,67.0,,,,IPVS vowels,phone,u,0.44749801914675263,0.3487665134240829,0.3994974308031987,0.45934552604864093,0.38681233720331665,0.3757113211979949,0.5941731093995761
IPVS_PD_c41cf2aa,1,F,0.0,67.0,,,,IPVS vowels,clean,u,0.2605909385777683,0.3690104549584335,0.29118592091475426,0.3852554346604934,0.24374674096077115,1.1436306322748258,3.5726685533049807
IPVS_PD_c41cf2aa,1,F,0.0,67.0,,,,IPVS vowels,phone,u,0.33240746292754014,0.5732455157376998,0.539504875463377,0.5550487133899108,0.3876108906697372,1.0052858138896696,3.6202609268308095
IPVS_PD_8f283065,1,F,0.0,54.0,,,,IPVS vowels,clean,a,0.22208730203975052,0.2680333316708102,0.25384637502642116,0.342728416606626,0.21502504634911165,0.2515830413963038,0.5935270647737134
IPVS_PD_8f283065,1,F,0.0,54.0,,,,IPVS vowels,phone,a,0.1346449548812337,0.1698807167481939,0.2349594964583668,0.27679144899809327,0.09495174802906589,0.3108625721005105,0.5347825417790331
IPVS_PD_8f283065,1,F,0.0,54.0,,,,IPVS vowels,clean,a,0.1485800109414824,0.2755218139861794,0.20349526566704332,0.2959723714524365,0.08506841306616152,0.13233196302418881,0.44780112706175323
IPVS_PD_8f283065,1,F,0.0,54.0,,,,IPVS vowels,phone,a,0.2195624070634521,0.340244976093533,0.22510117749825512,0.2714733592914781,0.15615086184095925,0.1495216917254747,0.4513333336308545
IPVS_PD_8f283065,1,F,0.0,54.0,,,,IPVS vowels,clean,e,0.3578701304055986,0.32426533112275824,0.2607791166468623,0.24396874271514535,0.23030287388762163,0.2517145660986823,0.845808650872093
IPVS_PD_8f283065,1,F,0.0,54.0,,,,IPVS vowels,phone,e,0.3807298385113181,0.2315549115691544,0.25566088868999465,0.2699627450618811,0.28692305591191675,0.23769978237265282,0.7988674694321407
IPVS_PD_8f283065,1,F,0.0,54.0,,,,IPVS vowels,clean,e,0.23450803958754066,0.17208636043836906,0.2620337884834898,0.39017169627818854,0.24787985713686594,0.3640290357931663,0.696803133285151
IPVS_PD_8f283065,1,F,0.0,54.0,,,,IPVS vowels,phone,e,0.3905554240084793,0.26512536674974724,0.2546989525030131,0.26397536328069265,0.33871169742523105,0.37309718991394314,0.6958873441603064
IPVS_PD_8f283065,1,F,0.0,54.0,,,,IPVS vowels,clean,i,0.3698393790522266,0.30066310940643515,0.41607195707670863,0.380912616795817,0.2888779627544796,0.1962688178983192,0.3709293930929336
IPVS_PD_8f283065,1,F,0.0,54.0,,,,IPVS vowels,phone,i,0.2804875603653352,0.3106456480486921,0.2953226566867656,0.2886576504077197,0.2148757476805304,0.22172416994389915,0.37037427218571395
IPVS_PD_8f283065,1,F,0.0,54.0,,,,IPVS vowels,clean,i,0.3580862811628843,0.5231101115174893,0.40112716562134154,0.4671119110814233,0.3612805096317545,0.2512290323768218,0.3485169057962034
IPVS_PD_8f283065,1,F,0.0,54.0,,,,IPVS vowels,phone,i,0.40462036471675117,0.5503504251958782,0.495364209966989,0.7036034267449695,0.2503913676430829,0.27686088877657683,0.3493128596188333
IPVS_PD_8f283065,1,F,0.0,54.0,,,,IPVS vowels,clean,o,0.2345782108201131,0.3558247031647191,0.2798345046029727,0.39637403009745076,0.16706531396250995,0.20772284235670035,0.47655326434761225
IPVS_PD_8f283065,1,F,0.0,54.0,,,,IPVS vowels,phone,o,0.3008976649119154,0.3768566360636392,0.2980234830790424,0.3304194685571514,0.2192661712339554,0.2281315718182456,0.47753513399075853
IPVS_PD_8f283065,1,F,0.0,54.0,,,,IPVS vowels,clean,o,0.1910864835760294,0.06878869092241079,0.3781321068374523,0.28902144054733553,0.33585759756668987,0.2818187500389554,0.42413201580446813
IPVS_PD_8f283065,1,F,0.0,54.0,,,,IPVS vowels,phone,o,0.2830899760070767,0.13040058044488767,0.31329008430852,0.18472060126811718,0.1506677988125189,0.3154581619616038,0.42469115170347127
IPVS_PD_8f283065,1,F,0.0,54.0,,,,IPVS vowels,clean,u,0.2621936566327377,0.21924227697201074,0.2046101035466106,0.3267145227551752,0.22691010396469194,0.20396251422887135,2.5729608616329447
IPVS_PD_8f283065,1,F,0.0,54.0,,,,IPVS vowels,phone,u,0.1613244095964369,0.28158936298476256,0.3663356218905314,0.3762923726992099,0.08111095479474208,0.250567725566624,2.576762594105708
IPVS_PD_8f283065,1,F,0.0,54.0,,,,IPVS vowels,clean,u,0.2632115965300989,0.17227783587207574,0.33161915747554854,0.35772560574757384,0.2901712301668252,0.17340193533436005,0.3293330103961267
IPVS_PD_8f283065,1,F,0.0,54.0,,,,IPVS vowels,phone,u,0.1587800017695161,0.21806969864574943,0.15876808957171756,0.27480138258625425,0.13356340620784218,0.16191958451589294,0.33559191396757004
IPVS_PD_74add44e,1,F,0.0,78.0,,,,IPVS vowels,clean,a,0.1972035939919718,0.3049876539580411,0.24817128905256583,0.3617974885439002,0.36686946189571246,,
IPVS_PD_74add44e,1,F,0.0,78.0,,,,IPVS vowels,phone,a,0.2515524950390653,0.39657029470277516,0.20161199073157732,0.2741764192808398,0.32024310129518685,,
IPVS_PD_74add44e,1,F,0.0,78.0,,,,IPVS vowels,clean,e,0.8730831139158098,0.9418855815858307,0.8028366088954839,0.6459644702041595,0.8270753797450975,1.5317697894989406,13.024840753590272
IPVS_PD_74add44e,1,F,0.0,78.0,,,,IPVS vowels,phone,e,0.8709147698727069,0.8680702265852448,0.8253603643698529,0.8089009399663757,0.8267511198630313,1.4765775123887905,12.961128681636612
IPVS_PD_74add44e,1,F,0.0,78.0,,,,IPVS vowels,clean,i,0.8789430953207259,0.5543605663751812,0.21802211756936424,0.21730325490064778,0.8763363721928532,,
IPVS_PD_74add44e,1,F,0.0,78.0,,,,IPVS vowels,phone,i,0.6308483357105567,0.4155619100898147,0.1379940803557314,0.19215367427645152,0.6399536383463008,,
IPVS_PD_74add44e,1,F,0.0,78.0,,,,IPVS vowels,clean,o,0.15714517232540776,0.5115664589006019,0.3616553254166923,0.4527537576293241,0.5996703138430682,1.218761643313613,11.7302096116215
IPVS_PD_74add44e,1,F,0.0,78.0,,,,IPVS vowels,phone,o,0.13090584825359955,0.41389041527905585,0.5137523396417355,0.47874225845744783,0.30109322751322126,1.1858097148965314,12.323896348981611
IPVS_PD_74add44e,1,F,0.0,78.0,,,,IPVS vowels,clean,u,0.7814160200836711,0.9404524375354661,0.5345403300805405,0.2868993747226855,0.49408191037815086,0.6842553298801247,2.849117213455954
IPVS_PD_74add44e,1,F,0.0,78.0,,,,IPVS vowels,phone,u,0.7602727009922192,0.9607439856364794,0.45412282683613564,0.29347962963619745,0.49942779773002355,0.803238672879734,2.8455846554959807
IPVS_PD_fdc0ff6e,1,M,1.0,72.0,,,,IPVS vowels,clean,a,0.6346729100426979,0.496578620805924,0.5207020917348596,0.5179574230541125,0.3651403110034424,0.4466919075762477,1.0374089163022626
IPVS_PD_fdc0ff6e,1,M,1.0,72.0,,,,IPVS vowels,phone,a,0.6909924815328062,0.4710214231503977,0.4833003604460312,0.5746142291124834,0.4825180926995585,0.4887013948001368,1.0355113021987217
IPVS_PD_fdc0ff6e,1,M,1.0,72.0,,,,IPVS vowels,clean,a,0.27412165465356836,0.2530337417416771,0.42277025491583436,0.29814376684598826,0.2281084845229878,0.4548784878725432,1.0175592809340772
IPVS_PD_fdc0ff6e,1,M,1.0,72.0,,,,IPVS vowels,phone,a,0.19594856749134723,0.4144121682221121,0.39179053122351376,0.34307741502003003,0.14380424729013952,0.5322500694278107,1.0199465732481983
IPVS_PD_fdc0ff6e,1,M,1.0,72.0,,,,IPVS vowels,clean,e,0.3301256767164558,0.3825141501184305,0.30041411353884334,0.39528635006684143,0.3656427734124743,0.5562867457478906,0.9550195266448513
IPVS_PD_fdc0ff6e,1,M,1.0,72.0,,,,IPVS vowels,phone,e,0.43331410437221923,0.5332091658456302,0.2920954830133881,0.35090173785791895,0.4944239529746246,0.7415436423578189,0.9577536044785173
IPVS_PD_fdc0ff6e,1,M,1.0,72.0,,,,IPVS vowels,clean,e,0.4269408072719528,0.40836718047974,0.40072201442366395,0.36747207397563725,0.3470607906264564,0.6397537749186455,1.136132872440121
IPVS_PD_fdc0ff6e,1,M,1.0,72.0,,,,IPVS vowels,phone,e,0.5319154842370125,0.6277406939829941,0.5047460816292254,0.5806319097964543,0.41715126400206026,0.7575338638649989,1.1360724571294334
IPVS_PD_fdc0ff6e,1,M,1.0,72.0,,,,IPVS vowels,clean,i,0.5360711195401903,0.3369824202350611,0.4331156099379258,0.5096571884991751,0.6664489982951078,0.4376463527642054,1.4179413036697452
IPVS_PD_fdc0ff6e,1,M,1.0,72.0,,,,IPVS vowels,phone,i,0.5851900127105053,0.5403011692798727,0.4243986718281289,0.4279054905477854,0.6028743111592524,0.48048242921763035,1.4199172022227646
IPVS_PD_fdc0ff6e,1,M,1.0,72.0,,,,IPVS vowels,clean,i,0.34346645482391813,0.3071363805033667,0.40031874249834504,0.3823655552330424,0.26925631468339634,0.3445326542871113,0.7644621369658378
IPVS_PD_fdc0ff6e,1,M,1.0,72.0,,,,IPVS vowels,phone,i,0.39857810555434003,0.44096169491444337,0.2623656710311656,0.28901623743458255,0.37690622946250063,0.37130857927303246,0.7660450896213034
IPVS_PD_fdc0ff6e,1,M,1.0,72.0,,,,IPVS vowels,clean,o,0.5975313217757994,0.3867068472133915,0.44366490826460675,0.4871205326469103,0.5929294762457883,0.4869870585023359,0.9038714241492718
IPVS_PD_fdc0ff6e,1,M,1.0,72.0,,,,IPVS vowels,phone,o,0.5919493507610987,0.3823424935543668,0.4978360303302471,0.4430280285473896,0.5505119808444163,0.5992548293161907,0.9027818333652959
IPVS_PD_fdc0ff6e,1,M,1.0,72.0,,,,IPVS vowels,clean,o,0.6525958944264854,0.5062013358268317,0.6700780094594065,0.5962696471844895,0.4308038465268599,0.3954161598963552,0.9877730065941837
IPVS_PD_fdc0ff6e,1,M,1.0,72.0,,,,IPVS vowels,phone,o,0.5493640421432063,0.2685665100826774,0.5627205379732119,0.3900715194997244,0.4126894670265823,0.42166767919243187,0.9887608049442553
IPVS_PD_fdc0ff6e,1,M,1.0,72.0,,,,IPVS vowels,clean,u,0.42480425673251376,0.5401669910060152,0.3187619277291458,0.42303569106212996,0.2987282876256479,0.24119746664481015,0.6625721813988239
IPVS_PD_fdc0ff6e,1,M,1.0,72.0,,,,IPVS vowels,phone,u,0.5176490698006977,0.47381233172766135,0.4735405638113693,0.590001658467422,0.3485036738257233,0.2797183079028655,0.6414190832517264
IPVS_PD_fdc0ff6e,1,M,1.0,72.0,,,,IPVS vowels,clean,u,0.4121676513601817,0.49445882851330214,0.3835951243300431,0.5515196369764461,0.5239491627824698,0.21268776128895583,0.7650106565216586
IPVS_PD_fdc0ff6e,1,M,1.0,72.0,,,,IPVS vowels,phone,u,0.31659592414522575,0.5095092573006519,0.39063961765798105,0.6583640023914158,0.40315541295109586,0.2912058523354722,0.7700653100187971
IPVS_PD_0bc86f51,1,M,1.0,65.0,,,,IPVS vowels,clean,a,0.11595265469296545,0.1150537971034555,0.29517999442574544,0.34761228848295833,0.15585298054111907,0.5818513358430687,1.0010690310029213
IPVS_PD_0bc86f51,1,M,1.0,65.0,,,,IPVS vowels,phone,a,0.03285705276332773,0.19674037259951066,0.3577072110630831,0.34871846420962166,0.03264246923916847,0.4598184727592052,1.0624772056424314
IPVS_PD_0bc86f51,1,M,1.0,65.0,,,,IPVS vowels,clean,a,0.549627700112346,0.23135388241912516,0.4357159021986367,0.5858931678566451,0.4225543065904693,0.3296562364908788,0.6953822659554021
IPVS_PD_0bc86f51,1,M,1.0,65.0,,,,IPVS vowels,phone,a,0.4893569956831399,0.38024192830813064,0.29992237697862767,0.446145896478355,0.4398065748065032,0.35664339837378906,0.7512873165956391
IPVS_PD_0bc86f51,1,M,1.0,65.0,,,,IPVS vowels,clean,e,0.1669543691727394,0.5057865566529715,0.31336652176313395,0.41849236413880314,0.20141991961626604,0.6885269426953915,0.9813998642056676
IPVS_PD_0bc86f51,1,M,1.0,65.0,,,,IPVS vowels,phone,e,0.19334961201268172,0.37901533786389163,0.17759051239827664,0.16121837583349974,0.14666809686331383,0.6748613970152696,0.9832876605006202
IPVS_PD_0bc86f51,1,M,1.0,65.0,,,,IPVS vowels,clean,e,0.503281765903018,0.674926633206511,0.4884780233742514,0.4633374843117689,0.42089291207856355,0.4246799561823071,0.6278489076644966
IPVS_PD_0bc86f51,1,M,1.0,65.0,,,,IPVS vowels,phone,e,0.5158782104723518,0.6743162883909546,0.5238003987392632,0.45005594517486947,0.27309163567276235,0.41049284338783204,0.6545099873046745
IPVS_PD_0bc86f51,1,M,1.0,65.0,,,,IPVS vowels,clean,i,0.32015859608965086,0.5964590567560455,0.4573561806147029,0.4194700823712224,0.2962128044212465,0.8220600340116114,2.142592853529912
IPVS_PD_0bc86f51,1,M,1.0,65.0,,,,IPVS vowels,phone,i,0.2951559793192413,0.41406967197452643,0.44371854168755476,0.38110515759081787,0.19049487656587166,1.0518236739331646,2.0976070621157916
IPVS_PD_0bc86f51,1,M,1.0,65.0,,,,IPVS vowels,clean,i,0.2700419193583626,0.39462459836974806,0.5024769654818094,0.40817127425656796,0.16140652943798123,0.6288303174063751,1.5896611333100052
IPVS_PD_0bc86f51,1,M,1.0,65.0,,,,IPVS vowels,phone,i,0.5046016129671109,0.5468363138843003,0.5549244720804093,0.49208761796354783,0.21067054270262128,0.9136093092372519,1.5962758385966724
IPVS_PD_0bc86f51,1,M,1.0,65.0,,,,IPVS vowels,clean,o,0.20388625934272142,0.4261019200121175,0.3900290515807095,0.32633099088286355,0.13639426070040545,0.2955414787308333,0.4627175914198922
IPVS_PD_0bc86f51,1,M,1.0,65.0,,,,IPVS vowels,phone,o,0.15259302306387407,0.25989024832454094,0.1809538626733511,0.274624720939709,0.10728176466521223,0.3161018474505984,0.46876434411500245
IPVS_PD_0bc86f51,1,M,1.0,65.0,,,,IPVS vowels,clean,o,0.37428120397825937,0.27572764069960737,0.22750059464771064,0.366881345915893,0.23507924099273797,0.11854634942724739,0.3271507703749066
IPVS_PD_0bc86f51,1,M,1.0,65.0,,,,IPVS vowels,phone,o,0.3661302018808667,0.5795841806889718,0.2365617857615706,0.2405404609749028,0.1523455049519988,0.17867562914971713,0.3298945225682415
IPVS_PD_0bc86f51,1,M,1.0,65.0,,,,IPVS vowels,clean,u,0.1804317290798469,0.3121234490435311,0.26454287808852417,0.26823045099296694,0.1304281213628538,0.5464657518937011,0.9033560887501402
IPVS_PD_0bc86f51,1,M,1.0,65.0,,,,IPVS vowels,phone,u,0.21586431478292836,0.22441897534977073,0.23361505296944737,0.2952066245548268,0.17783598219589059,0.6454764493384954,0.9027715789247548
IPVS_PD_0bc86f51,1,M,1.0,65.0,,,,IPVS vowels,clean,u,0.460184266978149,0.45412535422023265,0.3294588909222308,0.55511474917093,0.5211738306611102,0.2829956598689082,0.4669972257843158
IPVS_PD_0bc86f51,1,M,1.0,65.0,,,,IPVS vowels,phone,u,0.3532200854080441,0.4352335966335914,0.2688746732306588,0.40023490211282325,0.40593663116672585,0.36847803692076125,0.46896402509026824
IPVS_PD_b3bfc7ef,1,M,1.0,65.0,,,,IPVS vowels,clean,a,0.346415229677065,0.20356311559809354,0.2750675911618256,0.4142678388937291,0.3604061218111289,0.520925841660352,1.132345693521497
IPVS_PD_b3bfc7ef,1,M,1.0,65.0,,,,IPVS vowels,phone,a,0.2963820201764664,0.2550019715773757,0.29493449789491694,0.342159516302936,0.23190563594355637,0.8284301355252572,1.1520805615864216
IPVS_PD_b3bfc7ef,1,M,1.0,65.0,,,,IPVS vowels,clean,a,0.15298514609370464,0.3529493229815214,0.47965478981693427,0.4399790420142925,0.17388563807681112,,
IPVS_PD_b3bfc7ef,1,M,1.0,65.0,,,,IPVS vowels,phone,a,0.24100654322745635,0.24995639615458168,0.3149477850771597,0.35998543936489014,0.1815196182056348,,
IPVS_PD_b3bfc7ef,1,M,1.0,65.0,,,,IPVS vowels,clean,e,0.21413239841489565,0.20262097269326823,0.17686993468113976,0.31965202503128554,0.20620397460263196,0.17928464661523752,0.6910910189527719
IPVS_PD_b3bfc7ef,1,M,1.0,65.0,,,,IPVS vowels,phone,e,0.3002919624018839,0.13603099244415445,0.2651102833081081,0.24381676926538917,0.22480020893038916,0.3401226747346355,0.701174868338339
IPVS_PD_b3bfc7ef,1,M,1.0,65.0,,,,IPVS vowels,clean,e,0.2894510221412821,0.2556417838361174,0.16929653306945475,0.26770677746646,0.20638685140321614,0.19702838475789536,0.5224276824899121
IPVS_PD_b3bfc7ef,1,M,1.0,65.0,,,,IPVS vowels,phone,e,0.3307010536375504,0.374888291692481,0.21958778526085765,0.407181834542822,0.17649663363604895,0.3903775439193561,0.5284102500615173
IPVS_PD_b3bfc7ef,1,M,1.0,65.0,,,,IPVS vowels,clean,i,0.2266617325383879,0.3940696946528211,0.5245918142578101,0.5554782919177015,0.13120837223006576,0.29815649112438025,0.7059725695157892
IPVS_PD_b3bfc7ef,1,M,1.0,65.0,,,,IPVS vowels,phone,i,0.25326527443208646,0.2983902383348131,0.40886882701976973,0.41013965284876536,0.27302026870866325,0.5744289679312058,0.7057681065927301
IPVS_PD_b3bfc7ef,1,M,1.0,65.0,,,,IPVS vowels,clean,i,0.2990766927224795,0.4855446830292903,0.18751848958607464,0.3549844331311498,0.38024236100580067,0.16507610307332196,0.5078966711008492
IPVS_PD_b3bfc7ef,1,M,1.0,65.0,,,,IPVS vowels,phone,i,0.27612955603755274,0.3288953149387198,0.3812413128082321,0.3114430559114585,0.2815512412990773,0.3675372228124367,0.5042365483946876
IPVS_PD_b3bfc7ef,1,M,1.0,65.0,,,,IPVS vowels,clean,o,0.17247212557449418,0.17919329057684438,0.33400491463853316,0.467192030426996,0.21420887521576798,0.2771464843674678,0.670281482954671
IPVS_PD_b3bfc7ef,1,M,1.0,65.0,,,,IPVS vowels,phone,o,0.12170046199194598,0.14778939172324881,0.22332399100163766,0.2887337306566677,0.14238067901525464,0.33131108910134094,5.434673265019052
IPVS_PD_b3bfc7ef,1,M,1.0,65.0,,,,IPVS vowels,clean,o,0.1892700521405977,0.3677462448285643,0.3295982260607141,0.4014892518085478,0.2520921224658475,0.2175627625135136,0.5143675615300269
IPVS_PD_b3bfc7ef,1,M,1.0,65.0,,,,IPVS vowels,phone,o,0.3952839557716026,0.23912906232738917,0.3799925357162138,0.49285536293462556,0.31615724689103464,0.4744840210063874,0.5412909182657133
IPVS_PD_b3bfc7ef,1,M,1.0,65.0,,,,IPVS vowels,clean,u,0.38038904833797205,0.23231321554511272,0.2689238096376242,0.5197345338749287,0.36232259998780214,0.2802396818581223,0.6496377283076837
IPVS_PD_b3bfc7ef,1,M,1.0,65.0,,,,IPVS vowels,phone,u,0.32942267740071696,0.31288550527004017,0.43905156399176887,0.5198180021886554,0.40654810236605543,0.4846392749890442,0.6543861089405967
IPVS_PD_b3bfc7ef,1,M,1.0,65.0,,,,IPVS vowels,clean,u,0.19192788935097088,0.4163554010024622,0.21588236465211508,0.2957289986484355,0.13810495894855884,0.16439427836727635,0.5494805332988184
IPVS_PD_b3bfc7ef,1,M,1.0,65.0,,,,IPVS vowels,phone,u,0.16105095928019703,0.3880179991437943,0.1693718332556099,0.24184971646585843,0.15433245452560682,0.44246271216865646,0.5646378977124611
IPVS_PD_9bba66a1,1,M,1.0,70.0,,,,IPVS vowels,clean,a,0.5017759948468615,0.4707033007937219,0.3798608506463341,0.5732152828345741,0.42062364164614446,0.2576494037527504,0.402347668942693
IPVS_PD_9bba66a1,1,M,1.0,70.0,,,,IPVS vowels,phone,a,0.4229687655365181,0.48156340370686745,0.5247409606101947,0.5605262051200073,0.40523122896641844,0.3571827241366469,0.348908720903629
IPVS_PD_9bba66a1,1,M,1.0,70.0,,,,IPVS vowels,clean,a,0.23383785974278684,0.5859207843746688,0.44497437486167674,0.4727089470450475,0.1579343045739204,0.1389259362349064,0.29258555475950576
IPVS_PD_9bba66a1,1,M,1.0,70.0,,,,IPVS vowels,phone,a,0.20867383270621462,0.4319510073374828,0.5218264827808342,0.40009722522668323,0.258197535190039,0.18130468790910642,0.2930670815987968
IPVS_PD_9bba66a1,1,M,1.0,70.0,,,,IPVS vowels,clean,e,0.32737044069549415,0.2702494984250635,0.24849799638579445,0.2392838056925231,0.3965993181187546,0.12389638408774947,0.2396235237717148
IPVS_PD_9bba66a1,1,M,1.0,70.0,,,,IPVS vowels,phone,e,0.24940689521410905,0.38562978188935815,0.29322358113225594,0.26773554729316373,0.3635522883813473,0.18176897838674932,0.2431563381976476
IPVS_PD_9bba66a1,1,M,1.0,70.0,,,,IPVS vowels,clean,e,0.2054544537411965,0.28008686901270563,0.2699232135831361,0.18794747282542837,0.28624323809902774,0.12339411735385132,0.18132630244194203
IPVS_PD_9bba66a1,1,M,1.0,70.0,,,,IPVS vowels,phone,e,0.07837879559914596,0.07945185805876183,0.04940286770374904,0.09657723129622732,0.04737750424823552,0.16641587419448464,0.18199023353924204
IPVS_PD_9bba66a1,1,M,1.0,70.0,,,,IPVS vowels,clean,i,0.3813548098960307,0.4011381933093145,0.44600266245372555,0.4772983837941732,0.2535082611799548,0.11896669953738093,0.27030412823731975
IPVS_PD_9bba66a1,1,M,1.0,70.0,,,,IPVS vowels,phone,i,0.38762613041641286,0.4078712524193617,0.5215853334493554,0.4954134445682417,0.26332744875218544,0.15465835700767241,0.2718626776343491
IPVS_PD_9bba66a1,1,M,1.0,70.0,,,,IPVS vowels,clean,i,0.6088428154010999,0.5505928128845801,0.38684155718386304,0.42403347845293554,0.4102388792607631,0.11980078155508468,0.23753632566116956
IPVS_PD_9bba66a1,1,M,1.0,70.0,,,,IPVS vowels,phone,i,0.5408173144876437,0.5858956436145787,0.29593786288669277,0.2900390781288364,0.4831292654726887,0.18977821349013899,0.23946042460252226
IPVS_PD_9bba66a1,1,M,1.0,70.0,,,,IPVS vowels,clean,o,0.37637606283442265,0.2638738409419987,0.3926537377444522,0.45077550678181233,0.20885665585522467,0.11358638224643597,0.17654932251909283
IPVS_PD_9bba66a1,1,M,1.0,70.0,,,,IPVS vowels,phone,o,0.2105020336818932,0.2781329322002297,0.27116108549464973,0.24302671734844739,0.11931749665903135,0.14224234590292995,0.20504235242675417
IPVS_PD_9bba66a1,1,M,1.0,70.0,,,,IPVS vowels,clean,o,0.3042765227833399,0.23806855535774196,0.36791019187056767,0.25596990858779983,0.16113838940341269,0.11495547873284583,0.1958235249810869
IPVS_PD_9bba66a1,1,M,1.0,70.0,,,,IPVS vowels,phone,o,0.10244826467762629,0.13669386087396326,0.22061007831840004,0.24098611959074986,0.05838685291143535,0.14235858402547527,0.19710342145187187
IPVS_PD_9bba66a1,1,M,1.0,70.0,,,,IPVS vowels,clean,u,0.3582271831728035,0.3941946197004393,0.5384619937253812,0.3993166849707668,0.21824712471656618,0.07112053138106893,0.2460423908959397
IPVS_PD_9bba66a1,1,M,1.0,70.0,,,,IPVS vowels,phone,u,0.24521189723030126,0.29348469762193047,0.2912535608514274,0.44790691247280456,0.27903222353041174,0.10513934310291104,0.25030651880781907
IPVS_PD_9bba66a1,1,M,1.0,70.0,,,,IPVS vowels,clean,u,0.3830439348333963,0.36623870266318187,0.37725655408471703,0.3244262766178506,0.2813709139319055,0.07077830903601033,0.16409954999305754
IPVS_PD_9bba66a1,1,M,1.0,70.0,,,,IPVS vowels,phone,u,0.4328198008069724,0.34924500153786875,0.44044060743331503,0.320117585132408,0.20499873220472467,0.10099572817010334,0.1647971930991199
IPVS_PD_babad183,1,M,1.0,70.0,,,,IPVS vowels,clean,a,0.24255350889880245,0.39630732622187764,0.40875087942807126,0.4442102970068075,0.24973076691653054,0.2605622716679909,0.4180320296524931
IPVS_PD_babad183,1,M,1.0,70.0,,,,IPVS vowels,phone,a,0.2417277430358372,0.33279599568419704,0.3407149409714959,0.3959252481125674,0.2333132260617198,0.3929610625876855,0.42124877319877907
IPVS_PD_babad183,1,M,1.0,70.0,,,,IPVS vowels,clean,a,0.2660506680015989,0.2547657442031311,0.26906777454362424,0.27723001881411374,0.1982489441720704,0.17507263549616806,0.44398493352719726
IPVS_PD_babad183,1,M,1.0,70.0,,,,IPVS vowels,phone,a,0.1940816447237026,0.20271494930647035,0.17588286083179272,0.2010346472588659,0.18518335068016134,0.2640764128450142,0.44388970588638
IPVS_PD_babad183,1,M,1.0,70.0,,,,IPVS vowels,clean,e,0.23950252029017896,0.2558396711430033,0.3692671868376212,0.39174818914520326,0.2665980247363314,0.22403773745525143,0.36219024636712227
IPVS_PD_babad183,1,M,1.0,70.0,,,,IPVS vowels,phone,e,0.28472052183948493,0.38313921007488005,0.3750288078031377,0.41678799578025205,0.2906756469128811,0.3947560759007504,0.3649997998837806
IPVS_PD_babad183,1,M,1.0,70.0,,,,IPVS vowels,clean,e,0.24588150142544987,0.2831501706171152,0.4482683741649656,0.40038469439347446,0.3901953089083855,0.1520500228965884,0.3665562093025265
IPVS_PD_babad183,1,M,1.0,70.0,,,,IPVS vowels,phone,e,0.393755813778846,0.39983722699423596,0.5902454496087028,0.4397886142429198,0.582573949666847,0.21249279938284493,0.3668676994113884
IPVS_PD_babad183,1,M,1.0,70.0,,,,IPVS vowels,clean,i,0.43363652305539313,0.2659245402281472,0.4416249592120457,0.5104164631501638,0.3904960657097856,0.11115987088217545,0.3169280018203491
IPVS_PD_babad183,1,M,1.0,70.0,,,,IPVS vowels,phone,i,0.4579937744996681,0.4694493475778971,0.401515594643951,0.41556283278022554,0.4565762127145573,0.17176311472929442,0.3368918345008076
IPVS_PD_babad183,1,M,1.0,70.0,,,,IPVS vowels,clean,i,0.5551229159835431,0.35978272090071567,0.5466346191491915,0.5193465430019347,0.34831752616427425,0.12454027991001972,0.36763992392696565
IPVS_PD_babad183,1,M,1.0,70.0,,,,IPVS vowels,phone,i,0.5693949618627151,0.4828490194078823,0.4374413704040489,0.46025535510554116,0.5658959536671457,0.19302978866032128,0.3672722718706556
IPVS_PD_babad183,1,M,1.0,70.0,,,,IPVS vowels,clean,o,0.3723781765996619,0.2978529667890432,0.3174497178756405,0.31687678166067285,0.2736155603360621,0.14690266275679828,0.3909083971548766
IPVS_PD_babad183,1,M,1.0,70.0,,,,IPVS vowels,phone,o,0.27240188906019663,0.20301679250046364,0.26013761413223224,0.3760389910916344,0.2958688564225092,0.2137834208299092,0.3890485975703628
IPVS_PD_babad183,1,M,1.0,70.0,,,,IPVS vowels,clean,o,0.2610922403073303,0.29517842578901915,0.4337281930820476,0.3178698098300642,0.29460207647046965,0.10714292832343326,0.34786201170458053
IPVS_PD_babad183,1,M,1.0,70.0,,,,IPVS vowels,phone,o,0.31690389426219073,0.1288885970887448,0.4886920096025966,0.49905073771415936,0.3719318933511183,0.15377110039035502,0.3478122455222499
IPVS_PD_babad183,1,M,1.0,70.0,,,,IPVS vowels,clean,u,0.38007618150110095,0.3619322647725424,0.33086589454614695,0.3624294698226882,0.39689581743605845,0.13709489651015347,0.2582467119277343
IPVS_PD_babad183,1,M,1.0,70.0,,,,IPVS vowels,phone,u,0.4177335261346957,0.37776813507287127,0.3805539746126239,0.38018487061714024,0.32250655943602646,0.20801919141300665,0.26236310083724845
IPVS_PD_babad183,1,M,1.0,70.0,,,,IPVS vowels,clean,u,0.3152197865480066,0.34001802033052314,0.34617913061475614,0.3348101036016649,0.1576240802939331,0.11884713539449505,0.3860506296417876
IPVS_PD_babad183,1,M,1.0,70.0,,,,IPVS vowels,phone,u,0.5309188450463275,0.2919837423015634,0.46918558097176866,0.4554597825631334,0.2016229202341801,0.18284506463095124,0.3857489429469396
IPVS_PD_e32f1f63,1,M,1.0,64.0,,,,IPVS vowels,clean,a,0.5248907291130295,0.4446353813135667,0.5215571090689002,0.5841534056474512,0.47619475401092876,0.43816910457115343,0.7258985831325004
IPVS_PD_e32f1f63,1,M,1.0,64.0,,,,IPVS vowels,phone,a,0.38727225851978764,0.4050943735689422,0.5307040381644038,0.6263337300828998,0.42695194713201395,0.5370143657954916,0.7316390153351504
IPVS_PD_e32f1f63,1,M,1.0,64.0,,,,IPVS vowels,clean,a,0.3658906789695039,0.5195827953292881,0.33165471286500986,0.5036027405577502,0.41882091182171743,0.4149348376908581,0.7155575359431676
IPVS_PD_e32f1f63,1,M,1.0,64.0,,,,IPVS vowels,phone,a,0.503886572451124,0.5598647287528108,0.3184796316098221,0.38632132550730597,0.5654332171559489,0.5359876171860515,0.7269662755924999
IPVS_PD_e32f1f63,1,M,1.0,64.0,,,,IPVS vowels,clean,e,0.4377504696131782,0.35821122269480776,0.44302013957676994,0.49097981154098247,0.38470957088868424,0.5153117993704461,0.604903979790361
IPVS_PD_e32f1f63,1,M,1.0,64.0,,,,IPVS vowels,phone,e,0.4568777908741088,0.3401215593585053,0.45896991806056653,0.5486862845068582,0.45590279520239674,0.748073504952981,0.6072700465213687
IPVS_PD_e32f1f63,1,M,1.0,64.0,,,,IPVS vowels,clean,e,0.3891140953980034,0.4046279265160523,0.5371395011176261,0.41641056582496677,0.32039591076482443,0.4303519865952355,0.5082058670163869
IPVS_PD_e32f1f63,1,M,1.0,64.0,,,,IPVS vowels,phone,e,0.3956316437950425,0.278177508823194,0.45218801939550185,0.5694234455327952,0.4180658299537074,0.5673634246233535,0.5079774385958746
IPVS_PD_e32f1f63,1,M,1.0,64.0,,,,IPVS vowels,clean,i,0.4479517670106337,0.4654102138817721,0.510693268377486,0.47082793227148995,0.400915067457982,0.20341552008875843,0.5455561593100233
IPVS_PD_e32f1f63,1,M,1.0,64.0,,,,IPVS vowels,phone,i,0.3381971392656316,0.3665037869634259,0.4141625282338776,0.43846943644394404,0.3603069639895432,0.2365336691778075,0.5409628228893348
IPVS_PD_e32f1f63,1,M,1.0,64.0,,,,IPVS vowels,clean,i,0.33225220140127404,0.46658850389177814,0.6332104685118057,0.6777092537315278,0.41044740514967626,0.17034853371432193,0.4599689739728907
IPVS_PD_e32f1f63,1,M,1.0,64.0,,,,IPVS vowels,phone,i,0.2993818257645914,0.4508557962585285,0.5535003136667161,0.5854463009050601,0.28531881832777717,0.2676814626294163,0.47040176567303416
IPVS_PD_e32f1f63,1,M,1.0,64.0,,,,IPVS vowels,clean,o,0.6514333563792333,0.4925972727719213,0.41858564693823486,0.5015816196031195,0.6290442676952186,0.5008188795404471,0.843150659273384
IPVS_PD_e32f1f63,1,M,1.0,64.0,,,,IPVS vowels,phone,o,0.6111044851623946,0.4446871942467727,0.4688314266320972,0.5610385178887412,0.6644233044556227,0.5564053428632824,0.8419345517099108
IPVS_PD_e32f1f63,1,M,1.0,64.0,,,,IPVS vowels,clean,o,0.36074120833479784,0.1694703455358814,0.39219234640616957,0.5322044187860139,0.29314753518187925,0.5189609874384723,0.6978216330321363
IPVS_PD_e32f1f63,1,M,1.0,64.0,,,,IPVS vowels,phone,o,0.2612857108008311,0.16560149086832393,0.2517524683980243,0.42972313875090856,0.26489248221497436,0.5699002842989112,0.6698735792717958
IPVS_PD_e32f1f63,1,M,1.0,64.0,,,,IPVS vowels,clean,u,0.3112986003463899,0.4166127308338199,0.33308680055194323,0.3745104099473787,0.249868448387168,0.17147795446816316,0.6592905948619832
IPVS_PD_e32f1f63,1,M,1.0,64.0,,,,IPVS vowels,phone,u,0.2148408371027924,0.31926275437268536,0.3609942353767457,0.3830389296996358,0.2170225943897054,0.22468307813530097,0.6501326028081955
IPVS_PD_e32f1f63,1,M,1.0,64.0,,,,IPVS vowels,clean,u,0.502449273487498,0.5263237273564129,0.5936168851633087,0.5458255897781723,0.4510064549304966,0.3964205123222888,0.9299140866020794
IPVS_PD_e32f1f63,1,M,1.0,64.0,,,,IPVS vowels,phone,u,0.5366447517415549,0.5588346237889951,0.690404321454841,0.7210343941781541,0.5709162022975623,0.4516674954386607,0.9286665688109208
IPVS_PD_5fcdd5c0,1,M,1.0,72.0,,,,IPVS vowels,clean,a,0.44440711790902915,0.7565240943002157,0.461338486426628,0.721589712248258,0.5234276864877052,0.3249059133778067,0.473713805987086
IPVS_PD_5fcdd5c0,1,M,1.0,72.0,,,,IPVS vowels,phone,a,0.4229563761989204,0.601272231919188,0.3373371808784032,0.6906010014930608,0.46300097154490244,0.506399572699487,0.4338952934715534
IPVS_PD_5fcdd5c0,1,M,1.0,72.0,,,,IPVS vowels,clean,a,0.10920930554963992,0.44071268494335286,0.37718809431200695,0.344834556981991,0.1781110947476953,0.18851917746575014,0.3452417589417056
IPVS_PD_5fcdd5c0,1,M,1.0,72.0,,,,IPVS vowels,phone,a,0.15343784164940583,0.2767084174768911,0.2517263601926279,0.2418862177908418,0.18459469933632083,0.3111659478982636,5.636438961937129
IPVS_PD_5fcdd5c0,1,M,1.0,72.0,,,,IPVS vowels,clean,e,0.49265955136814077,0.5987371302668392,0.45797509372790324,0.44966557175111077,0.6484559206842903,0.20704441319594777,0.3203498332406074
IPVS_PD_5fcdd5c0,1,M,1.0,72.0,,,,IPVS vowels,phone,e,0.4333083187733993,0.576119503252321,0.4354437940460454,0.40781932368260226,0.6103797355844888,0.341543103807541,0.32283299586668424
IPVS_PD_5fcdd5c0,1,M,1.0,72.0,,,,IPVS vowels,clean,e,0.43531697901887073,0.41696556317242106,0.5035400317214878,0.5733178557593893,0.2729442965445007,0.1794822142081553,0.32223000842686034
IPVS_PD_5fcdd5c0,1,M,1.0,72.0,,,,IPVS vowels,phone,e,0.24678682236182362,0.44575535418093315,0.5292393329581546,0.4652784873158632,0.22764027746648455,0.26818785406938855,0.32238311371812767
IPVS_PD_5fcdd5c0,1,M,1.0,72.0,,,,IPVS vowels,clean,i,0.36815253114112845,0.3980768390864461,0.5404396175245321,0.46644986380506775,0.3274909603734697,0.18917559737562364,0.33180265265728703
IPVS_PD_5fcdd5c0,1,M,1.0,72.0,,,,IPVS vowels,phone,i,0.3479276326452708,0.29132571578360944,0.31229678825603185,0.28760824706641985,0.33127563713536606,0.3086713764743083,0.33432200411562807
IPVS_PD_5fcdd5c0,1,M,1.0,72.0,,,,IPVS vowels,clean,i,0.4279923750282721,0.32696256848322586,0.5878542477732818,0.6917916105122504,0.3707941453436538,0.16410508014586453,0.33127760060400746
IPVS_PD_5fcdd5c0,1,M,1.0,72.0,,,,IPVS vowels,phone,i,0.2637069861689677,0.40196365869314016,0.5631737097544142,0.6528632532542178,0.20363786797602423,0.17581256985775662,0.3382537217405446
IPVS_PD_5fcdd5c0,1,M,1.0,72.0,,,,IPVS vowels,clean,o,0.732415619601605,0.48790341708230267,0.5837704887509672,0.6580453970010381,0.4494037536478925,0.30938110298199595,0.4389364902886994
IPVS_PD_5fcdd5c0,1,M,1.0,72.0,,,,IPVS vowels,phone,o,0.6824130332274867,0.45090080221075873,0.6979184363012495,0.7227377992518123,0.6409402037798072,0.4756084326201988,0.4524524230529847
IPVS_PD_5fcdd5c0,1,M,1.0,72.0,,,,IPVS vowels,clean,o,0.6713061419623858,0.45609956325030815,0.3497236643841401,0.3498756409594758,0.4557454887829289,0.20824031870168644,0.29770273992653085
IPVS_PD_5fcdd5c0,1,M,1.0,72.0,,,,IPVS vowels,phone,o,0.5333415643205359,0.5804690469067908,0.3748838136302362,0.33702443214385863,0.3386570952450327,0.333933795672984,0.2903821540871432
IPVS_PD_5fcdd5c0,1,M,1.0,72.0,,,,IPVS vowels,clean,u,0.7189338494696463,0.4403724341293649,0.7170686162892383,0.8714643554774879,0.7778141437732639,0.5234167973579943,0.38350716782336036
IPVS_PD_5fcdd5c0,1,M,1.0,72.0,,,,IPVS vowels,phone,u,0.7793134690901706,0.5845837554677836,0.6812251802093411,0.8699076975251224,0.7997687379058671,0.8767131602186343,0.375233922027407
IPVS_PD_5fcdd5c0,1,M,1.0,72.0,,,,IPVS vowels,clean,u,0.573765169438008,0.5462771619984629,0.4193694991939651,0.3946032888360833,0.29918657765375983,0.16626634687242714,0.277837469570974
IPVS_PD_5fcdd5c0,1,M,1.0,72.0,,,,IPVS vowels,phone,u,0.4512889485991874,0.19251737381152345,0.3261427463409083,0.39404779274041396,0.2634776859477721,0.23653936622650953,0.28087883324852125
IPVS_PD_131a10e3,1,M,1.0,55.0,,,,IPVS vowels,clean,a,0.27744428800747284,0.2800408183997902,0.39485816004036683,0.43952686421392645,0.2664221188218246,0.33293400649307303,0.4863764391908054
IPVS_PD_131a10e3,1,M,1.0,55.0,,,,IPVS vowels,phone,a,0.2967605290770666,0.25606188049248624,0.34430497545948446,0.38605301836443245,0.18715181591120825,0.4770788069991622,1.7872783467553388
IPVS_PD_131a10e3,1,M,1.0,55.0,,,,IPVS vowels,clean,a,0.21542865286513505,0.14621053240816406,0.41597013684972844,0.24948424340787542,0.08974126438194456,0.08368215464241996,0.2198908967712354
IPVS_PD_131a10e3,1,M,1.0,55.0,,,,IPVS vowels,phone,a,0.31141985873712286,0.394037301868595,0.2776553074623267,0.22479066959724206,0.09871747885035509,0.20234761317574387,0.21689488209384322
IPVS_PD_131a10e3,1,M,1.0,55.0,,,,IPVS vowels,clean,e,0.32422281604983116,0.3524230333202456,0.36952968320628865,0.36255345462382743,0.2325094640029101,0.3339991833151097,0.4356117169745044
IPVS_PD_131a10e3,1,M,1.0,55.0,,,,IPVS vowels,phone,e,0.3825289760268272,0.30536750618385045,0.4113988557758177,0.428862780338629,0.23167711290563373,0.5878794638925376,4.657264780505299
IPVS_PD_131a10e3,1,M,1.0,55.0,,,,IPVS vowels,clean,e,0.29428290792022105,0.38182072162428965,0.41772880244519395,0.41289886502665224,0.1670157631546228,0.20425631469571484,0.4170715091215804
IPVS_PD_131a10e3,1,M,1.0,55.0,,,,IPVS vowels,phone,e,0.3005875332904668,0.28656270347942986,0.24807661606670128,0.18891044223703127,0.25451508384524957,0.29439694383856196,0.41910494930492703
IPVS_PD_131a10e3,1,M,1.0,55.0,,,,IPVS vowels,clean,i,0.21704748616286224,0.33789418274946237,0.2973028239657949,0.4211904338419201,0.19801928794076723,0.17971364602282078,0.43963971224776355
IPVS_PD_131a10e3,1,M,1.0,55.0,,,,IPVS vowels,phone,i,0.27046956530625926,0.31513713504193397,0.38958971092404165,0.41598924378831936,0.2893660813851583,0.24993843389178427,0.4406211809453442
IPVS_PD_131a10e3,1,M,1.0,55.0,,,,IPVS vowels,clean,i,0.1040402701001139,0.12280716109208126,0.2325803533691087,0.3642506349008122,0.23779447966133987,0.13378085346801757,0.3537754756680833
IPVS_PD_131a10e3,1,M,1.0,55.0,,,,IPVS vowels,phone,i,0.1722721077875185,0.15204667886965104,0.3012518463080693,0.28511463850741564,0.30435733098521855,0.1940977961361893,0.36713604094673613
IPVS_PD_131a10e3,1,M,1.0,55.0,,,,IPVS vowels,clean,o,0.24365976173271892,0.3132003501886393,0.28667519356929805,0.403896343765234,0.3684465204075017,0.3238741373811669,0.4739814041760493
IPVS_PD_131a10e3,1,M,1.0,55.0,,,,IPVS vowels,phone,o,0.2510204886653166,0.3512706446611076,0.26489272535901465,0.3454685338165135,0.27984428410830064,0.43571742841409067,0.4745011301726221
IPVS_PD_131a10e3,1,M,1.0,55.0,,,,IPVS vowels,clean,o,0.07082762905324456,0.19771514922496156,0.14842960572167324,0.31607577791890995,0.04727523379563345,0.11940344360990572,0.3571916043642487
IPVS_PD_131a10e3,1,M,1.0,55.0,,,,IPVS vowels,phone,o,0.19428173499857812,0.44789564916341573,0.2832592809467403,0.3309314570527454,0.20854959654448085,0.20656282151838484,0.35869526848837374
IPVS_PD_131a10e3,1,M,1.0,55.0,,,,IPVS vowels,clean,u,0.3420143990994788,0.23909049767024346,0.3898936471537587,0.4394771944876621,0.28396018421753944,0.36156669260698904,0.4369949578052923
IPVS_PD_131a10e3,1,M,1.0,55.0,,,,IPVS vowels,phone,u,0.4280505264051616,0.624753387428369,0.5659459483483962,0.5174990763215398,0.29932391527822433,0.478306238506703,0.4359047462608512
IPVS_PD_131a10e3,1,M,1.0,55.0,,,,IPVS vowels,clean,u,0.6085232745102238,0.6244136671166486,0.5522652284391267,0.3747226340573542,0.564621435560253,0.1717132118649462,0.2949046495942964
IPVS_PD_131a10e3,1,M,1.0,55.0,,,,IPVS vowels,phone,u,0.4103423274683582,0.5204431637869641,0.6327128002788386,0.6388933477265242,0.3003770862734143,0.2263585715575938,0.288564457438123
IPVS_PD_b133cb84,1,M,1.0,77.0,,,,IPVS vowels,clean,a,0.23311189517110928,0.534480271810682,0.3893035777792215,0.40142156763039827,0.28540796983660427,0.48763905432579147,0.8924329934987041
IPVS_PD_b133cb84,1,M,1.0,77.0,,,,IPVS vowels,phone,a,0.2536415495027889,0.5174330761790354,0.43890117917600546,0.4880838644194815,0.21197184682602593,0.5542774057522419,3.4617946725234328
IPVS_PD_b133cb84,1,M,1.0,77.0,,,,IPVS vowels,clean,a,0.08461315242205641,0.10313813309454492,0.13559709454125615,0.31529605189641,0.065487661653938,0.38341919613172304,1.2567732830064848
IPVS_PD_b133cb84,1,M,1.0,77.0,,,,IPVS vowels,phone,a,0.08598449045145129,0.0902027256300514,0.2149107930001503,0.45520469620594234,0.11891738113214809,0.6376582872430643,1.2369558714574458
IPVS_PD_b133cb84,1,M,1.0,77.0,,,,IPVS vowels,clean,e,0.3656024354683813,0.337904077870982,0.36643964529538553,0.2865443978081476,0.4056771691687586,0.19037614704849373,0.6468075208419188
IPVS_PD_b133cb84,1,M,1.0,77.0,,,,IPVS vowels,phone,e,0.2625077188684819,0.46724605066849484,0.325821753299731,0.3172193116438437,0.386329544414533,0.40473267371926475,0.6338708757970046
IPVS_PD_b133cb84,1,M,1.0,77.0,,,,IPVS vowels,clean,e,0.2451317032687614,0.6003778923797309,0.47437100396294396,0.5039914705226204,0.1339890358222892,0.19292481441875028,0.8204053721723614
IPVS_PD_b133cb84,1,M,1.0,77.0,,,,IPVS vowels,phone,e,0.2600216878562728,0.48148577815845983,0.3748113988254673,0.39451338727198343,0.11651823071814256,0.396384471405844,0.8173055413956298
IPVS_PD_b133cb84,1,M,1.0,77.0,,,,IPVS vowels,clean,i,0.4339291221442226,0.4092024940929022,0.4623513423711999,0.41786160522386123,0.2921008312410965,0.11791942329750367,0.5575630514076835
IPVS_PD_b133cb84,1,M,1.0,77.0,,,,IPVS vowels,phone,i,0.3555758870618881,0.5122370941521297,0.4466678288778628,0.39255033507582665,0.33290780364880534,0.3495942976974087,0.5850924846758421
IPVS_PD_b133cb84,1,M,1.0,77.0,,,,IPVS vowels,clean,i,0.23577961231261932,0.45602510503082283,0.398511233220812,0.4204492731683467,0.17258650372120218,0.16774303349314884,0.7372789246749889
IPVS_PD_b133cb84,1,M,1.0,77.0,,,,IPVS vowels,phone,i,0.24577054018688738,0.49447642696637195,0.4730853951106048,0.4277238114714525,0.20576996115535473,0.7032985056224897,0.7756647593203825
IPVS_PD_b133cb84,1,M,1.0,77.0,,,,IPVS vowels,clean,o,0.24465917239951895,0.3468580052775334,0.23150167385212927,0.2908274313019821,0.2819007604906006,0.35967914718357685,3.8549797891184845
IPVS_PD_b133cb84,1,M,1.0,77.0,,,,IPVS vowels,phone,o,0.2129578681115587,0.20315786952095152,0.2403525389213661,0.29617370206804267,0.24259122670350997,0.6189681550982913,3.638734274733535
IPVS_PD_b133cb84,1,M,1.0,77.0,,,,IPVS vowels,clean,o,0.32777920332897115,0.45454602526476784,0.42827162464587837,0.43507786610843974,0.21248657145598998,0.26175403154712745,0.9324526114595111
IPVS_PD_b133cb84,1,M,1.0,77.0,,,,IPVS vowels,phone,o,0.26120516634745694,0.39797553690264276,0.4335221752693953,0.3555854724961996,0.1702325626929775,0.596854063540786,0.9462203263587377
IPVS_PD_b133cb84,1,M,1.0,77.0,,,,IPVS vowels,clean,u,0.34462521013130115,0.452710847680462,0.43310186531501155,0.511903810977616,0.42232634075069836,0.2359634009377635,0.6670356879695305
IPVS_PD_b133cb84,1,M,1.0,77.0,,,,IPVS vowels,phone,u,0.28067922492185227,0.4271271521724819,0.4800827960890882,0.4327917741090186,0.2936675971576956,0.4741753469754623,0.6549347141967976
IPVS_PD_b133cb84,1,M,1.0,77.0,,,,IPVS vowels,clean,u,0.42319533557074673,0.40415558031727206,0.18586951739126814,0.22003974564784978,0.4969228830063858,0.15558204297386122,0.6400106779849812
IPVS_PD_b133cb84,1,M,1.0,77.0,,,,IPVS vowels,phone,u,0.21491399299158936,0.04275246536587592,0.3493280949505131,0.5643632850894014,0.21152042055608664,0.4625236365536847,0.6408098043873434
IPVS_PD_283812f2,1,M,1.0,70.0,,,,IPVS vowels,clean,a,0.3150911741068338,0.316016904176779,0.5019626914008296,0.4277314319337075,0.23480392851218337,0.23209027702843743,0.26016854933399447
IPVS_PD_283812f2,1,M,1.0,70.0,,,,IPVS vowels,phone,a,0.3148957944174005,0.3029451529339184,0.34730091374926225,0.3703704606664759,0.2090714559936027,0.27612368775897606,0.2613202952842286
IPVS_PD_283812f2,1,M,1.0,70.0,,,,IPVS vowels,clean,a,0.14365184712349874,0.31008032015269066,0.14127900341767294,0.2533488169526788,0.12412426906049687,0.1962674935724027,0.21652220389047905
IPVS_PD_283812f2,1,M,1.0,70.0,,,,IPVS vowels,phone,a,0.19954337287201573,0.26142913512892235,0.10397533388513919,0.16084318305770443,0.15182897799295544,0.3301869207102721,0.2190632768056533
IPVS_PD_283812f2,1,M,1.0,70.0,,,,IPVS vowels,clean,e,0.39950173821145196,0.49939285330870126,0.4928658485619853,0.48563410341268004,0.44280936341800864,0.15083570878223812,0.2910758551575521
IPVS_PD_283812f2,1,M,1.0,70.0,,,,IPVS vowels,phone,e,0.5102546884788995,0.5201402942634374,0.5195488748350817,0.5526109792087441,0.42822881290442166,0.17931215228581734,0.2941860121654427
IPVS_PD_283812f2,1,M,1.0,70.0,,,,IPVS vowels,clean,e,0.39473204263002404,0.27992848260875275,0.405907091852034,0.36328523135219365,0.3285406358161294,0.12294698114861238,0.22912151753102794
IPVS_PD_283812f2,1,M,1.0,70.0,,,,IPVS vowels,phone,e,0.28347300297913136,0.2458087653591301,0.422572804375713,0.400425560310056,0.1694331076143314,0.1248706619629758,0.22798631753111476
IPVS_PD_283812f2,1,M,1.0,70.0,,,,IPVS vowels,clean,i,0.45254133786997913,0.3856021949647054,0.4240167676108577,0.39003282876953516,0.49447617768312535,0.1268142982770498,0.28339746094203644
IPVS_PD_283812f2,1,M,1.0,70.0,,,,IPVS vowels,phone,i,0.3723845605547745,0.322429363857414,0.4548739499793579,0.4699998858557679,0.48307416305353795,0.25400390152666746,4.706643482245254
IPVS_PD_283812f2,1,M,1.0,70.0,,,,IPVS vowels,clean,i,0.31627803698903734,0.48890547167286946,0.3819448391639123,0.27351457274943086,0.37350016196346314,0.10056923504948467,0.19297325717864133
IPVS_PD_283812f2,1,M,1.0,70.0,,,,IPVS vowels,phone,i,0.46951806888357517,0.4733470928168627,0.5913761005558396,0.41749796593057525,0.5150568116689114,0.21492601748089202,0.19328068830459788
IPVS_PD_283812f2,1,M,1.0,70.0,,,,IPVS vowels,clean,o,0.3509779036201262,0.3733334795982574,0.2571114539566102,0.4015957867690551,0.2812964852452795,0.18385632455725726,0.2913776562915249
IPVS_PD_283812f2,1,M,1.0,70.0,,,,IPVS vowels,phone,o,0.5087878281470064,0.4731540191004365,0.2741352994051447,0.35743416290425783,0.28508513984471,0.23328048874488824,0.2937012775208414
IPVS_PD_283812f2,1,M,1.0,70.0,,,,IPVS vowels,clean,o,0.4146114100835317,0.46983699409209173,0.616535712414818,0.7486261521689155,0.5579753148797655,0.31063392022760433,0.3633759561662009
IPVS_PD_283812f2,1,M,1.0,70.0,,,,IPVS vowels,phone,o,0.23709661065929652,0.4980808625422985,0.7711538077922211,0.6899595593322265,0.3689449589275491,0.44285559106913014,0.3592906129716633
IPVS_PD_283812f2,1,M,1.0,70.0,,,,IPVS vowels,clean,u,0.2854433729235033,0.3357901729342543,0.33003436811114367,0.3189146521249416,0.33077428631938693,0.14734351286661382,0.41654171308047605
IPVS_PD_283812f2,1,M,1.0,70.0,,,,IPVS vowels,phone,u,0.18522672639615956,0.339326072212238,0.2634270231464858,0.3909941721845029,0.1781718040650187,0.22821469229023933,1.9222843546028212
IPVS_PD_283812f2,1,M,1.0,70.0,,,,IPVS vowels,clean,u,0.30955388084196733,0.2243842190919241,0.487781343702459,0.4797085533795799,0.3535652712850413,0.21358884230535916,0.3389138622356347
IPVS_PD_283812f2,1,M,1.0,70.0,,,,IPVS vowels,phone,u,0.24509401015436966,0.22963548074183293,0.5686121187335137,0.5335463831411279,0.2651655979592901,0.42906347922608545,0.33892568138218504
FIGSHARE_HC_7ba4f94b,0,M,1.0,69.0,,,,FIGSHARE vowels,clean,a,0.23732339253250376,0.3063273349985212,0.154531821744243,0.1270150639827128,0.15458896540419442,0.2164330843149936,0.3382581399942408
FIGSHARE_HC_f54ebd4c,0,M,1.0,68.0,,,,FIGSHARE vowels,clean,a,0.16077552190003264,0.4485911520519986,0.3786696163851183,0.28736486759495045,0.14973748170884024,0.44938793053110604,0.5271093323425902
FIGSHARE_HC_9865fce2,0,M,1.0,78.0,,,,FIGSHARE vowels,clean,a,0.2973375332369277,0.30436991707375904,0.13930117288740024,0.06469947000749623,0.22921290326712548,0.8028264280590832,1.1719553502134383
FIGSHARE_HC_252be6ca,0,F,0.0,72.0,,,,FIGSHARE vowels,clean,a,0.08843933941344122,0.1741421490339522,0.24465426226607007,0.20303272539022416,0.08535709803857004,0.528552436044118,0.4580977551753129
FIGSHARE_HC_4acda958,0,F,0.0,57.0,,,,FIGSHARE vowels,clean,a,0.1273878496355257,0.5212145405197047,0.2280823453486058,0.2638036691393421,0.1717781655324149,,
FIGSHARE_HC_4af81098,0,M,1.0,44.0,,,,FIGSHARE vowels,clean,a,0.16141206261058313,0.12512424798955846,0.1623707927901278,0.27995735632965446,0.16889696790539266,0.6114042242458446,0.4179478257639202
FIGSHARE_HC_f73a999a,0,F,0.0,45.0,,,,FIGSHARE vowels,clean,a,0.1972376098780514,0.655712638100397,0.4720086254060926,0.2047037151989944,0.19721521930837216,0.734832561751111,0.4339601194174758
FIGSHARE_HC_876a314c,0,M,1.0,47.0,,,,FIGSHARE vowels,clean,a,0.17326019279879187,0.27238705815815945,0.11327958450798485,0.3181977725862852,0.14816832022164567,1.2045637440440233,0.9465370265073769
FIGSHARE_HC_5b05eeb2,0,M,1.0,45.0,,,,FIGSHARE vowels,clean,a,0.1929187305386158,0.18783063198895822,0.6237021017477561,0.3628765956675126,0.1843056376233091,,
FIGSHARE_HC_55f3bddc,0,F,0.0,51.0,,,,FIGSHARE vowels,clean,a,0.6608359292872831,0.7310218701121582,0.46807882373595416,0.6299523329696463,0.7297154145496262,0.38797533821110763,7.4088648015913305
FIGSHARE_HC_92380c86,0,M,1.0,44.0,,,,FIGSHARE vowels,clean,a,0.2121667299665901,0.6349154381094054,0.5478847881748166,0.4252520463260423,0.20091120886007058,0.6613757656113552,0.4553427149508238
FIGSHARE_HC_01d4d510,0,F,0.0,44.0,,,,FIGSHARE vowels,clean,a,0.4019412804117699,0.3722260665484663,0.4967743740682356,0.41403013010843454,0.24294100680214914,0.524413932039727,0.3392014653492925
FIGSHARE_HC_42747f79,0,M,1.0,55.0,,,,FIGSHARE vowels,clean,a,0.311036259247235,0.28815864630832444,0.16635466854337744,0.19652562715646033,0.21945011552777657,0.6483988423435351,0.831173160620069
FIGSHARE_HC_3a3eafbf,0,F,0.0,57.0,,,,FIGSHARE vowels,clean,a,0.03510652986499671,0.09100586794774644,0.30597664588562806,0.3239826020855599,0.0562474265015889,0.629195682239133,0.7069126674736248
FIGSHARE_HC_edb76d71,0,F,0.0,52.0,,,,FIGSHARE vowels,clean,a,0.33835077633420474,0.29791872726999136,0.44855374831303363,0.4342043069525577,0.19806112571867476,0.3261202343373797,0.5932070475782592
FIGSHARE_HC_fa154b06,0,M,1.0,50.0,,,,FIGSHARE vowels,clean,a,0.3534947328005048,0.5500777308681568,0.3547985071720914,0.3728456306709226,0.5264852904792663,0.3871726927302215,0.7063135796182118
FIGSHARE_HC_e373aca9,0,F,0.0,54.0,,,,FIGSHARE vowels,clean,a,0.22299652625598904,0.5644424193249927,0.1540287928052363,0.14257380915143494,0.05291074222832768,0.22516131915442966,0.4059046627739482
FIGSHARE_HC_9cb93b19,0,F,0.0,54.0,,,,FIGSHARE vowels,clean,a,0.17370973608876222,0.2346903341551221,0.11024290769074084,0.12989619398310615,0.08009499713071404,0.6733724995819304,0.4914118520153554
FIGSHARE_HC_0f388c37,0,M,1.0,51.0,,,,FIGSHARE vowels,clean,a,0.06473338313823748,0.16606080361632558,0.19837235207237244,0.12523013313492581,0.06790887126505556,,
FIGSHARE_HC_16c35afd,0,F,0.0,71.0,,,,FIGSHARE vowels,clean,a,0.24922160350967845,0.2876109676387427,0.2527710872340586,0.3390146205185649,0.15067262917373025,0.7292001655875207,1.1101157377038318
FIGSHARE_HC_5e1634ce,0,F,0.0,56.0,,,,FIGSHARE vowels,clean,a,0.4355388641668338,0.5239093373078094,0.5999946676330409,0.48037554914851244,0.4749742939501585,0.3956502301348843,0.654340925917607
FIGSHARE_HC_b0995bda,0,F,0.0,54.0,,,,FIGSHARE vowels,clean,a,,,,,,,
FIGSHARE_HC_a137f8a3,0,M,1.0,61.0,,,,FIGSHARE vowels,clean,a,0.3552200962325933,0.4116877082403193,0.35399596098784686,0.541919366668262,0.2925591960143053,0.504348860063259,1.1137740870734492
FIGSHARE_HC_672c4fec,0,M,1.0,79.0,,,,FIGSHARE vowels,clean,a,0.8337238598350778,0.9076877020231984,0.7819492472489452,0.8340111034313299,0.3070251938767282,0.7766920572283079,2.294634343522417
FIGSHARE_PD_729a3156,1,M,1.0,64.46,,,,FIGSHARE vowels,clean,a,0.3322465883133818,0.39364267467253866,0.4016068255787204,0.29290716090262514,0.23541298092935628,0.430684966963223,6.242801845685975
FIGSHARE_PD_1783cb3a,1,M,1.0,76.73,,,,FIGSHARE vowels,clean,a,0.15748266296450672,0.43406045479937927,0.27348510480547983,0.2947033819812032,0.07016775703073362,0.4317036919182299,0.33809944058704744
FIGSHARE_PD_c423f257,1,F,0.0,72.23,,,,FIGSHARE vowels,clean,a,0.1903811337045769,0.2722078904806428,0.4171897429270842,0.4736011375077654,0.25885909323400597,,
FIGSHARE_PD_53c2e661,1,F,0.0,69.45,,,,FIGSHARE vowels,clean,a,0.36139396125898177,0.6003714906131681,0.3470643838379682,0.2072354579050128,0.43216109923088847,1.6920519900953106,3.9189072471807584
FIGSHARE_PD_05a28246,1,M,1.0,67.59,,,,FIGSHARE vowels,clean,a,0.17664034417357172,0.22532784462621075,0.37273660481280235,0.3158460530576597,0.12127351731210517,0.6517450690065946,0.3677662734148823
FIGSHARE_PD_31eeed1a,1,M,1.0,68.84,,,,FIGSHARE vowels,clean,a,0.3978425513351989,0.3370197727467181,0.42696192452814064,0.4026241239547603,0.46910251670356873,0.6970862571492167,0.9134472208265354
FIGSHARE_PD_b32279a0,1,F,0.0,74.27,,,,FIGSHARE vowels,clean,a,0.3046854845373605,0.4993212560372781,0.8091579091239461,0.7943175294436946,0.2186888470615297,0.465597133300851,0.4770668286174118
FIGSHARE_PD_d5686d30,1,M,1.0,56.77,,,,FIGSHARE vowels,clean,a,0.269478429507131,0.48671869430220566,0.37175002785949857,0.316894605640823,0.24227180077686708,0.4241432486208087,0.9328098083430936
FIGSHARE_PD_f021c6ec,1,M,1.0,70.2,,,,FIGSHARE vowels,clean,a,0.16745088119180687,0.3604231465546974,0.297637217478822,0.38800034196255984,0.1709844331513027,0.6298893802080043,0.5985297236951626
FIGSHARE_PD_2ae38838,1,M,1.0,71.84,,,,FIGSHARE vowels,clean,a,0.28568055250743746,0.6751366407219166,0.31987239566983733,0.3055346911636666,0.24850799523104267,0.17978793264259266,0.7879229161420698
FIGSHARE_PD_b5a119f5,1,M,1.0,61.71,,,,FIGSHARE vowels,clean,a,0.1270536740567191,0.09167446808471402,0.09403913942393258,0.1966157686686924,0.07216182517636509,0.732856670554109,0.8507326485893252
FIGSHARE_PD_8eb4d6b4,1,F,0.0,73.76,,,,FIGSHARE vowels,clean,a,0.6887270311329938,0.5899999681330614,0.3711015563073307,0.30913712862903103,0.4212739995158066,,
FIGSHARE_PD_4a3456e1,1,F,0.0,58.14,,,,FIGSHARE vowels,clean,a,0.35074543786460916,0.49450288709145557,0.3532568235912861,0.46026599173953114,0.17439925310241083,1.067848446149098,0.8811338899938459
FIGSHARE_PD_abc050cf,1,F,0.0,67.67,,,,FIGSHARE vowels,clean,a,0.14868077322200793,0.23519341171117364,0.7393463060581986,0.4452095556474761,0.11664086172929457,,
FIGSHARE_PD_1aa82538,1,M,1.0,66.49,,,,FIGSHARE vowels,clean,a,0.2505851893494151,0.3224949369606348,0.16729541434801098,0.30230891427471795,0.3177568549162246,1.04135739085509,0.8359718958432127
FIGSHARE_PD_8f6def68,1,M,1.0,66.52,,,,FIGSHARE vowels,clean,a,0.0995663498864513,0.23055104327358875,0.4408190494385098,0.5935838556992006,0.12214230997420537,0.658426932577757,0.8815194898004419
FIGSHARE_PD_2b8953f4,1,F,0.0,69.26,,,,FIGSHARE vowels,clean,a,0.31801581090221703,0.24418008223032375,0.20924951171619424,0.20786982373399543,0.3272467735844598,1.04588964052887,0.8800078381537624
FIGSHARE_PD_657d51c5,1,F,0.0,49.66,,,,FIGSHARE vowels,clean,a,0.07186780055255845,0.1815114623606478,0.16526856419495614,0.2070055622365142,0.11581530741727351,0.9942933027779309,1.1605732207892405
FIGSHARE_PD_c155c9fe,1,M,1.0,66.61,,,,FIGSHARE vowels,clean,a,0.22982751528904777,0.1580431488902816,0.1880724099361867,0.10257523969202947,0.1668226886913138,0.9444576978740573,0.5555438874462748
FIGSHARE_PD_40d9d154,1,M,1.0,56.49,,,,FIGSHARE vowels,clean,a,0.3306960506451795,0.227032947544067,0.2673603153038896,0.49829200392496426,0.2606756755584528,1.372980917619286,0.7778428629374057
FIGSHARE_PD_86e8cea0,1,F,0.0,67.86,,,,FIGSHARE vowels,clean,a,0.21142356932462653,0.2947357751501598,0.7363603103765375,0.3892702484433922,0.09744261767672542,0.8277065115357071,1.20914153550995
FIGSHARE_PD_41b9ec4d,1,F,0.0,78.13,,,,FIGSHARE vowels,clean,a,0.2669254954321187,0.474571948873439,0.4039311143064905,0.5410995232976605,0.20838149837220968,0.6995429996522403,0.907641650905977
FIGSHARE_PD_4aa08767,1,F,0.0,70.67,,,,FIGSHARE vowels,clean,a,0.3944873719693377,0.424158278737282,0.12642697905414263,0.1990088463885068,0.4001528407491416,0.5687793132419742,0.592209973108937
FIGSHARE_PD_85b39883,1,M,1.0,61.56,,,,FIGSHARE vowels,clean,a,0.3815788771000717,0.2000010289453261,0.48976338118763824,0.17975970782661935,0.3649662281189895,0.97559486646001,0.4364519223278629
FIGSHARE_PD_c2ae567e,1,F,0.0,71.5,,,,FIGSHARE vowels,clean,a,,,,,,,
FIGSHARE_PD_4235a438,1,F,0.0,58.23,,,,FIGSHARE vowels,clean,a,0.19797498707640532,0.351343280711878,0.38977023064348837,0.30863887697079045,0.11247530194985898,0.47831077872259237,0.6051223163746844
FIGSHARE_PD_eda49162,1,F,0.0,67.93,,,,FIGSHARE vowels,clean,a,0.6072718995733369,0.512113187848434,0.2646409884575724,0.3001494217786723,0.5459731145947077,0.44026089205123137,0.413441225390887
FIGSHARE_PD_5aa058c7,1,M,1.0,80.67,,,,FIGSHARE vowels,clean,a,0.30308449309587354,0.34550103087135325,0.2737719524713415,0.2725628622365734,0.2795722147870926,0.9185032058145047,1.1128070850987104
FIGSHARE_PD_b0a52958,1,F,0.0,66.11,,,,FIGSHARE vowels,clean,a,0.41188487167378296,0.3892847344502387,0.34494685554896387,0.42608181894304864,0.5261163458938451,0.46942623302629555,0.31112901476821886
FIGSHARE_PD_7bd14973,1,M,1.0,60.78,,,,FIGSHARE vowels,clean,a,0.3059492824262292,0.25893548634125274,0.258913186010924,0.36625104407503517,0.24168210237878462,1.0648195579679094,0.4536450934460978
FIGSHARE_PD_54d59a99,1,M,1.0,59.71,,,,FIGSHARE vowels,clean,a,0.21044195248035585,0.37800070575426303,0.4764810924972106,0.1716255650611712,0.11853730304325635,1.6772766226492017,0.6686536453754277
FIGSHARE_PD_95d7c1be,1,M,1.0,75.8,,,,FIGSHARE vowels,clean,a,0.39727567226960964,0.7161635308825272,0.5288499664293662,0.3698536195512891,0.11129679733530866,1.6649718992848144,1.4157632212849824
FIGSHARE_PD_254cb77d,1,F,0.0,73.35,,,,FIGSHARE vowels,clean,a,0.2465057924037902,0.24982826699921232,0.26589581798072126,0.40210550391575506,0.12905826821991992,,
FIGSHARE_PD_88c4d072,1,F,0.0,85.31,,,,FIGSHARE vowels,clean,a,0.48312002227591283,0.38291483316759184,0.4209621675593998,0.4233717491825348,0.2605337345722836,2.256775684396581,1.6048928603072055
FIGSHARE_PD_4f1346e1,1,M,1.0,72.23,,,,FIGSHARE vowels,clean,a,0.16657105856978138,0.21964287252928727,0.14237143099470384,0.4388645883008506,0.5001990450136845,1.2649907869924115,1.433887176012516
FIGSHARE_PD_89894eae,1,F,0.0,57.96,,,,FIGSHARE vowels,clean,a,0.3511522441639534,0.2196749108918502,0.41936863728022966,0.3368787266011048,0.34804495141372305,1.7478492227954077,5.296145686113318
FIGSHARE_PD_fe321b4b,1,M,1.0,72.98,,,,FIGSHARE vowels,clean,a,0.11718706883278288,0.14651848533579773,0.23988783710881334,0.2753364125126543,0.22041938196114758,1.521818937255112,0.5208769856593465
FIGSHARE_PD_ee70f192,1,F,0.0,43.12,,,,FIGSHARE vowels,clean,a,,,,,,,
FIGSHARE_PD_fdae567f,1,M,1.0,48.26,,,,FIGSHARE vowels,clean,a,0.2427860483142658,0.22539438098617065,0.2929903469917725,0.336467368145198,0.1948646654933186,0.9252847261469166,0.6083054948462729
FIGSHARE_PD_69264955,1,M,1.0,80.55,,,,FIGSHARE vowels,clean,a,0.39724945356805286,0.5880787856773709,0.26137493042933746,0.3408720341015586,0.2669200705007064,0.7054479244489126,0.6962938682669062
